commit_sha,code_smells,bugs,vulnerabilities,coverage,duplicated_lines_density,ncloc,files,functions,complexity,comment_lines,sqale_index,sqale_debt_ratio
bf51a34cc488da23da1dcd4ec49b40e5e30ba632,8883,436,0,0.0,8.5,309697,4342,28518,47525,26631,77968,0.8
cc1e680223581fa73dbb7809e85daf9467135cdf,8883,436,0,0.0,8.5,309697,4342,28518,47525,26631,77968,0.8
f6561f059635d939bf2c460d6c921799f1bddbb9,8601,431,0,0.0,8.0,308721,4147,28637,48372,26111,76736,0.8
ef253c9ba45fd5367387fa42b8d39c5cdfbe1d05,8601,431,0,0.0,8.0,308721,4147,28637,48372,26111,76736,0.8
43c85d149b42d65510dfbe53a8fb6c3c90c9905e,8297,432,0,0.0,8.7,285036,3893,25788,42941,25101,72916,0.9
c833069d53f2afc3f7bd8ce26a79624cfec12d45,8297,432,0,0.0,8.7,285036,3893,25788,42941,25101,72916,0.9
79ff881b488f9493c42ebee4e67a74d4a0fae49d,8297,432,0,0.0,8.7,285036,3893,25788,42941,25101,72916,0.9
ddb3fba7d0f8b58090e98e5ad92de2d8c7f79ae8,8601,431,0,0.0,8.0,308720,4147,28637,48372,26111,76736,0.8
c804919345e82764685b2fb790c2c9992a5ed036,8296,432,0,0.0,8.7,285036,3893,25788,42941,25101,72901,0.9
f37b28b56b6c979b3adfc527bee55133075787ae,8296,432,0,0.0,8.7,285035,3893,25788,42941,25101,72901,0.9
34c976e021f72d35e65b8dcc7bca2bbef153725c,8296,432,0,0.0,8.7,285035,3893,25788,42941,25101,72901,0.9
9a93622d13ea4719d24c57456770b332fa4e25a8,8296,432,0,0.0,8.7,285035,3893,25788,42941,25101,72901,0.9
4d51a5a21d87ee8d4860700135a2eba85e3c8b4d,8296,432,0,0.0,8.7,285035,3893,25788,42941,25101,72901,0.9
7e5265f9c49a34e9dde9284509727feae69ae078,8296,432,0,0.0,8.7,285035,3893,25788,42941,25101,72901,0.9
7453a94d0f17d0740c0f577b4179577d2404dc3b,8296,432,0,0.0,8.7,285035,3893,25788,42941,25101,72901,0.9
d873f77f79b53eb82cefe56c4009106f0d48766a,8296,432,0,0.0,8.7,285035,3893,25788,42941,25101,72901,0.9
aa20c9bc41d952cce842f8fc1cae6b9bb711ae2e,8296,432,0,0.0,8.7,285035,3893,25788,42941,25101,72901,0.9
1fb4dc82253c4b1d965187b51106e3bc57ce422c,8601,431,0,0.0,8.0,308690,4147,28632,48365,26108,76736,0.8
c2894d112b0657e3f07d46e2a2ea397853df1e88,8601,431,0,0.0,8.0,308690,4147,28632,48365,26108,76736,0.8
a25b21facd6ad74a4116424a74c8a0baf7a80d18,8296,432,0,0.0,8.7,285035,3893,25788,42941,25101,72901,0.9
08c74b79d254426351062560f5e5c00e02275517,8601,431,0,0.0,8.0,308689,4147,28632,48365,26108,76736,0.8
01299904bbcb48797048d0d41f8b16e33e092340,8296,432,0,0.0,8.7,285035,3893,25788,42941,25101,72901,0.9
d691bb175075711c0a629efaf0d85e63d108923d,8605,431,0,0.0,8.0,308471,4143,28615,48328,26085,76781,0.8
4a4d756fe98a850ab8f9e3fc9240734fe40c9037,8603,431,0,0.0,8.0,308445,4143,28609,48321,26085,76771,0.8
ca6909a497666d03be250cae3fc9c8f789ec51cb,8602,431,0,0.0,8.0,308420,4143,28607,48318,26084,76759,0.8
96bf73197125f81d14f9fa2c75e330d04f1140f6,8599,433,0,0.0,8.0,308246,4142,28575,48282,26084,76762,0.8
4a7489739c58c20da8987f5d27fe025d13cacb2f,8598,433,0,0.0,8.0,308236,4142,28573,48283,26087,76760,0.8
ac6704d532ca814dbf989dd20ea31716eabc6990,8294,432,0,0.0,8.7,285010,3893,25782,42933,25101,72891,0.9
d9bff7616a672c67f73c14baaec01b3293e5a51d,8294,432,0,0.0,8.7,285010,3893,25782,42933,25101,72891,0.9
524e0f1501d32af2b08f266f3e0a5af3d84a822d,8599,433,0,0.0,8.0,308763,4152,28633,48366,26117,76790,0.8
883c79558290f3a951cfa00134bf5fc92e2e7537,8595,433,0,0.0,8.0,308771,4152,28636,48372,26116,76698,0.8
45c007c3b2a8e7e9f73ce6fae32bd8f600904481,8294,432,0,0.0,8.7,285009,3893,25782,42933,25101,72891,0.9
40e214c34c5bf94ed16f332b23b032efac17cb08,8595,433,0,0.0,8.0,308783,4152,28636,48372,26116,76698,0.8
c48e1c08e4441171027a435964faa1cb70bb3aae,8595,433,0,0.0,8.0,308783,4152,28636,48372,26116,76698,0.8
6b60aa54bf0b9effd88d00896045d0f4f836bb25,8595,433,0,0.0,8.0,308764,4152,28636,48372,26116,76698,0.8
99395bd0a8c207fd011f5657df2370b26cd170b6,8294,432,0,0.0,8.7,285009,3893,25782,42933,25101,72891,0.9
9e3a72cf84553fd5c95d8c3bbefe26a14cb7e226,8588,433,0,0.0,8.0,308573,4152,28635,48338,26115,76542,0.8
61068d6dd1dabb6de590caeae26d3294d51a1ceb,8588,433,0,0.0,8.0,308573,4152,28635,48338,26115,76542,0.8
dd7b8b415a4ff7abdfac425d350eaa5d83d38f88,8587,432,0,0.0,8.0,308570,4152,28633,48335,26117,76537,0.8
d8aeba3fbd3074fd19758096a6939ab6b824da13,8587,432,0,0.0,8.0,308556,4152,28631,48331,26116,76537,0.8
3c48aa8579b65081dd693146166ebdf6b860e314,8587,432,0,0.0,8.0,308548,4152,28631,48331,26116,76537,0.8
dcfab3a7f8aef72967395045bd154ccbcf2c6bde,8579,431,0,0.0,8.0,308364,4154,28613,48276,26098,76433,0.8
4d1c87a512690d2472f8d2c8f767bd7dc6f197ff,8294,432,0,0.0,8.7,285009,3893,25782,42933,25101,72891,0.9
067dc8dce9b65656991183dc39cad065caabb59b,8294,432,0,0.0,8.7,285009,3893,25782,42933,25101,72891,0.9
62ae7f99b08a465880dc199173d3c87368fe409a,8575,431,0,0.0,8.0,308310,4154,28611,48273,26095,76403,0.8
a0b44bf4659097f265bed0d2a7486b4e262bfb7e,8294,432,0,0.0,8.7,285009,3893,25782,42933,25101,72891,0.9
84fdb32a4c56823a310ea3d62661d12144da3701,8294,432,0,0.0,8.7,285009,3893,25782,42933,25101,72891,0.9
1fbbd3a6357cf06c7415323c0a2e4ab30c4e7617,8294,432,0,0.0,8.7,285009,3893,25782,42933,25101,72891,0.9
3076a6287d447b9ffd5212f5be6d96a311d69244,8294,432,0,0.0,8.7,285009,3893,25782,42933,25101,72891,0.9
00a04e0f4607afb639fe97fcec295bf67e6cf51b,8294,432,0,0.0,8.7,285009,3893,25782,42933,25101,72891,0.9
ee3855e2f42bfbc84acb3c9ef7c74202f9226273,8294,432,0,0.0,8.7,285009,3893,25782,42933,25101,72891,0.9
51f4f7454e70c2acd31355763a5186f9d6f257f9,8294,432,0,0.0,8.7,285009,3893,25782,42933,25101,72891,0.9
010d926c5c401ec0588820d04a108ef3a11dbcd1,8575,431,0,0.0,8.0,308310,4154,28611,48273,26095,76403,0.8
720f981b3a8eeb5fd626e58de049ec94500454b2,8576,431,0,0.0,8.0,308269,4155,28607,48245,26108,76402,0.8
a9fedd5ecb2c1c3bcdb429f83f3ac00b8d4aea3a,8583,436,0,0.0,7.9,307248,4145,28410,47988,26109,76683,0.8
11900330d91f528cfcbdc4755bdd23651b516f52,8294,432,0,0.0,8.7,285000,3893,25781,42932,25101,72891,0.9
611de81d97132a30bbe5498462222493a8994c31,8291,432,0,0.0,8.7,284990,3893,25781,42932,25099,72866,0.9
0164e0e7d5596774c504215dd5020695e0e3b170,8583,436,0,0.0,7.9,307239,4145,28410,47985,26109,76683,0.8
f3d12944114afbb34bfd5f6420aeb43479d01533,8582,436,0,0.0,7.9,307167,4145,28407,47970,26069,76647,0.8
c7f080477a703f074a319c1629f1686e1ac26f66,8290,432,0,0.0,8.7,284955,3893,25780,42930,25098,72861,0.9
60a3c3fc3eca329ddd1b214ce43df67ed5632afb,8290,432,0,0.0,8.7,284955,3893,25780,42930,25098,72861,0.9
1a4d8639f80a0538f59da6827133cb7967584034,8582,436,0,0.0,7.9,307170,4145,28407,47970,26069,76647,0.8
392baa3f7181249b478a4ea42937fb3d438b717b,8583,436,0,0.0,7.9,307203,4146,28414,47977,26069,76649,0.8
ee32e7bd232f000f518cae5e71b8ef04dad2e4dd,8584,436,0,0.0,7.9,307213,4146,28414,47977,26070,76659,0.8
6b66498eafcd8eac5b1565111a28d456d6063fe3,8290,432,0,0.0,8.7,284955,3893,25780,42930,25098,72861,0.9
d4a4165709ece7c844de9d45870cf5f678cc6952,8290,432,0,0.0,8.7,284955,3893,25780,42930,25098,72861,0.9
ba25bfb65b8739d9a67217f04e8be85f8dacde7e,8290,432,0,0.0,8.7,284955,3893,25780,42930,25098,72861,0.9
9a45bdedbccadf83768e0a247dcdbe62fe1a362b,8290,432,0,0.0,8.7,284955,3893,25780,42930,25098,72861,0.9
e7517994117acaa77b17b0de12531a17e4756ccf,8290,432,0,0.0,8.7,284955,3893,25780,42930,25098,72861,0.9
5cd9c4da3dbed7e04926fc0bdfd6c67f033b733e,8290,432,0,0.0,8.7,284955,3893,25780,42930,25098,72861,0.9
beedbb5a1e169d20771a6c128236c8a75fcfbe09,8290,432,0,0.0,8.7,284955,3893,25780,42930,25098,72861,0.9
089ee859a70724f11ac28d718d1eb0044091f8e0,8290,432,0,0.0,8.7,284955,3893,25780,42930,25098,72861,0.9
fa555af44f798d1d20db01c6f55611734c5fe5b1,8290,432,0,0.0,8.7,284955,3893,25780,42930,25098,72861,0.9
a9ed54585e17455e407bbfb5a163553095146206,8290,432,0,0.0,8.7,284955,3893,25780,42930,25098,72861,0.9
8ce8e3318e23d0df8d64025ab9c03093fd15bef2,8290,432,0,0.0,8.7,284955,3893,25780,42930,25098,72861,0.9
859e947adf3c5d099366df23c5a8c17935e3ad7a,8290,432,0,0.0,8.7,284955,3893,25780,42930,25098,72861,0.9
32431d5a2c52d97b7d98b3ea9d709bd99ae3db55,8290,432,0,0.0,8.7,284955,3893,25780,42930,25098,72861,0.9
e6d7aac74df36f4b6ae692688f21f2de0b40df9e,8585,436,0,0.0,7.9,307213,4146,28414,47977,26070,76664,0.8
9600dc9ce67121579bb4680a5121e674791c2858,8585,436,0,0.0,7.9,307209,4146,28414,47977,26070,76664,0.8
fc5390590cfcc1ec111a58999da16635b5f44fac,8585,436,0,0.0,7.9,307204,4146,28413,47976,26070,76664,0.8
8467329b9ea98f39b8f3c8462f1e6d735619a428,8290,432,0,0.0,8.7,284955,3893,25780,42930,25098,72861,0.9
02846491e0b19e610c8fa93ba953eace1277f213,8583,436,0,0.0,7.9,307127,4146,28388,47943,26071,76654,0.8
6b418bcc36c701107f472ef23b774518c006a237,8583,436,0,0.0,7.9,307125,4146,28388,47943,26071,76654,0.8
1c32c001a7ad3175a2ee4c452b168e6942babfed,8290,432,0,0.0,8.7,284958,3893,25780,42930,25098,72861,0.9
a675544b4186e45933852b7f9524e3c801b92d15,8290,432,0,0.0,8.7,284958,3893,25780,42930,25098,72861,0.9
3beeebe2cf709fcaade0a51d915dd4392efda462,8583,436,0,0.0,7.9,307129,4146,28388,47943,26071,76654,0.8
9cb26bbb79ecd562d6bba3d389b880a943e21fe9,8583,436,0,0.0,7.9,307129,4146,28388,47943,26071,76654,0.8
f90314ab334cf287bbe5c9eb8bf23a3673dac074,8583,436,0,0.0,7.9,306683,4142,28336,47846,26059,76707,0.8
32336dbd8a5fa717f76c5ddaaf74296bc1ae8c64,8581,436,0,0.0,7.9,306463,4140,28323,47826,26053,76695,0.8
737ff1dcdaf5f4a64151985954fce4ad2ec60581,8573,437,0,0.0,7.9,306438,4140,28324,47818,26053,76622,0.8
05cb55a3fc74cd3d475ceb880150c3a1f1c876c9,8574,437,0,0.0,7.9,306434,4140,28324,47817,26053,76627,0.8
992f68c2dc82c0857f0f8e95aaa3d47b5543dc98,8291,432,0,0.0,8.7,284959,3893,25780,42929,25098,72871,0.9
d96ea983601cdc17c9dbc1926c99bd122c3d058e,8291,432,0,0.0,8.7,284959,3893,25780,42929,25098,72871,0.9
6c8b8422e4eced59017eccabb5d4776d7da03749,8291,432,0,0.0,8.7,284959,3893,25780,42929,25098,72871,0.9
fb0d58d2805d896f76877162e53a1942fd8d7711,8291,432,0,0.0,8.7,284959,3893,25780,42929,25098,72871,0.9
e5b2fdb54f6629c1602cf259d864532bded04813,8291,432,0,0.0,8.7,284959,3893,25780,42929,25098,72871,0.9
d8459298fbc38549196329f20e320efa1f7ebf52,8291,432,0,0.0,8.7,284959,3893,25780,42929,25098,72871,0.9
93eb4ce875ece0d2931408aa2ee677898e0052fd,8291,432,0,0.0,8.7,284959,3893,25780,42929,25098,72871,0.9
87ef694e3f015f7e5e09571a9dd494001d95bd2c,8291,432,0,0.0,8.7,284959,3893,25780,42929,25098,72871,0.9
de78ff514f146a6a0e96e8836f39ad9de8dd8672,8291,432,0,0.0,8.7,284959,3893,25780,42929,25098,72871,0.9
4758a243e4547aa4b4c0276d946778b353adf520,8291,432,0,0.0,8.7,284959,3893,25780,42929,25098,72871,0.9
a09d9581560ad7d560a842e8a5118fc7525623de,8291,432,0,0.0,8.7,284959,3893,25780,42929,25098,72871,0.9
49a4a2edeb058f49077e0b2cccfb74d997917289,8291,432,0,0.0,8.7,284959,3893,25780,42929,25098,72871,0.9
1a906446c25cc6f13a05cad952c0b310235fb8da,8291,432,0,0.0,8.7,284959,3893,25780,42929,25098,72871,0.9
ba963ed5e5fa7f9051223d7fe0396a112eae9537,8291,432,0,0.0,8.7,284959,3893,25780,42929,25098,72871,0.9
d32ad7906dc4ece1f76519d1dc0ba6d9812633dd,8291,432,0,0.0,8.7,284959,3893,25780,42929,25098,72871,0.9
85282cdaca344a2262b73aa68c37a3255217e64c,8291,432,0,0.0,8.7,284959,3893,25780,42929,25098,72871,0.9
42664b6ec27dd24da61dcb2347c58aefe43853cc,8291,432,0,0.0,8.7,284964,3893,25780,42929,25098,72871,0.9
a980cbd6b562ebeb4a3f7496f363150299aec8da,8290,432,0,0.0,8.7,284967,3893,25780,42930,25098,72866,0.9
947c061a7a3857a404869d398561e24900c9deac,8578,437,0,0.0,7.9,305832,4138,28212,47646,26053,76687,0.8
ab6362e10265edd00f5e399b8474d2525eea0a1f,8578,437,0,0.0,7.9,305826,4138,28212,47644,26053,76687,0.8
4febe492eaa57e58b92bb27b42144ac7bea772a9,8579,437,0,0.0,7.9,305732,4137,28194,47628,26042,76676,0.8
c85aec7f5cd1d582d4cc088077f43b00b6c2b5c1,8600,444,0,0.0,7.9,306306,4140,28228,47709,26070,76764,0.8
d1d4c745ac089801a96493853159ad3b589d988b,8600,444,0,0.0,7.9,306306,4140,28228,47709,26071,76764,0.8
06217da300c05fc813e7bf955a9b775e2069a1dc,8600,444,0,0.0,7.9,306298,4140,28226,47706,26071,76764,0.8
2b01339b87b92229f3bec63986b874233f794932,8600,444,0,0.0,7.9,306298,4140,28226,47706,26071,76764,0.8
51472b30a55fa1592f6bb8e07635129333439974,8597,444,0,0.0,7.9,306243,4138,28221,47701,26071,76749,0.8
7fcbb639822774030cc8fb62a2521d004af23ab9,8597,444,0,0.0,7.9,306243,4138,28221,47701,26071,76749,0.8
ffc8e91ee1bde8db8a7c63aa37139b57842e66a7,8291,432,0,0.0,8.7,284959,3893,25780,42929,25103,72871,0.9
a0c9017e8d23b9fef5ce7e9e08903e98aff9c789,8291,432,0,0.0,8.7,284959,3893,25780,42929,25103,72871,0.9
f6d54c5a4ff7307aa4e1596eff41edddfb012ea3,8291,432,0,0.0,8.7,284959,3893,25780,42929,25103,72871,0.9
d667080305b9e8a70ebb9b65b7c8afceeeda2dc1,8597,444,0,0.0,7.9,306243,4138,28221,47701,26071,76749,0.8
6ec94e872a5833827a37cab011e0afb3277be397,8342,432,0,0.0,8.7,284905,3891,25775,42924,25103,73686,0.9
7ff481a135dbc07a057fc2b0807deb6451ea1068,8342,432,0,0.0,8.7,284905,3891,25775,42924,25103,73686,0.9
cc19f77c416ab8dc30d143ebd04c6ebece9ab05a,8597,444,0,0.0,7.9,306243,4138,28221,47701,26071,76749,0.8
1ec9bf65993b39729854ff172385241b80b743c5,8597,444,0,0.0,7.9,306243,4138,28221,47701,26071,76749,0.8
6e6b77a7c6622c643e8a890cef44f2fa2f1226cb,8597,444,0,0.0,7.9,306242,4138,28221,47701,26071,76749,0.8
891b18a761d670528baf50d2f70cb98f91bc8368,8597,444,0,0.0,7.9,306242,4138,28221,47701,26071,76749,0.8
bdfe6f48be465a2f46a7d4e8183f511485760f95,8597,444,0,0.0,7.9,306232,4138,28221,47701,26071,76749,0.8
eaeb034176ee5a9c8284e834435a4e322809f859,8597,444,0,0.0,7.9,306232,4138,28221,47701,26071,76749,0.8
29ebef873e338de4fe96c36094e680b46067f7d5,8342,432,0,0.0,8.7,284905,3891,25775,42924,25103,73686,0.9
a64202c1681b4ded8971ff03ed7bb3bed77579da,8597,444,0,0.0,7.9,306222,4138,28221,47701,26071,76749,0.8
7dd25ec3d023b4c46b45f1b485271e261d5ded3a,8597,444,0,0.0,7.9,306222,4138,28221,47701,26071,76749,0.8
7c2be02570528b56857f6900927e73fcdcefb94c,8588,443,0,0.0,7.9,305996,4137,28206,47670,26068,76686,0.8
78c03dedc82b20fae09e8dd04daf7016f9afff9d,8588,443,0,0.0,7.9,305996,4137,28206,47670,26068,76686,0.8
feceeca631106803d767945a9b05e07b69541f4d,8588,443,0,0.0,7.9,306001,4137,28206,47670,26068,76686,0.8
693ba115899c1f6baf7fa7ee4ab71b38a0dbcdcc,8342,432,0,0.0,8.7,284905,3891,25775,42924,25103,73686,0.9
98e96d9ef6a60e0993a25c6e59769585d660d714,8588,443,0,0.0,7.9,306001,4137,28206,47670,26068,76686,0.8
7edd5ec0447be3d6ee0a2b7e0e7c575028b7bd88,8583,443,0,0.0,7.9,305861,4135,28196,47638,26069,76590,0.8
3a72599c9c08ead011f69c55eac84fe23ad034e5,8584,443,0,0.0,7.9,305857,4135,28196,47638,26069,76598,0.8
cec1643ce37ae13b7f95709f07e2a818398f1eb3,8578,443,0,0.0,7.9,305530,4132,28170,47568,26069,76560,0.8
e2865655971690d6c0a74da9b5d8c3e9336ecca5,8342,432,0,0.0,8.7,284904,3891,25775,42924,25103,73686,0.9
9a1e479bacc4936ab1be9fdd3bb88e912be5bfd2,8560,443,0,0.0,7.9,305175,4124,28139,47518,26042,76409,0.8
90520b0237f282f341cfcfffe628def4349c6efb,8553,443,0,0.0,7.9,304807,4124,28091,47451,26042,76316,0.8
14814a4393da20bfbcb3e2e942df9e78f1cded74,8342,432,0,0.0,8.7,284904,3891,25775,42924,25103,73686,0.9
e9d829cd37f774920fe526979c3a10f1b3809c40,8339,431,0,0.0,8.7,284842,3891,25773,42916,25101,73663,0.9
c5e2f93117d322ae66b2bbbca967fad0b64c1806,8545,441,0,0.0,7.9,304561,4121,28072,47387,26035,76219,0.8
638f37538f074c4eba80311b6619a89f6b9ffd93,8545,441,0,0.0,7.9,304537,4121,28072,47387,26035,76219,0.8
c174d5a4332617574319d0a97af8c5e0abc7c9b9,8511,439,0,0.0,7.9,301985,4099,27747,46767,26054,75654,0.8
2c09137e6828eb525f83791209d44f6aecfcdda5,8511,439,0,0.0,7.9,302143,4101,27765,46792,26060,75764,0.8
67c589d020c1dbcd042639ce320095d60d155c89,8335,431,0,0.0,8.7,284830,3891,25769,42912,25101,73643,0.9
cf7cfe8c78810bc21225d26b486b5004d99a0a6c,8335,431,0,0.0,8.7,284830,3891,25769,42912,25101,73643,0.9
d9b73eb6e4b134a7bc12c8855691de651e1537ee,8335,431,0,0.0,8.7,284830,3891,25769,42912,25101,73643,0.9
907c6f13747c83293502f21874b6b952ac1abee6,8335,431,0,0.0,8.7,284830,3891,25769,42912,25101,73643,0.9
51789eb76e90cf4bc2120ff57430e1c8e70d0d65,8335,431,0,0.0,8.7,284830,3891,25769,42912,25101,73643,0.9
a50a4173a63be28eff1e2170a4c4335104079384,8335,431,0,0.0,8.7,284830,3891,25769,42912,25101,73643,0.9
a93624e8cfb43991fca670cf9ad25197df331758,8531,444,0,0.0,7.9,302965,4107,27829,46900,26121,75927,0.8
1916666146ed257bbb0f519eed3f2164a32438f3,8531,444,0,0.0,7.9,303013,4108,27830,46906,26121,75927,0.8
2a42f4f90805ffcaa4425435a0b2b2d574a570ce,8497,444,0,0.0,7.9,302126,4101,27776,46773,26107,75446,0.8
0458a951868f7699012c8038c88ccb831bb28b16,8496,444,0,0.0,7.9,301997,4097,27768,46758,26107,75437,0.8
484ce7153afd723b718ba1a9f0d73e5b55b391fb,8335,431,0,0.0,8.7,284830,3891,25769,42912,25101,73643,0.9
364b5ac8815756e60c98764a86094382f7afac0b,8335,431,0,0.0,8.7,284830,3891,25769,42912,25101,73643,0.9
fc02e7a1e9791e2aacbd91bef8b576ac243a8c26,8335,431,0,0.0,8.7,284830,3891,25769,42912,25101,73643,0.9
1e7c1835711f46eceb57a855f432f9e0a03a69bd,8335,431,0,0.0,8.7,284830,3891,25769,42912,25101,73643,0.9
9ba097b8004f9440fb884c20debedbb8d86fcba2,8335,431,0,0.0,8.7,284830,3891,25769,42912,25101,73643,0.9
2b63d20704c7577cf338a00f78af9ebda71b6eca,8335,431,0,0.0,8.7,284830,3891,25769,42912,25101,73643,0.9
342121ccc2cc49a0338f9d6ad944db5cb85d2958,8335,431,0,0.0,8.7,284830,3891,25769,42912,25101,73643,0.9
4fb4d709f408120823ff22f0d137c7ba7b095c7a,8335,431,0,0.0,8.7,284830,3891,25769,42912,25101,73643,0.9
c0fec561fda2d052c57d4482911b0059855e3294,8496,444,0,0.0,7.9,301991,4097,27768,46757,26107,75436,0.8
eca57d31ae29b6bc909f798df496fb5f086211b5,8335,431,0,0.0,8.7,284821,3891,25769,42909,25101,73643,0.9
6bef1567cc3251153c5f733c8c983a46a3788e52,8334,431,0,0.0,8.7,284795,3891,25768,42908,25100,73631,0.9
6f4fcf41f79124cd3b72166fa0c6a9e1bbbc9946,8334,431,0,0.0,8.7,284795,3891,25768,42908,25100,73631,0.9
57eee001444594203eee6dde168a9029b101f221,8334,431,0,0.0,8.7,284795,3891,25768,42908,25100,73631,0.9
f1da57d581f6acc397b68cb144638afb7c9eac32,8491,444,0,0.0,7.9,301364,4087,27711,46661,25939,75331,0.8
c0706c2338281fd79d04c5bafc43dc19a8405f22,8334,431,0,0.0,8.7,284780,3891,25767,42905,25100,73629,0.9
8f795b4ccb8bb857127c300e3cb35122a4243246,8334,431,0,0.0,8.7,284780,3891,25767,42905,25100,73629,0.9
cdbfc731933f596f1ed532029bd1abafa3db8923,8334,431,0,0.0,8.7,284780,3891,25767,42905,25100,73629,0.9
6e6b24498033804cfef40d52a6d9cf43ed6ac114,8334,431,0,0.0,8.7,284780,3891,25767,42905,25100,73629,0.9
f7860deb71c61f984f67bd46f3a8d6bbcb26cbe0,8491,444,0,0.0,7.9,301314,4086,27709,46659,25926,75331,0.8
36023880cc219e7c68d4b87891891db473026275,8491,444,0,0.0,7.9,301311,4086,27709,46659,25926,75331,0.8
238fe3125c427eda496b857623ba17e67f722ecd,8334,431,0,0.0,8.7,284780,3891,25767,42905,25100,73629,0.9
79a1cca4ef1d583d2ae2c8e3f16eeea5881712cc,8334,431,0,0.0,8.7,284780,3891,25767,42905,25100,73629,0.9
f224fc5a47ae87817a91241109f1fcab1fee1539,8334,431,0,0.0,8.7,284777,3891,25767,42904,25100,73629,0.9
ac8ee831c9566569b8a58298983ee7e7ff30e4d8,8334,431,0,0.0,8.7,284770,3891,25767,42903,25100,73629,0.9
f0e81ac8663c245cffb86182c5069508300ecf36,8334,431,0,0.0,8.7,284769,3891,25767,42902,25100,73628,0.9
ca1ae1f4b6950733d810fa33eaa2764cefd946ab,8334,431,0,0.0,8.7,284769,3891,25767,42902,25100,73628,0.9
11d5bd9ffadf11af0d13e6ab478829b4ae3c8572,8491,444,0,0.0,7.9,301284,4086,27709,46659,25926,75331,0.8
30bf8c4de8134330c0ff39519296723b8dcc359f,8334,431,0,0.0,8.7,284769,3891,25767,42902,25100,73628,0.9
865e8b05cfc0a0b3d356b9f940d7402faa682903,8334,431,0,0.0,8.7,284769,3891,25767,42902,25100,73628,0.9
2dc0f9a3740821ac483c666eb9b687e692ed4646,8334,431,0,0.0,8.7,284769,3891,25767,42902,25100,73628,0.9
d98b1e821fa9bdae708c25fcd1bcdcb42f316b30,8334,431,0,0.0,8.7,284769,3891,25767,42902,25100,73628,0.9
04c16fa944993b5ea90598afbeaf3a2c0c30bca8,8334,431,0,0.0,8.7,284769,3891,25767,42902,25100,73628,0.9
7d5fa50783c5321447368230ca75138425697459,8334,431,0,0.0,8.7,284769,3891,25767,42902,25100,73628,0.9
4829be3008daa5d392e554cf5b5d73ce941dbe7c,8334,431,0,0.0,8.7,284769,3891,25767,42902,25100,73628,0.9
62f494783caf84369737724f7e440c8b38f571cb,8442,437,0,0.0,7.8,298537,4074,27387,46119,25623,75407,0.8
06909275a3b18811a36b101231e34766fbdb85f7,8442,437,0,0.0,7.8,298537,4074,27387,46119,25623,75407,0.8
99601a61989dd61ef1ff43b4d9b3982dcaa19ad3,8442,437,0,0.0,7.8,298537,4074,27387,46119,25623,75407,0.8
0a48e9d8dc8c1f50399e3d9521320729fd32125f,8333,431,0,0.0,8.7,284670,3890,25760,42890,25100,73623,0.9
fc45dd887c18cc559829091b14aa4f2db92a4704,8333,431,0,0.0,8.7,284670,3890,25760,42890,25100,73623,0.9
3c4247eb583106c2b04ec455564bb4d612e9dffa,8442,437,0,0.0,7.8,298532,4074,27387,46117,25620,75407,0.8
92e7b5d807deaf1f21b24171756927579191e195,8442,437,0,0.0,7.8,298532,4074,27387,46117,25620,75407,0.8
4be8594bdefa3b941d062cbcee0794a3718c58b1,8442,437,0,0.0,7.8,298481,4074,27387,46117,25620,75407,0.8
9d333ba906608d1af09f9ba6660458201f839db9,8333,431,0,0.0,8.7,284670,3890,25760,42890,25100,73623,0.9
c61cc9f719569d1f1a46dcac9888f74714b45fce,8333,431,0,0.0,8.7,284665,3890,25760,42888,25097,73623,0.9
ab6ce115f5c8610f150caddc741f96653efce822,8333,431,0,0.0,8.7,284665,3890,25760,42888,25097,73623,0.9
cd89d192b6cd9a33d1214263ea9371990c671df4,8442,437,0,0.0,7.8,298481,4074,27387,46117,25620,75407,0.8
8200f3ed2e2e0f6a2a89f689027c37d1ef6d494e,8333,431,0,0.0,8.7,284665,3890,25760,42888,25097,73623,0.9
b76e0597f535439d217239be18823bd2ab628d49,8333,431,0,0.0,8.7,284665,3890,25760,42888,25097,73623,0.9
87ab5a69646a19254d91cad542be35fc01469529,8333,431,0,0.0,8.7,284665,3890,25760,42888,25097,73623,0.9
61effff7e803c4a6d0730ee84834675cbd2e241e,8333,431,0,0.0,8.7,284665,3890,25760,42888,25097,73623,0.9
086cdd942cedec8b506361be8331a8aa86c4fe9b,8333,431,0,0.0,8.7,284665,3890,25760,42888,25097,73623,0.9
dc2465fff72322bc13196c2a0c85d26687f91608,8333,431,0,0.0,8.7,284665,3890,25760,42888,25097,73623,0.9
0ccd5a1953da3689124cfd73b5b11005fc370054,8333,431,0,0.0,8.7,284665,3890,25760,42888,25097,73623,0.9
293711e591fccb2d3ef8ea10013f3ac1a1f83230,8333,431,0,0.0,8.7,284665,3890,25760,42888,25097,73623,0.9
867f79e030fb67f3074c6390bc5a4d1e02e50ccd,8333,431,0,0.0,8.7,284665,3890,25760,42888,25097,73623,0.9
598511658203ca45b7f96874b6d948582d2f3cb4,8442,437,0,0.0,7.8,298474,4074,27387,46117,25620,75407,0.8
5ad25875b9938a0f77340933be26e8ea7f45f33d,8442,437,0,0.0,7.8,298474,4074,27387,46117,25620,75407,0.8
b9825cdbd0fdb20694bf69ba670728b953cfacf2,8333,431,0,0.0,8.7,284665,3890,25760,42888,25097,73623,0.9
79fa89bac797ac42baa474435966a787bdc0978a,8333,431,0,0.0,8.7,284665,3890,25760,42888,25097,73623,0.9
2486674828c1a2a7111b63a60a97fb70b0a02e30,8333,431,0,0.0,8.7,284665,3890,25760,42888,25097,73623,0.9
35adffac485f226acafe907be2c19d6e1da11fca,8442,437,0,0.0,7.8,298463,4074,27387,46118,25619,75407,0.8
667f98a4591c1b4ab3ad683ff5d2f561f0add518,8363,437,0,0.0,7.8,297738,4063,27346,46044,25584,74343,0.8
e49b8b241191fc6bd2b3ab5b3fcdcc855a541879,8348,439,0,0.0,7.9,295724,4037,27106,45699,25530,74315,0.8
e4fa369b29a95200ccf331c247eaa8a106fe502a,8348,438,0,0.0,7.9,295744,4037,27105,45696,25529,74315,0.8
5d5d0365b54f842cda0952f3199e8924129f21d8,8348,438,0,0.0,7.9,295752,4037,27106,45697,25529,74315,0.8
88e6772ba0d78c47b5a5d80f95cdd0f3acc473d2,8347,438,0,0.0,7.9,295742,4037,27105,45695,25529,74310,0.8
3e53e320533a90acb4fddfe04d46536f847165f4,8344,438,0,0.0,7.9,295561,4033,27086,45670,25530,74295,0.8
d7ac348f64b58c66b688bbe270de6f3441d2e5e8,8333,431,0,0.0,8.7,284665,3890,25760,42888,25097,73623,0.9
14fd38f1b7d248fdf7e691ef1d805dfbb87ef9db,8333,431,0,0.0,8.7,284665,3890,25760,42888,25097,73623,0.9
d3eef04759df8a6df6758a21778b1c9d4c635387,8333,431,0,0.0,8.7,284665,3890,25760,42888,25097,73623,0.9
64264f6c46d0135a76e892723025563baa6bb036,8333,431,0,0.0,8.7,284665,3890,25760,42888,25097,73623,0.9
a534350541c94709b6f529c2b3a0f1cd6d44c3dc,8344,438,0,0.0,7.9,295555,4033,27086,45670,25530,74295,0.8
48ad387ace4e260abf0909464e94f8bfe309849f,8332,431,0,0.0,8.7,284665,3890,25760,42888,25097,73618,0.9
523a4189b8a7233c926eab1218daf627a3e870b8,8332,431,0,0.0,8.7,284662,3890,25760,42888,25097,73618,0.9
473ea36b04d93e2efc439848ff65ec5b3bee06d9,8332,431,0,0.0,8.7,284662,3890,25760,42888,25097,73618,0.9
9fde4c9e6096703d8eceed9e9ccde33d095a40c5,8333,431,0,0.0,8.7,284658,3890,25760,42888,25097,73620,0.9
8fee3db28ff6b5c2164ec93e80d09ff53bbdb0a8,8332,431,0,0.0,8.7,284653,3890,25760,42888,25097,73618,0.9
26113503e8085c65cf0a978cec453233003b16b8,8332,431,0,0.0,8.7,284653,3890,25760,42888,25097,73618,0.9
a581afbb2c459fe5fdb90ba6bcf92d5b672434f0,8332,431,0,0.0,8.7,284653,3890,25760,42888,25097,73618,0.9
913a9aac33388f4b1f9628ec7e581f5a1841bc0b,8332,431,0,0.0,8.7,284653,3890,25760,42888,25097,73618,0.9
0baba8646b516ed0f863a80b2ab7cfe3160b7c22,8332,431,0,0.0,8.7,284653,3890,25760,42888,25097,73618,0.9
600f869ad76e27d1cd4f6dc43cad994c81966a0f,8332,431,0,0.0,8.7,284653,3890,25760,42888,25097,73618,0.9
95f99845713ac4ab98201c4e83052411a23736f6,8332,431,0,0.0,8.7,284653,3890,25760,42888,25097,73618,0.9
b831c26e83040a5008765b927d85593c0a498cf4,8332,431,0,0.0,8.7,284653,3890,25760,42888,25097,73618,0.9
48df310ce7e0ec8f6c0f467d5d44b0c760590d7c,8344,438,0,0.0,7.9,295537,4033,27084,45666,25530,74295,0.8
d35d7eb30c9e536bead96d50d45ff6def219f84f,8344,438,0,0.0,7.9,295555,4033,27086,45670,25530,74295,0.8
1d1671ef80edaf6222b7290fc0d91cc2c7647e02,8332,431,0,0.0,8.7,284655,3890,25760,42890,25097,73618,0.9
63e5bef4fac4b8a332f1313d80cfec08828cfaca,8346,438,0,0.0,7.9,295579,4034,27088,45672,25531,74310,0.8
bc83ae32c99d25e8056675b0d8bd5d1216b99334,8332,431,0,0.0,8.7,284655,3890,25760,42889,25097,73618,0.9
3cc6338a80e5868e6c6dda52203e919e9bf455b6,8346,438,0,0.0,7.9,295570,4034,27088,45670,25530,74310,0.8
e201865274902a345cd89f19ee1cf38b2a378f57,8346,438,0,0.0,7.9,295562,4034,27088,45670,25528,74310,0.8
1e8b699fb96cf2a0c3b131314c3b76c7d3a71b07,8346,438,0,0.0,7.9,295562,4034,27088,45670,25528,74310,0.8
6ad71e676ccef5090c00b411df427201fffe8f52,8346,438,0,0.0,7.9,295562,4034,27088,45670,25528,74310,0.8
da53578c57432df08c595e20c97129c24dc7533c,8332,431,0,0.0,8.7,284655,3890,25760,42889,25097,73618,0.9
000db7c40a1a59840296bfb2378778a9303a492b,8332,431,0,0.0,8.7,284655,3890,25760,42889,25097,73618,0.9
2ddf0fdec458d03e8f425d850c8fceed643088af,8332,431,0,0.0,8.7,284652,3890,25760,42889,25097,73618,0.9
61bfa07a49b69145282f1d1b9c56a24511ed38fb,8332,431,0,0.0,8.7,284652,3890,25760,42889,25097,73618,0.9
d1969ff18b38af055e08ab0e3efc46f47f0cbe66,8332,431,0,0.0,8.7,284652,3890,25760,42889,25097,73618,0.9
1fd974efbf6c63a2918d4538b099d1cb6499abe1,8332,431,0,0.0,8.7,284652,3890,25760,42889,25097,73618,0.9
c517fd5d62846f31d8bab0edffce2b60fbec1dad,8332,431,0,0.0,8.7,284652,3890,25760,42889,25097,73618,0.9
98edd118ae3a881e70b799c9eec456c4f1ca79ce,8332,431,0,0.0,8.7,284652,3890,25760,42889,25097,73618,0.9
89cc36e2b326e5cf9b4d379c72f46fb81123e9fd,8332,431,0,0.0,8.7,284652,3890,25760,42889,25097,73618,0.9
e6f0dfe000ad029c7dfc3ffc691513426b7d0e78,8332,431,0,0.0,8.7,284652,3890,25760,42889,25097,73618,0.9
5dceb96c6b9064f1e02fc065e9cbc0f908cdc6e7,8332,431,0,0.0,8.7,284652,3890,25760,42889,25097,73618,0.9
bb06ff3fe782377a96f423c8b728e0048b32a6eb,8346,438,0,0.0,7.9,295577,4034,27088,45670,25528,74310,0.8
3867c4dcb431ad964fbc4c821c451db8f17c69d2,8346,438,0,0.0,7.9,295562,4034,27088,45670,25528,74310,0.8
3609ddb2259ad223f6c0a827e36f6f8ccd38c6b2,8346,438,0,0.0,7.9,295580,4034,27088,45670,25528,74310,0.8
bb376dbdd729c04f449b784d01bf5b26d8b60919,8332,431,0,0.0,8.7,284655,3890,25760,42889,25097,73618,0.9
65215ed8a09cd46cdf988d3681d103dff83c4517,8332,431,0,0.0,8.7,284652,3890,25760,42889,25097,73618,0.9
721ae9493d2879f72e3d48b99b0a9ff1e3b39849,8332,431,0,0.0,8.7,284652,3890,25760,42889,25097,73618,0.9
e29fac8c18778391fc8cc04e05ec5f1ea59d54d3,8346,438,0,0.0,7.9,295577,4034,27088,45670,25528,74310,0.8
6a318d25539e81684b550531454ec7c3630458c9,8346,438,0,0.0,7.9,295577,4034,27088,45670,25528,74310,0.8
f2b7a044c6abe81919fad7798b8c253170abb86b,8346,438,0,0.0,7.9,295579,4034,27088,45670,25527,74310,0.8
48ad8143bc6df3d747acc7d183b2405cb53cfda5,8346,438,0,0.0,7.9,295579,4034,27088,45670,25527,74310,0.8
32f4cb53df24b59af3ee6931d2d51a93b2f9dd1f,8346,438,0,0.0,7.9,295574,4034,27088,45670,25527,74310,0.8
23599941e7326102715bd5aabcfbcfcd47cdc6c5,8346,438,0,0.0,7.9,295574,4034,27088,45670,25527,74310,0.8
6f1a41f125b2216a7f2c489ede5b355125eeda00,8332,431,0,0.0,8.7,284654,3890,25760,42889,25096,73618,0.9
935849f4ce0eed1893869711fe42b84d22e31c84,8342,438,0,0.0,7.9,295471,4034,27080,45657,25522,74241,0.8
b5bb04496c8becd750614cc15e2b1fc5077a5104,8342,438,0,0.0,7.9,295472,4034,27080,45657,25522,74241,0.8
1f6d441de6a3de7c9b78868ff1b9f94dc213ebcf,8342,438,0,0.0,7.9,295448,4034,27080,45654,25523,74241,0.8
a6c61175c5975bb136f8a4435f27f5bc01d4a166,8349,438,0,0.0,7.9,295026,4032,27035,45583,25469,74240,0.8
83682624061f8adf04e346917cf37007d83d1ffc,8332,431,0,0.0,8.7,284654,3890,25760,42889,25096,73618,0.9
b12b23cbf0698dba96cb2e6b75e4ee272ed25523,8340,437,0,0.0,7.9,294015,4027,26953,45395,25444,74046,0.8
225ca9d232ea647fca20fa628d2e7b8517d37ad2,8332,431,0,0.0,8.7,284653,3890,25760,42889,25096,73618,0.9
cc95b52dfbed87cdcf72a3ab1176329c36595604,8337,437,0,0.0,7.9,293967,4026,26949,45389,25444,74031,0.8
80ffcd7a85720aae633bc5b3cf16963112a96012,8332,431,0,0.0,8.7,284640,3890,25759,42885,25096,73618,0.9
189d76be5d94d43d8054cc58d48507380aea99a3,8336,437,0,0.0,7.9,293760,4023,26939,45362,25435,74021,0.8
b95695bf4fcd4473bc01b25fbb85ea32a837ce27,8332,431,0,0.0,8.7,284640,3890,25759,42885,25096,73618,0.9
e21244a43171c0187b0295fd9ba811155ebb1acd,8336,437,0,0.0,7.9,293795,4024,26941,45367,25445,74021,0.8
57b87029a662acc9ee2d762aa50fda95301cb9df,8330,431,0,0.0,8.7,284553,3890,25752,42875,25092,73561,0.9
75f0eb4a1537933e94fa3b82677ae4af46f11630,8330,431,0,0.0,8.7,284550,3890,25752,42876,25091,73561,0.9
b867f9ebd7f5bb7dbb004ad4f69a88d7bc498de7,8330,431,0,0.0,8.7,284550,3890,25752,42876,25091,73561,0.9
d64fbf8b9419c5b0fae66099141868b4b1314113,8330,431,0,0.0,8.7,284550,3890,25752,42876,25091,73561,0.9
a6187b8e9381295a4bb2f1d1c4e1d7a4fb9d7580,8330,431,0,0.0,8.7,284550,3890,25752,42876,25091,73561,0.9
43ae6a7abafa627958b22e576b8eafe100781c85,8330,431,0,0.0,8.7,284550,3890,25752,42876,25091,73561,0.9
faabbf64358f67661a7fab0d457da54ebb0d1094,8330,431,0,0.0,8.7,284550,3890,25752,42876,25091,73561,0.9
e8ccb01886ea291de91a18f1a650a2f189bcb162,8330,431,0,0.0,8.7,284550,3890,25752,42876,25091,73561,0.9
e826b0c20d31c14b28a5b934a9b783752d014b69,8336,437,0,0.0,7.9,293795,4024,26941,45367,25445,74021,0.8
2c38cab1d2bb8b1c6d49fab3e93690bbde4817fb,8336,437,0,0.0,7.9,293775,4024,26937,45363,25444,74021,0.8
31f4b3dca3c92ccbaecdd84cd7b5fd10f0d869a1,8403,438,0,0.0,8.2,295385,4037,27021,45524,25517,74919,0.8
9968834e621e3cff492fed91c142aa176f1d883f,8402,438,0,0.0,8.2,295331,4036,27012,45510,25516,74914,0.8
4cd9a983950f2d0b070e412b54b13c61eb7c6cdb,8330,431,0,0.0,8.7,284550,3890,25752,42876,25091,73561,0.9
80b145db3e09c947f0b731776ec66694bafc4846,8330,431,0,0.0,8.7,284550,3890,25752,42876,25091,73561,0.9
cd78bba7b7c7134b1317275da3ffc277dc6f54d0,8330,431,0,0.0,8.7,284550,3890,25752,42876,25091,73561,0.9
fa71998d5948bf05ae87a8980855d4904f8723d9,8330,431,0,0.0,8.7,284550,3890,25752,42876,25091,73561,0.9
117db475058699c4c5a14f8d633c97ab90853031,8382,438,0,0.0,8.2,295001,4024,26991,45457,25495,74780,0.8
191697a3403ea345403bf3566fea2e8890ba9aea,8382,438,0,0.0,8.2,295001,4024,26991,45457,25495,74780,0.8
fa16bed3a363fc35f9e03541a33a5f529cba9981,8382,438,0,0.0,8.2,295001,4024,26991,45457,25495,74780,0.8
6a44987f5f9d4dafda7e3ac82e40892a01b64397,8382,438,0,0.0,8.2,295003,4024,26991,45457,25495,74780,0.8
5d1c0eae1cf715ab469c5201a183963dd387e765,8391,438,0,0.0,8.3,294800,4024,26978,45437,25490,74902,0.8
1e6a84e16aa3971d311f6de257aae29959721f13,8330,431,0,0.0,8.7,284550,3890,25752,42876,25091,73561,0.9
b9e1dc057f1a29f6f84be9822c799b549c849438,8330,431,0,0.0,8.7,284515,3890,25746,42871,25088,73561,0.9
8e2eb332a1d7aece2d344daa26a8b078420b3034,8391,438,0,0.0,8.3,294777,4024,26978,45437,25490,74902,0.8
d1c6e558a79a79988409d1a943d340012478acc3,8330,431,0,0.0,8.7,284507,3890,25746,42871,25088,73561,0.9
5d916cd2c10ad3f21290bf25e338261c30cafbad,8391,438,0,0.0,8.3,294682,4023,26973,45425,25475,74902,0.8
84193247be0152c71288795ebb0d95a93fe7a7f5,8336,431,0,0.0,8.7,284478,3890,25744,42867,25088,73699,0.9
1abe9f8087d68a0d88efa438d762ec7bfeb52fd9,8335,431,0,0.0,8.7,284488,3890,25744,42867,25088,73694,0.9
dfd135eb95d92ffc3519426b812e274f43b49e9d,8335,431,0,0.0,8.7,284487,3890,25744,42867,25088,73694,0.9
487fa4f7c73a9339e69409c934e4ec669ba084e1,8336,431,0,0.0,8.7,284479,3890,25743,42866,25088,73699,0.9
886360461952940e5fd3f57323ba4be34be14a58,8751,439,0,0.0,8.5,310170,4343,28550,47593,26599,77953,0.8
faefee2cb2b64e10ff4f874f6da6e032d84f0ff2,8339,431,0,0.0,8.7,284348,3890,25739,42859,25088,73686,0.9
9d659eba448e70834d33cbc276181100fada104c,8339,431,0,0.0,8.7,284344,3890,25739,42859,25088,73686,0.9
7f6decaf19feb927c72c52a1a4e84da47c746f09,8339,431,0,0.0,8.7,284344,3890,25739,42858,25088,73686,0.9
1686383cedcc6043532bf766ca6e8e5f32a30e01,8339,431,0,0.0,8.7,284337,3890,25739,42856,25086,73686,0.9
a3e43fe99b2769cdf0077a1504a5b078bb3873dc,8750,439,0,0.0,8.5,310102,4343,28540,47581,26599,77948,0.8
c24eca7e1edefed758a0123c0141da21ed708a42,8339,431,0,0.0,8.7,284337,3890,25739,42856,25086,73686,0.9
7fee7dd99d1160aa5c4cd93abf021a9a924daf3c,8340,431,0,0.0,8.7,284319,3890,25735,42852,25086,73688,0.9
0fc6a306841335c2d7a58bc9d77ce75517ace44a,8751,439,0,0.0,8.5,310084,4343,28536,47577,26599,77950,0.8
66bea58c13cae75939b85adfd87d388259fe688a,8340,431,0,0.0,8.7,284319,3890,25735,42852,25086,73688,0.9
14c67845ee9dd02ca3d58b0f40845389fee91957,8340,431,0,0.0,8.7,284319,3890,25735,42852,25086,73688,0.9
5db5fa90351146f96ac9af9988ec14eef33dffc2,8340,431,0,0.0,8.7,284319,3890,25735,42852,25086,73688,0.9
35780baa395b76323a01b41a5b14266a6d057b48,8340,431,0,0.0,8.7,284319,3890,25735,42852,25086,73688,0.9
b2fb0e8e1e15c341f0e0635dc1ae526fda471eac,8340,431,0,0.0,8.7,284319,3890,25735,42852,25086,73688,0.9
53141b152fb311756ddda36e43b5c63afa1eac43,8340,431,0,0.0,8.7,284319,3890,25735,42852,25086,73688,0.9
1b69c61992184317115a90b73b095ae4285cac3e,8340,431,0,0.0,8.7,284319,3890,25735,42852,25086,73688,0.9
0b7d980b51124c6bb6a7ee89e1a588193385ce0e,8340,431,0,0.0,8.7,284319,3890,25735,42852,25086,73688,0.9
07440a06792a8a5053a7424d6278d7338397ef1e,8340,431,0,0.0,8.7,284319,3890,25735,42852,25086,73688,0.9
583b57be2b9d4f0ccbc9be2bc6e4a190fd5e27c8,8694,438,0,0.0,8.5,308441,4310,28371,47339,26502,77501,0.8
10af7379257d713b882ccdbbacb3b75f12fb92f8,8692,436,0,0.0,8.5,308365,4310,28367,47325,26490,77461,0.8
d16f0ca310838b7bb52ce173710ef149d65be07d,8757,437,0,0.0,8.5,310008,4343,28532,47563,26587,77947,0.8
20f252d147b2a630c6509c70790d10de08fd41f1,8340,431,0,0.0,8.7,284319,3890,25735,42852,25086,73688,0.9
be7c863aedd685fb58f115c68412b5279187207e,8338,429,0,0.0,8.7,284284,3890,25734,42847,25086,73648,0.9
e9296eca1d80634e70d77a5c6947b26c23c160b1,8338,429,0,0.0,8.7,284284,3890,25734,42847,25086,73648,0.9
7588d0e5b2ac17768015bf04b9120e29c6bb3dd2,8338,429,0,0.0,8.7,284284,3890,25734,42847,25086,73648,0.9
efe219b7708ca65e65599fdd5544b9acd2985375,8338,429,0,0.0,8.7,284284,3890,25734,42847,25086,73648,0.9
8e141cc9585bdf895111b8359280dd684c5588ea,8338,429,0,0.0,8.7,284284,3890,25734,42847,25086,73648,0.9
ac8a9b65b77e987fcbbab91f37542fb828c6c0a9,8338,429,0,0.0,8.7,284284,3890,25734,42847,25086,73648,0.9
0a1ad55bff34c8cffc066c4ab26ac8466691a4f4,8338,429,0,0.0,8.7,284284,3890,25734,42847,25086,73648,0.9
ca7151e53166fc69079fefff074ee369aa29f134,8338,429,0,0.0,8.7,284284,3890,25734,42847,25086,73648,0.9
7cf5fe42f2c92a33cf5d0f973fcb021f21fe7f05,8338,429,0,0.0,8.7,284243,3890,25731,42838,25074,73648,0.9
155c2f2c186cc797a2f31d9488e66cca07f892c4,8757,437,0,0.0,8.5,310007,4343,28532,47563,26587,77947,0.8
6b3f54383f4b6102215e33ea879a389dff0fd1eb,8338,429,0,0.0,8.7,284242,3890,25731,42838,25074,73648,0.9
aedf4d719281d5db5a3793e660f19d39f8548113,8338,429,0,0.0,8.7,284242,3890,25731,42838,25074,73648,0.9
e825cb1117f1cdb0f09479bd7e81bc5f57602fcf,8338,429,0,0.0,8.7,284242,3890,25731,42838,25074,73648,0.9
314547ef4d024305585b8b84f4ad77b41bd41e51,8338,429,0,0.0,8.7,284242,3890,25731,42838,25074,73648,0.9
53553dcef4866a16eba4803c86b6885c38ea0e90,8757,437,0,0.0,8.5,310002,4343,28532,47563,26587,77947,0.8
45b5d44064c752d51dcc4b6a699c4f6ce7f3c09d,8757,437,0,0.0,8.5,309996,4343,28532,47563,26587,77947,0.8
16bca1e42c4a1ef097f6fac031b10dcb4aaa4601,8338,429,0,0.0,8.7,284242,3890,25731,42838,25074,73648,0.9
f987d50047cdaf2f6ee381ee7d4e55216fcc9547,8338,429,0,0.0,8.7,284242,3890,25731,42838,25074,73648,0.9
3608f384c27e19dab19232835ad09de5a845bf6e,8338,429,0,0.0,8.7,284242,3890,25731,42838,25074,73648,0.9
029650668f3696016853cc5e7ff5fd38c79365f2,8338,429,0,0.0,8.7,284242,3890,25731,42838,25074,73648,0.9
1689109725aa4ac015900856efe0ce858325b8c3,8338,429,0,0.0,8.7,284242,3890,25731,42838,25074,73648,0.9
cf0529f7aee496314465c8f0da178841e1ba7e75,8338,429,0,0.0,8.7,284242,3890,25731,42838,25074,73648,0.9
3e4fda20bba18f0a85340c86ae8ccbb004c7ea84,8338,429,0,0.0,8.7,284242,3890,25731,42838,25074,73648,0.9
95439fb23ce9855197843e5f2ee02c4713f09846,8338,429,0,0.0,8.7,284242,3890,25731,42838,25074,73648,0.9
0840c60e54d752ab53bf1517adf178ff260240fb,8338,429,0,0.0,8.7,284242,3890,25731,42838,25116,73648,0.9
f03823eec1610ab40fa894e279614703617ab29b,8895,436,0,0.0,8.5,309955,4343,28529,47555,26629,78085,0.8
40280a2c2968376e9b1e5bab89a597f01fb3de7f,8338,429,0,0.0,8.7,284238,3890,25731,42837,25116,73648,0.9
b472712f052ffe8a414065eb96348811ffb8c784,8338,428,0,0.0,8.7,284196,3890,25728,42830,25116,73648,0.9
b44ca6b51f6bdac1092b63470a6bb90bdce40414,8338,428,0,0.0,8.7,284196,3890,25728,42830,25116,73648,0.9
ec443043e2da83d946943baabf7f122f9efc0dcc,8338,428,0,0.0,8.7,284196,3890,25728,42830,25116,73648,0.9
00812ce41c44be6e5cd5e2b8e5bf602f806bbbca,8338,428,0,0.0,8.7,284196,3890,25728,42830,25116,73648,0.9
a12975aa93d42a18d308422fddb23b3dc1e8fd9f,8338,428,0,0.0,8.7,284195,3890,25728,42830,25116,73648,0.9
0788f7490e6bad81980a689d061f6cbd39b9fbcf,8896,436,0,0.0,8.5,309895,4342,28517,47541,26629,78087,0.8
0c7e32ff151c9c7af6408bffbb50c93d164925f3,8900,436,0,0.0,8.5,309910,4342,28518,47543,26631,78160,0.8
55b6d170d9ad5ba29b0f512281e187bc789e1a02,8883,436,0,0.0,8.5,309697,4342,28518,47525,26631,77968,0.8
4be3587dd14e68f52404960feb1152ab93c96570,8883,436,0,0.0,8.5,309683,4342,28518,47525,26631,77968,0.8
1f74ffd9690e2c8b09e048f4e907225644f82023,8480,428,0,0.0,8.7,284201,3890,25728,42830,25116,73790,0.9
9e18589e81787897b9db9484561ff20ca211111f,8480,428,0,0.0,8.7,284201,3890,25728,42830,25116,73790,0.9
d7d46e635c77adc4bca0c13e7a22b72c279dde73,8480,428,0,0.0,8.7,284201,3890,25728,42830,25116,73790,0.9
59b3c9c9dc887807bccbb77eeb58ccab28df765a,8480,428,0,0.0,8.7,284201,3890,25728,42830,25116,73790,0.9
f4d75450b0582556ec0fbd0aa848f6a922f07bfa,8480,428,0,0.0,8.7,284201,3890,25728,42830,25116,73790,0.9
fa07b6171065d5850cb265410ef281363d7eb683,8480,428,0,0.0,8.7,284201,3890,25728,42830,25116,73790,0.9
1bdcc5786042c8ce2b8be4210f7795adef880b71,8480,428,0,0.0,8.7,284201,3890,25728,42830,25116,73790,0.9
b338e20190e0fba01e8e85fd37e74d5bfc20baf1,8480,428,0,0.0,8.7,284201,3890,25728,42830,25116,73790,0.9
944be946acd50ac430854a3e197fe056a5cbde18,8881,436,0,0.0,8.5,309663,4341,28515,47522,26631,77958,0.8
164aebf6ed47d5c06fe5e91ced491bbff5b03abb,8877,436,0,0.0,8.5,309579,4339,28511,47513,26619,77950,0.8
0cce4c8afe47d159cd520e70a14e9816f5422314,8480,428,0,0.0,8.7,284201,3890,25728,42830,25116,73790,0.9
afcf04d6e3766d6ef0674c6924e9275be148bb97,8877,436,0,0.0,8.5,309573,4339,28511,47513,26616,77950,0.8
3f57fcae2054583922638289663cbd36eeed5c77,8480,428,0,0.0,8.7,284201,3890,25728,42830,25116,73790,0.9
898b774041f3ca326fa67757cb5af87d6230a62d,8480,428,0,0.0,8.7,284201,3890,25728,42830,25116,73790,0.9
df47d74a8273616cbf60fbe9077f7c63c9c46fce,8480,428,0,0.0,8.7,284201,3890,25728,42830,25116,73790,0.9
ecc5db271ee1cb1e7fb51ed28e11d15a2ddebaab,8480,428,0,0.0,8.7,284201,3890,25728,42830,25116,73790,0.9
2a6f534c41f4d7ffda25fbc237903434de6dc9b9,8480,428,0,0.0,8.7,284201,3890,25728,42830,25116,73790,0.9
501f1a4f9b398c74ff02f6169275d282f1376fd1,8480,428,0,0.0,8.7,284201,3890,25728,42830,25116,73790,0.9
a342f67dc04fea2a5e6cfadba8392a43ca2f2546,8480,428,0,0.0,8.7,284201,3890,25728,42830,25116,73790,0.9
392260a30e3ead460469c6d7943ece598bb49809,8480,428,0,0.0,8.7,284201,3890,25728,42830,25116,73790,0.9
c92e7ca72b0c773043702543c8d8bb8c21c1a9d7,8480,428,0,0.0,8.7,284198,3890,25728,42829,25113,73790,0.9
4c598775e9ea6e934b5f56ba18312f0907e0b349,8480,428,0,0.0,8.7,284195,3890,25728,42830,25113,73790,0.9
86ffe7653d4b5410455fab3faa0429d27561a796,8480,428,0,0.0,8.7,284195,3890,25728,42830,25113,73790,0.9
7126d49cad954fe69d74be9f54ae90592636d8ca,8480,428,0,0.0,8.7,284195,3890,25728,42830,25113,73790,0.9
4a7f00f731306af107e5c827f4775030f46e28bb,8480,428,0,0.0,8.7,284195,3890,25728,42830,25113,73790,0.9
d5c484a64396bf763b1c057802a5656afe98eb9f,8877,436,0,0.0,8.5,309573,4339,28511,47513,26616,77950,0.8
ca6ceaa5a4d74f48c2a2411ea76535839f229b26,8877,436,0,0.0,8.5,309573,4339,28511,47513,26616,77950,0.8
0f8be9ec935e206bf33036e87231793c0c06bb96,8877,436,0,0.0,8.5,309589,4339,28511,47513,26618,77950,0.8
9c1175bc281e8e743667b9dc3db62bd4743ed878,8877,436,0,0.0,8.5,309589,4339,28511,47513,26618,77950,0.8
9b3a32f8d6db3512076198cd84f3bc880677ec32,8877,436,0,0.0,8.5,309594,4339,28511,47513,26618,77950,0.8
1145b4015b0f6ead51c3bd192638492bb8ee1a9e,8877,436,0,0.0,8.5,309594,4339,28511,47513,26618,77950,0.8
0553d70899253519bd6fab00fb647eababf1c911,8876,436,0,0.0,8.5,309564,4339,28509,47508,26618,77940,0.8
b2c66a6d9962badad689f4ac47425ee50b3c9075,8480,428,0,0.0,8.7,284195,3890,25728,42830,25113,73790,0.9
6ca6f66fd4d64d216d97ebb01e2ca46799a5a271,8479,428,0,0.0,8.7,284165,3890,25726,42825,25113,73780,0.9
a1995ee8d297f65713249c24e9e3c50290d31e07,8479,428,0,0.0,8.7,284165,3890,25726,42825,25113,73780,0.9
0cbefb1e33e5d3099077a516dcba5fd6babea8b7,8479,428,0,0.0,8.7,284165,3890,25726,42825,25113,73780,0.9
7edd760ecb3fb41f876959dbfc0b43be00ca5dc7,8479,428,0,0.0,8.7,284165,3890,25726,42825,25113,73780,0.9
8d1a10f1ad7402cccb681478916b5b0ab5a9ad59,8479,428,0,0.0,8.7,284165,3890,25726,42825,25113,73780,0.9
cf53c38179c13846cb760011758bd2035575fe4a,8479,428,0,0.0,8.7,284165,3890,25726,42825,25113,73780,0.9
a4a0baccfd68050bd3657de2b5cbde5553f8eebb,8879,436,0,0.0,8.5,309980,4354,28544,47554,26650,77990,0.8
da2dd6d2a1f5a5266a343b6cb1bf0a73b2f53233,8479,428,0,0.0,8.7,284165,3890,25726,42825,25113,73780,0.9
501bdfaaef53c02ced2799c87ca64b9ecbd29507,8880,436,0,0.0,8.5,309982,4354,28544,47554,26650,77992,0.8
36e0cf5490f9ea289a9d809694b0b2347106a515,8479,428,0,0.0,8.7,284165,3890,25726,42825,25113,73780,0.9
d50adb7c837448358ae980c7f90cd43daf6eab8b,8479,428,0,0.0,8.7,284163,3890,25726,42825,25113,73780,0.9
2f6b4c0c436b34741780ff4c7bd934e1e9e743a5,8479,428,0,0.0,8.7,284164,3890,25726,42825,25113,73780,0.9
002a6a1b3e3a7533fedd2bc2d3e72920d96f47e5,8479,428,0,0.0,8.7,284164,3890,25726,42825,25113,73780,0.9
cb92fcc19ee8829a1390947f0952094fbfedc277,8479,428,0,0.0,8.7,284164,3890,25726,42825,25113,73780,0.9
d4a1e0d9bbd3ba65a1e3a3eaf6f68b9037c33030,8880,436,0,0.0,8.5,309981,4354,28544,47554,26650,77992,0.8
be19912ad4f0f135a34c12ebf2a7b860e2b25ffa,8479,428,0,0.0,8.7,284164,3890,25726,42825,25113,73780,0.9
b14e5e3a12bea550b9fce3f3a94913e5d2ad3be5,8479,428,0,0.0,8.7,284164,3890,25726,42825,25113,73780,0.9
783522e01380324d9d29dd3b32395863596cdebd,8882,436,0,0.0,8.5,309973,4354,28544,47553,26650,77996,0.8
46c93b3e0d38ba50f46ad81ebedd520cca44fed3,8479,428,0,0.0,8.7,284164,3890,25726,42825,25113,73780,0.9
9b3073c2f482df56c1d1c636498ff43fe527dcfc,8479,428,0,0.0,8.7,284164,3890,25726,42825,25113,73780,0.9
cfd6ebe61195f203aa1ec3184007b12026e23bbb,8880,436,0,0.0,8.5,309883,4352,28536,47542,26650,77986,0.8
44c7f7967f931ee28791665f5c683dfac711c1ab,8479,428,0,0.0,8.7,284164,3890,25726,42825,25113,73780,0.9
ea8cdc65247d0119234d371595cc385d66ccd696,8479,428,0,0.0,8.7,284164,3890,25726,42825,25113,73780,0.9
bfedc9bc0ef9482b54c6924895a3940bd0df933c,8477,428,0,0.0,8.7,284158,3890,25724,42823,25113,73770,0.9
76390eed4e7d002be6dbda7597cd546e3050ede9,8477,428,0,0.0,8.7,284158,3890,25724,42823,25113,73770,0.9
3f2e0e18c96a48af66896a1a76abfabb70c7b034,8878,436,0,0.0,8.5,309877,4352,28534,47540,26650,77976,0.8
8a1296f892a8acebf346914cd233becddd6418b1,8864,432,0,0.0,8.5,309686,4350,28528,47510,26646,77866,0.8
26cc9896f0e88fefbc180004758eb8ed573cb969,8477,428,0,0.0,8.7,284158,3890,25724,42823,25113,73770,0.9
6251a4bbd41e95a23a688079a19aa34931642e30,8477,428,0,0.0,8.7,284158,3890,25724,42823,25113,73770,0.9
362f833243db0c351e6fba03820fbd47286f0d94,8477,428,0,0.0,8.7,284158,3890,25724,42823,25113,73770,0.9
503183c52695d41a69c582e6e0f32a028975647c,8477,428,0,0.0,8.7,284158,3890,25724,42823,25113,73770,0.9
c41cdbb3bc99eb4c243f96731dec3baf89b84755,8477,428,0,0.0,8.7,284158,3890,25724,42823,25113,73770,0.9
22f7a214579b506ca0cc3a24467d42db3bd83a78,8477,428,0,0.0,8.7,284158,3890,25724,42823,25113,73770,0.9
22d3cc9052a958f997db9f1ba328ec1cbb744236,8477,428,0,0.0,8.7,284158,3890,25724,42823,25113,73770,0.9
22b3c29b08073e66e23a5061d14c36358b80cb98,8477,428,0,0.0,8.7,284158,3890,25724,42823,25113,73770,0.9
860ad02e1ed2cbe5842a611adfc7f1138c4862e0,8864,432,0,0.0,8.5,309683,4350,28527,47509,26646,77866,0.8
8fb22934d1c89cfb07e3566a138a3a5962055ebb,8477,428,0,0.0,8.7,284158,3890,25724,42823,25113,73770,0.9
1dd289d4055e43fb78ff7a5643ba145a8c663048,8477,428,0,0.0,8.7,284157,3890,25724,42831,25113,73770,0.9
d53d8e5d85358019028354b9f9d8389dde13b627,8864,432,0,0.0,8.5,309683,4350,28527,47509,26646,77866,0.8
428ca27a94826e5dadda1b2ab0d588ba3ece5fa2,8477,428,0,0.0,8.7,284157,3890,25724,42831,25113,73770,0.9
17b75a78955effbf82f4cd958c37545209c152e1,8477,428,0,0.0,8.7,284156,3890,25724,42831,25112,73770,0.9
5dd56fee817e2e8addbc37e21a10bc747a8cd9bc,8477,429,0,0.0,8.7,284153,3890,25723,42832,25111,73770,0.9
93a6c88ed677d521af5d3ed517aa29d25a7669c5,8464,425,0,0.0,8.7,283977,3888,25718,42799,25109,73665,0.9
2e0734d4706970802247170eff33d1af0a8fdd2c,8464,425,0,0.0,8.7,283977,3888,25718,42799,25109,73665,0.9
c4d686af5e1bce23b9f4fb9965a27ba425b7e731,8464,425,0,0.0,8.7,283977,3888,25718,42799,25109,73665,0.9
5c15c3ffd8a47fb4a832730229d7503a0b73d615,8464,425,0,0.0,8.7,283977,3888,25718,42799,25109,73665,0.9
3d0e8c286874e9cfa964f3251dae9acdb82ae14a,8464,425,0,0.0,8.7,283977,3888,25718,42799,25109,73665,0.9
e8a535485afdfb274218310909e90982dd08451e,8464,425,0,0.0,8.7,283977,3888,25718,42799,25109,73665,0.9
69dd801db2f50e03faf58c60f6eb3f4ea72fee5f,8464,425,0,0.0,8.7,283977,3888,25718,42799,25109,73665,0.9
6dbac54b398252ce0110ddb55150d3f0422c13be,8464,425,0,0.0,8.7,283977,3888,25718,42799,25109,73665,0.9
0fa88a118076f51d9b693cd5ad740898a8081bea,8464,425,0,0.0,8.7,283967,3888,25718,42793,25109,73665,0.9
044a775373f91b7a24dc8f62d9d5fea825ce0fab,8862,432,0,0.0,8.5,309611,4346,28521,47497,26646,77856,0.8
97d5563990c5adea97c01fd6719bb481202d3a49,8862,432,0,0.0,8.5,309610,4346,28521,47497,26646,77856,0.8
99613a1f566775ca6d442088e7dcc84a3cc112a8,8865,433,0,0.0,8.5,309617,4347,28521,47495,26646,77923,0.8
987c90a5a7bbfc5234be611ca81f804a70071631,8464,425,0,0.0,8.7,283967,3888,25718,42793,25109,73665,0.9
e3f67b1f76c6ee14a2dde911c3bb448e377927c3,8464,425,0,0.0,8.7,283967,3888,25718,42793,25109,73665,0.9
e728bfcf9cfea29663a22b07332e25b338dd40a4,8464,425,0,0.0,8.7,283967,3888,25718,42793,25109,73665,0.9
3a514d2159121ac8ecc34fc81a1db0bd0486bc10,8464,425,0,0.0,8.7,283967,3888,25718,42793,25109,73665,0.9
3a4abfea969fc157e9e14fa8886c42791210296c,8464,425,0,0.0,8.7,283967,3888,25718,42793,25109,73665,0.9
0e80e67e90b4bcf54475bc5675c397da6c388b43,8464,425,0,0.0,8.7,283967,3888,25718,42793,25109,73665,0.9
faa2e9abb23f3a45c60d038d810db4979a857709,8464,425,0,0.0,8.7,283967,3888,25718,42793,25109,73665,0.9
685c5e50e7b42baa0ab43ffb870ddf13b5bf8047,8464,425,0,0.0,8.7,283967,3888,25718,42793,25109,73665,0.9
11a9de26e1d510870e84213d48b886843be70a17,8464,425,0,0.0,8.7,283967,3888,25718,42793,25109,73665,0.9
d7ada3979719652a4db74ddf735d558bfbb63ec2,8464,425,0,0.0,8.7,283967,3888,25718,42793,25109,73665,0.9
5e1d333ce69be6d3bc92fdf338c55df5d5902b07,8464,425,0,0.0,8.7,283967,3888,25718,42793,25109,73665,0.9
70b1ecb6627c1150a5746a62de0627b2b5bbc374,8464,425,0,0.0,8.7,283967,3888,25718,42793,25109,73665,0.9
caed64b2a6e3e4113350dca27f931c129d211dff,8865,433,0,0.0,8.5,309615,4347,28521,47495,26646,77923,0.8
432518ec5023144e995862e4f7d2f7c7854a0212,8464,425,0,0.0,8.7,283967,3888,25718,42793,25109,73665,0.9
f6eddf70497fd7b80ab34520ddb8382be6daba65,8464,425,0,0.0,8.7,283940,3888,25718,42790,25109,73669,0.9
22f9dd4cbd299897a7990b2e804485f2a9f18893,8464,425,0,0.0,8.7,283940,3888,25718,42790,25109,73669,0.9
de2d37b38ce2448a53f97b98492d020f1e0e900c,8464,425,0,0.0,8.7,283940,3888,25718,42790,25109,73669,0.9
e2ea0046d2087e97533a2fe6ec77817a561fb898,8464,425,0,0.0,8.7,283940,3888,25718,42790,25109,73669,0.9
d5b7941c63575dc19e2837e8d3871eb85901abac,8865,433,0,0.0,8.5,309588,4347,28521,47492,26646,77927,0.8
a1bfa7b8f7c5e2870a03983f44d0f26184b68cbb,8865,433,0,0.0,8.5,309598,4347,28521,47492,26646,77927,0.8
ce570dd93285ce4e5797830fc2d6f03433b5333e,8865,433,0,0.0,8.5,309916,4347,28521,47492,26646,77927,0.8
b7cd1f933f0df9e2d94734760200938e9097e72f,8862,433,0,0.0,8.5,309871,4347,28516,47485,26634,77915,0.8
05cecc55bccc5c4ab985f7bab3b3c63e7380ed01,8464,425,0,0.0,8.7,283940,3888,25718,42790,25109,73669,0.9
77101ebeffbdeca5f1411bf547acdc6d1bcb8670,8463,425,0,0.0,8.7,283916,3887,25717,42788,25109,73664,0.9
ae39a9f7f343d03c5cffccdfbe9c1cc67d67e637,8467,425,0,0.0,8.7,283945,3887,25720,42793,25113,73714,0.9
2dde7ac09eee12618725d5279f971b2a44ab599b,8467,425,0,0.0,8.7,283945,3887,25720,42793,25113,73714,0.9
29b0c7298d06fb401498b809d1a19fa6396f2cb5,8868,433,0,0.0,8.5,309920,4346,28523,47495,26648,77972,0.8
f2478b4d5cad482008cae6b8a2ad2dc2d41f3cf5,8467,425,0,0.0,8.7,283945,3887,25720,42793,25113,73714,0.9
399cda8ac1cae9ee68c461049c0b179a5b427738,8467,425,0,0.0,8.7,283941,3887,25720,42793,25112,73714,0.9
e76d4478832272236be83777d57a9c3f69fc5513,8467,425,0,0.0,8.7,283941,3887,25720,42793,25112,73714,0.9
78bc753ff36dc20b1841781a59f2cbc9a0c47ccd,8467,425,0,0.0,8.7,283941,3887,25720,42793,25112,73714,0.9
e60f24cb7fc0ec551ccb590b10b6ab3fe74d472d,8467,425,0,0.0,8.7,283941,3887,25720,42793,25112,73714,0.9
5c0b1deb1c2fae2e37b4add093b7122da73f971e,8657,423,0,0.0,8.5,295123,4158,26779,44247,26483,74725,0.8
2cf54f7947596abbf92f907853a2df7cbfc8b7fb,8467,425,0,0.0,8.7,283941,3887,25720,42793,25112,73714,0.9
9211a91d1ca7dc4872f1f3838685b5f5bb6fbc55,8467,425,0,0.0,8.7,283941,3887,25720,42793,25112,73714,0.9
c38fa0ac8bd6f460767f4169ea6f7e4c19927737,8657,423,0,0.0,8.5,295123,4158,26779,44247,26483,74725,0.8
46af145730aa34417e3fcb74592f17a3190748f6,8657,423,0,0.0,8.5,295123,4158,26779,44247,26483,74725,0.8
7a3ad4ab4151e672ffe3348d035ec44a31ee9c62,8649,422,0,0.0,8.5,294965,4158,26774,44229,26475,74658,0.8
f20fac4e77217972d7318238f1c980d103223bc5,8467,425,0,0.0,8.7,283941,3887,25720,42793,25111,73714,0.9
66710126b73f7c9ee91ef0b030780a665d53673e,8460,425,0,0.0,8.7,283822,3887,25716,42780,25104,73653,0.9
8f5b5c6a7b9c41ac481ec4b26238fe984782ac1f,8460,425,0,0.0,8.7,283822,3887,25716,42780,25104,73653,0.9
9d37c4e08310576e4a8032b9bd02bf7c6493365e,8460,425,0,0.0,8.7,283822,3887,25716,42780,25104,73653,0.9
3d5edbbb5711bd1ab188647afb575a250f136afd,8460,425,0,0.0,8.7,283822,3887,25716,42780,25104,73653,0.9
ac9cafbf53487821c74146fbfd03ac89fc17ad12,8460,425,0,0.0,8.7,283809,3887,25715,42779,25104,73653,0.9
9e518419592e55faac062744f4ff5d72cd7afff3,8460,425,0,0.0,8.7,283809,3887,25715,42779,25104,73653,0.9
0433ef3589fa88e1b7cfb6c026bc7becde85b3d5,8460,425,0,0.0,8.7,283809,3887,25715,42779,25104,73653,0.9
7bc2e1770691e631c9d8e0b63fd241e1e481f21d,8460,425,0,0.0,8.7,283809,3887,25715,42779,25104,73653,0.9
4eb1bb970f129dfd28977955a377836fdf7fb84d,8460,425,0,0.0,8.7,283809,3887,25715,42779,25104,73653,0.9
986879e7b2cb1bcd8f120318097af6c40d4ef588,8460,425,0,0.0,8.7,283809,3887,25715,42779,25104,73653,0.9
1bc3deee13282ff6d7d63be1826a8e8e80658b0d,8460,425,0,0.0,8.7,283809,3887,25715,42779,25104,73653,0.9
f0782a4e805ec9a0c06de66ad9d6491bda1acbfc,8460,425,0,0.0,8.7,283809,3887,25715,42779,25104,73653,0.9
867ebc5e11f0afdf4454f146c610ea69ba391823,8460,425,0,0.0,8.7,283809,3887,25715,42779,25104,73653,0.9
ac076eed4a0d83d64b34aee42bbc79c414371e1b,8460,425,0,0.0,8.7,283809,3887,25715,42779,25104,73653,0.9
714e0762844c0a227255171e467b6b1d963043c3,8460,425,0,0.0,8.7,283809,3887,25715,42779,25104,73653,0.9
1cd57821df6f17b498ab784b0b1f46b958ecf81f,8460,425,0,0.0,8.7,283809,3887,25715,42779,25104,73653,0.9
16cdc5290e65af9db528470f7f7f51657dd61939,8460,425,0,0.0,8.7,283818,3887,25715,42779,25104,73653,0.9
df0de49b8c19cae9b9d1d1e4f6e3a37111c6f7ec,8460,425,0,0.0,8.7,283828,3887,25715,42781,25104,73653,0.9
1d9535518e06aca72c3d2c3df0785b2463a0da91,8460,425,0,0.0,8.7,283840,3887,25715,42787,25104,73657,0.9
9d04bc5c250f9a86e7d3dfb2ac03629fc9194693,8460,425,0,0.0,8.7,283828,3887,25715,42781,25104,73653,0.9
05d44abe933f03024f57efd8779d6595f38e7395,8460,425,0,0.0,8.7,283819,3887,25715,42781,25104,73653,0.9
b5a8c7df551789c3364f89d7947854e516a7e3e7,8460,425,0,0.0,8.7,283809,3887,25715,42779,25104,73653,0.9
966efaab85a30d3d9339093381a7b069c2d71c64,8460,425,0,0.0,8.7,283808,3887,25715,42779,25104,73653,0.9
50612ad3a73d313d11a045a829d6129290ccc9cd,8460,425,0,0.0,8.7,283808,3887,25715,42779,25104,73653,0.9
4c528230eb4b4751b176e5dc94a20eddf6df20ae,8460,425,0,0.0,8.7,283806,3887,25715,42779,25104,73653,0.9
edf00b3af9c09a09c91773de53d3ee6aadaad22c,8460,425,0,0.0,8.7,283806,3887,25715,42779,25104,73653,0.9
20e0b57a8187928f277f4c0f7b1b1c5cef198308,8460,425,0,0.0,8.7,283806,3887,25715,42779,25104,73653,0.9
670f997eac5bc0727628762f59cd30417e0f6c58,8460,425,0,0.0,8.7,283803,3887,25715,42778,25104,73653,0.9
ec47f807b97cfad5b958f669d8e00ebe9966e46c,8460,425,0,0.0,8.7,283806,3887,25715,42779,25104,73653,0.9
9f50c97ca7d798ace0e867c367c806721afbfe47,8460,425,0,0.0,8.7,283803,3887,25715,42778,25104,73653,0.9
bada1b831c2ff13a35efca062d488304a4e7d72f,8460,425,0,0.0,8.7,283803,3887,25715,42778,25104,73653,0.9
1c6374c2f564766dbeacd6866c7ccb84b2690a2a,8460,425,0,0.0,8.7,283803,3887,25715,42778,25104,73653,0.9
26eac846b99b53e2caf744ef931b9dd9666bf052,8460,425,0,0.0,8.7,283803,3887,25715,42778,25104,73653,0.9
e583187aac96760860af5d67c965d3391ff2ff4d,8460,425,0,0.0,8.7,283803,3887,25715,42778,25104,73653,0.9
1bdbfd864740f6023762b788c7ae0d42f00fd5d6,8460,425,0,0.0,8.7,283803,3887,25715,42778,25104,73653,0.9
06d29f12ea2c4648188a433f524041e5c64a1cee,8459,424,0,0.0,8.7,283799,3887,25715,42776,25103,73653,0.9
011d6e0a718280433aeb2e777366e55b20a51cfe,8459,424,0,0.0,8.7,283782,3887,25715,42775,25103,73647,0.9
50c5a668c79d4cde82602510b36d1073c37e6035,8459,424,0,0.0,8.7,283782,3887,25715,42775,25103,73647,0.9
fed4755cd6693e51d8f99555b1d339019e591917,8459,424,0,0.0,8.7,283782,3887,25715,42775,25103,73647,0.9
bfd748ee5d6ffe70baa7c3876097a0d51b936ec8,8459,424,0,0.0,8.7,283782,3887,25715,42775,25103,73647,0.9
74dd87c15b7cc31597e8ee9bde492531eb9c9903,8663,422,0,0.0,8.4,296491,4172,26895,44475,26546,74752,0.8
180ff9785a19ef546329b8ccebfce588a04b4c7e,8663,422,0,0.0,8.4,296491,4172,26895,44475,26546,74752,0.8
d018475f730ef550ff08864b97136aa5419ec44d,8459,424,0,0.0,8.7,283782,3887,25715,42775,25103,73647,0.9
745ba45ea4cc260c1019c58eeb17dfcccf06b09b,8663,422,0,0.0,8.4,296488,4172,26895,44474,26546,74752,0.8
25b73b1a135ae75ed50c68e6b5acd694067fd325,8459,424,0,0.0,8.7,283779,3887,25715,42774,25103,73647,0.9
501a7a7653bc8db09a46db3541109266e6a1a90b,8458,424,0,0.0,8.7,283756,3887,25715,42771,25103,73645,0.9
3aa5a775d3bdaa9b4defc61a3dbaaa55fd88fd4b,8456,424,0,0.0,8.7,283709,3887,25710,42766,25084,73625,0.9
2a0755c279f3924d83eec25f591ff6347a1c3f51,8455,424,0,0.0,8.7,283658,3886,25706,42761,25084,73620,0.9
1368e21d9bb1afda195b0411091cb90003658456,8687,422,0,0.0,8.4,296006,4167,26826,44419,26555,74817,0.8
738f3ff69a01bcfa9b6b473c8cc51e69a33d54bf,8456,424,0,0.0,8.7,283662,3886,25706,42761,25084,73625,0.9
e26a22d163f55ad809aa5c9f0fdd0a4ca0fcd03d,8469,424,0,0.0,8.6,283583,3882,25694,42753,25084,73780,0.9
c1a32fa3742d8488887b42580cf0b0bfaa1e44c5,8469,424,0,0.0,8.6,283569,3882,25692,42749,25081,73780,0.9
471b707ed86c8729c397cd11465c78e1ca706934,8469,424,0,0.0,8.6,283567,3882,25692,42748,25081,73780,0.9
fcfe24e3d8407f42f1afde0b605c61792a26ea2a,8469,424,0,0.0,8.6,283567,3882,25692,42748,25081,73780,0.9
892eaff47827572c094777fdb31d905a292baf6b,8469,424,0,0.0,8.6,283567,3882,25692,42748,25081,73780,0.9
0052136e7a5f66c6dca7b069fa4e79980932be0c,8469,424,0,0.0,8.6,283567,3882,25692,42748,25081,73780,0.9
dc582ff38ce1bca74bf76d948573a0a169711976,8469,424,0,0.0,8.6,283567,3882,25692,42748,25081,73780,0.9
c6bdef857c43e08b765fa53d110d01aab05c4880,8469,424,0,0.0,8.6,283567,3882,25692,42748,25081,73780,0.9
890259cba287457130dd15fddeb0c0cd48856ed4,8469,424,0,0.0,8.6,283567,3882,25692,42748,25081,73780,0.9
5b11cde0cfcc8cf4450101f870d537844eb5fec9,8469,424,0,0.0,8.6,283567,3882,25692,42748,25081,73780,0.9
50d2666e99581131ad68fa22403bd77fa5449c53,8469,424,0,0.0,8.6,283567,3882,25692,42748,25081,73780,0.9
5daae3afaad4f889e2426aeabf841dccac339ddf,8469,424,0,0.0,8.6,283567,3882,25692,42748,25081,73780,0.9
9960d2de407411b5eeda47849d7f18f34f1a82b9,8469,424,0,0.0,8.6,283567,3882,25692,42748,25081,73780,0.9
1e28f8e1f7bb1e923d442efaa88af457cca37ff0,8469,424,0,0.0,8.6,283567,3882,25692,42748,25081,73780,0.9
95aefcb3ab9be11726707ff6bc94c89d5747f47f,8469,424,0,0.0,8.6,283567,3882,25692,42748,25081,73780,0.9
7f51a7f427c06bd4fccaee20459f2c6f9e291c3a,8469,424,0,0.0,8.6,283567,3882,25692,42748,25081,73780,0.9
617dbd3fdde72e5e9e4ea813e7cc7c6e86214926,8469,424,0,0.0,8.6,283567,3882,25692,42748,25081,73780,0.9
cb5ff2aace600817868b238da048c85f66e837bb,8469,424,0,0.0,8.6,283567,3882,25692,42748,25081,73780,0.9
1d7c906c5eb8c27730cc62599ed26689b2b7b1b5,8688,422,0,0.0,8.4,296004,4167,26826,44418,26555,74831,0.8
f7a32be429e815e9bc70f0dec31d67461e5c695e,8471,424,0,0.0,8.7,283135,3880,25642,42698,25064,73746,0.9
cb8d7a36f92c54ede87a05ddee62253ebc93db12,8471,424,0,0.0,8.7,283135,3880,25642,42698,25064,73746,0.9
ff2bdd0229e9479d48fdd808c037d23a1cb17983,8474,424,0,0.0,8.6,283419,3884,25650,42723,25115,73684,0.9
36e0ee0a96d4b89af9bbb67a2adba7ca21ff0169,8474,424,0,0.0,8.6,283399,3884,25650,42723,25115,73684,0.9
8615b94812afcfb905f9c60b973b1e70953b159d,8688,422,0,0.0,8.4,296005,4167,26826,44418,26555,74831,0.8
7b1029160d108f88c18dfb5ed463c92ba70cf68e,8474,424,0,0.0,8.6,283399,3884,25650,42723,25115,73684,0.9
bdd280268814f53738e19f4c3bf927832f1059d9,8474,424,0,0.0,8.6,283399,3884,25650,42723,25115,73684,0.9
07fb5aad32dea79f9a49a7e9dd17a9a8eb954468,8474,424,0,0.0,8.6,283399,3884,25650,42723,25115,73684,0.9
9df0d154a5ff77de6572dce30cf8fb0f6d08963a,8474,424,0,0.0,8.6,283399,3884,25650,42723,25115,73684,0.9
d685ff20849087fb87c67331887ab9de973a2f95,8474,424,0,0.0,8.6,283399,3884,25650,42723,25115,73684,0.9
092a1bd619ece992521d469bfc761fb2d9da56d0,8480,424,0,0.0,8.6,283349,3882,25648,42721,25113,73697,0.9
75f740df0a80dd869d17b9ceb577c35de356c041,8480,424,0,0.0,8.6,283337,3882,25646,42719,25112,73697,0.9
365b8050268b6d2dd319d9c266c76342b8d6e460,8480,424,0,0.0,8.6,283335,3882,25646,42719,25112,73697,0.9
3de3ccf4576eb085f6143fcac0181b852aeac7f8,8480,424,0,0.0,8.6,283335,3882,25646,42719,25112,73697,0.9
d4bbf96f082fdfd3348c71d1d2ab6cceeac775d2,8699,424,0,0.0,8.6,297968,4219,27007,44615,26963,74858,0.8
61d65892f00bb94c787403ebf783e9d206bc4ce7,8480,424,0,0.0,8.6,283336,3882,25646,42719,25112,73697,0.9
24c6a523b49844dd55613f617e129a53a91eed1e,8480,424,0,0.0,8.6,283336,3882,25646,42719,25112,73697,0.9
283bf9ee0f733be85b9258ea7fa993919b275386,8480,424,0,0.0,8.6,283336,3882,25646,42719,25112,73697,0.9
5a363255ea5a6f138fe8236b7a8761dce0eb9e3f,8480,424,0,0.0,8.6,283336,3882,25646,42719,25112,73697,0.9
124b80f072cfd5cd44b9430c847054972ff423bc,8480,424,0,0.0,8.6,283336,3882,25646,42719,25112,73697,0.9
fb571f532dc80c0ee6b146d34607371b3c682872,8480,424,0,0.0,8.6,283336,3882,25646,42719,25112,73697,0.9
7f437a7ff7f7d8a3d04b593e1680815f380d4254,8480,424,0,0.0,8.6,283336,3882,25646,42719,25112,73697,0.9
c505edfbadb23e53e5fe512e92a0d1d042a8b2c4,8480,424,0,0.0,8.6,283336,3882,25646,42719,25112,73697,0.9
1813cb4320ed2c88daa75694d8c53ee66dfdb21d,8480,424,0,0.0,8.6,283336,3882,25646,42719,25112,73697,0.9
5c12b574efe1b1a9fcb57ca059feb9780121cb44,8480,424,0,0.0,8.6,283336,3882,25646,42719,25112,73697,0.9
5503b5ac350a75bb313b3a36e438fd65b2be48fd,8480,424,0,0.0,8.6,283336,3882,25646,42719,25112,73697,0.9
a02b030e7d9627cbfbf8c66fd8a1de45f4fb7e55,8480,424,0,0.0,8.6,283336,3882,25646,42719,25112,73697,0.9
5b0b86b11d2ae10984b01eaeca02b736e7c1dd48,8480,424,0,0.0,8.6,283336,3882,25646,42719,25112,73697,0.9
6118aa55f25978791dff55d3f1c30456b12a7335,8699,424,0,0.0,8.6,297967,4219,27007,44615,26963,74858,0.8
2f4a78ee38bceeab99a5396f4f7a63ac2f513aa7,8739,434,0,0.0,8.6,299941,4242,27109,44829,27083,75375,0.8
8c7be92bb7e9315d35b66439ce4b88b5eed72e47,8717,428,0,0.0,8.6,298860,4224,27039,44696,27041,75146,0.8
1d1bb26e79efc55ed78cf8bba1f486e5691fcd32,8480,424,0,0.0,8.6,283336,3882,25646,42719,25112,73697,0.9
cf410d346208d1af22ce8a73b2d16a85725fc9fa,8480,424,0,0.0,8.6,283336,3882,25646,42719,25112,73697,0.9
0fccd2ccaef9c484624244ec9dc5f546e5f29259,8480,424,0,0.0,8.6,283335,3882,25646,42719,25112,73697,0.9
33677c050dc8cc155a67a5c34529371e862eba45,8717,428,0,0.0,8.6,298855,4224,27039,44694,27041,75146,0.8
570cd47d9a47f93efcee835a47e40bdffe7046a6,8480,424,0,0.0,8.6,283335,3882,25646,42719,25112,73697,0.9
71a1ed3cae49cf35bde309b00abf0d75c0ba8dfb,8480,424,0,0.0,8.6,283335,3882,25646,42719,25112,73697,0.9
3e2d69f80f6a1e0be9afa08f73cd62da8296385f,8480,424,0,0.0,8.6,283335,3882,25646,42719,25112,73697,0.9
43cd8ddc30fffb0824c8babe0ef0da218c64bfd7,8480,424,0,0.0,8.6,283336,3882,25646,42719,25112,73697,0.9
787cc28ff4a75c7778e10f81c2289117d7ffeb46,8480,424,0,0.0,8.6,283336,3882,25646,42719,25112,73697,0.9
ad803e1c84f3ddb2404c912de5ff2d39b4e535a6,8480,424,0,0.0,8.6,283336,3882,25646,42719,25112,73697,0.9
8f7446c81def3ca38970a3c92c4842ba870072da,8839,430,0,0.0,8.6,303923,4292,27447,45431,27185,76280,0.8
c8f7269e41b6f509cfb14a45334521bd15a0944c,8838,430,0,0.0,8.6,303923,4292,27447,45431,27185,76275,0.8
1577a31046a6271591bccce2f419331f8596ca56,8838,430,0,0.0,8.6,303918,4292,27446,45429,27180,76274,0.8
f19e2c76274601dea26acf795e43502e9abf87e4,8480,424,0,0.0,8.6,283336,3882,25646,42719,25112,73697,0.9
76c990f0538ba5fa4d5c05de6f55e123bb46dfa1,8554,426,0,0.0,8.5,288535,3954,26068,43471,25253,73915,0.9
f2a8b2db7780a514b062660ba0e75464e8bf538f,8554,426,0,0.0,8.5,288535,3954,26068,43471,25253,73915,0.9
a9a3a0975f56a0af1b7c11c4847a43a81cf28269,8554,426,0,0.0,8.5,288535,3954,26068,43471,25253,73915,0.9
0d418fc40ca68e11ada060f82f6e75e147a27fb5,8554,426,0,0.0,8.5,288535,3954,26068,43471,25253,73915,0.9
68ddac87559b66114f2f3f528e48c291d2227489,8554,426,0,0.0,8.5,288535,3954,26068,43471,25253,73915,0.9
f426a7a6b405a2c305db862edd0c9f1fe5148b1f,8554,426,0,0.0,8.5,288535,3954,26068,43471,25253,73915,0.9
337fc554aeab27c5ac8cff651d280d8eb303f4d6,8554,426,0,0.0,8.5,288535,3954,26068,43471,25253,73915,0.9
060f59a30f9a5b7cecf2d5e94613bba9a8bf0443,8554,426,0,0.0,8.5,288535,3954,26068,43471,25253,73915,0.9
8416ee4ed5771528e6d2af26ac46386bd6586ced,8554,426,0,0.0,8.5,288535,3954,26068,43471,25253,73915,0.9
acc1d6f64f0340501caa710b970383894c986014,8554,426,0,0.0,8.5,288535,3954,26068,43471,25253,73915,0.9
7edf187d21f8e8cf57799f70afa3bc8a6bef0425,8554,426,0,0.0,8.5,288535,3954,26068,43471,25253,73915,0.9
b0a36ee0972b25753c813d161791cc7e4cc7baec,8554,426,0,0.0,8.5,288535,3954,26068,43471,25253,73915,0.9
5554706256c9daf550f36858e5bc3d17f3ec6143,8554,426,0,0.0,8.5,288535,3954,26068,43471,25253,73915,0.9
0d879666b4fc6163f42fcec2838633bb9f99a482,8554,426,0,0.0,8.5,288535,3954,26068,43471,25253,73915,0.9
b7e675940d03bbebc238ce00a929edd3e28ac087,8553,426,0,0.0,8.5,288495,3953,26062,43468,25252,73905,0.9
94725ece64fe9b84a4c2b8a261507d311db057bd,8547,426,0,0.0,8.6,288394,3950,26054,43456,25253,73880,0.9
849e108835479bbeefcfd983fd427168a7e4a8a8,8547,426,0,0.0,8.6,288394,3950,26054,43456,25253,73880,0.9
0c766ad4628aae9f51f28c7af2da66a5690ef6c0,8547,426,0,0.0,8.6,288394,3950,26054,43456,25253,73880,0.9
394d487117e3c83849a28149fc8b3bb5a0edfd69,8837,430,0,0.0,8.6,303898,4292,27444,45422,27180,76272,0.8
4737eafcb47a9b35c9f28845c47438428d667284,8547,426,0,0.0,8.6,288394,3950,26054,43456,25253,73880,0.9
5cf765889e024b68afdd09745322abc7fa48fcc7,8837,430,0,0.0,8.6,303903,4292,27444,45422,27180,76272,0.8
c302fcccd8e76f7da801eead14cea04ffa33ae81,8837,430,0,0.0,8.6,303903,4292,27444,45422,27180,76272,0.8
3e1310bea880add83510855a4506595ca488245e,8837,430,0,0.0,8.6,303904,4292,27444,45422,27180,76272,0.8
58fa12079578b7def49fe6c386c1bcce97f2123a,8547,426,0,0.0,8.6,288399,3950,26054,43456,25253,73880,0.9
6e9f3370985eb174ab693ded243fe4fcd62e3639,8547,426,0,0.0,8.6,288391,3950,26053,43455,25253,73880,0.9
d552cfca51a07765b080a84b8bddd044a694bc98,8547,426,0,0.0,8.6,288379,3950,26051,43451,25253,73880,0.9
841ddb6e1f82d01f41a2c2a009de15a818c472be,8545,426,0,0.0,8.5,288344,3950,26049,43448,25251,73860,0.9
f1632c33ad31d7de427a88ea4a4f829650f91cb5,8545,424,0,0.0,8.5,288356,3950,26049,43448,25250,73860,0.9
a343b6f86a5a0df6d48bf41db7431b04e950fd63,8545,424,0,0.0,8.5,288356,3950,26049,43448,25250,73860,0.9
6dfddbfb2b32029272499735598cbcd80035c319,8545,424,0,0.0,8.5,288355,3950,26049,43448,25250,73860,0.9
b38a2815a1d6615cb24c138248ac391c6480e093,8545,424,0,0.0,8.5,288354,3950,26049,43448,25250,73860,0.9
a4e0189ed6f13c6714ecc2ecbc73a7be8ea103ee,8545,424,0,0.0,8.5,288329,3950,26046,43443,25250,73860,0.9
40201078b0d457f4a92d5560b6b3bfa2a6eaa5f0,8545,424,0,0.0,8.5,288328,3950,26046,43443,25250,73860,0.9
74978ca003f402b8276fbfefaf115b4ba92c41a7,8835,428,0,0.0,8.5,303829,4292,27436,45409,27177,76252,0.8
40f44f91f5a8c132fcc46bb4931a7f512ba2dea3,8832,428,0,0.0,8.5,303813,4292,27436,45408,27176,76243,0.8
93ec8e368d3268ac48976566bffd6fbad0b44cc0,8832,428,0,0.0,8.5,303813,4292,27436,45408,27176,76243,0.8
8ac2eaa326577b550f0559575e74f099f9288d8f,8829,428,0,0.0,8.5,303792,4292,27436,45408,27175,76234,0.8
5dd3861aacc67261553632b32a87daca010175af,8545,424,0,0.0,8.5,288325,3950,26046,43443,25250,73860,0.9
d38721f3e315149a8f8b9806aca9c56a793888b4,8545,424,0,0.0,8.5,288325,3950,26046,43443,25250,73860,0.9
23044cee5aebd077888c8791bb5dda7c41130b10,8545,424,0,0.0,8.5,288325,3950,26046,43443,25250,73860,0.9
01961a0e6ffe8411a417a7c96bf388660d9741a0,8545,424,0,0.0,8.5,288325,3950,26046,43443,25250,73860,0.9
2b06ac6838dcee9e075f6b8ecba3f253f3c96207,8545,424,0,0.0,8.5,288325,3950,26046,43443,25250,73860,0.9
0cb30fe02d1fd3f17e447b2bc44b911c7615a74b,8545,424,0,0.0,8.5,288325,3950,26046,43443,25250,73860,0.9
5b610f96bae7404a637c6c2881b21d4a20bfdc01,8545,424,0,0.0,8.5,288325,3950,26046,43443,25250,73860,0.9
face8ae7f1bd5346ef822cfbeffc0553a9e82d8a,8545,424,0,0.0,8.5,288325,3950,26046,43443,25250,73860,0.9
af0f45f7cd71a923d924a7137d998a576180badf,8545,424,0,0.0,8.5,288325,3950,26046,43443,25250,73860,0.9
d69ae9861befd520e10ccc43bb712343abe7c2c6,8838,429,0,0.0,8.5,304141,4302,27443,45421,27251,76360,0.8
3f48269562bda8cba9a7b50b35757ae80c3826a3,8545,424,0,0.0,8.5,288325,3950,26046,43443,25250,73860,0.9
7e0954b8cf571773a37755131949653a50f47518,8843,429,0,0.0,8.5,304208,4306,27455,45433,27251,76398,0.8
e63d275eb61db8eaac00f7474e6e76e19ac805d0,8845,429,0,0.0,8.5,304136,4306,27444,45411,27237,76399,0.8
4d5d9d8afc5d6d05010b8915ec72bdf9418ef02b,8545,424,0,0.0,8.5,288325,3950,26046,43443,25250,73860,0.9
a53228d545524acb6a0fc6424213ea3f7d5e2ae0,8542,424,0,0.0,8.5,288309,3950,26046,43442,25249,73851,0.9
883195aeb9c92fb7e7566846e8403906f9ae027e,8845,429,0,0.0,8.5,304136,4306,27444,45410,27237,76399,0.8
6378c144f8ddf0888b00d03308f225a1053f33c1,8542,424,0,0.0,8.5,288309,3950,26046,43442,25249,73851,0.9
77bf43d40c808a9d80c58f17f669a185a4fcd513,8542,424,0,0.0,8.5,288309,3950,26046,43442,25249,73851,0.9
aff714e5bb7e1e8dafaea63657c7ea80354a0687,8542,424,0,0.0,8.5,288309,3950,26046,43442,25249,73851,0.9
dae5b1cf46a9bb1b5cbed72afee945e2a7f83dcd,8542,424,0,0.0,8.5,288309,3950,26046,43442,25249,73851,0.9
cf5f9db7855e4b18c716b52a7fd59fd764efa119,8542,424,0,0.0,8.5,288309,3950,26046,43442,25249,73851,0.9
650ee3b9d4904e8c696744dff5079efd528ed6c0,8542,424,0,0.0,8.5,288309,3950,26046,43442,25249,73851,0.9
f441e79d8dfbf65cb794aea7d9e18d0a4c11e00c,8851,429,0,0.0,8.6,302964,4232,27434,45397,26236,76429,0.8
633bdbd08f207138ad7dc01c6be46c384c30ff4a,8851,429,0,0.0,8.6,302964,4232,27434,45397,26236,76429,0.8
7a44bb8ba1820c9dee50e37133b80881b1f91727,8851,429,0,0.0,8.6,302615,4230,27421,45376,26214,76425,0.8
6194b43a8714917bd05dc901c95f7b558b9a9142,8852,429,0,0.0,8.6,302611,4230,27421,45376,26214,76455,0.8
9be84a6a1429a15760e84f3d8c62b5a7f1047f15,8542,424,0,0.0,8.5,288309,3950,26046,43442,25249,73851,0.9
a1642ac07a838e31bab952d972be62c007a95a34,8542,424,0,0.0,8.5,288309,3950,26046,43442,25249,73851,0.9
43e78d1298ffbe878a8742a752fd8e70d573ab7f,8542,424,0,0.0,8.5,288309,3950,26046,43442,25249,73851,0.9
04594755a219ce5da04e5956f667633e4af54a7c,8544,424,0,0.0,8.5,288313,3950,26046,43444,25249,73871,0.9
fe4a9f35923f54bd681f7ad0c42df004768a0631,8854,429,0,0.0,8.6,302613,4230,27421,45378,26214,76475,0.8
3aacb6642c9ef59ad49ec3edc4a1abe613151267,8854,429,0,0.0,8.6,302613,4230,27421,45378,26214,76475,0.8
43e513d2da8e6bb592b503f1e4b7a84ef90e31f3,8846,429,0,0.0,8.6,302522,4230,27416,45363,26214,76409,0.8
a8b83823dcfe9e38dd97d4a0f862d1726c7ab8a3,8544,424,0,0.0,8.5,288311,3950,26046,43444,25249,73871,0.9
8eaa5f5ebd745471eb030e6dad66679ba67a4822,8544,424,0,0.0,8.5,288311,3950,26046,43444,25249,73871,0.9
5df704b67c1708be50fb7ca821957fb2783ac140,8543,424,0,0.0,8.5,288284,3950,26044,43436,25249,73868,0.9
b74cf5be3f427867e69832e74f83d6aaa9276708,8543,424,0,0.0,8.5,288284,3950,26044,43436,25249,73868,0.9
27e9877620a03a2e6c3aeabb5cc1d66c30eb188d,8543,424,0,0.0,8.5,288282,3950,26044,43436,25249,73868,0.9
976516cbc186989ff1a9ec12a3587e50ce3c0947,8536,424,0,0.0,8.5,288220,3950,26041,43429,25249,73805,0.9
8daa3dc5f05b024b3facef403292b0c51819f828,8846,429,0,0.0,8.6,302515,4230,27416,45361,26214,76409,0.8
39611ea28c38617ffeea09c97e4d16e1fa05174f,8536,424,0,0.0,8.5,288220,3950,26041,43429,25249,73805,0.9
31712083f40688d3b6ce59d4a3ad82ff27a3c06b,8853,429,0,0.0,8.6,302517,4229,27422,45367,26213,76444,0.8
7c3e592ebb01be108e4794bf2e8194ecafe0bced,8844,429,0,0.0,8.6,302187,4229,27393,45312,26185,76361,0.8
40132a827e23a70c14614aed285c6e07ef5d4777,8536,424,0,0.0,8.5,288191,3950,26041,43429,25249,73805,0.9
c2b273e44a95bef3f268ef60493be55f15b577de,8543,424,0,0.0,8.5,288222,3949,26047,43435,25248,73840,0.9
c877d6e6f9514ca3f5d5dfd147254352c75c6ae5,8543,424,0,0.0,8.5,288222,3949,26047,43435,25248,73840,0.9
a3096054ed65ed1225bb99b11fef633801c7c2b3,8844,429,0,0.0,8.6,302185,4229,27393,45312,26185,76361,0.8
bc749fd356ce9aa3f29105f71c77569e18189a65,8844,429,0,0.0,8.6,302185,4229,27393,45312,26185,76361,0.8
b9e936979561980077455e169906fa308a272615,8543,424,0,0.0,8.5,288222,3949,26047,43435,25248,73840,0.9
c3b0c2eefa3ce403cdfca717e7380244d346d8d6,8543,424,0,0.0,8.5,288612,3949,26047,43435,25248,73840,0.9
28b2763ec03c6c7442936ff9ca2cdbf00b12ecb7,8844,429,0,0.0,8.6,302133,4229,27393,45312,26184,76361,0.8
f77da8604bd5344656daa8c9ad35f2fb32768705,8543,424,0,0.0,8.5,288612,3949,26047,43435,25248,73840,0.9
865f68bdc562c8f1144888f1900671fe3af42ac2,8543,424,0,0.0,8.5,288612,3949,26047,43435,25248,73840,0.9
2ca55a6fad15b83d2bc9f8535c2484ff44bbf684,8844,429,0,0.0,8.6,302133,4229,27393,45312,26184,76361,0.8
2b62e88974b11dda8b2558ffd3ac8c654f4bc837,8543,424,0,0.0,8.5,288612,3949,26047,43435,25248,73840,0.9
9cb36bc2ed7e23ca2883ace2f7acf4d532e95486,8848,429,0,0.0,8.6,302054,4229,27390,45299,26183,76426,0.8
90bc72e641fc0ac93bd75056b29ec97f788f2278,8543,424,0,0.0,8.5,288612,3949,26047,43435,25248,73840,0.9
d979b211ce6a160ce4787ebf2ac073a0ee95852a,8849,429,0,0.0,8.6,302163,4230,27390,45299,26196,76431,0.8
730695a7a26967889405b12fc54099bb006c8231,8849,429,0,0.0,8.6,302163,4230,27390,45299,26196,76431,0.8
88deb9be3dc204a962eb48fa96eb2662c0aac169,8543,424,0,0.0,8.5,288612,3949,26047,43435,25248,73840,0.9
d9743aa86ec519913ccd09c70e0499968d43b679,9069,429,0,0.0,8.5,291356,4242,27390,45299,28035,76845,0.9
04f134a16887b99d2578973fb8bc6f2a70311cbf,9069,429,0,0.0,8.5,291346,4242,27390,45299,28035,76845,0.9
c1ed5ca3823d9f3120627d1893cfa5cb90d7142a,8772,423,0,0.0,8.5,277624,3959,26047,43435,26870,74595,0.9
c7e548d9a246a30e43674b97d692f9b14b53995c,8772,423,0,0.0,8.5,277624,3959,26047,43435,26870,74595,0.9
1a24e726534cb5efe3b42ca3d920bb6ce3ca6df7,9069,429,0,0.0,8.5,291312,4242,27390,45299,28035,76845,0.9
70469346b26c57fd91047b512f3f20a4d165576b,8772,423,0,0.0,8.5,277590,3959,26047,43435,26870,74595,0.9
684220289129ed0d767d139ca92b4cbde27893d6,9069,429,0,0.0,8.5,290982,4242,27390,45299,28029,76845,0.9
c373ce10fe92347423b397e7ebb91ab9ab0b9018,8772,423,0,0.0,8.5,277204,3959,26047,43435,26863,74595,0.9
647f58a02b92d63a7012da1a02301e765de4d714,8772,423,0,0.0,8.5,277204,3959,26047,43435,26863,74595,0.9
e155591adb242e311f5802e07bdc2b6038dbe94c,9069,429,0,0.0,8.5,290974,4242,27390,45297,28028,76845,0.9
35b668239340643f8fd453792e5305aea0f76662,9088,429,0,0.0,8.5,290778,4239,27386,45293,27928,77018,0.9
2aca2e383ba07e947351d255ef9cee0cd4addeca,9088,429,0,0.0,8.5,290778,4239,27386,45293,27928,77018,0.9
26b9f3e48d19214dea3c700f11b25511cfb49fd4,8772,423,0,0.0,8.5,277196,3959,26047,43433,26862,74595,0.9
48c82c0462cc117a69bb9704d716ecd649c762be,8926,429,0,0.0,7.3,286524,4155,26978,44797,27739,75490,0.9
35b4c0aba9919b7e736e4c95f50248859437fe84,8926,429,0,0.0,7.3,286525,4155,26978,44797,27739,75490,0.9
a46188082cd0770ae191d7e3763296f2a1795b8d,8928,429,0,0.0,7.3,286532,4155,26979,44798,27739,75500,0.9
d00757e65bdc8d54d2918c0c754f01094bb4622b,8928,429,0,0.0,7.3,286532,4155,26979,44798,27739,75500,0.9
539bb11ae7420a35d5a999859ed7ba38f4f0f370,8928,429,0,0.0,7.3,286534,4155,26979,44798,27739,75500,0.9
c22a40b87d8d3f06ce9cbb180db8e5314fe377d3,8875,428,0,0.0,7.3,283390,4070,26518,44198,27731,75033,0.9
46741b6c16bf69a44ac9e4ad5ed878a6e9ea55de,8772,423,0,0.0,8.5,277196,3959,26047,43433,26862,74595,0.9
a15ab195c64fe38c9bb19c348ebd6b752d66a00e,8772,423,0,0.0,8.5,277186,3959,26047,43433,26859,74595,0.9
3d94df9c4244a9fe4bcced0128389c7f79845d87,8885,428,0,0.0,7.3,283639,4070,26518,44198,27757,75083,0.9
2de4d0af17806e884b0eaf9b92f5e75632c1e3f1,8772,423,0,0.0,8.5,277190,3959,26048,43434,26859,74595,0.9
1a6dbbe2ca3ddf3aa156016f2f734c10eb281f00,8772,423,0,0.0,8.5,277190,3959,26048,43434,26859,74595,0.9
34fda039b9ebd2a2649ff5aab5eff658b2039e63,8772,423,0,0.0,8.5,277190,3959,26048,43434,26859,74595,0.9
6b4e13adf78eaa0db7e40376b28a9872d8ccf93f,8772,423,0,0.0,8.5,277188,3959,26048,43433,26859,74595,0.9
aa631cd3629d88fb93b4ff9cb7be85d0e6c7e571,8772,423,0,0.0,8.5,277184,3959,26048,43431,26861,74595,0.9
f03c28e41f2be0f13b93bc20c8f9a5fe784613e9,8772,423,0,0.0,8.5,277184,3959,26048,43431,26861,74595,0.9
06e9410f6873f28db11bc0bec7823f9f3228df53,8774,423,0,0.0,8.5,277334,3967,26073,43449,26862,74594,0.9
f635de7ba26c7b2d266c9c2cdcc4e982fa5928f9,8774,423,0,0.0,8.5,277334,3967,26073,43449,26862,74594,0.9
cd35ca829ae74cfcbd27875406ecf9630e1d88fa,8885,428,0,0.0,7.3,283635,4070,26518,44198,27757,75083,0.9
7188a3a5cb59ca1af69097729f271a73dc61c1c7,8885,428,0,0.0,7.3,283635,4070,26518,44198,27757,75083,0.9
6b634b7650267ec4441fe4bc6e5886732adca67b,8885,428,0,0.0,7.3,283629,4070,26518,44198,27757,75083,0.9
ef7217abf9f645139f39be5f3b660a44b3cb3a56,8773,423,0,0.0,8.5,277311,3967,26072,43443,26862,74592,0.9
9681515f189dd1d3440eeb1a2b1f1f5c7b83c41c,8773,423,0,0.0,8.5,277311,3967,26072,43443,26862,74592,0.9
ba94cf0b1719f74719a4e3263f072719d0353644,8885,428,0,0.0,7.3,283628,4070,26518,44198,27757,75083,0.9
91462702f23c31570f27aac2ee88f3962ec0a330,8878,427,0,0.0,7.3,283495,4069,26509,44184,27757,75048,0.9
90319a279c7cb3d6c5ac56db24bb5d5b4f1f047b,8774,423,0,0.0,8.5,277307,3967,26072,43441,26862,74607,0.9
751de724045cbb6645cd41e654e57197f3e911f4,8774,423,0,0.0,8.5,277305,3967,26072,43441,26862,74607,0.9
8efccfb409d98998f4946dd8f0344d0b3737505e,8774,423,0,0.0,8.5,277305,3967,26072,43441,26862,74607,0.9
782d9986b6099b972e75f6afd9fcf02724ef697f,8774,423,0,0.0,8.5,277305,3967,26072,43441,26862,74607,0.9
299a165872b339c494f82b72075297ed5345f248,8774,423,0,0.0,8.5,277305,3967,26072,43441,26862,74607,0.9
7565ef6b8a15e28e5a5432ce012cbc9811a61dd3,8774,423,0,0.0,8.5,277305,3967,26072,43441,26862,74607,0.9
ccb282b397620ce1394846731ad4c0760f623447,8774,423,0,0.0,8.5,277305,3967,26072,43441,26862,74607,0.9
de91ad817e142fb2b3988b50c161475ef2da637b,8774,423,0,0.0,8.5,277305,3967,26072,43441,26862,74607,0.9
b95ff45e04011f032a71e4c21de2629cc6b8831f,8774,423,0,0.0,8.5,277305,3967,26072,43441,26862,74607,0.9
8a28c78d93c2e82ef8c5c88409cb1c0138a9af7f,8774,423,0,0.0,8.5,277305,3967,26072,43441,26862,74607,0.9
ad26a69d8225fd786900a10ab717f2cb4e7eec48,8774,423,0,0.0,8.5,277305,3967,26072,43441,26862,74607,0.9
be15772ec37ee6a3453ad7be155f9cfb1ed9ee1f,8774,423,0,0.0,8.5,277302,3967,26072,43439,26862,74607,0.9
b41fe3ca355f06281efdb396a5a527e3f74a687d,8775,423,0,0.0,8.5,277328,3967,26088,43455,26923,74620,0.9
fc0f88f4f2f70c00c7e7328dd115b1b6c0b5857d,8765,423,0,0.0,8.5,277222,3966,26086,43446,26922,74462,0.9
58bf28f8c0a6d7b042af49cad033a7a18231698b,8765,423,0,0.0,8.5,277178,3965,26081,43441,26921,74462,0.9
99d6facb5377f023aad4e868c8b2f685b2c0eebf,8765,423,0,0.0,8.5,277179,3965,26081,43441,26921,74462,0.9
0d91d419a8b25a9917a03dc68a3eb5069ac856ea,8765,423,0,0.0,8.5,277179,3965,26081,43441,26921,74462,0.9
d0c41f512e3478ad10ed37b5196bee38c60b578d,8765,423,0,0.0,8.5,277179,3965,26081,43441,26921,74462,0.9
416374cd78f87fc20d293e4f2af6e6ef452b198d,8878,428,0,0.0,7.3,283496,4069,26509,44184,27757,75048,0.9
c98c4873ff965c5d7489398adfb5eeba1d2a5a5e,8661,423,0,0.0,7.2,273143,3884,25670,42960,26678,73703,0.9
f613d72bd2b13a4f89f27ac0c7a68ad9e96bd551,8821,427,0,0.0,7.3,282616,4057,26430,44030,27756,74367,0.9
0562b648280471a90b1426106baa6939ec88743d,8658,423,0,0.0,7.2,272993,3876,25645,42942,26677,73689,0.9
7696e1b42c03398cfebca29885871a422f6bd521,8821,427,0,0.0,7.3,282616,4057,26430,44030,27756,74367,0.9
fa11b68a16a550ed19bb263d2f3ecd6d20a5fb8d,8827,427,0,0.0,7.3,282518,4056,26419,44010,27755,74406,0.9
c5efc65a99cab6d558bcff704fd76ba0f008e353,8657,423,0,0.0,7.2,272945,3875,25639,42937,26673,73698,0.9
91594eccfaf060af2c60f8c88c9fba2234538871,8657,423,0,0.0,7.2,272943,3875,25639,42936,26671,73698,0.9
f995ef506c2e3306f9cbcd4bc33ad169a3da0b7e,8657,423,0,0.0,7.2,272947,3875,25639,42937,26671,73700,0.9
02e486a1dccef10a03b81575fb3b7158d3cd9299,8657,423,0,0.0,7.2,272941,3875,25639,42936,26671,73700,0.9
3f07e683a184670ebfc0ef48c268836931b39a75,8654,423,0,0.0,7.2,272931,3875,25638,42933,26671,73694,0.9
f82629f7f979d34b33d6a4e1cf0d4a673d577122,8654,423,0,0.0,7.2,272932,3875,25638,42933,26671,73694,0.9
7548a03fdc925c503e6344fca8a93cdc69ff3449,8654,423,0,0.0,7.2,272929,3875,25636,42931,26671,73694,0.9
027aba599eea6acd03635d520d68d3309c76157d,8654,423,0,0.0,7.2,272929,3875,25636,42931,26671,73694,0.9
78bb3dc0496fa149d0317f667c859a6f7e1448fd,8827,427,0,0.0,7.3,282502,4056,26419,44010,27755,74406,0.9
bf0522d7e017a5b6d1acc3c1cf1ec6351e3fd86f,8654,423,0,0.0,7.2,272929,3875,25636,42931,26671,73694,0.9
e7a8fe007ef4dfa743073a318b2d9c3d2b7bda02,8655,423,0,0.0,7.2,272931,3875,25634,42929,26671,73702,0.9
2f2c9977232fc6f25782ceb8c08a479441ceedac,8655,423,0,0.0,7.2,272931,3875,25634,42929,26671,73702,0.9
14834eded4041a99ebd1ebf7d0f1d53942f202a1,8655,423,0,0.0,7.2,272931,3875,25634,42929,26671,73702,0.9
9cbd55766ab7f5efd4062d93aabfbfdfe25dac90,8655,423,0,0.0,7.2,272931,3875,25634,42929,26671,73702,0.9
8f6094b3521042e8a734c57e3b5fc0c8fcfd231d,8655,423,0,0.0,7.2,272931,3875,25634,42929,26671,73702,0.9
310751159d9358e83ecc40953ac05e1c0ea3587d,8655,423,0,0.0,7.2,272931,3875,25634,42929,26671,73702,0.9
2bed4234281615958d7fb2fa17b6a261ded343bd,8655,423,0,0.0,7.2,272931,3875,25634,42929,26671,73702,0.9
a4a3fd769f3cd19cbb0b43e8fdb8f387fea80c63,8655,423,0,0.0,7.2,272931,3875,25634,42929,26671,73702,0.9
47821429807654b14010a672d20eca3d00243ffe,8655,423,0,0.0,7.2,272931,3875,25634,42929,26671,73702,0.9
3e50bdd16f8b436b6e3d93afc10c42adcd7763f6,8655,423,0,0.0,7.2,272929,3875,25634,42928,26671,73702,0.9
c4120feb8fdeb7005168b01b694417027ee84584,8827,427,0,0.0,7.3,282502,4056,26419,44010,27755,74406,0.9
14d68e51f762ddb27c10d501253798266b26f5c6,8655,423,0,0.0,7.2,272918,3875,25634,42927,26671,73702,0.9
ef3b7d700fd1a77d1784958c742477ce6dd2086a,8655,423,0,0.0,7.2,272918,3875,25634,42927,26671,73702,0.9
e6d0be3720f25a4581caafea259b1fc240ee9fe3,8655,423,0,0.0,7.2,272918,3875,25634,42927,26671,73702,0.9
f23829af91f5f125412743f840fa19809b4733bb,8655,423,0,0.0,7.2,272918,3875,25634,42927,26671,73702,0.9
c10d95b56a48e88d9014238a56e7ee1ea18a33d2,8655,423,0,0.0,7.2,272918,3875,25634,42927,26671,73702,0.9
069fd5e1ce1009e230b4d392602e8be327d34a85,8655,423,0,0.0,7.2,272918,3875,25634,42927,26671,73702,0.9
b84c1386bba2ac306a002b1a283cdb952b456047,8660,423,0,0.0,7.2,272910,3875,25633,42927,26672,73737,0.9
8bdcaf6865a8d59f3a0b68f252ebcbe30e9b7411,8662,423,0,0.0,7.2,272900,3875,25633,42927,26672,73747,0.9
a4ca07087e0bd4c3358ec7f095b868cc707dda32,8827,427,0,0.0,7.3,282505,4056,26419,44010,27755,74406,0.9
5d979c18f2cfaa1e0d8fb64a2cb06f4797a8e18c,8664,423,0,0.0,7.2,272847,3874,25628,42917,26672,73752,0.9
c72c55aa672b2974c26f94d2ebf56d004b1c9f19,8664,423,0,0.0,7.2,272847,3874,25628,42917,26672,73752,0.9
bbee466e44d230a5a5d1bae9ed79927e9402b0ea,8827,427,0,0.0,7.4,282520,4055,26412,44016,27755,74406,0.9
3ca35045a091c71a051914dadf82e72628009a16,8827,427,0,0.0,7.4,282518,4055,26412,44016,27755,74406,0.9
2d9f36adb2f16af9639f36cb182d7c77a9c5e130,8664,423,0,0.0,7.2,272862,3873,25621,42923,26672,73752,0.9
49dd3d0236b66f6154c3698375d97391429a0225,8669,423,0,0.0,7.2,272854,3873,25620,42922,26666,73792,0.9
db53115d109d76f5f12dd14db7a183e205d9ed41,8669,423,0,0.0,7.2,272854,3873,25620,42922,26666,73792,0.9
a45f50d8acdf0d4413c086ee8e66efb34688e743,8669,423,0,0.0,7.2,272935,3873,25614,42916,26666,73813,0.9
5bef1fef65e645c7f3c1c74c27272c56145e726e,8669,423,0,0.0,7.2,272935,3873,25614,42916,26666,73813,0.9
f05a2338594ee26b3d55845b97671d896bbefc0d,8669,423,0,0.0,7.2,272935,3873,25614,42916,26666,73813,0.9
25ea56b7b8be24fba3d020b80ee0f4cd93a626b7,8669,423,0,0.0,7.2,272935,3873,25614,42916,26666,73813,0.9
7ecb1814f571a1f49abffc10a98d8e749c3a0d26,8669,423,0,0.0,7.2,272935,3873,25614,42916,26666,73813,0.9
acee3e2f03227894b5aa4d852de1a6a4bcfab60e,8669,423,0,0.0,7.2,272935,3873,25614,42916,26666,73813,0.9
e9e08ee383ac50b10016e3905b222afde7dbf171,8830,427,0,0.0,7.4,282601,4055,26405,44009,27749,74442,0.9
a709b2803c499ccaadd7e8264f5df91e9e85b390,8669,423,0,0.0,7.2,272935,3873,25614,42916,26666,73813,0.9
1848e400a01391d08f66a2f2407c8b8fa78e4bca,8823,428,0,0.0,7.4,282628,4056,26405,44009,27761,74390,0.9
0dab17f11da8053b64f84ed98ae831c00aee346d,8823,428,0,0.0,7.4,282625,4056,26404,44008,27761,74390,0.9
b2e081e5139b43eac48200ed44b3e3cc1236455a,8819,428,0,0.0,7.4,282453,4057,26386,43973,27737,74370,0.9
300198b8e1d709784131610426d963c398717ef4,8669,423,0,0.0,7.2,272945,3873,25614,42916,26666,73813,0.9
831d8e24a0e48f0f4afbc0ff46260763b1e9eedd,8669,423,0,0.0,7.2,272960,3873,25614,42916,26666,73813,0.9
edd3efa5b9f1ae65e221c1d4a493e5c35333494a,8669,423,0,0.0,7.2,272960,3873,25614,42916,26666,73813,0.9
dff06a6cb8e51a0e7a30f79870e6428073cc6074,8669,423,0,0.0,7.2,272960,3873,25614,42916,26666,73813,0.9
dc62adb612bfeee254e2af304fc508a9d4eb5d7f,8669,423,0,0.0,7.2,272960,3873,25614,42916,26666,73813,0.9
7f09a9554a8fd46b166162e525a301bd3aa163ae,8669,423,0,0.0,7.2,272960,3873,25614,42916,26666,73813,0.9
8b0bd8a043d5b77a485a22e429b9fcb953d5e099,8669,423,0,0.0,7.2,272970,3873,25614,42916,26666,73813,0.9
53f1391c9210fda7a4eefdc4d22ac7ce34929f79,8669,423,0,0.0,7.2,272970,3873,25614,42916,26666,73813,0.9
70600eb632776a72604a61aaa2d7a008a7f2c1bb,8670,423,0,0.0,7.2,272981,3874,25616,42918,26667,73815,0.9
2bf662ce90c0aaac5d1d6c7eab2b9e420a69e315,8670,423,0,0.0,7.2,272981,3874,25616,42918,26667,73815,0.9
9dc5bf1944d34cffc19d510d46123a20c9f3ecab,8819,428,0,0.0,7.4,282453,4057,26386,43973,27737,74370,0.9
d050b9c6ec73ff4e10342f66cf1c808260f72dea,8612,423,0,0.0,7.2,272806,3874,25596,42883,26642,73028,0.9
34c5bbf7137a496b1fd1f5adb2f290e999be91ff,8821,428,0,0.0,7.4,282449,4057,26385,43972,27737,74380,0.9
0d88f6283033e2389cdd4c044da0d67a6f6c6ed1,8612,423,0,0.0,7.2,272774,3874,25596,42881,26642,73028,0.9
26174f05486cb8b5f449bd4f2debf9837d1b1f17,8612,423,0,0.0,7.2,272764,3874,25594,42879,26641,73028,0.9
414608245329fbafd00a68dd1d53a0cd97ad3b6f,8612,423,0,0.0,7.2,272725,3872,25589,42873,26638,73028,0.9
0c9d5e2f7383760018db38877863d6fc16fd6689,8612,423,0,0.0,7.2,272722,3872,25589,42872,26638,73028,0.9
bcd5caf7df586cb9dce3bd7d9c03d3b8a1b85de1,8876,429,0,0.0,7.3,285403,4139,26825,44537,27738,74869,0.9
0b2b9f735a35869936c205eca866b4f3c5a0ac3a,8814,428,0,0.0,7.4,282263,4054,26364,43937,27730,74340,0.9
a0e7ebc73563b549c508b8443259855292354a16,8876,429,0,0.0,7.3,285386,4139,26825,44537,27738,74869,0.9
4655d783e6561c93e439199858eb95e425878cf6,8876,429,0,0.0,7.3,285385,4139,26825,44537,27738,74869,0.9
bd5d158d1bb4295837b4b79e08f6ae5230b315c1,8612,423,0,0.0,7.2,272719,3872,25589,42872,26638,73028,0.9
7246fad6b5e0a70b54098696da0972238bc1ee5b,8612,423,0,0.0,7.2,272719,3872,25589,42872,26638,73028,0.9
e0ca51d0b0397c6d84096352bf729c406cd2f97e,8876,429,0,0.0,7.5,284753,4127,26757,44466,27785,74747,0.9
bcce90a31eb9d3b210271fa6cc4ba7f3879291ad,8613,423,0,0.0,7.2,272719,3872,25589,42872,26638,73036,0.9
c96a8f3719a6b295133a6bac02409459a0add3a1,8612,423,0,0.0,7.2,272719,3872,25589,42872,26638,73028,0.9
660d5a2ecd0e3fb114d1945356f7f2ec420a7cb4,8814,428,0,0.0,7.4,282246,4054,26364,43937,27730,74340,0.9
5aa99c526f2e089c86ad1a9e8f7d670463ec1fc7,8814,428,0,0.0,7.4,282247,4054,26364,43937,27730,74340,0.9
66eaadd63c8b83d1a9d66bf79e682ae2a6ba648c,8612,423,0,0.0,7.2,272719,3872,25589,42872,26638,73028,0.9
4f32e0aba363a413749fd90a34f3fc31a034be63,8611,423,0,0.0,7.2,272713,3872,25589,42872,26637,73008,0.9
dad55714caff3c03a0c5a806ae35e84e58ea1b3b,8814,428,0,0.0,7.4,282246,4054,26364,43937,27730,74340,0.9
fb0911de9745fe3e6c6013e47739536d07c23896,8611,423,0,0.0,7.2,272708,3872,25589,42870,26637,73008,0.9
327b808689ea59a3476bff36e141669609c02eb3,8814,427,0,0.0,7.4,282147,4051,26361,43933,27716,74340,0.9
6981a0f8473350d5867c3736b61455cd30e7a25c,8611,423,0,0.0,7.2,272716,3872,25589,42872,26637,73008,0.9
0fd51b1ca05fa91156ed7817b68cb800628b39a3,8611,423,0,0.0,7.2,272709,3872,25589,42871,26637,73008,0.9
5903d0be8db18599366f7cd23201a97a10aae99d,8828,428,0,0.0,7.5,282435,4051,26373,43983,27812,74435,0.9
9422e78abb13fdcc032949de8bad978d397c81bd,8607,423,0,0.0,7.2,272675,3872,25588,42865,26637,72986,0.9
54da4da0338907699d93842c8cc2858f9b73273a,8602,423,0,0.0,7.2,272595,3871,25575,42852,26637,72956,0.9
fd43f61ca889171a1fafadd65053d33fd1c6e1f8,8828,428,0,0.0,7.5,282435,4051,26373,43983,27812,74435,0.9
b332069fa732105f9a5f530d758cde523470f8b1,8602,423,0,0.0,7.2,272595,3871,25575,42852,26637,72956,0.9
da801bf17755458a9cdaa06b2e05923453ab5bf3,8602,423,0,0.0,7.2,272595,3871,25575,42852,26637,72956,0.9
579ac95dc0faf6a966593cc9d14f5e343bc3a4d4,8602,423,0,0.0,7.2,272595,3871,25575,42852,26637,72956,0.9
86b9b3c41cbac1302d9a7a176b8b808b878ef5e9,8603,423,0,0.0,7.2,272610,3871,25575,42854,26641,72958,0.9
a8e9abc6dfbe608c3d5ddcfed4e830ad8e28fb48,8603,423,0,0.0,7.2,272610,3871,25575,42854,26641,72958,0.9
d10faf0b52722258cfd7df5422fc784176200f87,8603,423,0,0.0,7.2,272610,3871,25575,42854,26641,72958,0.9
da5c7ed33dd2ca53946b228f105453ccb0d80b93,8603,423,0,0.0,7.2,272610,3871,25575,42854,26641,72958,0.9
cff9bfd1d2901501d9d8ded74fac430edaf0a900,8603,423,0,0.0,7.2,272610,3871,25575,42854,26641,72958,0.9
0fb1e4c4c644390d76398f223528de5dace9c440,8874,429,0,0.0,7.5,284753,4127,26757,44466,27783,74742,0.9
705d96e9f6619689e4e1f135e6ecd9891c3f0159,8605,423,0,0.0,7.2,272612,3871,25575,42854,26640,72988,0.9
767eaa8ba707b1a62c30e671b9e70a12f74c202e,8605,423,0,0.0,7.2,272612,3871,25575,42854,26640,72988,0.9
9eb49e24c35dda02c180d1b78b480f411708d7c8,8605,423,0,0.0,7.2,272611,3871,25575,42854,26640,72988,0.9
7a660fafd1ea5537d7bf3edb1f89b2de06716403,8832,428,0,0.0,7.5,282436,4051,26373,43983,27812,74455,0.9
0f61286a7811c7f07e4c3bd1939d075b7ed00f78,8605,423,0,0.0,7.2,272608,3871,25575,42854,26640,72988,0.9
60a4aa19f4bd526cb0ac45d2c019721dcd33a3d4,8832,428,0,0.0,7.5,282430,4051,26373,43982,27812,74455,0.9
2697652e746330e5156f3c899f50c73063f51c8c,8605,423,0,0.0,7.2,272588,3871,25575,42846,26635,72988,0.9
edaaa1612190c60467cae14bf9550e86bd0ca004,8605,423,0,0.0,7.2,272588,3871,25575,42846,26635,72988,0.9
f2dbc84cac0fab7c89033813a2f7cf5359314dd7,8605,423,0,0.0,7.2,272585,3871,25575,42845,26635,72988,0.9
ee8c823f2d8c15d98fafb17afe03d0dce5f4d6d4,8605,423,0,0.0,7.2,272585,3871,25575,42845,26635,72988,0.9
da3accacb24a8167f512e376f3c6f3d07e11dd0c,8605,423,0,0.0,7.2,272584,3871,25575,42845,26632,72988,0.9
dcf4cff51bc9b4fadc0cb0d36a74a74e299c8a54,8605,423,0,0.0,7.2,272584,3871,25575,42845,26632,72988,0.9
a0f229935d9489255730a9f3f325b832c283a6ce,8605,423,0,0.0,7.2,272584,3871,25575,42845,26632,72988,0.9
af490e68c1ac01ef9d9f096a1ac105acae2e560b,8605,423,0,0.0,7.2,272584,3871,25575,42845,26632,72988,0.9
45d72b53bc2590068a5f9d3d3028bcb78ceb3604,8605,423,0,0.0,7.2,272584,3871,25575,42845,26632,72988,0.9
47643da11bc59f946a10942e03e3c5788548a3c1,8605,423,0,0.0,7.2,272584,3871,25575,42845,26632,72988,0.9
139a62ebb953bbef3cf46d9e9358f81947acc1f3,8605,423,0,0.0,7.2,272584,3871,25575,42845,26632,72988,0.9
575c3392ec0b30144ddb050c678798638dd2e2af,8605,423,0,0.0,7.2,272584,3871,25575,42845,26632,72988,0.9
ade91c9b696c12a1840b72e69f039f625033430a,8605,423,0,0.0,7.2,272583,3871,25575,42845,26632,72988,0.9
abb2d3834ddde065a211061011a62f11edbbdedd,8605,423,0,0.0,7.2,272514,3871,25571,42836,26631,72988,0.9
ff561616e506be4871933fae7b05c661fcfb88af,8821,427,0,0.0,7.5,282245,4052,26358,43964,27796,74335,0.9
8a509e9601fab4af278859c9d947fca8f5f0fa27,8605,423,0,0.0,7.2,272513,3871,25571,42836,26631,72988,0.9
4b5c186076fd4e6d238ae0a8feb96a4406008504,8605,423,0,0.0,7.2,272513,3871,25571,42835,26631,72988,0.9
d9db031469c27eb2e1c7438cf92e217b7f6817c4,8821,427,0,0.0,7.5,282239,4052,26358,43964,27796,74335,0.9
e887bab83b3582351a92b8a893610a46545517b8,8603,423,0,0.0,7.2,272404,3871,25558,42827,26630,72960,0.9
52250b8a2086ca361fc3c3912720e3eb3d495b17,8603,423,0,0.0,7.2,272401,3871,25558,42826,26629,72960,0.9
d212f6554b5a4cb0afac19c8f79c3c3d7e610277,8603,423,0,0.0,7.2,272424,3872,25561,42831,26631,72960,0.9
774642a2c9d8ca1e92a65a124de191dff4ed9d40,8598,423,0,0.0,7.2,272403,3872,25560,42828,26619,72888,0.9
72518a0dc1045403b52051bb754fa0e372f488fd,8598,423,0,0.0,7.2,272403,3872,25560,42828,26619,72888,0.9
be54d8e61b4bb6b9119d56b350559b2cc97e09b5,8598,423,0,0.0,7.2,272403,3872,25560,42828,26619,72888,0.9
3ed2dacbef79dae8f13a3c50f5ffb39bfe386bbc,8598,423,0,0.0,7.2,272403,3872,25560,42828,26619,72888,0.9
031da7b8edbe1bb9f5199a1f01847c1501bd97f9,8821,427,0,0.0,7.5,282254,4053,26358,43964,27808,74335,0.9
0ba35d37046445ea71cedfbcdccaeffbbd6f8cde,8598,423,0,0.0,7.2,272403,3872,25560,42828,26619,72888,0.9
286c87bc260df5bc380b5c01f86dfbec9a9dea6d,8598,423,0,0.0,7.2,272403,3872,25560,42828,26619,72888,0.9
248449ada045a64232be5ba9efd6fdaae6cdd9f8,8598,423,0,0.0,7.2,272403,3872,25560,42828,26619,72888,0.9
4c4bcb7a253f4f7ed9db20ae919f248a3d5397c0,8598,423,0,0.0,7.2,272403,3872,25560,42828,26619,72888,0.9
fe7c8eedb5a0a1231b4a3b4f1b1ff495f9d1bbeb,8598,423,0,0.0,7.2,272402,3872,25560,42828,26610,72888,0.9
843da6db6cdfdfea9112edfd0ac3cc0d3497a498,8598,423,0,0.0,7.2,272372,3872,25554,42820,26608,72888,0.9
99ba6e30379f89ad6c294767fbeef8afb9b9e02c,8598,423,0,0.0,7.2,272373,3872,25554,42820,26608,72888,0.9
8009c72030ecb7086bbf33e8e1d42410353c2e4d,8874,429,0,0.0,7.5,284740,4127,26756,44461,27783,74736,0.9
35746aaf5a3e6eab9181fedb37fd8cc00793469c,8822,427,0,0.0,7.6,282107,4051,26337,43934,27795,74333,0.9
cdd7a405641c994a55d85690b87291867bee6820,8598,423,0,0.0,7.2,272373,3872,25554,42820,26608,72888,0.9
89e279739b02f79dcb0a9d40462feb12fd237908,8598,423,0,0.0,7.2,272372,3872,25554,42819,26608,72888,0.9
8595711e99f9102eb1055a80a4698e118c82cfb7,8598,423,0,0.0,7.2,272372,3872,25554,42819,26608,72888,0.9
dc6d37aac1b6457c740a56d5b5baf0efb077c66d,8598,423,0,0.0,7.2,272372,3872,25554,42819,26608,72888,0.9
5bf698c368757856cc2438c667074a94327af3ab,8598,423,0,0.0,7.2,272372,3872,25554,42819,26608,72888,0.9
60cbc4a5b6ca806636bc58a0215c09c4dcf3217d,8598,423,0,0.0,7.2,272372,3872,25554,42819,26608,72888,0.9
baec513773b2c2b9ab3212b39fe5cc9f8d6195b3,8598,423,0,0.0,7.2,272372,3872,25554,42819,26608,72888,0.9
a4280b20a492d2fa571e0e6a7dc77c372b5065c8,8598,423,0,0.0,7.2,272372,3872,25554,42819,26608,72888,0.9
168b6578077f232c91d1ddec965a505eff84770a,8598,423,0,0.0,7.2,272372,3872,25554,42819,26608,72888,0.9
dad3b070cd6a92c917ad335f002ccdca059333d7,8598,423,0,0.0,7.2,272372,3872,25554,42819,26608,72888,0.9
af566233dbb9673c9da18b545133bfaca0bd5bf5,8873,429,0,0.0,7.5,284708,4127,26753,44451,27781,74731,0.9
fd04ef711bb9067a5534a5761b206e76b0120580,8597,423,0,0.0,7.2,272317,3871,25545,42810,26611,72879,0.9
d596eeb1514c14cc2e0d0031a19e49b15132eac9,8858,430,0,0.0,7.5,284630,4125,26743,44438,27781,74516,0.9
fe2af7e35491564ecbe67127740d879693fe15c9,8858,430,0,0.0,7.5,284630,4125,26743,44438,27781,74516,0.9
cfd0be3a3a542269ad080ede13deae6ac6745f55,8858,430,0,0.0,7.5,284603,4125,26742,44434,27781,74516,0.9
e436f1eee9871d0a22b7768fced722ccebc0707e,8858,430,0,0.0,7.5,284582,4124,26738,44430,27780,74516,0.9
bfa46f59eb0054f86e6326f92a1c69cc40eeb58e,8597,423,0,0.0,7.2,272305,3871,25543,42807,26610,72879,0.9
0bfd54cea412fef92e0ec36b2dc18136c4c3d4e0,8597,423,0,0.0,7.2,272299,3871,25543,42807,26610,72879,0.9
7e6a32ba68eddf1f966ba7ee74990528c1e1c42c,8598,423,0,0.0,7.2,272283,3871,25542,42804,26607,72884,0.9
059b75c53389bc0d4a0af2b611fa861baee31921,8823,427,0,0.0,7.6,282102,4051,26337,43934,27792,74338,0.9
8d9817f8afa0329ef8d889d6e96d084a862b4a2e,8857,430,0,0.0,7.5,284572,4124,26737,44429,27779,74511,0.9
025c0789485be46abdf9ef8cc7b393dff2344a96,8598,423,0,0.0,7.2,272264,3870,25539,42801,26606,72884,0.9
36a80e4db7306a30dff1b6f0ffb076adbd7980c4,8598,423,0,0.0,7.2,272263,3870,25539,42801,26606,72884,0.9
bf3d4f4ca3ad0b6301876dca0b7c345d739c1bd8,8823,427,0,0.0,7.6,282106,4051,26338,43935,27792,74338,0.9
8e55dae8f990785e0d4b9c9ca1d149e445248d6e,8817,426,0,0.0,7.6,281810,4048,26313,43884,27790,74285,0.9
c12a57eb3c5593b735ea342c99b5981188d5720d,8824,430,0,0.0,7.5,282953,4100,26562,44140,27738,74236,0.9
39fc67387b221753f41f71a421cd4030f8209ddb,8598,423,0,0.0,7.2,272257,3870,25539,42798,26606,72884,0.9
e07fc6311b54055abc86f849d8b1598d8bc347b3,8602,423,0,0.0,7.2,272253,3870,25538,42795,26606,72895,0.9
f91246ab09afd8e7d89b090d78522e6eeaa2f20d,8602,423,0,0.0,7.2,272253,3870,25538,42795,26606,72895,0.9
042a17941dd42de8eddd611710055ea549c8899f,8754,427,0,0.0,7.6,281759,4047,26313,43884,27778,74171,0.9
3fa2674df36714d4bc51549bc02378cee25c09e1,8602,423,0,0.0,7.2,272253,3870,25538,42795,26606,72895,0.9
b09f34cf58987399f76c09471535535d21337db9,8602,423,0,0.0,7.2,272253,3870,25538,42795,26606,72895,0.9
56d312fefd540505905281c37ef76b40536e1142,8602,423,0,0.0,7.2,272253,3870,25538,42795,26606,72895,0.9
53f5c77ac1ed5f450e933620eb5bd63431e45ff7,8602,423,0,0.0,7.2,272253,3870,25538,42795,26606,72895,0.9
e04e0e6c6645bf7ccad67fdcdd10f638dde9bdeb,8602,423,0,0.0,7.2,272253,3870,25538,42795,26606,72895,0.9
cd9897a55fd3e72a21b48b3d052e406340e8e00f,8602,423,0,0.0,7.2,272253,3870,25538,42795,26606,72895,0.9
382330387ae2b7d050ce326453111b32006d56ff,8602,423,0,0.0,7.2,272253,3870,25538,42795,26606,72895,0.9
48a65a3510dd08a7fd35afce4ea42fc1b10f8c54,8602,423,0,0.0,7.2,272253,3870,25538,42795,26606,72895,0.9
186ec674bfe669328df6986e0c64c4109ea0d8a0,8602,423,0,0.0,7.2,272253,3870,25538,42795,26606,72895,0.9
98d6a853a9583f3d2997a0fbf730e28c05b1bd1d,8823,430,0,0.0,7.6,282824,4100,26553,44114,27718,74212,0.9
79ba4cd6b737fa9a2af92a6d9a2189454dc5b623,8804,430,0,0.0,7.6,281543,4078,26448,43911,27626,74012,0.9
d61f49128702b103996cf94d0d2baa918cf7e24a,8602,423,0,0.0,7.2,272253,3870,25538,42795,26606,72895,0.9
711de7c2a0f8ca01b3f0e7ef5a8e96495a10bb0a,8602,423,0,0.0,7.2,272253,3870,25538,42795,26606,72895,0.9
679ce4496cb441b062bad0f555ccd9bd288f22e6,8602,423,0,0.0,7.2,272253,3870,25538,42795,26606,72895,0.9
2a5b437d58ba60cd51d39a040b6d39c8697f9d50,8752,427,0,0.0,7.6,281590,4042,26296,43865,27777,74146,0.9
f5cc40c56a9f522ea2ef053b467026566806a07d,8595,423,0,0.0,7.2,272012,3868,25517,42753,26604,72869,0.9
0de4c395e895f4f6034e433553dafc767e5a31b0,8595,423,0,0.0,7.2,271992,3868,25515,42750,26603,72869,0.9
9d7c1b62bd301b467fc6a16b8f2547ddb19c669f,8595,423,0,0.0,7.2,271988,3868,25515,42750,26603,72869,0.9
c2352df095c86b50496eea7d31d569fe02f8ebac,8595,423,0,0.0,7.2,271968,3867,25514,42749,26603,72869,0.9
0c6b1ee17ada37b1363421f29cc6275dc27d716e,8595,423,0,0.0,7.2,271969,3867,25514,42749,26605,72869,0.9
4e9a0a41fcb44df3aff7dcb13abbc1a97ff31b08,8594,423,0,0.0,7.2,271961,3867,25514,42747,26604,72861,0.9
7a4ec6c52544be7cd02983970fc5ac27aa70ffaa,8750,427,0,0.0,7.6,281515,4042,26292,43853,27767,74105,0.9
a442d50c696a607a75d38bb45857ef3d8baaa0d3,8750,427,0,0.0,7.6,281516,4042,26292,43853,27767,74105,0.9
8068c9997872e09c97234d43fab9af50decdf949,8594,423,0,0.0,7.2,271961,3867,25514,42747,26604,72861,0.9
3eed8dd6f47ddbe3c3da47f10f69f0fe46351b37,8594,423,0,0.0,7.2,271961,3867,25514,42747,26604,72861,0.9
86f6d61c4491ac9dc76fb6046462fcf1de8a05b0,8597,423,0,0.0,7.2,271942,3867,25512,42744,26606,72866,0.9
631c1e0f24af942e6fe0cbb1ee40b8697e3a7c12,8597,423,0,0.0,7.2,271942,3867,25512,42744,26606,72866,0.9
92aea5de0e114c1648ab307cf83193db2ce6c842,8597,423,0,0.0,7.2,271942,3867,25512,42744,26606,72866,0.9
0b66eed1cac47281940231184d22a06c6f700ff5,8597,423,0,0.0,7.2,271942,3867,25512,42744,26606,72866,0.9
8c2cfc8bf6b15bb9ed6e791c50385f2aa02b5a62,8597,423,0,0.0,7.2,271942,3867,25512,42744,26606,72866,0.9
ce1d0b70dbc70cb0c1e51141fb2537c8a43e8d23,8597,423,0,0.0,7.2,271942,3867,25512,42744,26606,72866,0.9
a848edca19d2379dbb9a7f42ae24c7264c0a2f44,8597,423,0,0.0,7.2,271942,3867,25512,42744,26606,72866,0.9
687d2f1ee4f2a0ec7bba7498cb9f6f58316f2ba4,8597,423,0,0.0,7.2,271942,3867,25512,42744,26606,72866,0.9
4c75227681a53a87d8fc12133e79f0492bfb6027,8597,423,0,0.0,7.2,271942,3867,25512,42744,26606,72866,0.9
6b617a1ce99552545ebe087fd993f24a224f0c8b,8597,423,0,0.0,7.2,271942,3867,25512,42744,26606,72866,0.9
dd70c5a142f029d297c3ed0148cdd51a205f747a,8597,423,0,0.0,7.2,271942,3867,25512,42744,26606,72866,0.9
90325f2fe63dd17d17aea2a15cfb644aa31fa8df,8598,423,0,0.0,7.2,271892,3867,25502,42732,26605,72899,0.9
ae150c01e5d96d37bf8b65b86ee355ee866370b3,8598,423,0,0.0,7.2,271892,3867,25502,42732,26605,72899,0.9
7290ae59bc69577b5b902dc0f6e161eb4c74db6b,8751,429,0,0.0,7.6,281042,4038,26238,43754,27723,74076,0.9
b87746b19fb99b60b3e6973b3b50e3daca04eb27,8598,423,0,0.0,7.2,271877,3867,25502,42730,26605,72899,0.9
56de12127b62362b3572a27c556f687bff3cfc0a,8599,423,0,0.0,7.2,271883,3867,25503,42731,26605,72907,0.9
45629324331cdddc397f64abcd9c7297c52e1968,8804,430,0,0.0,7.6,281543,4078,26448,43911,27626,74012,0.9
90cae426abd771864230a3d553d95b8d7d783de6,8603,423,0,0.0,7.2,271890,3867,25503,42727,26605,72927,0.9
85b03bca5601c416587677c984f8a76cc0af02ad,8603,423,0,0.0,7.2,271890,3867,25503,42727,26605,72927,0.9
972a0814b978682930c11b917f5a2cf85d96e416,8602,424,0,0.0,7.2,271891,3867,25503,42727,26600,72922,0.9
4dbd31ebb1b0d589b0d55eeadb1062889de9e311,8602,424,0,0.0,7.2,271884,3867,25503,42726,26600,72922,0.9
ceae48e9c4ca97f5d22800265f1a04328cae72f2,8602,424,0,0.0,7.2,271875,3867,25503,42725,26600,72921,0.9
3f7955e360a6ca411ce948cdb6622097ee14ac6d,8602,424,0,0.0,7.2,271875,3867,25503,42725,26600,72921,0.9
f453e6c6e879c3bb34d529a1a0aaa3eb0cb004f3,8602,424,0,0.0,7.2,271875,3867,25503,42725,26600,72921,0.9
755b38dd35df9a66cee4f4ba649962cb07e443f4,8602,424,0,0.0,7.2,271875,3867,25503,42725,26600,72921,0.9
629bee39873295669a482fbfabcf9b31d25526da,8602,424,0,0.0,7.2,271875,3867,25503,42725,26600,72921,0.9
5f4d30fe3ec37cbccfcc298dbe975057479afe6b,8751,429,0,0.0,7.6,281042,4038,26238,43754,27723,74076,0.9
1c48ba262cbeb6d4d988f9bf35517cbc207c2d31,8602,424,0,0.0,7.2,271875,3867,25503,42725,26600,72921,0.9
8fe122b08a620bb08c15af0d3df25c8772152f51,8602,424,0,0.0,7.2,271875,3867,25503,42725,26600,72921,0.9
a060673412ded095c83656fdb051a5e77a8d2d3a,8602,424,0,0.0,7.2,271875,3867,25503,42725,26600,72921,0.9
45405ff3408bae0df0976e7c1350939c87f52ac7,8602,424,0,0.0,7.2,271865,3867,25502,42724,26600,72921,0.9
5ae875d951d354a2f2d3316fc08cab406a3e947e,8602,424,0,0.0,7.2,271865,3867,25502,42724,26600,72921,0.9
1dd248affa1c38a10c8fa920a50e8c6d740fab63,8751,429,0,0.0,7.6,280745,4031,26220,43714,27716,74093,0.9
78a4dbad6e5ed195acebc4d2eb18588c79563367,8602,426,0,0.0,7.2,271863,3867,25502,42724,26600,72921,0.9
bac06929f21e42ba8fc574f3e829341432d571e2,8600,425,0,0.0,7.2,271838,3867,25502,42719,26600,72892,0.9
757643cf8c91e3b2dfdc992a5cbb929e159cdbc6,8600,425,0,0.0,7.2,271813,3866,25500,42717,26597,72892,0.9
04f3fe7d2b9231ea5fca2bccf308cdcbf56249af,8600,425,0,0.0,7.2,271812,3866,25500,42717,26595,72892,0.9
f8e9d60a5567005f2d04c8d9347748a2892134e2,8753,429,0,0.0,7.6,280558,4024,26205,43694,27703,74121,0.9
1ff8be4aabf55b15cfca1944fb48acd259bebbc2,8600,425,0,0.0,7.2,271810,3866,25500,42717,26595,72892,0.9
8bfdf1e38c8943fca68113b810e63aeb5e850303,8600,425,0,0.0,7.2,271810,3866,25500,42717,26595,72892,0.9
12dacb989afd17063a5e99d9ad27dc4b51e7672c,8844,434,0,0.0,7.6,282783,4104,26541,44073,27736,74521,0.9
aacf868715e7cf8ddc50737037037f106e12b3d0,8600,425,0,0.0,7.2,271810,3866,25500,42717,26595,72892,0.9
059fdf26133edff2bba401621c33f5b7e4e2c2b5,8600,425,0,0.0,7.2,271810,3866,25500,42717,26595,72892,0.9
7c971ca1bdd1779586faa84b978742a7df881897,8749,429,0,0.0,7.6,280309,4020,26191,43662,27685,74096,0.9
e7fa74beb9aff0ce3ddd01f12a93b4d1618b8d1d,8749,429,0,0.0,7.6,278935,4019,26191,43662,27652,74096,0.9
b18eeb7077ee34fe793ad1919410bffcad5daab2,8600,425,0,0.0,7.2,271810,3866,25500,42717,26595,72892,0.9
b39a1e82e1a1b9bd018405e54d5680b0d587f519,8748,429,0,0.0,7.6,278897,4018,26188,43660,27653,74086,0.9
36b2ec267d87feda48998654252987469f81d8ef,8600,425,0,0.0,7.2,271770,3865,25494,42707,26587,72892,0.9
1e18b359e22b25a27a871c5e004281da9cd1484e,8600,425,0,0.0,7.2,271767,3865,25494,42706,26587,72892,0.9
521b3e01460a70cc8c823e4e8c07f3cff56bc0c7,8599,425,0,0.0,7.2,271768,3865,25494,42706,26585,72887,0.9
f7c9042e3b1c7d075e40943419dfe6346301b855,8599,425,0,0.0,7.2,271716,3864,25489,42698,26583,72887,0.9
6c5a876f313e9a7bf2d95d683210f4cb75023877,8599,425,0,0.0,7.2,271717,3864,25489,42698,26583,72887,0.9
0f9c8b54a5b5e7ba1d80bcb11d6220d1408f57c2,8747,429,0,0.0,7.7,278316,4009,26051,43559,27624,74064,0.9
ae9742d0f580bd4e97085e97504f2eb95e7a8209,8599,425,0,0.0,7.2,271717,3864,25489,42698,26583,72887,0.9
ad5e84c4b58a28651e68f27b52cd36dcbe1d1a28,7831,437,0,0.0,7.4,231563,3269,21725,36668,23380,66114,1.0
aa54350c6f5abd0803ace8c14b9a731b69100d03,7831,437,0,0.0,7.4,231563,3269,21725,36668,23380,66114,1.0
5f9d5802ec3a2e655c105eef7d7efaff183ff2f8,8599,425,0,0.0,7.2,271717,3864,25489,42698,26583,72887,0.9
4bc91875314bfae2ed3708b51a4045bfd8791746,8599,425,0,0.0,7.2,271717,3864,25489,42698,26583,72887,0.9
1b8688c1796b32089299ad767aa8ad57cbc02ff2,8599,425,0,0.0,7.2,271717,3864,25489,42698,26583,72887,0.9
0add70e3f5a530766bfacf65392190afe3fd2a85,8599,425,0,0.0,7.2,271717,3864,25489,42698,26583,72887,0.9
10870708eb99a10fcfb25f71138e8d43cde566c4,8594,425,0,0.0,7.2,271695,3864,25488,42692,26583,72862,0.9
e93c5cf777af18a07d0f6979f52735cc5a67fdc3,8598,425,0,0.0,7.2,271443,3862,25456,42645,26560,72854,0.9
ce653172073fc45b04f5deacbf2f31e71bfa8701,8598,425,0,0.0,7.2,271448,3862,25456,42645,26560,72854,0.9
046898bbc8b7b18108972b33ef796990f9533d2d,8745,429,0,0.0,7.7,278266,4008,26048,43545,27607,74039,0.9
22acf36800b417b7fa3e2cbc4012e9a2a5332ae0,8745,429,0,0.0,7.7,278266,4008,26048,43545,27607,74039,0.9
2e04208405927c95de0e4c9c373041d2da867235,8598,425,0,0.0,7.2,271460,3863,25456,42645,26560,72854,0.9
1e29cdc1fa2ac659ecd1f388f7f057fd675f3213,8598,425,0,0.0,7.2,271460,3863,25456,42645,26560,72854,0.9
25547158d2d77ac7caadcba64cf09f1ce711b7d7,8603,425,0,0.0,7.2,271642,3868,25469,42677,26567,72867,0.9
2488b08d3e1dd4131ab94cf46b320307016cde50,8600,425,0,0.0,7.2,271611,3868,25467,42671,26560,72841,0.9
9ee5bf6efca25cc602738ebf9e2d7e84cb8c9048,8603,425,0,0.0,7.2,271618,3868,25467,42674,26560,72847,0.9
97227e4e8e1a877d5356ffccbfd10de78493cd3a,7831,437,0,0.0,7.4,231563,3269,21725,36668,23380,66114,1.0
ee05d54f92787088fdebb41292c5bff9df3c6498,8603,425,0,0.0,7.2,271602,3868,25463,42667,26557,72847,0.9
29d9c070d4afa46e7a3b189a281f02e0b5563552,8603,425,0,0.0,7.2,271602,3868,25463,42667,26557,72847,0.9
8fefd95a9896d53beb1d83c3a6d89fc9e1d9a633,8749,429,0,0.0,7.7,278423,4012,26054,43563,27601,74027,0.9
9837cfbb0b4e008d976aa02a7a8c0730b4fa3514,8749,429,0,0.0,7.7,278423,4012,26054,43563,27601,74027,0.9
5caa8524a9a55d18145dec6c39cc886b89c84a96,8602,425,0,0.0,7.2,271577,3867,25460,42661,26550,72842,0.9
2973426b2a849fa43241025c8a44d8ba43f06767,8602,425,0,0.0,7.2,271575,3867,25460,42660,26550,72842,0.9
879fd811283c28a5fcb4dfebd383e05b5e500cb0,8749,429,0,0.0,7.7,278421,4012,26054,43561,27601,74027,0.9
7c7f3db772589932bd58534fba8b1864d46d394b,8602,425,0,0.0,7.2,271575,3867,25460,42659,26550,72842,0.9
70605f4dd0b4132804458cabad6f15cd6bfff578,8604,425,0,0.0,7.2,271540,3867,25457,42651,26549,72847,0.9
3c5cb3bc0161426e39f83eeab8405745913a5b38,8751,429,0,0.0,7.7,278374,4012,26048,43549,27600,74032,0.9
925e81ae5ff7ab5bf2999609a193278692e5ca39,8604,425,0,0.0,7.2,271522,3867,25454,42647,26549,72847,0.9
1a7cdf2004f43d9084f706a53aa03ab102ac9ed7,8604,425,0,0.0,7.2,271528,3867,25454,42647,26549,72847,0.9
b7302842e823f075f4cd93bf8c81c30a4aa8ff52,8604,425,0,0.0,7.2,271528,3867,25454,42647,26549,72847,0.9
41521188b19992fb5ecb303f8088fc85a55af209,8604,425,0,0.0,7.2,271528,3867,25454,42647,26549,72847,0.9
0b1c5fcc1354a76e7a46251e696d5ecd1ff50b6a,8604,425,0,0.0,7.2,271528,3867,25454,42647,26549,72847,0.9
70fa0f4626854201c0d453538e0ad396bfb729ae,8604,425,0,0.0,7.2,271528,3867,25454,42647,26549,72847,0.9
2e60ddfdaff81ba8313a1a9a168c358a4bdc39be,8604,425,0,0.0,7.2,271528,3867,25454,42647,26549,72847,0.9
d1719c53584fcca735a6d031e327bb14a1537f6a,8604,425,0,0.0,7.2,271528,3867,25454,42647,26549,72847,0.9
0e17f4f1686090dba0ddf7e95df9beb6342ad81b,8751,429,0,0.0,7.7,278368,4012,26047,43548,27600,74032,0.9
72e5d20ce9cd62e4805b2f649c20a03430056baa,8751,429,0,0.0,7.7,278365,4012,26047,43548,27600,74032,0.9
ba5ca1c150f57dc5f9b268e94539a46f911c87e5,8751,429,0,0.0,7.7,278365,4012,26047,43548,27600,74032,0.9
0db86059748c7348187203489e170a338971d39e,8604,425,0,0.0,7.2,271528,3867,25454,42647,26549,72847,0.9
848a57725df00a2eb679c80f584d29a121f59e01,8751,429,0,0.0,7.7,278365,4012,26047,43548,27600,74032,0.9
8c20e80b8e41f6ae45fec258addf748ed8d1e482,8604,425,0,0.0,7.2,271525,3867,25454,42647,26549,72847,0.9
80d496c5b18398fc94ea30fdb9daf8bb30154fc4,8604,425,0,0.0,7.2,271525,3867,25454,42647,26549,72847,0.9
093fb7c208df74a1740991dd4563e843c22b2f97,8751,429,0,0.0,7.7,278365,4012,26047,43547,27600,74032,0.9
12f2222326812a0bd934eff44a4e4cd5d4725d06,8753,429,0,0.0,7.7,278483,4013,26061,43564,27617,74039,0.9
c54e1b63f975d18797a85046cf23dfcc989d3456,8604,425,0,0.0,7.2,271525,3867,25454,42647,26549,72847,0.9
7a51c2379f4f7c4c6c6ed2ce53ae178304cbcc7b,8604,425,0,0.0,7.2,271522,3867,25454,42646,26549,72847,0.9
b7ad0c95b3d22dea58db1cc9d24400093614643b,8604,425,0,0.0,7.2,271522,3867,25454,42646,26549,72847,0.9
2aab3e7ef0595985d659221c1fe20e67f5fa9169,8604,425,0,0.0,7.2,271522,3867,25454,42646,26549,72847,0.9
74c1ebefe0e428516d44bfa4aa312a0846b62f78,8604,425,0,0.0,7.2,271522,3867,25454,42646,26549,72847,0.9
e2051908333f51b7300e87083b72215f45b64699,8604,425,0,0.0,7.2,271522,3867,25454,42646,26549,72847,0.9
345e58fc598b38da1b51d21568e25c938385f103,8604,425,0,0.0,7.2,271522,3867,25454,42646,26549,72847,0.9
30be46591f22906498bf322345f8e716a3fa74ad,8604,425,0,0.0,7.2,271522,3867,25454,42646,26549,72847,0.9
a6bef26663154143a39db4cfe6ec68954c7e4468,8604,425,0,0.0,7.2,271520,3867,25454,42645,26549,72847,0.9
256b916ce2215ec13d9b0aaf2745450b3848a2eb,8604,425,0,0.0,7.2,271520,3867,25454,42645,26549,72847,0.9
cec66fa2639ffaa68a7fd8108113deaa17ddc419,8604,425,0,0.0,7.2,271520,3867,25454,42645,26549,72847,0.9
f78b4f5deaea9405430bb3b895aaf31dd8d0cb30,8604,425,0,0.0,7.2,271520,3867,25454,42645,26549,72847,0.9
2932f09b28dabfc5aa13baa109dfbd212915eec3,8692,426,0,0.0,7.7,276446,3986,25850,43239,27512,73526,0.9
1f8a0fa5ec86297aecb744270cc00c87ecb67355,8602,425,0,0.0,7.2,271496,3866,25453,42643,26546,72812,0.9
630e14ae404d71dbd7229e3205468b3069b60676,8698,426,0,0.0,7.7,276352,3986,25833,43221,27507,73549,0.9
bd76d044ba7118409a4bb52c1fa2a0f2cbc9e7a3,8604,425,0,0.0,7.2,271399,3866,25438,42627,26544,72815,0.9
1b84d1185b44f9f6669170754ebfc3bf37a78d03,8604,425,0,0.0,7.2,271396,3866,25437,42626,26544,72815,0.9
ff60c870edc0878874ae64d1c7c1c5c18a13c519,8604,425,0,0.0,7.2,271396,3866,25437,42626,26544,72815,0.9
68e624f7643eeb1aa136a382e4432f3b77002f87,8604,425,0,0.0,7.2,271397,3866,25437,42626,26544,72815,0.9
49886b730fb73fbc5e6f510a331c0e3fed051c0f,8604,425,0,0.0,7.2,271394,3866,25437,42626,26544,72815,0.9
e322b1730127ed8cce3ea8cba2794bb6082fdc53,8604,425,0,0.0,7.2,271385,3866,25437,42623,26544,72815,0.9
976ffda33bfb8d29c22f47119a4163204bcf974e,8605,425,0,0.0,7.2,271376,3866,25436,42621,26544,72820,0.9
65491fda073edee57155fbbc8b258205a8379c3b,8605,425,0,0.0,7.3,271369,3866,25435,42619,26541,72820,0.9
1c5265073bb55d7a697438a2bae944377fb89343,8605,425,0,0.0,7.3,271365,3866,25435,42618,26541,72820,0.9
78ca5e523cd6969a0b7085e51d3996fd8448a55c,8605,425,0,0.0,7.3,271360,3866,25435,42618,26541,72820,0.9
f2ec217f543cdad5840032a6d7ceca3f7c2ccee9,8605,425,0,0.0,7.3,271355,3866,25435,42618,26541,72820,0.9
0946d7943f27b88a70ed087fbd5becc8ae1cc4f0,8697,426,0,0.0,7.7,276217,3980,25824,43212,27506,73544,0.9
097463a83e70265d292e82ca6bfe9082c6d6ab0c,8608,425,0,0.0,7.3,271360,3866,25435,42618,26541,72836,0.9
d8a314ff33da99fa76e13331bc3d4ffe105aec07,8608,425,0,0.0,7.3,271360,3866,25435,42618,26541,72836,0.9
d452ea492424ab470c2b2a47e4a5338d4dd6612b,8608,425,0,0.0,7.3,271286,3866,25424,42603,26540,72836,0.9
d4856e2b0d4a9ddba25be1b200a17f0c6d042250,8607,422,0,0.0,7.3,271250,3866,25424,42600,26540,72828,0.9
d2eb2ba3d74d9a23f728201b7a3a0ded6466185b,8609,425,0,0.0,7.3,269862,3842,25264,42382,26461,72280,0.9
35149ba694f4c65ad55c16e6482689c33cc2eb59,8609,425,0,0.0,7.3,269872,3842,25264,42383,26460,72280,0.9
c7d411c3cb4168cc1b32118009c74175fe745577,8595,425,0,0.0,7.3,269558,3840,25242,42327,26460,72145,0.9
8bb17b85f2f459da3e601b00a3fb1c6d639b37aa,8738,426,0,0.0,7.7,275702,3978,25760,43095,27382,74460,0.9
dec411af1ce1a9cfbf5d307717621b6bea802120,8732,426,0,0.0,7.7,275400,3970,25729,43061,27373,74430,0.9
0138ea87a4f51d8393e1e0343fdcaf4479e1e21e,7831,437,0,0.0,7.4,231563,3269,21725,36668,23380,66114,1.0
c45ce1974dfd7942d7479e60f9fb80258c79b851,8595,425,0,0.0,7.3,269543,3840,25240,42324,26460,72145,0.9
150485b1aa69c1f7cd8b2ba2320f1943ad4690cf,7831,437,0,0.0,7.4,231563,3269,21725,36668,23380,66114,1.0
e05ef9f7d984da5203732db64b09fd5612754497,8594,425,0,0.0,7.3,269533,3840,25240,42324,26460,72140,0.9
57c23c38f794e2f4cdada9735da56cd02843fd72,8594,425,0,0.0,7.3,269533,3840,25240,42324,26460,72140,0.9
f2e9fb9b314bb849ad4c3007a0a9601752c30bd3,8594,425,0,0.0,7.3,269533,3840,25240,42324,26460,72140,0.9
99d413f5167c0723b5c879aff9ffdb1c86b0eebd,8594,425,0,0.0,7.3,269533,3840,25240,42324,26460,72140,0.9
4b62513dff4132cb79b1902fc048a51401df32a6,7830,437,0,0.0,7.4,231553,3269,21725,36668,23380,66109,1.0
e026b5bb596bbc48fa89bbf756cba504d52bed1d,8731,426,0,0.0,7.7,275387,3970,25728,43058,27373,74389,0.9
f882cbdd80df0d92bdbe74ff70035b224e13172c,8594,425,0,0.0,7.3,269532,3840,25240,42324,26460,72140,0.9
9ae97ea053dad758a0346a9acda4fbc8ea01429a,7830,437,0,0.0,7.4,231553,3269,21725,36668,23380,66109,1.0
4778d131f857afad83eca1eb9adcba5eee123668,7830,437,0,0.0,7.4,231551,3269,21725,36668,23380,66109,1.0
1355b287342db6772f13446f061a5f04c80efd2d,8594,425,0,0.0,7.3,269530,3840,25240,42324,26460,72140,0.9
96fb4e8f3215dbe335a97063c6797be8a1548a30,8594,425,0,0.0,7.3,269515,3840,25239,42323,26460,72140,0.9
02ba6b9987eb211a12a4451f0eb3cc6d18ab1212,8593,425,0,0.0,7.3,269515,3840,25239,42322,26460,72135,0.9
d655a692de54c501ae99e5b683e14cc7ec3ceea1,8593,425,0,0.0,7.3,269499,3840,25237,42318,26459,72135,0.9
9bbf7625a862abd2a57269e4e66ef048a3282ef0,8593,425,0,0.0,7.3,269499,3840,25237,42318,26459,72135,0.9
0d4e8304bc2bc4874b5c2ef9493102d0bbb5cd70,8731,426,0,0.0,7.7,275275,3968,25728,43058,27342,74389,0.9
5f83f10eac965201968a02248e13e762c19e9086,8730,426,0,0.0,7.7,275210,3968,25723,43047,27335,74372,0.9
a0219c1b9069b85ca3ff0df85c7681816391eb78,8593,425,0,0.0,7.3,269499,3840,25237,42318,26459,72135,0.9
271d5eff293ac0820273186a1763a07d65fde5de,8593,425,0,0.0,7.3,269499,3840,25237,42318,26456,72135,0.9
7264850fd45f2a4d06b07081d0d8e1eab10fc8db,8593,425,0,0.0,7.3,269482,3840,25236,42316,26454,72123,0.9
6ad735d74a7f1c5d694f212061e04af9c90a8d3b,8593,425,0,0.0,7.3,269470,3840,25235,42315,26453,72123,0.9
33f688e4047ab62c28a401b2ef35301bac9b1234,8593,425,0,0.0,7.3,269469,3840,25235,42315,26453,72123,0.9
94e7244eb066eaec6c510583081aa2f14472377a,8592,425,0,0.0,7.3,269438,3840,25233,42308,26453,72118,0.9
33a806330932d8e51df89513f2fc0ab382510b28,8592,425,0,0.0,7.3,269438,3840,25233,42308,26453,72118,0.9
d4c2852caf56746aa827530572cbcdc95450314b,8675,424,0,0.0,7.3,273142,3916,25525,42843,26840,73894,0.9
48cc5b24de65ce25fe1f7654d58d85c63cbcc406,8675,424,0,0.0,7.3,273142,3916,25525,42843,26840,73894,0.9
aa63f26ab9c5ee4dd5d7543f3d42dec4034974c8,8675,424,0,0.0,7.3,273142,3916,25525,42843,26840,73894,0.9
70a948a3d49fe7b186f1b55a5289cfc8c425552c,8592,425,0,0.0,7.3,269434,3840,25232,42307,26452,72118,0.9
180fdd3c6018eb689bac9bab2cefcec05c80ab52,8592,425,0,0.0,7.3,269434,3840,25232,42307,26452,72118,0.9
5d76667808720eec49d6d970a57145142b228634,8592,425,0,0.0,7.3,269434,3840,25232,42307,26452,72118,0.9
8474bf5415c6a7e76f0d9a9682399c9fa34d8a1e,8592,425,0,0.0,7.3,269434,3840,25232,42307,26452,72118,0.9
c05127e360ec6034e9fdbac158871d3e0f32939a,8589,425,0,0.0,7.3,269423,3840,25232,42301,26452,72109,0.9
fd875bbce1f76ac5c9eb985254235b997667ab82,8586,425,0,0.0,7.3,269429,3840,25232,42301,26449,72094,0.9
37f150263a2ed0f23d858ada4f0185033cb0cbfe,8586,425,0,0.0,7.3,269383,3840,25228,42297,26449,72094,0.9
563a0e472ab50d2d697e2f0415c80b68ad6b17bd,8669,424,0,0.0,7.3,273081,3916,25521,42829,26837,73869,0.9
95207b90794387278b3c98c886e421a695647baa,8586,425,0,0.0,7.3,269383,3840,25228,42297,26449,72094,0.9
da8d0cd9941353bf9d266092dbe5ce20644bc876,8669,424,0,0.0,7.3,273081,3916,25521,42829,26837,73869,0.9
133d0061a7a18a431b40ce7b688416a5f3f13a40,8609,424,0,0.0,7.4,272397,3897,25461,42732,26785,73150,0.9
27e6838c3bcef807950d0fce19c8b6a7321103f6,8586,425,0,0.0,7.3,269373,3840,25228,42293,26449,72093,0.9
1c65617fb1d25a26f54834ab36e42a1644629a91,8610,424,0,0.0,7.4,272493,3897,25477,42755,26786,73190,0.9
e368e89633276182250a50c970b953b2f5a464ea,8608,424,0,0.0,7.4,272396,3894,25472,42744,26772,73150,0.9
150b19e84aa0599b47c836b7c96a66d2a43d73de,8586,425,0,0.0,7.3,269383,3840,25228,42296,26449,72093,0.9
a321a0917a44dc42d436ed754467564f37541557,8586,425,0,0.0,7.3,269383,3840,25228,42296,26449,72093,0.9
344cafacbe8182598af7a48a802396a4d9467ae4,8586,425,0,0.0,7.3,269383,3840,25228,42296,26449,72093,0.9
457e89935278c05f0e796ed9e013bdf53ed66ea9,8586,425,0,0.0,7.3,269383,3840,25228,42296,26449,72093,0.9
c95842dbb381f8a8e295c9e43de16440a2d05164,8586,425,0,0.0,7.3,269383,3840,25228,42296,26449,72093,0.9
128114570eaa7bd9b1c9ca7761492a8a8eb92aa1,8586,425,0,0.0,7.3,269383,3840,25228,42296,26449,72093,0.9
1d74057890315372502b9a30cd3064b713af8bb2,8586,425,0,0.0,7.3,269383,3840,25228,42296,26449,72093,0.9
dce7b87632acabdcb1c0e1f6527eb3095e0c5992,8586,425,0,0.0,7.3,269383,3840,25228,42296,26449,72093,0.9
f8dfbb0ccc7b526b6fe479b0fbc47deb8d691451,8586,425,0,0.0,7.3,269383,3840,25228,42296,26449,72093,0.9
680481ccdfbeff973a5cc66a42e9ccba87f8ca64,8586,425,0,0.0,7.3,269381,3840,25228,42296,26449,72093,0.9
2c82cf7dfccd435be7f8de7346a937a27f2d0a9a,8586,425,0,0.0,7.3,269368,3840,25228,42296,26449,72093,0.9
27d9ce383640359924f98a4ccb66fb6f3f3140d2,8586,425,0,0.0,7.3,269368,3840,25228,42295,26449,72093,0.9
cf2a63580e1719f4c8a17f7d235ad0cd938bfc5e,8586,425,0,0.0,7.3,269365,3840,25227,42293,26449,72093,0.9
d6776e40084b54a00e658983519cd2eb118e72ee,8609,424,0,0.0,7.4,272379,3894,25469,42741,26772,73159,0.9
e79e0214cb4c0121fd8370b4074ed3d8f23934f4,8609,424,0,0.0,7.4,272371,3894,25469,42737,26772,73153,0.9
b14201f393648eb57cdbe4841b9b057823e21d47,8587,425,0,0.0,7.3,269469,3840,25244,42316,26450,72133,0.9
f28c2fec72c16c6b77be1b6ad7615562f5a5eecc,8609,424,0,0.0,7.4,272347,3893,25469,42729,26766,73142,0.9
9577d464a092596085bdc8f7c78ea3f482767246,8587,425,0,0.0,7.3,269445,3839,25244,42308,26444,72122,0.9
3b7934f5122833685acc6cd9bcff208f92ee9a6b,8578,424,0,0.0,7.3,269164,3839,25241,42303,26444,72071,0.9
25c2b3808a03a42c9d2cb2ca3e715b5f9ac043e5,8576,424,0,0.0,7.3,269141,3839,25239,42299,26444,72055,0.9
ea35f7ed5c1d6d2a6ede821f1481eb5088254d28,8574,424,0,0.0,7.3,269077,3837,25231,42288,26444,72045,0.9
8ad792c2876abb5c94b3c6393ee0ffce2117992f,8574,424,0,0.0,7.3,269069,3837,25230,42285,26438,72045,0.9
a941985c9938548fe70a1e3fcc7ef97705c8d530,8590,424,0,0.0,7.2,269753,3856,25290,42382,26490,72124,0.9
9a9b28bf098229dc912f2962178fef748577ff14,8590,424,0,0.0,7.2,269739,3856,25290,42382,26490,72124,0.9
cb69b2eca149ea8e738a65ec4397a4556d09962f,8589,424,0,0.0,7.2,269698,3856,25287,42379,26489,72094,0.9
85d45b959d70219c727b063d87ee7afc86cce492,8586,424,0,0.0,7.2,269644,3856,25281,42375,26488,72056,0.9
f81c3f3a44d3bd634f4f63fce83b0bcbaae86040,8586,424,0,0.0,7.2,269644,3856,25281,42375,26488,72056,0.9
33edc4f17084c222368ac97761c07cf0d9d16948,8586,424,0,0.0,7.2,269634,3856,25281,42375,26488,72056,0.9
9797e971fe1f45dd438f1dc3c58a15475666f71e,8586,424,0,0.0,7.2,269632,3856,25281,42375,26488,72056,0.9
5ee7d72a9313e98c208d7b42b7528bef9cc0655a,8586,424,0,0.0,7.2,269632,3856,25281,42375,26488,72056,0.9
de53cd8b0fd19fc0242b2b3fad43ed6f0aabc665,8586,424,0,0.0,7.2,269632,3856,25281,42375,26488,72056,0.9
d99bb3df364752cf5b182b6af96d014c421eb933,8586,424,0,0.0,7.2,269632,3856,25281,42375,26488,72056,0.9
ddf3da46acfcc31a15c59e0eba489aec10acf23a,8586,424,0,0.0,7.2,269632,3856,25281,42375,26488,72056,0.9
913e66e96586ee1fd30362f76c6d1ac6781bda32,8586,424,0,0.0,7.2,269632,3856,25281,42375,26488,72056,0.9
c96a06eba1b27300bef7a1900131b119f9b58c7c,8586,424,0,0.0,7.2,269632,3856,25281,42375,26488,72056,0.9
a4e9c9efa4ec79ca6e371141762c3da84718c65f,8585,423,0,0.0,7.4,271688,3891,25442,42676,26748,72965,0.9
3160602072c198728cca48e449984a4e596e7c37,8586,424,0,0.0,7.2,269626,3856,25281,42375,26488,72056,0.9
d3be69b349bcd5f297eb63bca3344f26cc024b5a,8586,424,0,0.0,7.2,269622,3856,25281,42375,26488,72056,0.9
5f875ea9581373eb720ff5335db72c5b4cf7c3b3,8585,424,0,0.0,7.2,269614,3856,25280,42374,26481,72046,0.9
55484cbfccdec370d90fb5ad3e7d630f6d69d136,8585,424,0,0.0,7.2,269615,3856,25280,42374,26481,72046,0.9
b20d63ef1f3e43646a82ddab61c3413ab575bb5b,8585,423,0,0.0,7.2,269608,3856,25280,42373,26480,72046,0.9
d606e11da5c6c1e14d3defe37d18efb3001cdf11,8585,423,0,0.0,7.2,269608,3856,25280,42373,26480,72046,0.9
467622aac6b62408c1f5861ddec2880cd74e88cc,8584,423,0,0.0,7.2,269601,3856,25280,42372,26480,72036,0.9
a613cae2f3d6d42e555575d46c142ef60ec30729,8584,423,0,0.0,7.2,269601,3856,25280,42372,26480,72036,0.9
1e59ab524a211d5c95c6e2bb55cf2f1990407945,8584,423,0,0.0,7.2,269605,3856,25280,42372,26480,72036,0.9
5f39404b076734d93c4437994f56280daaaabcd0,8585,423,0,0.0,7.4,271643,3890,25440,42674,26748,72965,0.9
e07e5e294b0bc96ada4ed868cfae1307b3872462,8568,423,0,0.0,7.3,268922,3837,25220,42275,26428,71967,0.9
e6e68f6b8486ecc81973ad1a8b90b874c85086fe,8568,423,0,0.0,7.3,268909,3837,25220,42275,26426,71967,0.9
83b4114a9fc81bddaae6e120da33ebef29a6d44e,8567,423,0,0.0,7.3,268888,3837,25221,42281,26426,71962,0.9
ee87c8d5c2671a36a2af30d71040804f4a2c87f9,8566,424,0,0.0,7.3,268863,3837,25219,42271,26426,71957,0.9
fd14e7b76f0cdc8cebf7db686a07a3b27a95fadd,8562,424,0,0.0,7.3,268786,3837,25217,42255,26426,71930,0.9
2cb12ff9a6444b69f6b7f1b3cac7532be93e6083,8585,423,0,0.0,7.4,271619,3890,25440,42670,26748,72965,0.9
dd94c1561ade672cc253eef79828f6d2daf5a676,8562,424,0,0.0,7.3,268786,3837,25217,42255,26426,71930,0.9
bde608ec3cf0cad32e2704e89e008a83bc27c46c,8560,424,0,0.0,7.3,268761,3837,25214,42251,26425,71924,0.9
3fa518505fc54be59e4306300891e54db4610240,8562,424,0,0.0,7.3,268746,3837,25212,42246,26425,71954,0.9
e92f85d980a80126f547cc3ea549c126034dde73,8562,424,0,0.0,7.3,268737,3837,25212,42243,26424,71954,0.9
fc6fbd60f9e5767fa98b347287145e6b69d8522d,8561,424,0,0.0,7.3,268731,3837,25212,42241,26424,71937,0.9
a01ac38cbf24bbeef62fe3289fe1e40b4ac0e92f,8559,423,0,0.0,7.3,268699,3837,25211,42236,26424,71916,0.9
4c67c26c8eb758b266caee5b5b00a7e9a37d8c7a,8559,423,0,0.0,7.3,268699,3837,25211,42236,26424,71916,0.9
15ec892cb896e886390000ac476c8c430f63adaa,8559,423,0,0.0,7.3,268699,3837,25211,42236,26424,71916,0.9
784edd7a85e95ef1512232a13182df6b251329d2,8559,423,0,0.0,7.3,268699,3837,25211,42236,26424,71916,0.9
0f336d87364abe6b685785a8a4ebc23a28fcb08c,8559,423,0,0.0,7.3,268699,3837,25211,42236,26424,71916,0.9
51f60139f04f4834c44c54c52c81258755903bd0,8559,423,0,0.0,7.3,268684,3837,25209,42234,26423,71916,0.9
6325a765bcf3dc4457c9e99a753b418c4657019b,8559,423,0,0.0,7.3,268664,3837,25209,42234,26423,71916,0.9
8a2dffd55e95d394aa05812d5948cae81fd1a3ed,8553,423,0,0.0,7.3,268507,3835,25192,42200,26397,71884,0.9
c7a69a60a882b49779af27967c78eade6227f6bd,8551,422,0,0.0,7.3,268333,3831,25192,42200,26341,71767,0.9
0f7a62a8ff2a2f3f66932cea4609ff06f90bb098,8551,422,0,0.0,7.3,268325,3831,25192,42200,26341,71767,0.9
40b805ee88e10bcb62511e0fb1162750cbe83d11,8550,422,0,0.0,7.3,268322,3831,25192,42199,26341,71761,0.9
24935b1bb0e3e569cdac1914e36e622264c74d46,8549,422,0,0.0,7.3,268305,3831,25192,42195,26341,71756,0.9
f95111029bb36b671021583f567213c99d65538a,8549,422,0,0.0,7.3,268291,3831,25190,42191,26341,71756,0.9
642f741dba4e8731c0fe8a1d73f35638936c6ad7,8549,422,0,0.0,7.3,268291,3831,25190,42191,26341,71756,0.9
f35ac093539a1e49dd371bab5b8c6b38dc214cac,8573,422,0,0.0,7.4,271111,3884,25411,42599,26660,72883,0.9
a758a1e7e0efd5d9465cde6088c04f25fa11aa4a,8549,422,0,0.0,7.3,268276,3831,25188,42184,26338,71756,0.9
85bc6ea47230b682d088047965475191ad645460,8549,422,0,0.0,7.3,268221,3830,25181,42172,26337,71756,0.9
04d132fee1cf23f6c0eada7131c9b5ab18b8ded7,8521,419,0,0.0,7.4,268951,3870,25066,42144,26386,72404,0.9
c4702142bffaf39d8a58578c35de89db65cf7bb6,8548,422,0,0.0,7.3,268220,3830,25181,42170,26336,71746,0.9
9af6fbf1d0d1456c18bd23bc10e447589616e98c,8549,422,0,0.0,7.3,268121,3830,25168,42146,26334,71753,0.9
391d3cdb3581602177fff79a613e0a24874651a6,8550,422,0,0.0,7.3,268104,3830,25166,42143,26334,71755,0.9
ba308219c60e9faa943d85b1bbbbe0b7d1be30df,8523,421,0,0.0,7.4,268872,3869,25068,42134,26387,72406,0.9
eba976fec63eb1ccbedd5751162e2f2a888391df,8551,422,0,0.0,7.3,267954,3828,25148,42113,26294,71763,0.9
00d8a46cd54dff3687f32ade67c0bcddc3285e07,8545,422,0,0.0,7.3,267843,3828,25131,42082,26286,71721,0.9
c8ef10e8a5cc6d470aa66125887c2d39ded97947,8545,422,0,0.0,7.3,267832,3828,25130,42080,26285,71721,0.9
2031a4c531d3f0e3c97572d43e26cffc36225879,8545,422,0,0.0,7.3,267823,3828,25130,42081,26285,71721,0.9
2227f0b4aafc78b9fc2f6643d715a81fc558bd06,8523,421,0,0.0,7.4,268830,3869,25057,42124,26387,72406,0.9
a9a579929f563779b4b77f15c42c4806d8c89af7,8545,422,0,0.0,7.3,267814,3828,25130,42080,26285,71721,0.9
96662e0dc6e6a4b9d91fcee396c5bf53f8b1331f,8545,422,0,0.0,7.3,267814,3828,25130,42080,26285,71721,0.9
8ac29d1c82004b3ecb42ba875e86749a15d9d650,8545,422,0,0.0,7.3,267814,3828,25130,42080,26285,71721,0.9
d6661cf5018078738910a705a5d9bfbd5dcac541,8545,422,0,0.0,7.3,267814,3828,25130,42080,26285,71721,0.9
3d02e9c7892e8ab2becd906777ac8f698a1ebebe,8545,422,0,0.0,7.3,267814,3828,25130,42080,26285,71721,0.9
74315babbeb4513c8b4ded4b40b0c254060ae3ca,8532,422,0,0.0,7.3,266968,3827,24928,41877,26285,71596,0.9
f60ac914f463034df4a50e6f871ddfb146c3b541,8531,422,0,0.0,7.3,266638,3825,24888,41828,26282,71578,0.9
1b5ff0fc9b68da5b27a955b66190d2f5ea7c5457,8530,422,0,0.0,7.3,266619,3824,24886,41824,26282,71573,0.9
55a8940ad1a98d8ad78da67d8b73856768e09a53,8520,421,0,0.0,7.3,266450,3822,24876,41799,26280,71472,0.9
3fd0a5a922f42c8914a70d0a89134e9f55782dd9,8521,421,0,0.0,7.3,266447,3822,24876,41799,26280,71477,0.9
057dcb451202a5f8440a7405c9323b75bb19693a,8522,421,0,0.0,7.3,266440,3822,24876,41797,26280,71482,0.9
f750b66a31d2637545f98afa603daeb8865c58b9,8507,421,0,0.0,7.3,266132,3817,24844,41731,26066,71402,0.9
16a8aea896067ff2e24a3f3fed8f29573db6b92d,8505,421,0,0.0,7.3,266122,3817,24843,41729,26064,71377,0.9
0e77a42fa7e8030f61cc4a6fd578ebf7889a7ee1,8505,421,0,0.0,7.3,266122,3817,24843,41729,26064,71377,0.9
a948d544c212a5d689caf902ae81a06f30fe440d,8505,421,0,0.0,7.3,266122,3817,24843,41729,26064,71377,0.9
ed3a01716969342038663663fd8d3f6c62b5f71d,8505,421,0,0.0,7.3,266122,3817,24843,41729,26064,71377,0.9
e642e72ce80dfbb72db9f48791642507b75c9d3f,8505,421,0,0.0,7.3,266122,3817,24843,41729,26064,71377,0.9
1835a106c9d8f261bc9ea98e2b877a9c2b4790e1,8525,421,0,0.0,7.4,268838,3870,25058,42125,26388,72421,0.9
4604b8074ab8bc60ce3eac2a54ed0e54457fea58,8505,421,0,0.0,7.3,266122,3817,24843,41729,26064,71377,0.9
891277912add64efde92121c6a5428332bb70657,8526,421,0,0.0,7.4,268711,3864,25041,42085,26388,72426,0.9
ccf7b7b7dbe0d7f7f2891e580b4f655082c46fb7,8505,421,0,0.0,7.3,266122,3817,24843,41729,26064,71377,0.9
71ab4297221d19e63b6b97bb2cf2b2eedeac6f96,8505,421,0,0.0,7.3,266123,3817,24843,41729,26064,71377,0.9
30daba2d7467874f5bbd494dc1d6c5c3442ba039,8505,421,0,0.0,7.3,266123,3817,24843,41729,26064,71377,0.9
b1612b9269574be0a80c961167a9326d750cfc77,8523,421,0,0.0,7.4,268691,3863,25039,42081,26388,72417,0.9
54238c2c61630c86f1c15f01e5697c2a4575aa7b,8505,421,0,0.0,7.3,266116,3817,24843,41729,26064,71377,0.9
a588955a56f47353ddaff85dedd861ebfc17935d,7830,437,0,0.0,7.4,231551,3269,21725,36668,23380,66109,1.0
25772f572504ee0d81387562ec407c314045a22f,7830,437,0,0.0,7.4,231551,3269,21725,36668,23380,66109,1.0
2238da4bde01b35d43b54dd44ce636344578a216,8505,421,0,0.0,7.3,266116,3817,24843,41729,26064,71377,0.9
0f910b90e93141f98ae11cbfe36753378aaa5aea,8505,421,0,0.0,7.3,266116,3817,24843,41729,26064,71377,0.9
581defa2b4bd7b1dfa90d1a02026984815b30dc2,8505,421,0,0.0,7.3,266116,3817,24843,41729,26064,71377,0.9
c7bc74557cfa037d6209b10764233cf1ce32eef8,8505,421,0,0.0,7.3,266113,3817,24843,41729,26064,71377,0.9
9eec5973fc5261c8ad08103aee9e16e5313c3e16,8505,421,0,0.0,7.3,266110,3817,24842,41728,26064,71377,0.9
1f39543632ece617d3c17df3de5f2091bf7139bf,8505,421,0,0.0,7.3,266110,3817,24842,41728,26064,71377,0.9
71046bdd6fb83d08e411e9e4c8209065e54b784b,8522,420,0,0.0,7.4,268458,3860,25018,42031,26387,72412,0.9
ae4899a462b11c2ce84fba1326016204417664b2,8522,420,0,0.0,7.4,268444,3860,25018,42031,26385,72412,0.9
7661cab6f5ed5ab5401736c7c5e2ab85aed6dcc6,8522,420,0,0.0,7.5,268437,3860,25018,42031,26384,72412,0.9
25548c345bdfc1dcf222b68c2057cd472e2b74a0,8522,420,0,0.0,7.5,268430,3860,25018,42031,26383,72412,0.9
1697a331c3b1803cf9f288c39cc837995d2a2d29,8505,421,0,0.0,7.3,266110,3817,24842,41728,26064,71377,0.9
50798b99c756c38e8f856d816b1299fbf90195e1,8501,420,0,0.0,7.3,266060,3817,24835,41717,26064,71357,0.9
d798e7c3beef2d5c87faae191f161fd67f834908,8498,420,0,0.0,7.3,265852,3814,24817,41671,26063,71332,0.9
c57118658c89da09412cbd695f60ea0c3bdc1ec1,8522,420,0,0.0,7.5,268426,3860,25018,42031,26383,72412,0.9
2ffda4b23932b9dc4fe1ebdec2cc66d51a20a99c,8504,420,0,0.0,7.3,265883,3814,24822,41679,26063,71372,0.9
34eb252178f23475cb2f77d58061f5383edce007,8505,418,0,0.0,7.3,265644,3811,24795,41632,26060,71392,0.9
e98748580d535b97ef59504606e3c21fee322378,8523,418,0,0.0,7.5,268187,3857,24991,41984,26380,72417,0.9
da70e9097f8c4c796f4f3546f8f1e4699e9880b1,7830,437,0,0.0,7.4,231551,3269,21725,36668,23380,66109,1.0
16daf9527b1565a1a07f132067cf90e94e8d7add,8506,418,0,0.0,7.3,265644,3811,24795,41632,26060,71397,0.9
d2391d2abde386dbf6387d02667ed8f2cb23939c,8504,418,0,0.0,7.3,265611,3811,24791,41620,26060,71387,0.9
6580b0185cb39bae755b46e3f5a4fd779166f504,8504,418,0,0.0,7.3,265603,3811,24791,41612,26060,71387,0.9
0a27be1a3c1d22ea70b1ee1652e915bc16efaaea,8504,418,0,0.0,7.3,265535,3810,24788,41599,26047,71387,0.9
88e5a29c9059ce1533770237777c62e7b2e7d763,8504,419,0,0.0,7.3,265533,3810,24787,41597,26047,71387,0.9
66f18b2f5e174b2a05f4c25fdca1f2df30682800,8504,419,0,0.0,7.3,265533,3810,24787,41597,26047,71387,0.9
8f8a4a510574712524d6ffbf39311c290612c953,8504,419,0,0.0,7.3,265533,3810,24787,41597,26047,71387,0.9
d228ae0b792a21cee094ba256b59fb86b6ebe3b4,8504,419,0,0.0,7.3,265533,3810,24787,41597,26047,71387,0.9
3ade9b087684c7807035c0f845bef48b60ca854b,8504,419,0,0.0,7.3,265533,3810,24787,41597,26047,71387,0.9
7561ab45fe6b8f848fb0b842dc5e570121016041,8504,419,0,0.0,7.3,265533,3810,24787,41597,26047,71387,0.9
4820d357b072a2a71d0da64c8f101eae6479fcf3,8504,419,0,0.0,7.3,265533,3810,24787,41597,26047,71387,0.9
2277c5826bee1161e617ef6d490aee66ee5c05d2,8504,419,0,0.0,7.3,265533,3810,24787,41597,26047,71387,0.9
59758f4b5800407cfab43c7f47be7edbcb30554c,8504,419,0,0.0,7.3,265533,3810,24787,41597,26047,71387,0.9
8c2c672f8193985ee0f5c67f63a0be6e99fe8018,8521,419,0,0.0,7.5,268076,3856,24983,41949,26367,72407,0.9
e5d2a5798e5e6bf99bb5f42fc82b1741965ffa35,8504,419,0,0.0,7.3,265533,3810,24787,41597,26047,71387,0.9
5641c431fd6a888c9b2e384f458c299f606e24d2,8505,419,0,0.0,7.3,265533,3810,24787,41597,26048,71387,0.9
52e4e4e3019ba783ef2b116680fe93a5cac2f43a,8504,419,0,0.0,7.3,265493,3810,24784,41589,26047,71379,0.9
9b9688c6a28ba84f0df8b4c4f3c7df9029947eba,8514,418,0,0.0,7.5,267862,3853,24963,41895,26354,72318,0.9
7a41c55a774c45297102090e682c7a245a163dca,8504,419,0,0.0,7.3,265489,3810,24784,41589,26047,71379,0.9
1671332337caffe68d61a3afb47bc4277c7601ee,8504,419,0,0.0,7.3,265486,3810,24784,41589,26047,71379,0.9
a557480f70cf1ba20ff4f597de36f2ac87a2f991,8504,419,0,0.0,7.3,265486,3810,24784,41589,26047,71379,0.9
08727e8e270ce355a51417d9604dfd2954b6fe6b,8504,419,0,0.0,7.3,265482,3810,24783,41588,26047,71379,0.9
9c72fdea69e7f5a1bf034bf92bbcd7b808845a43,8504,419,0,0.0,7.3,265482,3810,24783,41588,26047,71379,0.9
c76e97dc616509fe6f6b2bef3ab922642af7cd06,8504,419,0,0.0,7.3,265455,3810,24780,41582,26046,71379,0.9
c22db81a8bd26fb1a1cd0e41b04cb0bbe421cec5,8504,419,0,0.0,7.3,265455,3810,24780,41581,26046,71379,0.9
6bd2174f01ef266c652845da5d7e520b6e486df6,8503,419,0,0.0,7.3,265420,3810,24779,41575,26045,71363,0.9
35fdf9d62c08f5d5cac45beb460b094e0cf6afa0,8503,419,0,0.0,7.3,265405,3809,24776,41569,26047,71363,0.9
5fb15a130d8f3b5503c93afbeb9892eaa0238f7a,8503,419,0,0.0,7.3,265405,3809,24776,41569,26047,71363,0.9
1511ca09912492309bc2a093863eb969223f84b2,8503,419,0,0.0,7.3,265391,3809,24774,41566,26047,71363,0.9
a0e43cbcfe5fb8fd54635ef93adb08bb7fa96a51,8503,419,0,0.0,7.3,265391,3809,24774,41566,26047,71363,0.9
b7fc2b9a6a6e281a3e2fdd32a3a41e83910173e1,8503,419,0,0.0,7.3,265391,3809,24774,41566,26047,71363,0.9
7b595b19bf5ac96065ce6bdba99607fc970d07a5,8503,419,0,0.0,7.3,265385,3809,24774,41564,26047,71363,0.9
35a6365d3f773a4452560458cef82a7dfdd4802d,8505,419,0,0.0,7.3,265359,3808,24769,41550,26034,71382,0.9
71cc51bf69df6bcef5222fd95ab8d8fe2f805c6d,8505,419,0,0.0,7.3,265355,3808,24769,41549,26034,71379,0.9
2e1fcef156994888994a070918ac81027fcb8230,8521,418,0,0.0,7.4,268179,3858,24972,41929,26371,72370,0.9
6777c073a1305d6314273eeea841768e5e6fef28,8500,419,0,0.0,7.3,265319,3807,24767,41543,26034,71333,0.9
865e683848f9fba5220463cb7e396c8048e86e09,8500,419,0,0.0,7.3,265313,3807,24766,41542,26034,71333,0.9
76d4982e1eefc599c069615f5f1b1d8b59e8bca5,8498,419,0,0.0,7.3,265303,3807,24766,41539,26034,71317,0.9
906517149b4fd2438b7eb313832cbdae8dda2728,8500,419,0,0.0,7.3,265301,3808,24764,41534,26028,71327,0.9
7d2a71fdaa68a414dcd2eae610379dc2a1e25682,8500,419,0,0.0,7.3,265176,3806,24753,41522,26011,71327,0.9
79fd8782a17578084b147633f67a67165a72bb72,8500,419,0,0.0,7.3,265176,3806,24752,41524,26006,71327,0.9
14b68d7cb06f5fb180a58059295d6d1fa17f3e68,8500,419,0,0.0,7.3,265176,3806,24752,41524,26006,71327,0.9
ae6e5077c8b00361d50f30499a3b86b85b8ff33e,8500,419,0,0.0,7.3,265176,3806,24752,41524,26006,71327,0.9
9139d086c445cd07f637dccae3230bd2d0a0074e,8500,419,0,0.0,7.3,265176,3806,24752,41524,26006,71327,0.9
c173ebd6c1c2a69a8921b2e040f6ace2258272bb,8500,419,0,0.0,7.3,265176,3806,24752,41524,26006,71327,0.9
53255e3f8e0cce46c0e6f9e5261ad24eb9d38509,8500,419,0,0.0,7.3,265176,3806,24752,41524,26006,71327,0.9
ce6e5a6eedd9c8916e90d31d2fe5b732789f546b,8500,419,0,0.0,7.3,265176,3806,24752,41524,26006,71327,0.9
978c8570921f70094e989eecec13d0ab9989bbee,8500,419,0,0.0,7.3,265176,3806,24752,41524,26006,71327,0.9
171e361a4d3f2da1cbe070674b18e3d9f6ae4d08,8500,419,0,0.0,7.3,265176,3806,24752,41524,26006,71327,0.9
50272d1e465f215518f7c5b0e554359b06e51124,8500,419,0,0.0,7.3,265176,3806,24752,41524,26006,71327,0.9
beeae06cccf3b87e3f551ef70c46d7eee49f2905,8500,419,0,0.0,7.3,265176,3806,24752,41524,26006,71327,0.9
01d0816b4c702325c0a925a41879b9d16d6e543f,8500,419,0,0.0,7.3,265176,3806,24752,41524,26006,71327,0.9
cbc20401330e843133912fdf65b766608777738e,8500,419,0,0.0,7.3,265176,3806,24752,41524,26006,71327,0.9
66eff807e6ddbd8f0541a5188606ecfcf32bc5bc,8500,419,0,0.0,7.3,265176,3806,24752,41524,26006,71327,0.9
c916b82ab5fbd2ad9afedbed453c36a2a9865564,8500,419,0,0.0,7.3,265174,3806,24752,41524,26006,71327,0.9
7c66d1a968d0388dc3fdbc8e2ff7ee54ffdc2c17,8498,419,0,0.0,7.3,265055,3804,24740,41508,26006,71282,0.9
f69bed98a7f869eacde4dec5c9ef22b0a8fd1f0b,8498,418,0,0.0,7.3,265035,3804,24740,41504,26006,71276,0.9
89f839809d3d10f2f9390478826b5cd526da9705,8498,418,0,0.0,7.3,265037,3804,24740,41504,26006,71276,0.9
faea68ad5d220a667bfaf1788679982b74272074,8498,418,0,0.0,7.3,265033,3804,24740,41504,26006,71276,0.9
75abb01bb4cbdffb5252e766e33204f641fb6f80,8498,418,0,0.0,7.3,265033,3804,24740,41504,26006,71276,0.9
dd44708ae7acdb0df7537177aaa0ac1038544a68,8498,418,0,0.0,7.3,265019,3804,24739,41500,26006,71274,0.9
b0cd466e94b661df41c28e5146592f44ce9fc1c4,8500,418,0,0.0,7.3,265067,3804,24743,41504,26008,71290,0.9
4930ffa95f6949ad394687e1a3aa5d33f9dbb335,8500,418,0,0.0,7.3,265067,3804,24743,41504,26008,71290,0.9
8fc0ed5fe6ae0518443df78a64c171be01012670,8500,418,0,0.0,7.3,265067,3804,24743,41504,26008,71290,0.9
0c11a0ddcfc607a1aa45ef2915479bc59f1e3e7d,8500,418,0,0.0,7.3,265067,3804,24743,41504,26008,71290,0.9
a80ad7f505ebe435e43dc2604419c0987b42924f,8499,418,0,0.0,7.3,265055,3804,24742,41501,26007,71285,0.9
20de8b22ffb2a23531f6d9494a4963fcabd52561,8568,420,0,0.0,7.5,267828,3851,24935,41865,26332,72286,0.9
808bc96edaca49b86dc5382a3826b079574d7aca,8496,418,0,0.0,7.3,265027,3804,24740,41492,25995,71270,0.9
44204000305b9ac40d51c3341dcff0d67cfba988,8496,418,0,0.0,7.3,265027,3804,24740,41492,25995,71270,0.9
9f0e1589a54c62e0997f0562e9113b75945f0a92,8496,418,0,0.0,7.3,265049,3804,24740,41492,25995,71270,0.9
ed6afe1ac34c0ddf5b3805254700488b7a7efb4d,8568,420,0,0.0,7.5,267827,3851,24935,41865,26332,72286,0.9
796e9ec9b68f3430f025797d286042dab3462396,8495,418,0,0.0,7.3,264968,3800,24730,41479,25995,71260,0.9
838b7c9c4b24b5ab3f93607cca4cd49ef7aed4de,8495,418,0,0.0,7.3,264454,3800,24730,41479,25995,71260,0.9
da9fbbdbf8b46a35af9a202f733b5c4d11f6b807,8495,418,0,0.0,7.3,264454,3800,24730,41479,25995,71260,0.9
86b5a3e59087e904f928f7cc77ec0aa8a832a233,8495,418,0,0.0,7.3,264452,3800,24730,41477,25995,71254,0.9
7f86a8cc564323bf4e398db2c739fe3e152bde7d,8495,418,0,0.0,7.3,264451,3800,24730,41477,25995,71254,0.9
0a7a960f39c13ec8658ebc388ee782648b136b1b,8495,418,0,0.0,7.3,264451,3800,24730,41477,25995,71254,0.9
8b65828767ece40aa54fee1bd155b3f7a6185fac,8495,418,0,0.0,7.3,264451,3800,24730,41477,25995,71254,0.9
471f44b52d979d50102618d12864006ceb1152e9,8495,418,0,0.0,7.3,264434,3800,24729,41475,25994,71254,0.9
c5f8ce64787cbb17628ac5176947d46a457ee0ee,8552,419,0,0.0,7.5,266684,3848,24897,41720,26131,72062,0.9
992abd2d342c520df842375dc75391ade799dee0,8480,416,0,0.0,7.4,263834,3798,24692,41336,25797,71117,0.9
9d9df821942c5261627cd5008d87b43a8fddcc6d,8552,419,0,0.0,7.5,266684,3848,24897,41720,26131,72062,0.9
0724e94da7fe3d1eebdb1dab928129ffcc0e4716,8500,412,0,0.0,7.5,262299,3763,24555,41242,25801,71472,0.9
6ddc26cac01d7dadf55288453a8fd97844048e69,8479,416,0,0.0,7.4,263825,3797,24692,41334,25794,71110,0.9
bdc0695d780142be49ef06b32170e03c53b88c09,8479,416,0,0.0,7.4,263818,3797,24692,41334,25794,71110,0.9
5f776a7a40e5853f466bbe6b5aee8d3ee69404c3,8480,416,0,0.0,7.4,263818,3797,24692,41334,25794,71125,0.9
acd4212f597813411b6634377f96ac2bb3888a07,8471,416,0,0.0,7.4,263583,3796,24647,41276,25792,71052,0.9
d711c0ca85b5fa0cc28bc33b5891201b04c5f534,8471,416,0,0.0,7.3,263370,3794,24635,41245,25790,71044,0.9
ac3509c4f107516a08291dd26030037e975ef79f,8467,412,0,0.0,7.3,263286,3793,24644,41231,25766,71004,0.9
87bc7e69d1f79578a0ab8ccd9a74694227ae5e5a,8467,412,0,0.0,7.3,263286,3793,24644,41231,25766,71004,0.9
120db0bf15e7a94c225ece528221903b5c8f04d4,8467,412,0,0.0,7.3,263286,3793,24644,41231,25766,71004,0.9
2c1ede9db0e230cae3ec232d21645c0f91bbb1ff,8467,412,0,0.0,7.3,263286,3793,24644,41231,25766,71004,0.9
868622e23724e41a43ec0640e9b9cad0edfab032,8467,412,0,0.0,7.3,263286,3793,24644,41231,25766,71004,0.9
ab85403d472cd9c4512e219caf7577e988e3d28a,8467,412,0,0.0,7.3,263286,3793,24644,41231,25766,71004,0.9
a59a378de5166356c14439ba566fc7eeb70c36f7,8467,412,0,0.0,7.3,263286,3793,24644,41231,25766,71004,0.9
25a08a2b40d9c49ae2ddbe65a7146f3a2ba819f4,8467,412,0,0.0,7.3,263171,3789,24636,41218,25761,71003,0.9
830c460c0a2db7ad6d5caed9a0b7e2890952da77,8466,412,0,0.0,7.3,263088,3784,24633,41213,25722,70978,0.9
3552347d44d700b7413650dc279c90a91cf25504,8465,412,0,0.0,7.3,262980,3781,24624,41198,25720,70957,0.9
fa8e09201f6bb8bdd7f52d1b833c35294e1a6871,8519,412,0,0.0,7.3,262942,3780,24622,41193,25721,71797,0.9
83240f5083833f502070d2fc2aa0cf4d0b04a1e4,8518,412,0,0.0,7.3,262808,3780,24607,41166,25715,71779,0.9
69bd2639f55976e3a248e08d40af2de327f4ead5,8516,412,0,0.0,7.3,262762,3774,24605,41164,25716,71739,0.9
4f86a3bbfc87745a532803ed6a970f4a9f639ae2,8515,412,0,0.0,7.3,262758,3774,24605,41164,25714,71716,0.9
335733b4fc82ab7168f3286d4e15c92eccdce601,8517,412,0,0.0,7.3,262745,3774,24605,41162,25714,71756,0.9
c9f8ae90d9cd1bf51d39f616ebe4b2638ae9ee59,8510,412,0,0.0,7.3,262318,3764,24586,41141,25665,71675,0.9
ace46c6465b2ac770956bc5272e3e8fd0da47817,8510,412,0,0.0,7.3,262313,3764,24586,41142,25665,71675,0.9
a1a83873d674bfd61c64d01f8833f58bfc771cea,8507,412,0,0.0,7.3,262280,3764,24583,41126,25662,71660,0.9
fb00a8a391195472a32695674a6f506636b90927,8507,412,0,0.0,7.3,262280,3764,24583,41126,25660,71660,0.9
9687e48949792f5580847b12ff8680b93b85bd2f,8496,412,0,0.0,7.3,261457,3740,24496,41073,25595,71542,0.9
8b323cd762acec8c9d1aa80a4ef07bb3bff90541,8496,412,0,0.0,7.3,261459,3740,24496,41073,25595,71542,0.9
53133eacf08753d613c821bd57396709e83494d3,8496,412,0,0.0,7.3,261459,3740,24496,41073,25595,71542,0.9
6e2299653d0c39de9b6dfdc092050d0524d07c25,8495,412,0,0.0,7.3,261449,3740,24496,41071,25594,71536,0.9
d37f4405288541745964f7653950fdc9e029121f,8495,412,0,0.0,7.3,261449,3740,24496,41071,25594,71536,0.9
e13126edf63a6e9b9d284f8285bdb9078e8a82f3,8495,412,0,0.0,7.3,261449,3740,24496,41071,25594,71536,0.9
1a0c61ae23e0bf3ebdf40dbbf0db0ec356e8a9a0,8495,412,0,0.0,7.3,261449,3740,24496,41071,25594,71536,0.9
316d9536180d708527fc6aa4b2b4bdc6a0d42e1b,8495,412,0,0.0,7.3,261449,3740,24496,41071,25594,71536,0.9
1138b9749259398506c6cda88cfe5ceef32e48b7,8495,412,0,0.0,7.3,261449,3740,24496,41071,25594,71536,0.9
6c8f79c889a373c26866b93652263ad3c402d609,8495,412,0,0.0,7.3,261449,3740,24496,41071,25594,71536,0.9
073a13dd9b7049638161c37ec3cd0dc0379e4694,8500,412,0,0.0,7.5,262300,3763,24555,41242,25801,71472,0.9
48bd823253abee73fa8c39dec0938b5affe7d374,8495,412,0,0.0,7.3,261445,3740,24496,41071,25594,71536,0.9
3fdd66752a66a5fcede2ec1df52276a6310e8ac7,8495,412,0,0.0,7.3,261428,3740,24496,41070,25594,71536,0.9
e3600af21a55e42e4c8f106cdf18d24c95467a4a,8446,413,0,0.0,7.3,261384,3739,24495,41069,25582,70748,0.9
f7c90572ecb58fd1e28569ef44e06cab26c807ca,8446,413,0,0.0,7.3,261384,3739,24495,41069,25582,70748,0.9
3adfbecf2562721981cbcc922611453e23018a73,8444,409,0,0.0,7.3,261129,3738,24472,41039,25580,70741,0.9
b7471424d9b72ffcb80583322a8992845a0a3b9b,8441,409,0,0.0,7.3,261023,3737,24458,41025,25578,70747,0.9
0678a09e67126f9cb21161dceec4ff99b98ae32c,8440,409,0,0.0,7.3,261020,3737,24457,41024,25578,70742,0.9
1729d5b69e8ce0fce48a39f1566c8618e6a0001d,8440,409,0,0.0,7.3,261020,3737,24457,41024,25578,70742,0.9
2d46677d9b4138d9746ffeffccde06e9bbae1c67,8440,409,0,0.0,7.3,261020,3737,24457,41024,25578,70742,0.9
817659bd2320810e1096785433a08bd7ef73a72c,8439,409,0,0.0,7.3,261017,3737,24457,41023,25578,70722,0.9
d6f9d8d38fb6ac804cb8375f4770079337279538,8439,409,0,0.0,7.3,261017,3737,24457,41023,25578,70722,0.9
742e035a8a1c3d7c13f8476b60ad12da7456851e,8435,409,0,0.0,7.3,260941,3735,24446,41011,25572,70712,0.9
1b838281a44cd5afec07ef3cd69eb42a36d935c2,8436,409,0,0.0,7.3,260803,3731,24444,41007,25558,70717,0.9
9aa6a9e08c12de264dc3d10932b6c69a55de5ab0,8425,409,0,0.0,7.3,260247,3724,24416,40938,25540,70565,0.9
2997fa6a2ed68a48f55f6ed994da9a459bbf3a09,8425,409,0,0.0,7.3,260183,3724,24410,40928,25538,70565,0.9
9b692fe5dfb6fa32d995423e2888c76fde9dee11,8446,411,0,0.0,7.3,260716,3738,24444,41022,25572,71036,0.9
a38b01089be0b5bfa4289ef59c1eba211ce0e2fd,8425,409,0,0.0,7.3,260183,3724,24410,40928,25538,70565,0.9
fbfd279ee97513e9ce62d08cb1a65fdc51f132a2,8425,409,0,0.0,7.3,260183,3724,24410,40928,25538,70565,0.9
0b62b40922943f3edad594916a3ce63ae9322232,8425,409,0,0.0,7.3,260183,3724,24410,40928,25538,70565,0.9
2a86ae7d9756a827338a87c2dc32352d3afa826e,8425,409,0,0.0,7.3,260183,3724,24410,40928,25538,70565,0.9
43bbf9f727fd2a9423e7e958a6bd0b3f0f89d6b1,8425,409,0,0.0,7.3,260173,3724,24410,40928,25538,70565,0.9
6e787b0bcdc0348766dc999c3e47333844fe8091,8425,409,0,0.0,7.3,260173,3724,24410,40928,25538,70565,0.9
f618016656e1a86f589d22640f5719d872a868f2,8425,409,0,0.0,7.3,260177,3724,24410,40928,25538,70565,0.9
092cb55744b722796b733d390a0fb0c6610d41ce,8425,409,0,0.0,7.3,260177,3724,24410,40928,25538,70565,0.9
cbb69a3fdfe66db6c8972d77b5239ba8decb0c9f,8425,409,0,0.0,7.3,260177,3724,24410,40928,25538,70565,0.9
13558a8e6a80efcc505a594ba6e5bba7020e739c,7830,437,0,0.0,7.4,231543,3269,21725,36660,23380,66109,1.0
559b13ae2e2281d4f01ae88701e7e0fef31bcb5f,8446,411,0,0.0,7.3,260715,3738,24444,41022,25572,71036,0.9
59832d45d460733bf5788ea11ab99a9e30e312e9,8425,409,0,0.0,7.3,260177,3724,24410,40928,25538,70565,0.9
736d9965db9c994692da41cc577f9a765db94ced,8446,411,0,0.0,7.3,260714,3738,24444,41022,25572,71036,0.9
d6e32f201bf2a5d163fc5848772cea4bd58c2147,8410,409,0,0.0,7.3,259440,3712,24350,40856,25464,70412,0.9
65c6fff2f3767c2910bd3bbca2f3898d15bac87f,7830,437,0,0.0,7.4,231543,3269,21725,36660,23380,66109,1.0
07f0ff86881de4be03326f15137d2689d5010828,7830,437,0,0.0,7.4,231543,3269,21725,36660,23380,66109,1.0
a7833d309611e30a47d85b3c697d6198f5a199b9,8410,409,0,0.0,7.3,259436,3712,24350,40856,25464,70412,0.9
129b4fa2fd5aea13a0365d696c83f723d69413c7,8410,409,0,0.0,7.3,259436,3712,24350,40856,25464,70412,0.9
b81c141486386b751d04cb6fa799bba9844f71ca,7830,437,0,0.0,7.4,231543,3269,21725,36660,23380,66109,1.0
302f57c7ee368fbe6aed413f236797730744be5e,8410,409,0,0.0,7.3,259436,3712,24350,40856,25464,70412,0.9
fe55491d4aa3c2087dd6bca7dd6a4cf564ed4a80,8457,407,0,0.0,7.4,259476,3711,24377,40878,25462,71165,0.9
ff4c1e867274f7e4e97b3aa3422ffb6a4ebfa52b,8501,409,0,0.0,7.3,260750,3737,24471,41044,25570,71879,0.9
d73aca88477be782bad09a1cffdbd8c3ff9fbaa9,8457,407,0,0.0,7.4,259476,3711,24377,40878,25462,71165,0.9
5308cc81bfb2eb22948b6287e279b4d807c5846e,7830,437,0,0.0,7.4,231539,3269,21725,36660,23380,66109,1.0
5cbd95b5d915e9ccad286532873a2b2d09510982,7830,437,0,0.0,7.4,231539,3269,21725,36660,23380,66109,1.0
7e3064f9b695fc1fa2d07ca062de2461f0d42650,8457,407,0,0.0,7.4,259469,3711,24376,40875,25462,71165,0.9
bc343997719b796c747b150ec01696da82010c9c,8457,407,0,0.0,7.4,259469,3711,24376,40875,25462,71165,0.9
6b1de07b9107ff09bfa32df39aae1b62aec3cefd,8457,407,0,0.0,7.4,259469,3711,24376,40875,25462,71165,0.9
718bdc1a65f4a6ce5d5eded40fcc50a00ed7ffda,7830,437,0,0.0,7.4,231544,3269,21726,36661,23380,66109,1.0
6df3b9742d4ece24946fb15a336d1310ab7ab2c1,8389,408,0,0.0,7.1,258082,3699,24326,40718,25394,70452,0.9
3656697203e886ff59f4cc1c99e9245d3893494c,8387,408,0,0.0,7.1,257996,3699,24311,40699,25394,70445,0.9
9e228013c1965c35440c53758b017a509cc70827,8387,408,0,0.0,7.1,257992,3699,24311,40699,25394,70445,0.9
350a17c9abf1358d4a89583b0f402e8cb1f64e94,8387,408,0,0.0,7.1,257992,3699,24311,40699,25394,70445,0.9
94a50e5d4e7f937ac3df4b12cdaa9bb1c45593ca,8387,408,0,0.0,7.1,257992,3699,24311,40699,25394,70445,0.9
7facd5be19ea80ffee05172931b589ddc90ace8a,8387,408,0,0.0,7.1,257992,3699,24311,40699,25394,70445,0.9
d4032660d5be0d133dc624c45af8c5a02caaef0b,8387,408,0,0.0,7.1,257987,3699,24309,40699,25396,70445,0.9
f0f01c36c3ae2bd2c620fbace66ea8616df7588e,8385,408,0,0.0,7.1,257957,3699,24305,40691,25397,70435,0.9
bc85a3f29a01e44fb415b0647ac755c319f3fcac,7830,437,0,0.0,7.4,231545,3269,21726,36661,23380,66109,1.0
412471a98f5503905960893ea9ddac70a7e197a8,8388,409,0,0.0,7.1,257935,3696,24294,40688,25400,70481,0.9
463ec03e510cb87577c2080ff3b4b7940c7ea42a,8264,410,0,0.0,7.0,257461,3693,24266,40646,25393,69544,0.9
93d146924aed71886bae14845c8ee280bd24aa04,8257,408,0,0.0,7.0,257345,3693,24262,40617,25398,69482,0.9
ffb28bc85e44a16d7aff61954e753b625cc9bab4,8257,408,0,0.0,7.0,257345,3693,24262,40617,25398,69482,0.9
85e1f971162420fc1292e0822d8533c1b96088fd,8257,408,0,0.0,7.0,257314,3693,24258,40612,25398,69482,0.9
f05662a66deb331008dbe02e8a0b3f4174820ad9,8257,408,0,0.0,7.0,257127,3692,24252,40581,25398,69482,0.9
3134056ac0fa32a229eada68e46b458bf07b3b41,8257,408,0,0.0,7.0,257132,3692,24253,40582,25398,69482,0.9
6841306146711162085228d3060049fc75ce7b3b,8253,408,0,0.0,7.0,257091,3692,24240,40569,25398,69402,0.9
3c518e9443ee209039efe3f1fb07e560087fa2fa,8261,407,0,0.0,7.0,257111,3692,24245,40572,25412,69477,0.9
1d282052ae18e71482e194dbeafdd78b09fb8215,8261,407,0,0.0,7.0,257111,3692,24245,40572,25412,69477,0.9
8efd069ded1bd1a9077eb85ccb23fdd9603a6b1c,8284,408,0,0.0,7.0,257086,3689,24240,40581,25418,69685,0.9
14eb09cb6858f28314069b18525e5b27d3693ab8,8283,408,0,0.0,7.0,257085,3689,24240,40580,25418,69680,0.9
aaa84c19ba71eea4a072096e05565ed2130ede60,8283,408,0,0.0,7.0,257085,3689,24240,40580,25418,69680,0.9
2297fb67be7aa79827ef986afc13434ba7bc122d,8283,408,0,0.0,7.0,257085,3689,24240,40580,25418,69680,0.9
87d1b1fcacb8cc1668c32bf830cd7f4b1de5574a,8283,408,0,0.0,7.0,257085,3689,24240,40580,25418,69680,0.9
9b01940d30e7821fa8dff88e87f2cac53c5fbe40,8283,408,0,0.0,7.0,257085,3689,24240,40580,25418,69680,0.9
01cef94d5e484ddf248aca99a9dead02198ed879,8283,408,0,0.0,7.0,257085,3689,24240,40580,25418,69680,0.9
308aea12ec0c1315522d18ececd2dc90e8c51ed5,8283,408,0,0.0,7.0,257085,3689,24240,40580,25418,69680,0.9
e3e7ce8dc2be0363db200af6e84e2812021b9f07,8283,408,0,0.0,7.0,257085,3689,24240,40580,25418,69680,0.9
d2f4ef124d9ba1c84f5ccbd3bf7b01c26afffbba,7766,437,0,0.0,7.1,230157,3257,21676,36504,23312,65454,0.9
53e009ea2fa42cd94c89c61fc61466a94250b0e4,7766,437,0,0.0,7.1,230157,3257,21676,36504,23312,65454,0.9
d11616c4bf5f164b7773dede501cef93e2bfa4cb,7766,437,0,0.0,7.1,230153,3257,21676,36502,23312,65454,0.9
5cd5b32b8ba74f27411aeecc4ae95f3963794d86,8284,408,0,0.0,7.0,257040,3689,24231,40571,25414,69700,0.9
9a4aadd9173a57dd9a44c1429637f34f78784848,8284,408,0,0.0,7.0,257016,3689,24230,40565,25414,69700,0.9
bbb151b0dce824b1cf07c1bb116f4a4632780c30,7766,437,0,0.0,7.1,230153,3257,21676,36502,23312,65454,0.9
bd57066e711bad5f8d7fd6067ac4b29d04266fed,8284,408,0,0.0,7.0,257005,3689,24230,40560,25414,69700,0.9
2324db0805c78e684e50e542396fa04104769527,8285,408,0,0.0,7.0,257002,3690,24233,40556,25414,69705,0.9
6ac8c83e51f73b1e53fb84f089ff0beb7d8ff3ff,8284,408,0,0.0,7.0,256992,3690,24232,40555,25414,69700,0.9
e3053618dd1b8f824f862c3d927ef3b69eb587da,8284,408,0,0.0,7.0,257025,3690,24231,40548,25414,69700,0.9
03647452d5a9b4dc2acafc531f4f26e45fef556c,8277,410,0,0.0,7.0,256881,3688,24212,40524,25406,69656,0.9
0ff44d3d75d4a5e8e5b86924dde07254a9667b67,7765,437,0,0.0,7.1,230156,3257,21676,36503,23312,65449,0.9
60799ec3d929dabcdc937cbd8e918cf1ad19889c,8278,410,0,0.0,7.0,256865,3688,24211,40521,25403,69661,0.9
5d1b68b99544c73067794e2325fba9a2f063a895,8278,410,0,0.0,7.0,256865,3688,24211,40521,25403,69661,0.9
fe03f26be428b18009c92ffe535413fe2a9bf676,8284,410,0,0.0,7.0,256837,3686,24213,40518,25400,69735,0.9
0d94d150539471c7640137c016f65ec8cf570e36,8284,410,0,0.0,7.0,256857,3686,24213,40518,25401,69735,0.9
04d4825b88f990f8b0e04bfb63edd04621c30861,8284,410,0,0.0,7.0,256853,3686,24213,40517,25401,69735,0.9
e8159e8de55df49ec028d576c0fe5e3b1c8a10f2,8289,410,0,0.0,7.0,256947,3686,24220,40531,25401,69786,0.9
912deb69a8ee5f043a222ddeb2eef1e23d46957f,8289,410,0,0.0,7.0,256944,3686,24220,40530,25401,69786,0.9
d974a5499e5f89d93f6e2e7203082f78ae23e74c,8289,410,0,0.0,7.0,256944,3686,24220,40530,25401,69786,0.9
5587b1c9cfea932ed4930af7745abf68686761b0,8249,409,0,0.0,7.1,254815,3652,23962,40205,25183,69572,0.9
4e7d7c3b5a661a8cd2895b458524a6470dfff095,8249,409,0,0.0,7.1,254815,3652,23962,40205,25183,69572,0.9
44faf75ba6415a7965c0571617b573aecc458d14,8249,409,0,0.0,7.1,254815,3652,23962,40205,25183,69572,0.9
2b5fdcc6c1bcb43c6d9eee248f1cf84deee9a307,8249,409,0,0.0,7.1,254815,3652,23962,40205,25183,69572,0.9
3b9727e62ddf3db5aff9cb54cc67112af16105e4,8249,409,0,0.0,7.1,254815,3652,23962,40205,25183,69572,0.9
52368e01e5a3e5fcc676b73be6416b14b5b25ec2,8249,409,0,0.0,7.1,254815,3652,23962,40205,25183,69572,0.9
26df207f9480bffaeed24bcbb66a54ac9fbabb00,8249,409,0,0.0,7.1,254815,3652,23962,40205,25183,69572,0.9
e49ca86223a144abfad58c9abcff31d5997c6ef9,8249,409,0,0.0,7.1,254815,3652,23962,40205,25183,69572,0.9
9787c789fa090a82bc319d9387319d4513548b83,8249,409,0,0.0,7.1,254815,3652,23962,40205,25183,69572,0.9
73a37f0df88105a6e8bf10db4bef78f0df345669,8249,409,0,0.0,7.1,254815,3652,23962,40205,25183,69572,0.9
cfe1840e4b21c7a28b186147b82db090ef5c08c4,8249,409,0,0.0,7.1,254815,3652,23962,40205,25183,69572,0.9
e2771be099777af25c7cb63aaf9d1909e3092705,8249,409,0,0.0,7.1,254815,3652,23962,40205,25183,69572,0.9
e29a8498a90d02217d1d3b49da72412dbd04976f,8249,409,0,0.0,7.1,254815,3652,23962,40205,25183,69572,0.9
ce9991e69964f5dba92626dc9290a902da7eb075,8249,409,0,0.0,7.1,254815,3652,23962,40205,25183,69572,0.9
f8fe85ab0c12f9a62304933febc6f69aada8fd5c,8249,409,0,0.0,7.1,254815,3652,23962,40205,25183,69572,0.9
694de269500f56fcb974eda440205de2735cffad,8249,409,0,0.0,7.1,254815,3652,23962,40205,25183,69572,0.9
c2b809adac5681305a1d41530d49881448c57618,8249,409,0,0.0,7.1,254815,3652,23962,40205,25183,69572,0.9
c5938d48731133db9e957d7496470460fbbeac6b,8249,409,0,0.0,7.1,254815,3652,23962,40205,25183,69572,0.9
f5d1724a655ac20f3beb6a40376b1b07f544fd88,8249,409,0,0.0,7.1,254833,3652,23962,40205,25183,69572,0.9
f32da50a3baec660c993fc86972a9841b4924a4d,8261,409,0,0.0,7.1,254818,3651,23966,40202,25178,69718,0.9
77cbbcee3fd2f2650ffa61a7b352580fdefc47ff,8258,409,0,0.0,7.1,254663,3651,23954,40188,25178,69646,0.9
17887768d0ea4dbea61d0df0b86e72d58805777d,8254,409,0,0.0,7.1,254601,3651,23950,40183,25177,69600,0.9
5e87fee2aa2feee4585bd0996246e8640d0b51e9,8254,409,0,0.0,7.1,254601,3651,23950,40183,25177,69600,0.9
aeb2bec1d7e6a754eb6d6f52831a2c6dab76391f,8251,409,0,0.0,7.1,254566,3651,23943,40175,25176,69585,0.9
960f6523f99eb0785f4d7495f43dc1ed7163fd8d,8251,409,0,0.0,7.1,254566,3651,23943,40175,25176,69585,0.9
741b7854af74637461634572c0c1e8987494fc3a,8247,409,0,0.0,7.1,254465,3651,23932,40165,25111,69539,0.9
8fc267ba9b3cd6e519a0771b4eb80f623d3b6fa6,8202,408,0,0.0,7.1,254164,3647,23900,40123,25110,68966,0.9
547678e6848db8117d804d82e4e341eb13ed9cbe,8209,407,0,0.0,7.2,254534,3649,23921,40144,25117,68979,0.9
245f83bfa67943f699da484769072236e7281237,8207,407,0,0.0,7.2,254311,3645,23907,40122,25118,68973,0.9
0d430985a3efe88438e49ad3f935983f8bb59499,8206,407,0,0.0,7.2,254280,3644,23903,40118,25118,68963,0.9
0e57b84b6ec89261cf8a108e9045736d422c18be,8206,407,0,0.0,7.2,254280,3644,23903,40118,25118,68963,0.9
8c1057296710f04c45c5374b5b2182aed3b53a9a,8208,407,0,0.0,7.2,254269,3644,23903,40117,25116,68983,0.9
2d211d790f21a4e25ab4ef574b7e99f1530689cf,8208,407,0,0.0,7.2,254267,3644,23903,40117,25116,68983,0.9
a804501d267a2e4c9d3d2775e8c456f441426d57,8208,407,0,0.0,7.2,254254,3644,23903,40117,25116,68983,0.9
17f4b3336812127b333e6f827bd0395777143d4a,8208,407,0,0.0,7.2,254254,3644,23903,40117,25116,68983,0.9
2af3b6750b36e48819ce92a954b35e3af77d9be9,8208,407,0,0.0,7.2,254229,3644,23899,40110,25115,68983,0.9
e54494024a52a3a47de6bfc7e6c1abd4650bcf7b,8208,407,0,0.0,7.2,254229,3644,23899,40110,25115,68983,0.9
fe22d8723af78cad917c98b10345889ee67d57ba,8208,407,0,0.0,7.2,254229,3644,23899,40110,25115,68983,0.9
1435c23e9259834f502ff9a9cb4328e341195bed,8208,407,0,0.0,7.2,254204,3644,23898,40105,25113,68983,0.9
20a713faf5d093ce2ecd2ed0d562fc0213b6ec32,8208,407,0,0.0,7.2,254204,3644,23898,40105,25113,68983,0.9
a0f4c6dc338f0acfd59919b499fde4a16cf7384b,8206,407,0,0.0,7.2,254113,3646,23900,40073,25100,68976,0.9
b967d3c1f83265f99b1b86303ccf4899ec4ee072,8204,407,0,0.0,7.2,254119,3646,23900,40076,25100,68956,0.9
f57dbcfae3506d499600d255cfb044ff097324f8,8228,407,0,0.0,7.2,254093,3646,23895,40069,25099,69006,0.9
b23bae38cce4c18d8f7122d208b3416ede6b73c0,7766,437,0,0.0,7.1,230140,3257,21675,36500,23309,65454,0.9
16c031a68c9d6a42c56e71e69ecab03b6962c290,8221,410,0,0.0,7.0,253409,3644,23818,39980,25164,69302,0.9
88853e0177ab252ea49cd3bf814b79c69f2de042,8227,407,0,0.0,7.2,254079,3646,23895,40066,25099,68991,0.9
89e271408d73256c3d99b43cbe1e89cade0c7737,8227,407,0,0.0,7.2,254053,3646,23891,40062,25099,68991,0.9
5a2114d1406882c1d2859bcc692fd22190a957e0,8227,407,0,0.0,7.2,254053,3646,23891,40063,25099,68991,0.9
26e59adea98ab61a9dca294f3ba33d6f503a3c70,8222,406,0,0.0,7.2,254012,3646,23888,40056,25092,68914,0.9
58d97e5b73d5f9f4353dc26afaf1e50d0ce22981,8222,406,0,0.0,7.2,253960,3640,23882,40050,25092,68914,0.9
35751cbfae8e6543f312bd3244448ed1d4df9eb4,7766,437,0,0.0,7.1,230149,3257,21675,36500,23309,65454,0.9
5d21a06e97f031b76bc74e38ee330a2bb53e1cd5,8222,406,0,0.0,7.2,253960,3640,23882,40050,25092,68914,0.9
7bf867eff50eaff6478e57741b0fdbdbef654151,8222,406,0,0.0,7.2,253970,3640,23882,40050,25094,68914,0.9
a0524215e532e5b0a32638b300c76c34b253c5b1,8222,406,0,0.0,7.2,253970,3640,23882,40050,25094,68914,0.9
28440f8dc5a2bb06156af775afd391f447b71481,8222,406,0,0.0,7.2,253970,3640,23882,40050,25094,68914,0.9
0e57e806a4994988f908efb01ecccf7dadfd85dc,8222,406,0,0.0,7.2,253970,3640,23882,40050,25094,68914,0.9
e7d3cf8ce639e47b90b70ac73a49865d9a91f0ef,8222,406,0,0.0,7.2,253970,3640,23882,40050,25094,68914,0.9
6faf548e2463693e70274015bc8d11d624c12f19,8222,406,0,0.0,7.2,253970,3640,23882,40050,25094,68914,0.9
c91affe875a7fc500500d2e5f874caed945afde7,8222,406,0,0.0,7.2,253972,3640,23882,40050,25094,68914,0.9
4a3172b80aa1402309fff8d0266bd3632d9bf81e,8220,406,0,0.0,7.2,253742,3634,23856,40007,25094,68899,0.9
318614005dfc65c17d7ecc376687af59a7d94dd4,8232,405,0,0.0,7.2,253438,3631,23838,39970,25091,69058,0.9
fd61fc382257f744bac63fd08a5ced9fc360fc4e,7766,437,0,0.0,7.1,230149,3257,21675,36500,23309,65454,0.9
12febcfbf505c926070686a4d4318812b1ed1938,8213,406,0,0.0,7.1,253170,3628,23799,39927,25089,68823,0.9
7b9e65ed064d2df2deb1ff510470d9151a0f200b,8213,406,0,0.0,7.1,253132,3628,23798,39924,25083,68823,0.9
27f18c5c53cf35b6b9ce813b60b8c4de3b72b437,8206,406,0,0.0,7.1,252853,3624,23774,39884,25083,68745,0.9
7b1199a98eca7da92f9773e048eaa30eded8b7e4,8209,406,0,0.0,7.1,252899,3626,23781,39892,25085,68790,0.9
92421ba6342d41a0bfdda9c80c21cac69062b66a,7766,437,0,0.0,7.1,230149,3257,21675,36500,23309,65454,0.9
95865b04616c7d8b4d6b20ac4232b9499006d7eb,8209,406,0,0.0,7.1,252874,3626,23781,39891,25085,68790,0.9
a9362790a3cc643e58162723faec96d68c0bb370,8209,406,0,0.0,7.1,252872,3626,23781,39891,25085,68790,0.9
0b6f2e4a8d045e137ce2b440e7fdd79941c57ec5,8206,406,0,0.0,7.1,252826,3624,23774,39883,25083,68745,0.9
8782df1ff7401eb45bcb6e0b14a5431a6ca63459,8219,410,0,0.0,7.0,253378,3644,23818,39977,25167,69162,0.9
3f8a16f0ac04b9f6bca18d48d13f8d0d0dc1fdf4,8203,407,0,0.0,7.1,252782,3623,23772,39881,25074,68746,0.9
08f3c6b0185438e43187390505c9639f9d66e60c,8203,407,0,0.0,7.1,252782,3623,23772,39881,25074,68746,0.9
01049311ace1dfc0cbead9aa3cf1e1038fc6db0d,8208,407,0,0.0,7.1,252739,3622,23769,39876,25073,68806,0.9
c283c4134794ed3d252855d38bde666c82d121c5,8208,407,0,0.0,7.1,252739,3622,23769,39876,25073,68806,0.9
feaa530589fdc39e76771cdacb65b4ec58e4b181,8208,407,0,0.0,7.1,252739,3622,23769,39876,25073,68806,0.9
bc383544e29b0cb6a45b07c8e41beb02d11f878a,8208,407,0,0.0,7.1,252735,3622,23769,39874,25073,68806,0.9
414785c05b5d3cb9691a2940c0e5fa17c69a52b3,8191,408,0,0.0,7.0,252365,3620,23748,39853,25066,68740,0.9
7bc8de4de936f6602c43192414c83d5d4425963c,8186,408,0,0.0,7.0,252139,3618,23725,39815,25057,68688,0.9
46aff44c2fe62d7670d3f524d0c881a53d5e6adf,8186,408,0,0.0,7.0,252139,3618,23725,39815,25057,68688,0.9
6296c4401d6be323de53dc310dffeba556836d50,8185,408,0,0.0,7.0,252098,3617,23721,39808,25055,68698,0.9
9a5726499fa740df1376c84e84ea8d338b54a7d3,8175,408,0,0.0,7.0,251639,3611,23675,39726,25057,68605,0.9
0862819991cb03141d93f8bebc84541ca39de847,8175,408,0,0.0,7.0,251639,3611,23675,39726,25057,68605,0.9
d574ab01f97033679d709e3e6c34b7de7be101bf,8175,408,0,0.0,7.0,251639,3611,23675,39726,25057,68605,0.9
2f4944e85385978e24486338cb41b4620ab00339,8175,408,0,0.0,7.0,251642,3611,23675,39726,25057,68605,0.9
06605365c51fd4e8bbec50a9aa1061408063e50c,8175,408,0,0.0,7.0,251637,3611,23674,39725,25057,68605,0.9
ec9eecfc821e6f56c5b1d1150d3a98a8509d969b,8170,408,0,0.0,7.0,251432,3609,23647,39688,25052,68581,0.9
af3f75acedd9e5ca964292b2f647a2766815367d,8170,408,0,0.0,7.0,251373,3608,23647,39688,25040,68581,0.9
f131a5d5b4dabfc5d9acf95846ac165145678980,8170,408,0,0.0,7.0,251367,3608,23646,39687,25039,68581,0.9
cb0cdafc5a5cf20e00adfa3ad026db8ced19e25f,8170,408,0,0.0,7.0,251364,3608,23646,39686,25039,68581,0.9
ae259ce21b6a93fb19a4e92213e51735c7d7b9d9,8170,408,0,0.0,7.0,251364,3608,23646,39686,25039,68581,0.9
f742e25ba23749fa901d5d90c37b5aa479e635aa,8170,408,0,0.0,7.0,251364,3608,23646,39686,25039,68581,0.9
48f31698092a1178f5a54f7878db6cab5a5acae4,8170,408,0,0.0,7.0,251364,3608,23646,39686,25039,68581,0.9
7d9e955cf888154c2d914688ca909545216b7b25,8170,408,0,0.0,7.0,251352,3608,23644,39684,25039,68581,0.9
1927e9206cb07a08e39ba1778e25f174c217fd00,7766,437,0,0.0,7.1,230124,3257,21675,36499,23309,65454,0.9
6b7a735a4d44d214e618ebc2ef341d03a0ebe1eb,7766,437,0,0.0,7.1,230124,3257,21675,36499,23309,65454,0.9
4f6528fb86a843b2308167ffd1e5faac22e33a4b,8170,408,0,0.0,7.0,251352,3608,23644,39684,25039,68581,0.9
d093579106bb4990e6795ecf6abe95bc08866460,7766,437,0,0.0,7.1,230124,3257,21675,36499,23309,65454,0.9
6cb053a8d6f8a402b0f81ca3790c4c81e5aea05f,8171,408,0,0.0,7.0,251341,3608,23643,39683,25040,68581,0.9
b19f89bef76b234ea0f80710356b0e9aae6a301a,8171,408,0,0.0,7.0,251341,3608,23643,39683,25040,68581,0.9
c76607dadcd2b777429ec490873ef135fcee5c55,7766,437,0,0.0,7.1,230122,3257,21675,36499,23309,65454,0.9
7a4bcde906e6687ed674b657d964d2caa94e661a,8171,408,0,0.0,7.0,251341,3608,23643,39683,25040,68581,0.9
91b7f5a1c865f072983f59aa8d894b78a12a1043,8171,408,0,0.0,7.0,251311,3608,23643,39683,25040,68581,0.9
13f53368bbe9e1368788c5bd0402f62132d25740,8171,408,0,0.0,7.0,251311,3608,23643,39683,25040,68581,0.9
c8e7ef7892bcead49f4b783c7d56afb5c145b9d2,8171,408,0,0.0,7.0,251311,3608,23643,39683,25040,68581,0.9
d061b29b390eba6c6e73d61496cf2e78badeb429,8171,408,0,0.0,7.0,251311,3608,23643,39683,25040,68581,0.9
a9bff0d6e951c3ebcbcb8e14fb3efcc2d59f1ba7,8171,408,0,0.0,7.0,251314,3608,23643,39687,25040,68581,0.9
c0574962ecf48cf7331daf7d3ce43027300ca14e,8183,408,0,0.0,7.0,251316,3608,23643,39695,25046,68632,0.9
8b063766c92d859c58dfc0da3c0a160cb41ef992,8182,408,0,0.0,7.0,251313,3608,23643,39695,25046,68630,0.9
df0241b6dde0463517be3f5fd6968ea0a2dd9cf0,8182,408,0,0.0,7.0,251312,3608,23643,39695,25046,68630,0.9
96dfd20c108550cf563aec317911195ae8c31cb4,8182,408,0,0.0,7.0,251312,3608,23643,39695,25046,68630,0.9
eeab34eb6780a332ead4d48c9b9932e07effd3e0,8182,408,0,0.0,7.0,251309,3608,23643,39694,25044,68630,0.9
69edf4ef8c158b95a0ce510bffdf17b3a4de1ec8,8182,408,0,0.0,7.0,251287,3608,23639,39689,25044,68630,0.9
e6ee6088bffec78c25bae6849e28aa0dada2d0c2,8182,408,0,0.0,7.0,251287,3608,23639,39689,25044,68630,0.9
03562680ee08effaca6b89b4b85902f9ba3e23e8,8170,406,0,0.0,7.1,250464,3589,23531,39504,24921,68568,0.9
a6ef8910ca7cc2332f23fd4f285d23afe9791849,8170,406,0,0.0,7.1,250468,3589,23531,39505,24921,68568,0.9
27c614ba1d1f90efe059ee25c7bb2772a5649ad5,7766,437,0,0.0,7.1,230120,3257,21675,36499,23309,65454,0.9
9ea60943493a79e8e4ddf38e0decfd232d7c8d8a,8171,406,0,0.0,7.1,250470,3589,23531,39505,24921,68573,0.9
9c644f180988016ec30db74ed3f869f221f46689,8171,406,0,0.0,7.1,250470,3589,23531,39505,24921,68573,0.9
b4f8c18a1d0d383453e34629a0d7683dfd4ec5fb,8167,406,0,0.0,7.1,250366,3588,23515,39483,24920,68556,0.9
d2d4f1e6cbfef76ee9472a0acbaae89c3fe79132,8167,406,0,0.0,7.1,250363,3588,23515,39482,24920,68556,0.9
338c32804e83052634045637cf51ff95fa54a89e,8167,406,0,0.0,7.1,250363,3588,23515,39482,24920,68556,0.9
5d50209404cc15f5b4a37258c80327eecd713310,8167,406,0,0.0,7.1,250363,3588,23515,39482,24920,68556,0.9
31635d5c433cddd5a1d4caf0cc84c49d53843daf,8167,406,0,0.0,7.1,250363,3588,23515,39482,24920,68556,0.9
e368fdeef6037855ea0d40cf22a95274703592b1,8167,406,0,0.0,7.1,250359,3588,23515,39480,24920,68556,0.9
ffb2bbbffc832997ee9a23f787bfb2b18acabca6,7766,437,0,0.0,7.1,230112,3257,21673,36497,23309,65454,0.9
179e1e78c09b8b5c5560420e418586ab9264b7f9,7766,437,0,0.0,7.1,230112,3257,21673,36497,23309,65454,0.9
569c3f5a36a1c389870ff39b80e9c306ab550a22,8167,406,0,0.0,7.1,250354,3588,23514,39479,24920,68556,0.9
234f1c64abb34cfc49bf233cbf37a4f6e2953857,7766,437,0,0.0,7.1,230107,3257,21672,36496,23309,65454,0.9
33951abe511ab32091fb51c7502b22e85897d011,7766,437,0,0.0,7.1,230107,3257,21672,36496,23309,65454,0.9
100a442a1f09c5a6095ca2990296b742724b10a5,8167,406,0,0.0,7.1,250331,3588,23510,39476,24920,68556,0.9
daf0d7ce3e5ada1c7fdd90eb98892b912733b0ac,8167,406,0,0.0,7.1,250331,3588,23510,39476,24920,68556,0.9
87eb3fdda812c6551ea0c77e89b0ef6809cde0b7,8167,406,0,0.0,7.1,250331,3588,23510,39476,24920,68556,0.9
982485038790ec9ce178635e0e17df2b114433e6,8167,406,0,0.0,7.1,250331,3588,23510,39476,24920,68556,0.9
ea7af7a29410e3eb2e0f49282fea1a68d7fb2ce8,8167,406,0,0.0,7.1,250325,3588,23509,39474,24920,68556,0.9
3fafcc47b1121554f92120577564794ec0ab4ae4,8167,406,0,0.0,7.1,250325,3588,23509,39474,24920,68556,0.9
80793ce41abb0cf46ca044f4abbae66e5545a446,8167,406,0,0.0,7.1,250326,3588,23509,39474,24920,68556,0.9
436e203283b52ee7d24fa383997dab6cb4f800be,8167,406,0,0.0,7.1,250326,3588,23509,39474,24920,68556,0.9
34cc45fb7a2f81f1ecd6756d2a358c4c6d58d4b2,7766,437,0,0.0,7.1,230084,3257,21668,36493,23309,65454,0.9
ae28d17897259c7acc87c4c1ca79293d3d06e983,7766,437,0,0.0,7.1,230084,3257,21668,36493,23309,65454,0.9
a8a8eda38f3a279a2661cb15b3285735ce5339d9,7767,437,0,0.0,7.1,230081,3257,21668,36493,23309,65464,0.9
ba14a201e71dbf0267d411943db30f69840d51b5,8168,406,0,0.0,7.1,250323,3588,23509,39474,24920,68566,0.9
8e3af257b1358b8484511f0a28c9ff78ac363bb6,7767,437,0,0.0,7.1,230083,3257,21668,36493,23309,65464,0.9
d0a1bd014331483c19208b831c4f6b488654a508,8168,406,0,0.0,7.1,250321,3588,23509,39474,24920,68566,0.9
14f2d79693bd9ee229fe9806ec4675bf9b76b2c0,7767,437,0,0.0,7.1,230081,3257,21668,36493,23309,65464,0.9
8d1152d86df52b1c36a069d5375b661b44a5f98d,8168,406,0,0.0,7.1,250225,3586,23497,39459,24920,68566,0.9
27420cf68acf9917ff982836ca3453b2616bd887,8167,406,0,0.0,7.1,250209,3586,23495,39455,24920,68560,0.9
6c557d1caf25467d203e71ec34644e68062a734d,8165,406,0,0.0,7.1,250151,3585,23485,39442,24920,68556,0.9
16c61c53c6caf8ac5710f85ce7ddb2592da52dc3,8165,406,0,0.0,7.1,250151,3585,23485,39442,24920,68556,0.9
11f45d872603ecb78dbafa6a2099329a08ad0458,7767,437,0,0.0,7.1,229985,3255,21656,36478,23309,65464,0.9
0a9b19c306c8ef34c1949e1634d03b4d0aa45904,8165,406,0,0.0,7.1,250151,3585,23485,39442,24920,68556,0.9
92a10515164c7cbeace15203805459f1f334f4f0,8162,406,0,0.0,7.1,250126,3585,23485,39440,24918,68544,0.9
d0b98b309006379e57be06ad8d0cda2d8920f760,8125,403,0,0.0,7.1,248548,3564,23363,39228,24866,68180,0.9
d3d8c54c74e5ff646213e3670c044387144ed1d9,8125,403,0,0.0,7.1,248548,3564,23363,39228,24866,68180,0.9
d7113006cadb0528e0565be174b991d6f923db35,8125,403,0,0.0,7.1,248578,3564,23363,39228,24866,68180,0.9
7277c159cf6cc614e7ef8d7a48067e9a57d88885,8125,403,0,0.0,7.1,248570,3564,23363,39228,24866,68180,0.9
516c61bc5ab7508c9d427927d8dfddcef05cebe7,7767,437,0,0.0,7.1,229985,3255,21656,36478,23309,65464,0.9
ea90151e456dccc7008546e3926389483e6297f0,8125,403,0,0.0,7.1,248553,3564,23360,39225,24864,68180,0.9
ba1085188884d696b008de249e007be6a5cb6be6,8125,403,0,0.0,7.1,248553,3564,23360,39225,24864,68180,0.9
66d6ffdbec73a62b1fa724e5b85f0acfeb5e7e82,8125,403,0,0.0,7.1,248553,3564,23360,39225,24864,68180,0.9
cbc1161983a1a833624b4e048766aaf1fb6f679b,8125,403,0,0.0,7.1,248553,3564,23360,39225,24864,68180,0.9
80621216c8871992f073d1ae57e8c54e7cce2358,8125,403,0,0.0,7.1,248553,3564,23360,39225,24864,68180,0.9
e81e7562115937c9f87572441c9046dbe643966d,8125,403,0,0.0,7.1,248553,3564,23360,39225,24864,68180,0.9
0351087891c61a3d9271c27837ee83f4f1feb173,8125,403,0,0.0,7.1,248553,3564,23360,39225,24864,68180,0.9
30de082266dde5e50609fe2e47eeaf188bb50664,8125,403,0,0.0,7.1,248553,3564,23360,39225,24864,68180,0.9
03838ad97e02be7389477a00c4b72c0c9ea11678,8125,403,0,0.0,7.1,248553,3564,23360,39225,24864,68180,0.9
ea6a3273d00ec11ad8375ac9a37c00c32c844619,8125,403,0,0.0,7.1,248553,3564,23360,39225,24864,68180,0.9
0c64ce7dd6054fd9e37a235e81a0be0467238bb9,8125,403,0,0.0,7.1,248553,3564,23360,39225,24864,68180,0.9
8eb77895fa556ad591ae5bf1660b49090d5ef586,8125,403,0,0.0,7.1,248553,3564,23360,39225,24864,68180,0.9
9830eda07f8bb591346503c01037393a9884ce07,8125,403,0,0.0,7.1,248553,3564,23360,39225,24864,68180,0.9
338e194ce247357c20f45d6208ea40016d2d29f9,8125,403,0,0.0,7.1,248553,3564,23360,39225,24864,68180,0.9
e24b284d5764f4035790c87bbd1086b11489776f,8125,403,0,0.0,7.1,248553,3564,23360,39225,24864,68180,0.9
7600d6c10944638059f47fc67c9091c43c1392cc,8125,403,0,0.0,7.1,248553,3564,23360,39225,24864,68180,0.9
675d1f6a78a6f287789db7a5fdb1c2515cf169fb,8125,403,0,0.0,7.1,248553,3564,23360,39225,24864,68180,0.9
c9f320fd396b905fb54cab1328823a886b397d07,8125,403,0,0.0,7.1,248553,3564,23360,39225,24864,68180,0.9
a21d04255a9aae791b526a43c560b9645d063b18,8125,403,0,0.0,7.1,248553,3564,23360,39225,24864,68180,0.9
b35312ae4951393751060ef3178500162de8252e,7764,437,0,0.0,7.1,229962,3255,21655,36472,23303,65434,0.9
4903cab55149145078543975d2a04a335438b77a,8125,403,0,0.0,7.1,248553,3564,23360,39225,24864,68180,0.9
cd3ef2a27f1dba60d4b952c74b2f0ae24752ba90,8125,403,0,0.0,7.1,248553,3564,23360,39225,24864,68180,0.9
48bc7165f7d81535db35ca8f4eee871261dfb034,8125,403,0,0.0,7.1,248548,3564,23359,39224,24864,68180,0.9
c272af38c65649ec5dd4348ccf73fb699fa976a2,8125,403,0,0.0,7.1,248417,3561,23341,39201,24862,68180,0.9
ef29a41e58497a2d0a64d52ba1da5e9758a82e8f,8122,403,0,0.0,7.1,248394,3561,23340,39195,24856,68150,0.9
3902dc7b363ff047b57b528fe383db956d99e5c7,8156,403,0,0.0,7.1,248392,3561,23340,39195,24856,68660,0.9
a293e7e7c86fc7b179159634cde9c32c752174fb,8167,403,0,0.0,7.1,248423,3558,23349,39193,24860,68918,0.9
10681947b664890870c661733df8a18c989092be,8169,403,0,0.0,7.1,248414,3558,23349,39192,24860,68922,0.9
6d6e3a5e9e1caa712308ea25ed6b8fef04d15c92,8166,403,0,0.0,7.2,248317,3558,23341,39182,24858,68884,0.9
34981c9606facf63000264a71d2a69b93afe2fd1,8165,403,0,0.0,7.2,248292,3558,23341,39176,24857,68879,0.9
dc74f131a73eb2607d3d473496decac36acadb1a,8162,403,0,0.0,7.2,247946,3552,23290,39108,24766,68880,0.9
ed9e26f0176610e49bc0c8deba9788b7ae1147b5,8167,403,0,0.0,7.3,247440,3545,23255,39057,24723,68980,0.9
15f5b0e950402de9e459290e1c91ad2b1b6f9ec4,8170,403,0,0.0,7.3,247428,3545,23254,39060,24723,68992,0.9
548369311919dd83e87c792808b34ab0ecded5c6,8186,403,0,0.0,7.3,247412,3545,23254,39062,24724,69047,0.9
12c8ea19cc834f2ecb0ac7020b217f89e0bfa272,8171,403,0,0.0,7.3,247089,3543,23226,39020,24721,68976,0.9
32ada2487d570e675a1811e7a4bd9332373bfe6e,8173,403,0,0.0,7.3,247089,3543,23226,39020,24721,69001,0.9
53eeae310f1cea20c15139d2e9a579da5f96cb42,8173,403,0,0.0,7.3,247089,3543,23226,39020,24721,69001,0.9
2767e538afa324b377d7b45f8f288ea2d084578a,8173,403,0,0.0,7.3,247047,3541,23220,39015,24721,69005,0.9
7e51047cb084a9f9b09d934cf058074c534503f4,8173,403,0,0.0,7.3,247047,3541,23220,39015,24721,69005,0.9
e74c6381fb9ac676607d8495e4e3d98c828344d1,8173,403,0,0.0,7.3,247047,3541,23220,39015,24721,69005,0.9
f8f89f2a712b8cc61f542c19f24e410e650eb8da,8173,403,0,0.0,7.4,247047,3541,23220,39015,24722,69020,0.9
4be3c796cc0be52daa21b70c4cbb48413f3fe481,7764,437,0,0.0,7.1,229946,3255,21652,36469,23301,65434,0.9
a70cc277008edeba7c5b800a66addfa8afb5f436,7764,437,0,0.0,7.1,229946,3255,21652,36469,23301,65434,0.9
c4d6f94b2ce16ead95880265749b2ffb9701ecc3,8173,403,0,0.0,7.4,247059,3541,23220,39015,24722,69020,0.9
f501be8cec698606fbe9ca3ced7a8820263c0aac,8174,403,0,0.0,7.4,247052,3541,23220,39015,24722,69028,0.9
57c58de0adeab8f3717ac78e69a9470060df748c,8170,403,0,0.0,7.4,246755,3539,23209,38979,24722,68988,0.9
a1dea63969d66129de4fdaec54bfbcc535e7ea1f,8170,403,0,0.0,7.4,246755,3539,23209,38979,24722,68988,0.9
7ac9949b4c66fd0f20420c93b09771940c947379,8170,403,0,0.0,7.4,246673,3538,23206,38970,24721,68988,0.9
8c786cdf01126cc559856968d211fa648788d4d2,8170,403,0,0.0,7.4,246673,3538,23206,38970,24721,68988,0.9
9497802ec338b4dde815c98546a8efbe8ee31873,8170,403,0,0.0,7.4,246663,3538,23206,38967,24722,68973,0.9
d2e9dcea33d60d34c2e9b67db731b00db6a0566e,8222,404,0,0.0,7.3,245054,3515,23079,38729,24601,69171,0.9
4ee5d0251bcfee4b889359e455e29df671f1c699,8247,403,0,0.0,7.3,244681,3521,23034,38695,24484,69319,0.9
9e38c48b685b6e47862f697add746b018c745ab0,7764,437,0,0.0,7.1,229945,3255,21652,36469,23301,65434,0.9
837b9c5515936ef16710743b54783f53c0581e4f,7764,437,0,0.0,7.1,229945,3255,21652,36469,23301,65434,0.9
5d070383a1452d0b637d00e1082b22f54712f0bb,8247,403,0,0.0,7.3,244681,3521,23034,38695,24484,69319,0.9
c041fa1f9331a96f65f5fe006f035d4679b41c04,8243,403,0,0.0,7.3,244641,3520,23025,38682,24484,69311,0.9
d57ad312994dc29d84ffc5b83768a784ae901d6c,8240,403,0,0.0,7.3,244665,3520,23035,38690,24475,69299,0.9
848edaa80fe4128adb9f8809f776272465b1d18e,8217,403,0,0.0,7.2,243781,3506,22948,38558,24439,69016,0.9
29d32afd79513330f3cd83a78b405b8b33cc6b91,7764,437,0,0.0,7.1,229942,3255,21652,36469,23301,65434,0.9
6db15f23d3ce23189a0cad0aa4aa8cf759553119,7764,437,0,0.0,7.1,229935,3255,21652,36466,23302,65419,0.9
d52c59b94c3eb5c5ee0dd057c367ceef6c3e2376,8221,406,0,0.0,7.2,243784,3506,22949,38562,24439,69010,0.9
c68faccd5625d677047983998558c6c61e17067b,7764,437,0,0.0,7.1,229942,3255,21652,36467,23303,65419,0.9
638b193c2c7a6ad96b651b686196345c24c89909,8221,406,0,0.0,7.2,243784,3506,22949,38562,24439,69010,0.9
e7925ceac7b58b9a739652e5011dff57b772bf96,8221,406,0,0.0,7.2,243784,3506,22949,38562,24439,69010,0.9
c5a03c94581e6a68443146ead2b632c34c2f6138,8218,406,0,0.0,7.2,243640,3503,22935,38547,24437,68995,0.9
671e0f8bb9b7ebb447314660eea062869283888f,8218,406,0,0.0,7.2,243619,3503,22935,38544,24437,69033,0.9
2897c856741ed7d642de170e6fca782eea92dc5e,8235,406,0,0.0,7.2,243585,3503,22933,38538,24453,69107,0.9
b62883c17792c60656c5959e9804438557b5dd31,8225,406,0,0.0,7.2,243038,3495,22880,38450,24413,68913,0.9
b2353ad9ff8d9faa92cbd7748c5df7242b5516a4,8181,407,0,0.0,7.2,242974,3495,22877,38446,24410,68189,0.9
57ab2819a35fcabe6c44d366e08843231443a8aa,8181,407,0,0.0,7.2,242974,3495,22877,38446,24410,68189,0.9
77a4e16ec37e083fce024b1bf33a919cd05c3635,8181,407,0,0.0,7.2,242974,3495,22877,38446,24410,68189,0.9
77724f3b7d86d3712abdcf34fdb6182c7b539976,8181,407,0,0.0,7.2,242974,3495,22877,38446,24410,68189,0.9
17258a996de283bd3931df473e4a6115ceb8be29,8181,407,0,0.0,7.2,242974,3495,22877,38446,24410,68189,0.9
3214940eb7abff07ea8da1b09f2fa4c44a8c2526,8181,407,0,0.0,7.2,242974,3495,22877,38446,24410,68189,0.9
067cb8d79b25fd4e4318cb32df0e26fe7b62553e,8181,407,0,0.0,7.2,242974,3495,22877,38446,24410,68189,0.9
6a8ae5c61e631f12eb20323936a0fa7587a30721,8181,407,0,0.0,7.2,242974,3495,22877,38446,24410,68189,0.9
02a59e2f4074889500ea29130b82aa80ced44d5e,8181,407,0,0.0,7.2,242974,3495,22877,38446,24410,68189,0.9
10e7162268597fbee8e9e42db996969f10346cfa,8181,407,0,0.0,7.2,242974,3495,22877,38446,24410,68189,0.9
c43b631df133f840cd32825650ede8600d54a7f8,7977,406,0,0.0,7.3,239436,3405,22446,37850,24268,66724,0.9
a8bbc234d94f068bc696c65ee0beb668d57ccbce,7977,406,0,0.0,7.3,239436,3405,22446,37850,24268,66724,0.9
0731ebd769dbb2224f11ad8d73f928e14dc360c8,7764,437,0,0.0,7.1,229942,3255,21652,36467,23303,65419,0.9
52611099ab6ece07e64b19dfbd1dd13b05d4b865,7764,437,0,0.0,7.1,229942,3255,21652,36467,23303,65419,0.9
f8980fe136bfcbe7d547cf6f04a1fc520a0b1da7,7977,406,0,0.0,7.3,239436,3405,22446,37850,24268,66724,0.9
5c0002c3174ea9e04c710f8386180a720ed2b72e,7977,406,0,0.0,7.3,239436,3405,22446,37850,24268,66724,0.9
62509fb40f607775920797c968d182ee6d45326d,7764,437,0,0.0,7.1,229942,3255,21652,36467,23303,65419,0.9
c6cf17ec4a3efaba599a472b9af8ed8f8ec940a5,7975,406,0,0.0,7.3,239339,3404,22431,37835,24267,66714,0.9
186fd5c13faae0cd8b922195e527f58f894b66f3,7975,406,0,0.0,7.3,239368,3404,22434,37840,24268,66714,0.9
6b6a3c90e112a87f7745101d91cc3fb1020eda00,7975,406,0,0.0,7.3,239368,3404,22434,37840,24268,66714,0.9
976dc25bb9dbafd782c0341d11c3f5b0bdab7e7f,7764,437,0,0.0,7.1,230067,3255,21652,36467,23310,65419,0.9
e780b3d5c1cfcd290f4ffd2ca3533f19f6b6a36e,7975,406,0,0.0,7.3,239360,3404,22434,37840,24268,66694,0.9
3995bfc98a8b3d19e7adf98e3529b8b4fa98f3d0,7975,406,0,0.0,7.3,239360,3404,22434,37840,24268,66694,0.9
dc068918b31309c435c6a342626d89543fd11e5f,7764,437,0,0.0,7.1,230096,3255,21655,36472,23311,65419,0.9
db74a61a34abe345846d0ac59f290cce4f8e4175,7764,437,0,0.0,7.1,230067,3255,21652,36467,23310,65419,0.9
64ca1b0dd53e46e5fb98444b492a84bba3c99428,7764,437,0,0.0,7.1,230096,3255,21655,36472,23311,65419,0.9
5c0ed0c1dac445b1f3c47fda6e8b819f123bda2f,7967,406,0,0.0,7.3,239136,3395,22400,37801,24251,66660,0.9
6c062586b4347f0e75a5be246c2278c52544f23b,7967,406,0,0.0,7.3,239136,3395,22400,37801,24251,66660,0.9
08d278f3f59bd8b298a5a70b1123b3c0f2ed57c3,7967,406,0,0.0,7.3,239135,3395,22400,37801,24251,66660,0.9
7a774d21a6ea05ab6033ff9479f8bd35a78aeff3,7764,437,0,0.0,7.1,230096,3255,21655,36472,23311,65419,0.9
1dfd06b381f4f171efa1141afe79a8aa433ca987,7968,406,0,0.0,7.3,239119,3395,22403,37804,24244,66662,0.9
988768e589c703e2396b078657d81d6f9549735a,7764,437,0,0.0,7.1,230096,3255,21655,36472,23311,65419,0.9
5c6857623fac02231a35896555f1334f4b180087,7969,406,0,0.0,7.3,239112,3394,22404,37803,24242,66699,0.9
ee26eb865d78b969310cca3d8469af63429e5a8a,7765,437,0,0.0,7.1,230080,3255,21658,36475,23304,65421,0.9
d874a87303dc38a26903a1bc61380a2379b53551,7765,437,0,0.0,7.1,230080,3255,21658,36475,23304,65421,0.9
6d28a1a4b1c29034db2a0607db07e05c5544b09f,7765,437,0,0.0,7.1,230083,3255,21657,36474,23304,65421,0.9
59a62a66b2491d9b8359f0c230813ec4c387f12d,7755,437,0,0.0,7.1,230001,3255,21652,36456,23304,65211,0.9
0ad7e4041edcbfaed1ab9e38c2bc36457dab3d87,7749,437,0,0.0,7.1,229972,3253,21649,36452,23304,65164,0.9
e78a0b05e60346e4d105d550abfa49cd2b0154b5,7748,437,0,0.0,7.1,229974,3253,21649,36452,23305,65159,0.9
551ff4a374cdcf90fb80c2ef517f62485c3ed9d3,7748,437,0,0.0,7.1,229968,3253,21649,36452,23301,65159,0.9
e1baaae71b8f73fd248e7348c24f28554cf1b2e6,7955,405,0,0.0,7.3,238805,3390,22383,37736,24241,66485,0.9
ae98de212be458a5f1f011be5ebdd47da8d9a7e8,7955,405,0,0.0,7.3,238757,3390,22379,37730,24234,66477,0.9
2b945f8ccfc807f335039c9e872d1d2928bcc565,7956,405,0,0.0,7.3,238755,3390,22379,37730,24234,66482,0.9
5a27cb55b047b82d116a6e30153b7ff87f75d992,7956,405,0,0.0,7.3,238734,3390,22378,37724,24234,66482,0.9
b21baffa8c792716e33b6e6a5d0d38b48b7be06c,7748,437,0,0.0,7.1,229967,3253,21649,36452,23301,65159,0.9
9a80b03b175b19d6f3b98b8d99cdbdc1644a29aa,7748,436,0,0.0,7.1,229905,3253,21646,36439,23301,65159,0.9
82a29fcd674216fe9bea10b6efef3196929dd7ca,7747,436,0,0.0,7.1,229895,3253,21645,36438,23301,65151,0.9
3ad532fa0c9ddf99506d218ceb88874094c8c1bf,7953,405,0,0.0,7.3,238638,3386,22372,37714,24218,66449,0.9
0f6fc110ebab43795bd3bad65eec9db1e599e06b,8002,409,0,0.0,7.4,240722,3401,22562,38031,24400,66799,0.9
e6c6e299c30b859d3ba4cf0a34d552bd03bd6823,7953,405,0,0.0,7.3,238638,3386,22372,37714,24218,66449,0.9
13a9a93c4a708ad432ebf4c6a8b189a0bc93bd15,7953,405,0,0.0,7.3,238638,3386,22372,37714,24218,66449,0.9
a795d604fa3dabaa4eda9f113fe4d6b9be943abf,7953,405,0,0.0,7.3,238638,3386,22372,37714,24218,66449,0.9
3f90c4299bed4084ac5c41b46f778312de8bdfd4,7953,405,0,0.0,7.3,238638,3386,22372,37714,24218,66449,0.9
fa62779c5dea914e24e344a0eea0c4f4446328be,7953,405,0,0.0,7.3,238638,3386,22372,37714,24218,66449,0.9
fbf8681aa9da5e063d856d3ca4bfa956cc319e4b,7953,405,0,0.0,7.3,238638,3386,22372,37714,24218,66449,0.9
6ded7b23ffdd95cdf9b9bab27ed69ef57d0e4743,7953,405,0,0.0,7.3,238638,3386,22372,37714,24218,66449,0.9
0635bdc4cc03a72d3edd5fcc920c35a635b7b1a9,7953,405,0,0.0,7.3,238638,3386,22372,37714,24218,66449,0.9
e41f440eb9345e24af7bf0f816d5a7eb08980188,7953,405,0,0.0,7.3,238637,3386,22372,37714,24218,66449,0.9
f9d204ec298b706cc3bee9b853ec105fd2dd9193,7953,405,0,0.0,7.3,238637,3386,22372,37714,24218,66449,0.9
bef06c831352dd0af346857568d99e1f1337fccd,7954,405,0,0.0,7.3,238639,3386,22372,37715,24218,66459,0.9
502b4c86dffbc0de3863a5e41ed7b9f633450c1c,7954,405,0,0.0,7.3,238637,3386,22372,37714,24218,66451,0.9
8ca10c83d6cf4b3d021f476c8e22b388f8a138a0,7950,405,0,0.0,7.3,238531,3382,22359,37726,24215,66402,0.9
cc32ebefa1c9a96b03570073b7d6106ff1855740,8002,409,0,0.0,7.4,240750,3402,22581,38070,24393,66795,0.9
62e96dbcd00d45a0ac7c2bb2f3c62f56560f005f,8002,409,0,0.0,7.3,240876,3402,22581,38070,24400,66795,0.9
1ab11d34bff5cf3a977deebb7641f7d02a7570f0,8001,408,0,0.0,7.4,240723,3401,22562,38031,24400,66809,0.9
0eb0e01b39d425b2e0546c6dd46a851fa3026439,7749,436,0,0.0,7.0,229767,3251,21637,36408,23301,65167,0.9
7bb8fd7e8cbd5b67d6c86dcbc7c95f7e76002f58,8001,408,0,0.0,7.4,240719,3401,22562,38031,24400,66809,0.9
a11e639949778595be5029bfa2a4af4007ff28e5,8002,409,0,0.0,7.4,240722,3401,22562,38031,24400,66799,0.9
ffe4a24c4fb8a922af72b5652aed0ec21b067c5a,8002,409,0,0.0,7.4,240721,3401,22562,38031,24400,66799,0.9
e9ea101657f0fb4a02b46ba627170bfb1bfc201f,7996,408,0,0.0,7.4,240381,3392,22542,37996,24378,66757,0.9
42cd91d8cd3623a2c6a6057cae5fae98c3b32520,7996,408,0,0.0,7.4,240380,3392,22542,37996,24378,66757,0.9
bc55100c9e5a2847274b77b23f533d4a47f461e4,7996,408,0,0.0,7.4,240386,3392,22542,37996,24379,66757,0.9
d2db629c17c0b5287bde6e742542e46f3adb8bdc,7749,436,0,0.0,7.0,229765,3251,21637,36407,23301,65159,0.9
684484b8197fcd745401c1b0d3d818b08ed3d6f0,7749,436,0,0.0,7.0,229765,3251,21637,36407,23301,65159,0.9
e83fea7e697746c691e05133269e7a6d8b987e9d,7997,407,0,0.0,7.4,240298,3389,22526,37979,24378,66749,0.9
259f6e6f1fb2b62e94b9236d2f5af442051ea8c3,7997,407,0,0.0,7.4,240299,3389,22526,37979,24378,66749,0.9
32cd9761f936ab7daaa72cbe2c60c14cb6726ede,7997,407,0,0.0,7.4,240298,3389,22526,37979,24378,66749,0.9
a9eb92daf47085792488af07d3b3b6f404c9540d,7997,407,0,0.0,7.4,240298,3389,22526,37979,24378,66749,0.9
b427c6d028cefd07797e5f3f1f36e55f97d5f25f,7998,407,0,0.0,7.4,240292,3389,22528,37981,24378,66759,0.9
aaa52aabecea278c8f866c3a72fbddf9d6132281,7998,407,0,0.0,7.4,240291,3389,22528,37981,24378,66759,0.9
c7c3d4c95158b96ecdb03507937918efb1030036,7998,407,0,0.0,7.4,240292,3389,22528,37981,24378,66759,0.9
90ae7524c06935a810a4a26d1cbad43075f44d97,7998,407,0,0.0,7.4,240291,3389,22528,37981,24378,66759,0.9
2da1e1ffd55c5a9b3bf0f1c31667fb1352d74b34,7998,407,0,0.0,7.4,240291,3389,22528,37981,24378,66759,0.9
63e5bc00338d8066256b47353883b03b7fb975a9,7749,436,0,0.0,7.0,229770,3251,21637,36407,23302,65159,0.9
203970e550bdef462d43b45c39777ea26c22d70c,7749,436,0,0.0,7.0,229770,3251,21637,36407,23302,65159,0.9
0489702e1c1fdb62ad01bd30dc48a673656db500,7996,407,0,0.0,7.4,240162,3387,22519,37970,24376,66729,0.9
c0b257adaca4263cb4af359150b3f8012381331a,7749,436,0,0.0,7.0,229761,3251,21636,36406,23302,65159,0.9
a4249ec084789fa35b8e31aed5852223696d083b,7749,436,0,0.0,7.0,229757,3251,21634,36405,23301,65159,0.9
bd8cf6cf44e5edf9512d748b3a265ec8b9bafdf3,7996,407,0,0.0,7.4,240162,3387,22519,37970,24376,66729,0.9
0291075662ecf3593409dee21f271b145fb016b8,7996,407,0,0.0,7.4,240162,3387,22519,37970,24376,66729,0.9
5f68fd7458372b19c6807aaff6352733c42db286,7996,407,0,0.0,7.4,240162,3387,22519,37970,24376,66729,0.9
7ee6b1abf0ec9099d141c35c0af6d4acb0842b78,7996,407,0,0.0,7.4,240162,3387,22519,37970,24376,66729,0.9
9f0c57965bcb55636d12806e228efd6fbaab3635,7996,407,0,0.0,7.4,240162,3387,22519,37970,24376,66729,0.9
b7df96a80d4a153f412463060a5d00991204ce86,7996,407,0,0.0,7.4,240162,3387,22519,37970,24376,66729,0.9
0e84afbc870b855ab635c94b3b77c8badddff604,7996,407,0,0.0,7.4,240162,3387,22519,37970,24376,66729,0.9
bea64f87ba72b3006f3e0030395a4347b0bf8cbb,7996,407,0,0.0,7.4,240162,3387,22519,37970,24376,66729,0.9
f2e6ec9c21927d789df3fa28cc4533e0ad32015e,7996,407,0,0.0,7.4,240162,3387,22519,37970,24376,66729,0.9
7d7272b6bbf6510387131243b70f5b4b7abc1fae,7996,407,0,0.0,7.4,240162,3387,22519,37970,24376,66729,0.9
23a7bd967eb411e4349fb31d13dab3957c3b6a57,7996,407,0,0.0,7.4,240162,3387,22519,37970,24376,66729,0.9
62e5ff1faf0c114aa582b8a2e5c3093c3cc7b28a,7996,407,0,0.0,7.4,240162,3387,22519,37970,24376,66729,0.9
e2283b7914380e5fd115285d4f1754e57ebd7ada,7996,407,0,0.0,7.4,240162,3387,22519,37970,24376,66729,0.9
327d2cd6adba6e2d1b024f45c5cd5f651c44327a,7996,407,0,0.0,7.4,240162,3387,22519,37970,24376,66729,0.9
ef7c5187a464a7b3d944c37d8d723c26e69efc60,7996,407,0,0.0,7.4,240162,3387,22519,37970,24376,66729,0.9
e327f8ff7ceae1842e99a877909851e7963188d0,7996,407,0,0.0,7.4,240162,3387,22519,37970,24376,66729,0.9
b14de22b16c378302a6e9d96f5fb8c26ab6121e2,7996,407,0,0.0,7.4,240162,3387,22519,37970,24376,66729,0.9
937dcfedbb5de30564f75c87a48624ad88252e7e,7996,407,0,0.0,7.4,240162,3387,22519,37970,24376,66729,0.9
cdc2d85f2bd1543ad4f41d7a92befbfbf58ee711,7996,407,0,0.0,7.4,240162,3387,22519,37970,24376,66729,0.9
bce9082e3bad6d574af50e92338b67a19233ca2d,7996,407,0,0.0,7.4,240162,3387,22519,37970,24376,66729,0.9
34b92b08748c2886f1b81db13d87a2d7dedd3db6,8007,407,0,0.0,7.4,240150,3384,22512,37975,24375,66784,0.9
75fd3fea74ac4128b517287e84dd314a74f335d6,7749,436,0,0.0,7.0,229756,3251,21634,36405,23300,65159,0.9
4127c92db336cf18748a1710e9c4882218e4baef,8007,407,0,0.0,7.4,240150,3384,22512,37975,24375,66784,0.9
c79ed3bf04244cdc0ca70e59b1cda5f75f7cfbee,7749,436,0,0.0,7.0,229765,3251,21635,36406,23300,65159,0.9
db8dee1165812b8d2ff50f2da3899169b561c5bc,8007,407,0,0.0,7.4,240150,3384,22512,37975,24375,66784,0.9
c44873e9b2e2a9ecb0459dce6e85cdfc829b2300,8007,407,0,0.0,7.4,240150,3384,22512,37975,24375,66784,0.9
0f8972a298fbc79c6710f5a890f61687f3547687,7749,436,0,0.0,7.0,229765,3251,21635,36406,23300,65159,0.9
6154b1de0b18f3a4f7113d6dd9edf05e33ef3687,7749,436,0,0.0,7.0,229756,3251,21634,36405,23300,65159,0.9
7152528d77a8365e1707b1633f154a36d70e8d38,7749,436,0,0.0,7.0,229756,3251,21634,36405,23300,65159,0.9
86745090b2980ea804845c1c30d9d8b85c9c26a0,7749,436,0,0.0,7.0,229729,3251,21633,36404,23300,65159,0.9
47831a6b3f10fd80df059147f16abe3392e5afbc,8007,407,0,0.0,7.4,240150,3384,22512,37975,24375,66784,0.9
548db9861ffac386aefffd22cdfeb38076d34381,8007,407,0,0.0,7.4,240149,3384,22512,37975,24375,66784,0.9
8f3321b70b20cdf0a9c79799c02c48a2508e9e1f,8007,407,0,0.0,7.4,240149,3384,22512,37975,24375,66784,0.9
3effb3465e5a86a239189dbce47c498c0c9f833d,7747,436,0,0.0,7.1,229641,3249,21628,36396,23300,65129,0.9
e49663648ddedbcb055990628f9ecef95e6e6d3c,7747,436,0,0.0,7.1,229641,3249,21628,36396,23300,65129,0.9
edd7cf1d5b45b3132571733f9cba40ab5537ebb8,7979,403,0,0.0,7.4,239468,3378,22446,37888,24370,66441,0.9
47f7419d56744cd904960e4ec9a26928dd9a271c,7747,436,0,0.0,7.1,229641,3249,21628,36396,23300,65129,0.9
fe14026f684feaa981e393da427e654732bac888,7747,436,0,0.0,7.1,229641,3249,21628,36396,23300,65129,0.9
5d2cb7feb300017981edb2d0bfeb432b6bcd544e,7748,436,0,0.0,7.1,229622,3249,21630,36399,23300,65131,0.9
6e5c1f8665216ccda4b2eb8c0465882efe62dd61,7748,436,0,0.0,7.1,229619,3249,21630,36399,23300,65131,0.9
c71a05a58c9db46638417cc6ecee32be5508d92c,7748,436,0,0.0,7.1,229619,3249,21630,36399,23300,65131,0.9
4a2f26cc27aa187fb2a55db0ee9901a3b2ad1fd8,7746,434,0,0.0,7.1,229473,3245,21618,36386,23300,65107,0.9
e0ee1dc5e3cf0a0ebc9d9fb967b9f7b8716d8801,7980,403,0,0.0,7.4,239456,3378,22446,37888,24370,66446,0.9
fc8cd1cb99d233ff900e9de6020a3505b04ca0fa,7982,403,0,0.0,7.4,239381,3376,22444,37886,24355,66454,0.9
e933f57531586ae0d191280ac61288f521f22483,7982,403,0,0.0,7.4,239360,3376,22444,37886,24355,66454,0.9
26a11df4a69ef908465df401acc4e1c0d6b0b258,7982,403,0,0.0,7.4,239360,3376,22444,37886,24355,66454,0.9
b1535f1f096c3a989917bc63b3b7b4011b17c738,7983,403,0,0.0,7.4,239274,3374,22438,37866,24347,66456,0.9
cc3a81e15d157270001ccd7e2f1fc1a07217ebc4,7983,403,0,0.0,7.4,239274,3374,22438,37866,24347,66456,0.9
a9486f2c2e81a497db234603b74ce7c16e6eee8a,7983,403,0,0.0,7.4,239274,3374,22438,37866,24347,66456,0.9
f63293a8ca5330fcac6790db9b438fc352df6138,7983,403,0,0.0,7.4,239274,3374,22438,37866,24347,66456,0.9
f1b3e55b19910a3817d1bd6ff1a7b00876fa1283,7983,403,0,0.0,7.4,239274,3374,22438,37866,24347,66456,0.9
549837e0fec01328c893968007db6e6a28bc13f0,7720,432,0,0.0,7.1,228961,3243,21562,36309,23295,64751,0.9
e67ce6c3216f2d2c7bdc7c8cd707fa1fdd17d98f,7983,403,0,0.0,7.4,239274,3374,22438,37866,24347,66456,0.9
872be996bd0120c666e716661dc575d6e72822a5,7983,403,0,0.0,7.4,239274,3374,22438,37866,24347,66456,0.9
e8e5618ca61232b6fe076c209890abc6a714c53b,7983,403,0,0.0,7.4,239274,3374,22438,37866,24347,66456,0.9
45c19a5c3772375952811cfda03092f136e36bdc,7983,403,0,0.0,7.4,239274,3374,22438,37866,24347,66456,0.9
af5670be995423af3fe33ba6038a8d9149edac14,7983,403,0,0.0,7.4,239274,3374,22438,37866,24347,66456,0.9
f8d66c4774d4a79c04ecbb5724f5a9dedf486911,7983,403,0,0.0,7.4,239274,3374,22438,37866,24347,66456,0.9
2f30ba11b2e2309842271aee5c4b14e0a6cabfe5,7983,403,0,0.0,7.4,239274,3374,22438,37866,24347,66456,0.9
b45428325e104a937e42c70fc8fd3b169d6af5f7,7983,403,0,0.0,7.4,239274,3374,22438,37866,24347,66456,0.9
a23bb3f4426fb46a71877563c8703f57b17ce886,7983,403,0,0.0,7.4,239274,3374,22438,37866,24347,66456,0.9
04d0a900ab3d6799ad1e5961ba89cf3630b494d1,7983,403,0,0.0,7.4,239274,3374,22438,37866,24347,66456,0.9
571ad98012e61b4f8571451b70b1125d2a88f979,7983,403,0,0.0,7.4,239274,3374,22438,37866,24347,66456,0.9
cd7f3ddedb291f2bcce55477147412a1ad28c812,7983,403,0,0.0,7.4,239274,3374,22438,37866,24347,66456,0.9
4fe6213a40ded2508dfcbb7ff25290ede70d05c9,7983,403,0,0.0,7.4,239274,3374,22438,37866,24347,66456,0.9
aaafad80bec93ddb167ec613eb930749f5ec90ec,7983,403,0,0.0,7.4,239274,3374,22438,37866,24347,66456,0.9
f73eee9ffee24c98ee13349cdf8e81ceef0960fd,7983,403,0,0.0,7.4,239274,3374,22438,37866,24347,66456,0.9
4396634ccaa181fb10c4032eb5b2ec9c5ae63879,7983,403,0,0.0,7.4,239274,3374,22438,37866,24347,66456,0.9
bcde23a438d7979a0a9699869a82c8b8cb5b3061,7983,403,0,0.0,7.4,239274,3374,22438,37866,24347,66456,0.9
6310f440699e14a6637b9eb97d9e4d5a52c241a5,7983,403,0,0.0,7.4,239274,3374,22438,37866,24347,66456,0.9
3b1c1bae6a28b33551be5871552c71a8dd062bb4,7983,403,0,0.0,7.4,239274,3374,22438,37866,24347,66456,0.9
10030010a65d3f1fb30d3dd3b23d572dc645a500,7983,403,0,0.0,7.4,239271,3374,22438,37866,24347,66456,0.9
95e583ed7f8f9014cfc374b1ce81e46872c8b8b6,7983,403,0,0.0,7.4,239271,3374,22438,37866,24347,66456,0.9
4787ec7ab1bf6dddccaaf5befc9604226f0ce698,7983,403,0,0.0,7.4,239271,3374,22438,37866,24347,66456,0.9
9ffb8b81b96c03105fe76189517df3744e6a7a37,7983,403,0,0.0,7.4,239271,3374,22438,37866,24347,66456,0.9
aaed5b91f6300dea57d9530a99c06dc25543d8dc,7983,403,0,0.0,7.4,239271,3374,22438,37866,24347,66456,0.9
daa491a02208b8b9ac2c0cbbdf59b8fd654b978f,7983,403,0,0.0,7.4,239271,3374,22438,37866,24347,66456,0.9
71d03fdbfa110ee858868a057433a12c6867c75f,7983,403,0,0.0,7.4,239271,3374,22438,37866,24347,66456,0.9
32e94fe1c5e6374a29f79f249a5843d83e46c932,7983,403,0,0.0,7.4,239271,3374,22438,37866,24347,66456,0.9
e88d13eba9792af84f9c5970dc41371b1355a52a,7983,403,0,0.0,7.4,239271,3374,22438,37866,24347,66456,0.9
075d6b94a20d0285d06f00bae5ce14e0789db075,7983,403,0,0.0,7.4,239271,3374,22438,37866,24347,66456,0.9
7302d147c649745b0e42a74e45676498b29e541c,7983,403,0,0.0,7.4,239271,3374,22438,37866,24347,66456,0.9
fe6a6ecccec1d93cc173b5131a25ff470a028ef5,7983,403,0,0.0,7.4,239271,3374,22438,37866,24347,66456,0.9
944ef9bb73536105eacf50b389a693284c6b1377,7983,403,0,0.0,7.4,239271,3374,22438,37866,24347,66456,0.9
9fd1e8fe5fa58035d8e948a4951e557f1266b641,7983,403,0,0.0,7.4,239271,3374,22438,37866,24347,66456,0.9
3326eb43ea6043c462fb95be789953ca1859b5e5,7983,403,0,0.0,7.4,239271,3374,22438,37866,24347,66456,0.9
ffb1ee5b6287983759d72b0bb2e6bcb20adb4312,7983,403,0,0.0,7.4,239271,3374,22438,37866,24347,66456,0.9
e6c55d5ca69c185b60153c8ae3708adfe7d2e445,7983,403,0,0.0,7.4,239271,3374,22438,37866,24347,66456,0.9
75e10b51c7c724792b06945ba09e95cd25d116cc,7983,403,0,0.0,7.4,239271,3374,22438,37866,24347,66456,0.9
7439ae40b585ad2297153d636e7706fe922954ab,7983,403,0,0.0,7.4,239271,3374,22438,37866,24347,66456,0.9
1d8e896970a6b9e51d7cd94f2bc2580a22a1634c,7983,403,0,0.0,7.4,239271,3374,22438,37866,24347,66456,0.9
b456d23c88d59a9c5034ef3e319b49aa87185c14,7983,403,0,0.0,7.4,239271,3374,22438,37866,24347,66456,0.9
0fc93d03456210839d95093ec4f2677e8f35677e,7983,403,0,0.0,7.4,239271,3374,22438,37866,24347,66456,0.9
d28b2244eff738b1f8efa2a9f6e86b61f25b182a,7965,403,0,0.0,7.3,238308,3358,22323,37708,24315,66278,0.9
54bb2765a72d3faa76bb971b445c8e496c69decb,7965,403,0,0.0,7.3,238308,3358,22323,37708,24315,66278,0.9
83a8c008004c86bfe2df69b561a3d4f9bec7cd54,7965,409,0,0.0,7.3,238308,3358,22323,37708,24315,66278,0.9
19d3427f10874b986bc2b99090f8b169190f4554,7720,432,0,0.0,7.1,228960,3243,21562,36309,23295,64751,0.9
33d4288cb8f4bfa6f6847fb251570659f999dcfb,7720,432,0,0.0,7.1,228960,3243,21562,36309,23295,64751,0.9
704a08d0248a1cf9dc50fe3c76a943ad99de6122,7965,409,0,0.0,7.3,238288,3358,22322,37707,24312,66278,0.9
cbcbac9ce606ce5822791d0afb1ca95c7f29c6d1,7720,432,0,0.0,7.1,228960,3243,21562,36309,23295,64751,0.9
b1927e97bca51d8301385c5346e32849c0624c66,7965,409,0,0.0,7.3,238284,3358,22322,37707,24312,66278,0.9
0d749715efb93696178ee94e79341f58eec47078,7961,409,0,0.0,7.3,238193,3358,22304,37690,24305,66258,0.9
d2eb0ef4589b956d1648d6809cffd0a9966f5eb6,7961,409,0,0.0,7.3,238193,3358,22304,37690,24305,66258,0.9
4836bf79192f0da7ad964a838c7bc12f6d1ca2e9,7961,409,0,0.0,7.3,238190,3358,22304,37690,24305,66258,0.9
56ac4b81c1ae6a906023e59824e258f458f9c749,7961,409,0,0.0,7.3,238078,3356,22302,37683,24301,66251,0.9
a0986ef5e732579763d1444607ebcdc1ee52aed4,7961,409,0,0.0,7.3,238078,3356,22302,37683,24301,66251,0.9
f0e48de3ba14cc6b9307ce3b0c582e69d72abb6d,7961,409,0,0.0,7.3,238078,3356,22302,37683,24301,66251,0.9
64889459216e57e8258edc0435f662703037b062,7961,409,0,0.0,7.3,238078,3356,22302,37683,24301,66251,0.9
672691e58df5a63d2e5b7479670f926575df8284,7961,409,0,0.0,7.3,238078,3356,22302,37683,24301,66251,0.9
d279cf40521d4d8285103e5bdc1311702efec0d1,7961,409,0,0.0,7.3,238078,3356,22302,37683,24301,66251,0.9
71b69d4b9009eb1baf0f11b0d0b4969c5f601b41,7961,409,0,0.0,7.3,238078,3356,22302,37683,24301,66251,0.9
7485fa76497bf628ac3fea9e462318ebf4decf80,7961,409,0,0.0,7.3,238078,3356,22302,37683,24301,66251,0.9
673021e7e36e8117533d05b0a2a2c2eb60b241f7,7961,409,0,0.0,7.3,238078,3356,22302,37683,24301,66251,0.9
6e2a9cadbef94a36c3d8809b037b37bc22dd2211,7961,409,0,0.0,7.3,238078,3356,22302,37683,24301,66251,0.9
1f00ccb86a3aad9d0b1efd77d0584626bd8286c8,7961,409,0,0.0,7.3,238078,3356,22302,37683,24301,66251,0.9
73e445db7590f3a0a88269401deb8d7b5e87b0b7,7961,409,0,0.0,7.3,238078,3356,22302,37683,24301,66251,0.9
a75d4bae912c3fc5f1b8edba2173fdb54c1816a3,7961,409,0,0.0,7.3,238078,3356,22302,37683,24301,66251,0.9
bd98a16a0a0776dbe97eae16736ed877f97d181c,7961,409,0,0.0,7.3,238078,3356,22302,37683,24301,66251,0.9
032fb5ece974a50b27f10daa6307534549def2fa,7961,409,0,0.0,7.3,238078,3356,22302,37683,24301,66251,0.9
0c3fecd0c7d492d52f036cf4cd684c32ec2ce4f9,7961,409,0,0.0,7.3,238078,3356,22302,37683,24301,66251,0.9
1c67e7051adece036c2c65d6d17a8d749066074c,7961,409,0,0.0,7.3,238078,3356,22302,37683,24301,66251,0.9
688378c8fc3cedecc0bd64e794c7b5cf91f76604,7961,409,0,0.0,7.3,238078,3356,22302,37683,24301,66251,0.9
58ef088fad69b3822c1c821994ac5c626c0af87b,7961,409,0,0.0,7.3,238078,3356,22302,37683,24301,66251,0.9
d11fe5fb0d3a4f141d4aae165c2987d87aa9ffeb,7961,409,0,0.0,7.3,238078,3356,22302,37683,24301,66251,0.9
f0764b33b1968630a596c24d7889850b6e1939f8,7961,409,0,0.0,7.3,238081,3356,22302,37683,24301,66251,0.9
7d0d971621c71e4b3786052302787f0209354979,7961,409,0,0.0,7.3,238078,3356,22302,37683,24301,66251,0.9
d4b2accff1323398fabf82c7e3156f2aeaf0ad35,7961,409,0,0.0,7.3,238078,3356,22302,37683,24301,66251,0.9
e8f742a319b6d91f1d31a37bbd203dbf78300a12,7961,409,0,0.0,7.3,238078,3356,22302,37683,24301,66251,0.9
945914b5046f8982b62a6021000d423c122825a8,7961,409,0,0.0,7.3,238078,3356,22302,37683,24301,66251,0.9
9ab01f49d0c084dd6da12d9acd107dfababd3188,7720,432,0,0.0,7.1,228956,3243,21562,36309,23295,64751,0.9
0c1b7987c6f6122ecbe7e683a946995406d45175,7961,409,0,0.0,7.3,238078,3356,22302,37683,24301,66251,0.9
fd3fb63826a59239ea29a3d05e8672825b519f89,7961,409,0,0.0,7.3,238078,3356,22302,37683,24301,66251,0.9
664593c9dcf3c6c0ed813dc4b8c49d539388db49,8019,417,0,0.0,7.3,238407,3354,22301,37725,23866,66519,0.9
c80c8edf359259a97f12094b7832e4b735b35e87,8023,417,0,0.0,7.3,238335,3354,22293,37707,23870,66543,0.9
45e59887bb9a7362097bf8f9c6b64a390d9f2417,8022,417,0,0.0,7.3,238311,3354,22292,37698,23870,66538,0.9
04ce3397352aa485da0bd8bac962fc288e8c0aa4,7720,432,0,0.0,7.1,228956,3243,21562,36309,23295,64751,0.9
52c4b95466ab5b703d2912ddeb8e7426d079e93f,7720,432,0,0.0,7.1,228956,3243,21562,36309,23295,64751,0.9
92f7ac6656c68f298b31b2eccb02f5b4a9972c45,8022,417,0,0.0,7.3,238311,3354,22292,37698,23870,66538,0.9
b6c5a26606126e701d2070490beabf84112d0d26,7720,432,0,0.0,7.1,228956,3243,21562,36309,23295,64751,0.9
d5e9c58846b44476b25338dba742d9cc13f111c7,7720,432,0,0.0,7.1,228956,3243,21562,36309,23295,64751,0.9
8cc353962f5482f20ac2d31054707b4ca604a127,7720,432,0,0.0,7.1,228953,3243,21562,36308,23294,64751,0.9
71e0c46a4268c9bfa7e59dccb2163a4b08fb8936,7720,432,0,0.0,7.1,228955,3243,21562,36309,23294,64751,0.9
62ccf46dbec3c3c2c2f6d710042a9dd414a34dd8,8023,417,0,0.0,7.3,238294,3354,22291,37696,23869,66543,0.9
e0853ceead1b27db6862ebfdca494f0374d4bee5,8023,417,0,0.0,7.3,238237,3354,22290,37683,23868,66543,0.9
39eedea99f23dc073768679e8f528fb418de6933,8023,417,0,0.0,7.3,238237,3354,22290,37683,23868,66543,0.9
aff1ee6f0d84b89e985d9af0669aa6c6287bf05f,7721,432,0,0.0,7.1,228939,3243,21561,36307,23294,64756,0.9
03fde083b7ecd47be48b7a9577f845881c1350b2,7721,432,0,0.0,7.1,228939,3243,21561,36307,23294,64756,0.9
af1825e72b45352d3d8eb460773b6a204463ee74,8023,417,0,0.0,7.3,238237,3354,22290,37683,23868,66543,0.9
012a6ed49e106739d4530bbcee45a035d41c8a21,8013,417,0,0.0,7.2,238047,3354,22281,37647,23868,66461,0.9
a9fce6fa94bddfab1e3c76db5fedd69716f98896,8025,417,0,0.0,7.3,238236,3354,22290,37683,23867,66567,0.9
486b39f28d4ca30005c15e1fde852ec057a1148d,8024,417,0,0.0,7.3,238176,3354,22287,37672,23867,66557,0.9
e0971edcd98971c0ccc1da4164ce451448d11093,7721,432,0,0.0,7.1,228939,3243,21561,36307,23294,64756,0.9
cc6e1aea8949206be571ccc8d7719702679a4c72,7712,432,0,0.0,7.0,228801,3243,21554,36280,23294,64684,0.9
af55fc87e811e7027166a188f8773c56715b274c,8015,417,0,0.0,7.2,238046,3354,22281,37647,23867,66485,0.9
007b6bfd0b4ffca7c5e848bc68e50b3bd53546de,8015,417,0,0.0,7.2,238054,3354,22282,37649,23867,66485,0.9
5ccecc063ea25721c785522f279981d8e368053e,7712,432,0,0.0,7.0,228801,3243,21554,36280,23294,64684,0.9
52d9c7b80bbf1d65f6a17bc8ee52eea8447dbd4f,8015,417,0,0.0,7.2,238054,3354,22282,37649,23867,66485,0.9
c519eb47a3c971dbb31a00d75f7225be1f564523,7712,432,0,0.0,7.0,228801,3243,21554,36280,23294,64684,0.9
b38e23b5ce7629135ecf06209b79822836978265,8015,417,0,0.0,7.2,238054,3354,22282,37649,23867,66485,0.9
673375b9bf3200b23b52aaa84eab61ee148d6f6e,8015,417,0,0.0,7.3,237973,3354,22280,37636,23867,66485,0.9
ed8e7715774ca052588b8c4ecf1c0ab0b3c673c1,7712,432,0,0.0,7.0,228801,3243,21554,36280,23294,64684,0.9
b56687957e3dbb36d49a3da3f8959a53a953b1ae,8010,417,0,0.0,7.2,237672,3350,22253,37585,23867,66455,0.9
f9b27eddef0ea40f17314320ce38f4368e7ca1ae,8010,417,0,0.0,7.2,237668,3350,22253,37585,23860,66455,0.9
21b68b62bde125f80291e9226a6e1c22afdcf34b,7645,431,0,0.0,7.0,228476,3239,21527,36225,23294,63752,0.9
0a6d719606601d1b8ca38cb3d4bf8576b7c0cf00,8011,418,0,0.0,7.2,237617,3350,22252,37581,23836,66455,0.9
50e476aca7b75b8efe0c451966ddcd0ee6b29bdf,7645,431,0,0.0,7.0,228475,3239,21527,36225,23287,63752,0.9
a1356d93c795406fafd58b627381a639d8973506,8011,418,0,0.0,7.2,237618,3350,22252,37581,23836,66455,0.9
40827037e1a6b5c25c848c5f0f50d3d25c97551e,7645,431,0,0.0,7.0,228475,3239,21527,36225,23287,63752,0.9
3b248931e323b6dff15089af28e47239c46848a4,8011,418,0,0.0,7.2,237618,3350,22252,37581,23836,66455,0.9
c2e5438a43cf9235c3d79fb6bd6150ce3034e3e3,7645,431,0,0.0,7.0,228471,3239,21527,36225,23287,63752,0.9
46b01107189d6f3e306e9129bd2024086bfa15b5,8011,418,0,0.0,7.2,237623,3350,22252,37581,23836,66455,0.9
7a5680b559e73b461bda4b1b07586c0e06357391,8010,418,0,0.0,7.2,237634,3350,22250,37580,23840,66451,0.9
fe50ac5d794243f60f2e824314894e9a74977368,7645,431,0,0.0,7.0,228471,3239,21527,36225,23287,63752,0.9
9b2b71f022069242b344b474a412106a771b3b8c,7645,431,0,0.0,7.0,228517,3239,21529,36230,23291,63752,0.9
efb83f828540c87ce48b784c2b583aa637ced5e9,7645,431,0,0.0,7.0,228498,3239,21527,36226,23291,63753,0.9
f1cf9f21bfa07c823c8ec69fc76c020a23ef7b72,8010,418,0,0.0,7.2,237634,3350,22250,37580,23840,66451,0.9
f3afca8eaef1b2be5cfeb843ecf29d5d7e180fda,8010,418,0,0.0,7.2,237634,3350,22250,37580,23840,66451,0.9
2917e65ccdda5cd3b78cb9c339ed44bf86ab38ce,8010,418,0,0.0,7.2,237634,3350,22250,37580,23840,66451,0.9
7c305bbb682151e154eb5b13db0042e98f51f7e7,8010,418,0,0.0,7.2,237634,3350,22250,37580,23840,66451,0.9
f42f21bce8feec66e435f0d0e8f2a0f720fc26f2,8010,418,0,0.0,7.2,237634,3350,22250,37580,23840,66451,0.9
7237e8baae65271484f214f8f69c8fbda7f52bcb,8010,418,0,0.0,7.2,237634,3350,22250,37580,23840,66451,0.9
44fc2a6c2e469718f7c6584e582a11a02447c0b6,8013,418,0,0.0,7.2,237645,3350,22250,37583,23840,66516,0.9
a278feb372eb159944c92f67788c8000b22d4a76,8012,418,0,0.0,7.2,237490,3350,22245,37544,23842,66511,0.9
67993e168e4c152fca7dfe80a047ed625d87ff4d,8019,418,0,0.0,7.2,237505,3350,22245,37544,23842,66525,0.9
fc00efd7047d01c5fec4254549588d7dcfdf33d7,7644,431,0,0.0,7.0,228486,3239,21525,36224,23291,63748,0.9
84c1c35aaeca5a917e49c1184d19435416c11a78,7650,432,0,0.0,7.0,228474,3239,21525,36225,23287,63776,0.9
671c7ff9506982efa2054b3b8de0f97940bb1af5,7650,432,0,0.0,7.0,228473,3239,21525,36225,23287,63776,0.9
213363422e0981b1f227af61a01876b8adcadfda,7623,430,0,0.0,7.0,227842,3218,21475,36121,23283,63631,0.9
c06c11c75497d02c95d0d589ced3dc187edbb5db,7594,430,0,0.0,7.0,227447,3214,21415,36029,23266,63426,0.9
3d64f1192dee1a96e166609776cdb50e9ddd923b,7979,415,0,0.0,7.2,236519,3326,22136,37367,23818,66404,0.9
fbbca9d4053a869f631958055e045917b5cf2bef,7581,431,0,0.0,7.0,227346,3214,21410,36007,23265,63196,0.9
a20787379bf772394435bff4937866e1cf5a2ebe,7979,415,0,0.0,7.2,236513,3326,22135,37364,23813,66404,0.9
b7b7ddfc583dc9dded15082e12f11d0e3139d4b5,7979,415,0,0.0,7.2,236475,3326,22134,37363,23813,66402,0.9
d8e6dfa42a22e9c21697ad37709abec7ae33895b,7979,415,0,0.0,7.2,236475,3326,22134,37363,23813,66402,0.9
84b152f40c039a8321a88910e3e5c26cda5b29a3,7979,415,0,0.0,7.2,236463,3326,22134,37363,23813,66402,0.9
bbae7db0174e07120e915384bd9eac4eedddad7b,7980,415,0,0.0,7.2,236465,3326,22134,37363,23813,66407,0.9
889fbcce5a0658e4dae11d525aa1df40df248160,7581,431,0,0.0,7.0,227331,3214,21410,36007,23265,63196,0.9
0419f25ac2bc44c5c74815d9bf64ff4d52606d8d,7581,431,0,0.0,7.0,227331,3214,21410,36007,23265,63196,0.9
c2eef7b5ce7e0c2e6c09ceadd361ca75c43da0e4,7980,415,0,0.0,7.2,236457,3326,22134,37363,23813,66407,0.9
36c9edc8ed4aa0a3a1fd0f970dcf7656bb802f23,7581,431,0,0.0,7.0,227323,3214,21410,36007,23265,63196,0.9
4a1aa856ab5ac2a4e80a5646c5b2d78a59d66116,7581,431,0,0.0,7.0,227320,3214,21410,36005,23265,63196,0.9
4188b884b2cdbe8f5a4af9a04bc210a022efe045,7581,431,0,0.0,7.0,227305,3214,21409,36001,23265,63194,0.9
f16febe70dbd0b99cf764b7a7ef4a9bfbb9be6d7,7980,415,0,0.0,7.2,236315,3325,22127,37336,23813,66400,0.9
d66349f982e6668873f0edcec5d0bc8c6c28b97f,7581,431,0,0.0,7.0,227181,3213,21403,35980,23265,63189,0.9
32db2636bd0abec4512a3d80d1095869498447da,7581,431,0,0.0,7.0,227181,3213,21403,35980,23265,63189,0.9
4b4de1dd7419cd131b6f11844298ea016c9f7430,7899,411,0,0.0,7.2,235645,3321,22090,37219,23813,65828,0.9
e87d89635256a4106746c08fa824fba26f669ea9,7897,411,0,0.0,7.2,235557,3321,22086,37195,23813,65818,0.9
ad79c9e8fdf40e96cd6bf470991d445592049471,7897,411,0,0.0,7.2,235546,3321,22085,37193,23812,65818,0.9
ece5f4fb7455b9f38c89d6b756658bb3dac9dbf2,7581,431,0,0.0,7.0,227181,3213,21403,35980,23265,63189,0.9
2492881674272a53e708e974a83bea1034df763e,7897,411,0,0.0,7.2,235535,3321,22086,37192,23811,65818,0.9
4f5c245aea1e05da6ae9b5a94caa7cf90d92352d,7581,431,0,0.0,7.0,227170,3213,21404,35979,23264,63189,0.9
b8ea46d0389ec3bc4143c5d6df148fb6a72d033a,7897,410,0,0.0,7.2,235519,3321,22086,37191,23811,65815,0.9
34168e6d0e1bff11f433a7bca99686481c43dd18,7897,410,0,0.0,7.2,235514,3321,22086,37191,23811,65815,0.9
2765deb98d11e58788f629aa3b6237e790c0a0d6,7581,430,0,0.0,7.0,227154,3213,21404,35978,23264,63186,0.9
73969703b1f4407fce837de1816106eb53f7f03b,7579,430,0,0.0,7.0,227147,3213,21404,35978,23249,63147,0.9
854d85953d6421d19fa3e4bfc288d3f3a154010a,7575,430,0,0.0,7.0,227147,3213,21405,35977,23248,63125,0.9
3375f727e1bdf63f0bf25134842aef1eaaa819d8,7903,409,0,0.0,7.2,235490,3321,22087,37190,23795,65972,0.9
f03f374397b9710d16c9d5fd3842ab06cbd944ce,7903,433,0,0.0,7.2,235443,3321,22087,37182,23795,65972,0.9
2c6a933d3a2da31d14f2f166fdf5787f5dd3aa48,7572,430,0,0.0,7.0,227123,3213,21405,35977,23248,63105,0.9
f5df7edcdfbe3eed21e34700d7dc42e1bf925fa2,7579,431,0,0.0,7.0,227217,3213,21413,35998,23251,63122,0.9
0e4997b252027ec04037aa58609ece7c7d1236f3,7910,434,0,0.0,7.2,235534,3321,22095,37203,23793,65993,0.9
e86e6e3209b6452f4b0d2a0f108a46ac6d19c2d5,7910,434,0,0.0,7.2,235535,3321,22095,37203,23793,65993,0.9
1ecc00a713a0fc0e960918d267869e741273a665,7579,431,0,0.0,7.0,227214,3213,21413,35998,23246,63126,0.9
992e125a1a5f6b50178876d4fb25dee70c2c5ff1,7579,431,0,0.0,7.0,227201,3213,21412,35996,23246,63126,0.9
58131051c32e504d32c7bd0233b84a7071eb2031,7579,431,0,0.0,7.0,227201,3213,21412,35996,23246,63126,0.9
a7592e3bea848b3f8dfebeb8b51e827af813ec9a,7576,431,0,0.0,7.0,227201,3213,21412,35996,23243,63094,0.9
98c2f39090a02c80be4a1e8d7cad94390b62d14b,7576,431,0,0.0,7.0,227201,3213,21412,35996,23243,63094,0.9
0d02c79542d934cc8bd6e972cffe7f7baeb594ca,7576,431,0,0.0,7.0,227201,3213,21412,35995,23243,63094,0.9
2a7dd3dc2905a1e0b2be3a9eabf45d8a681e4e8d,7576,431,0,0.0,7.0,227198,3213,21412,35995,23240,63094,0.9
513bdf56b0344bf905371c7423b6d1206c74373a,7904,434,0,0.0,7.2,235483,3320,22089,37193,23787,65917,0.9
0e549fb064b06fbfe33b57a84aadc99d72a00295,7576,431,0,0.0,7.0,227197,3213,21412,35995,23240,63094,0.9
f5a5fa29a4b4a76db441955899d3d6308e823504,7575,431,0,0.0,7.0,227168,3212,21407,35990,23240,63064,0.9
459a0f915b5556cc680f1bda1dd4113ba3aac396,7575,431,0,0.0,7.0,227168,3212,21407,35990,23240,63064,0.9
7ccb33ffa62e23706c485d9ab1192aca082684be,7905,434,0,0.0,7.2,235476,3320,22089,37193,23787,65922,0.9
0683a286e1b9fde7efb97e8f349c39e0e8b7a73a,7904,434,0,0.0,7.2,235420,3319,22087,37191,23787,65905,0.9
dd163ecf5a60ef11d115356afd252aa15bdf0a85,7904,434,0,0.0,7.2,235420,3319,22087,37191,23787,65905,0.9
873df39a7993c6bbce8774057eabfaec3f060c73,7573,431,0,0.0,7.0,227162,3212,21407,35988,23240,63050,0.9
0df34a1a20811d4a03032d03dac146c59bd52b34,7573,431,0,0.0,7.0,227162,3212,21407,35988,23240,63050,0.9
bb05764dd35dbd8e289404363ff1ad3d331d7cd7,7904,434,0,0.0,7.2,235420,3319,22087,37191,23787,65905,0.9
eba39fd65b257813121e27c1fccbbb3aa7db8dfb,7573,431,0,0.0,7.0,227160,3212,21407,35988,23240,63050,0.9
1bfd354d3ddc5b211160c0d8de64ec5e0d7e9425,7899,434,0,0.0,7.2,235357,3319,22077,37181,23781,65822,0.9
6967ab4a9bead820c5962c389128f45543bc99cc,7583,431,0,0.0,7.0,227106,3211,21405,35986,23240,63201,0.9
4a2566d2dbce101f29a4a9d7ce1fa159e1bc52dc,7583,431,0,0.0,7.0,227105,3211,21405,35986,23240,63201,0.9
3c103d40cdfe490f54aa83a4c30a58bfab9d79b3,7583,431,0,0.0,7.0,227109,3211,21405,35986,23240,63201,0.9
0b2a8f0396fd0826357caa7c82069261d60d4122,7899,434,0,0.0,7.2,235338,3319,22073,37174,23781,65822,0.9
522db68efe4d36a0d38794e33ba254d214127740,7583,431,0,0.0,7.0,227087,3211,21401,35979,23240,63201,0.9
fe4d99dfaa5d0643cb9a8cea1ab309137e118ebe,7880,434,0,0.0,7.2,234922,3308,22035,37119,23769,66461,0.9
e7146d73ad3cae8facd64afc2438a68e526b9c45,7880,434,0,0.0,7.2,234922,3308,22035,37119,23769,66461,0.9
69489b267519fa1cdfeb567ca40d8f7c0af0f671,7583,431,0,0.0,7.0,227087,3211,21401,35979,23240,63201,0.9
80a15197e617aac1842b75ad5d9a535b03e23a95,7880,434,0,0.0,7.2,234923,3308,22035,37119,23769,66461,0.9
941f1b4530606b8d210a1e37fcb4d5869b3faca2,7880,434,0,0.0,7.2,234923,3308,22035,37119,23769,66461,0.9
705b32788598f1b1fc80a359d21cfec2f55b664d,7583,431,0,0.0,7.0,227090,3211,21401,35979,23240,63201,0.9
5fdc88d09e2fb7a6e795822ac9f9ebc4b8669c23,7583,431,0,0.0,7.0,227088,3211,21401,35979,23240,63201,0.9
e40edb70819d9e166b23e87ec6e8214f7db173f6,7585,431,0,0.0,7.0,227305,3211,21419,36019,23244,63210,0.9
6682df3772c8cf838db36969043fb961c3714e5a,7880,433,0,0.0,7.3,235069,3308,22052,37153,23773,66444,0.9
b58a06443e28a92ae1572f06e3ea42d103ba3fea,7880,433,0,0.0,7.3,235070,3308,22052,37153,23773,66444,0.9
b1ae0def583a070295bc2172a66358470220e041,7583,430,0,0.0,7.0,227236,3211,21418,36013,23244,63184,0.9
078abfa9b34526c5ec262974b53d7ff418c83334,7583,430,0,0.0,7.0,227234,3211,21418,36013,23244,63184,0.9
cbb5b5a7c3eafe87f4cc5bfeeec629bc57ca9248,7583,430,0,0.0,7.0,227234,3211,21418,36013,23244,63184,0.9
7ec01c0941f4416422322d31ce545da512d49d40,7583,430,0,0.0,7.0,227234,3211,21418,36013,23244,63184,0.9
5034baba007c4744039ad61c6d5e2e36ed5513f1,7583,430,0,0.0,7.0,227234,3211,21418,36013,23244,63184,0.9
b201cb09bbb103d3e9a88d28a3b74c7f53c2434f,7583,430,0,0.0,7.0,227234,3211,21418,36013,23244,63184,0.9
fc7f019a0806fa61fd1355850df191141cd217cd,7583,430,0,0.0,7.0,227234,3211,21418,36013,23244,63184,0.9
6cda3251335fd43e4807753f3eb90c926421cdc0,7584,430,0,0.0,7.0,227231,3211,21417,36014,23244,63192,0.9
a540222c58941578c418f44d86366e6193f94a38,7582,430,0,0.0,7.0,227238,3211,21417,36014,23242,63197,0.9
1e28d53024039e1b65a360a99aa6abe3dd0b6272,7584,430,0,0.0,7.0,227226,3211,21417,36013,23243,63192,0.9
342e4f5bb6420691044e7f39d232d9e232543ff6,7584,430,0,0.0,7.0,227221,3211,21417,36012,23243,63192,0.9
e219c1f4da4c1104525a45498b592ab6e442643e,7584,430,0,0.0,7.0,227223,3211,21417,36012,23243,63192,0.9
ba3680544cc7b2e3b6c9150344d6479527ebb535,7582,430,0,0.0,7.0,227231,3211,21417,36013,23238,63182,0.9
116263e98d956a05abd8755cab651111d4f2f14f,7583,430,0,0.0,7.0,227229,3211,21417,36013,23238,63187,0.9
0108dd5e69046b9908984cf4f3616a5fe41a0bda,7872,439,0,0.0,7.3,234458,3306,21997,37051,23769,66297,0.9
d17160591ca2cc0bf6d239bc159fa0a87c172be0,7583,430,0,0.0,7.0,227229,3211,21417,36013,23238,63187,0.9
5a989764e869e441c9251568f4669950bd31439a,7873,441,0,0.0,7.3,234455,3306,21997,37048,23769,66297,0.9
029b15fa16559165a7000bbfdfb1299b7feab8f1,7595,435,0,0.0,7.0,227098,3211,21401,35983,23242,63259,0.9
7cb75c9a566ff51ec586fa826da7c3136e9edd5b,7860,440,0,0.0,7.3,234046,3302,21971,36974,23750,66201,0.9
d4cb807da3ab513ae9ec6b9b0e9c1015b4981189,7862,440,0,0.0,7.2,234036,3302,21966,36972,23749,66207,0.9
c768ad8f13186320de71a0df5e78acb08205106c,7595,435,0,0.0,7.0,227086,3211,21401,35980,23240,63259,0.9
ab10b8a1893e891d74fe17095c4502ed2f3dbb83,7595,435,0,0.0,7.0,227086,3211,21401,35980,23240,63259,0.9
e3ee0cc6894a35d64c24de2ebf98c70f58619d93,7862,440,0,0.0,7.2,234036,3302,21966,36972,23749,66207,0.9
9508acdbd881c4de4dbd0e44ff41699f79aec1f9,7583,435,0,0.0,7.0,226623,3209,21363,35911,23240,63121,0.9
ab5d95f46b9bd63ff60d926f031903b3ac171126,7865,440,0,0.0,7.3,233937,3302,21962,36947,23744,66256,0.9
1ddf5748644c51d6b3bc6a0796cae3ac0419a10d,7856,440,0,0.0,7.3,233923,3302,21962,36943,23744,66142,0.9
ee9a3d53d4d8dcad17498747e92d15da42357e12,7583,435,0,0.0,7.0,226610,3209,21363,35909,23237,63121,0.9
8d6c4fdedbe38b273c9b35a4f08f219600730cd1,7853,440,0,0.0,7.3,233568,3295,21924,36899,23725,66144,0.9
66b84877959e127f8d2b1a1e3284a489136cc59b,7583,435,0,0.0,7.0,226604,3209,21362,35908,23235,63121,0.9
09aaf54c24cb66fb7f98a0d8cabb88fd18975217,7853,440,0,0.0,7.3,233579,3293,21922,36898,23725,66144,0.9
92420d1f1af5c29998d76a2fa709eca490e4472a,7850,440,0,0.0,7.3,233539,3293,21918,36893,23716,66104,0.9
093fd43f7fc7fd152fd57a44b4e0d374638a9bd3,7587,435,0,0.0,7.0,226562,3209,21360,35890,23235,63172,0.9
20a4444fbe601d3c6022102aa2b69291976a7c84,7850,440,0,0.0,7.3,233539,3293,21918,36893,23716,66104,0.9
f95e659eeff52eeba16a94ccf792535acc530c02,7849,440,0,0.0,7.3,233513,3293,21916,36890,23716,66094,0.9
031016ec600411f2ea9d7d5f07a37475a46f0519,7849,440,0,0.0,7.3,233510,3293,21916,36890,23716,66094,0.9
5c082eaefaad6d311efefd57a986030a73eb857d,7587,435,0,0.0,7.0,226561,3209,21360,35890,23235,63172,0.9
9713ad64b3914d45847905cfec7e38d849fdf18d,7774,440,0,0.0,7.3,231879,3271,21782,36622,23685,65376,0.9
7cccc4f193f36b4ff8fa2e4b77671e65dba32b7a,7586,435,0,0.0,7.0,226524,3209,21359,35886,23235,63170,0.9
a795ff73dff7318c564a3d38a19be97b92ce496a,7586,435,0,0.0,7.0,226522,3209,21359,35885,23235,63170,0.9
0d2cab47c9ac5cafa790c0fda9539ba01bf815b5,7587,436,0,0.0,7.0,226529,3209,21358,35886,23234,63177,0.9
d327fea6746ca18d315f60e718f5e7d392b518e3,7782,440,0,0.0,7.3,231542,3271,21755,36568,23673,65425,0.9
1470c7ca1eeba0ad4bcb309678e5c432bbfc002f,7784,440,0,0.0,7.3,231559,3271,21757,36567,23673,65435,0.9
9b9b12033f413d10aca93d2727f17dd82ea2dfa0,7587,436,0,0.0,7.0,226531,3209,21358,35886,23234,63177,0.9
c5815be7b62c0673a912e1fce45b5246325c4c51,7586,436,0,0.0,7.0,226350,3209,21341,35850,23230,63170,0.9
93e60093c50c2e0ad051878a3333c30767f79907,7586,436,0,0.0,7.0,226350,3209,21341,35850,23230,63170,0.9
2f55e72ac9fefe14642b8c0bccdd9d826ef2006a,7587,436,0,0.0,7.0,226270,3207,21338,35838,23230,63201,0.9
eed86982bdfb6ff54587aadffe8b94953d4109fb,7587,436,0,0.0,7.0,226270,3207,21338,35838,23230,63201,0.9
3c68e9476e1c418f50608897472e1b313eb6bc94,7784,440,0,0.0,7.3,231526,3271,21755,36564,23672,65435,0.9
850f719927962ad983e93bbbee391471b1bd2cf7,7590,436,0,0.0,7.0,226269,3207,21338,35838,23230,63207,0.9
f6d4ca31820a35a18890a6063196e2f7a6459c92,7590,436,0,0.0,7.0,226267,3207,21338,35838,23230,63207,0.9
8c61f9b225f889761a78d7b0f6c884b051e09e35,7784,440,0,0.0,7.3,231526,3271,21755,36564,23672,65435,0.9
b23cfa8c07994c9d2759364fd2178a82f6eae3eb,7786,440,0,0.0,7.3,231520,3271,21755,36563,23672,65445,0.9
d07d89159f80740d5a79fdb6242d978378d78b58,7766,437,0,0.0,7.3,231343,3271,21755,36512,23663,65103,0.9
f670fa33ad8e1284b0aa552e32c48aadd8836fae,7586,436,0,0.0,7.0,226151,3207,21329,35822,23223,63187,0.9
f618368b548f35b9889348f113432b212295b9cd,7586,436,0,0.0,7.0,226151,3207,21329,35822,23223,63187,0.9
160fbba6bba8f10dca48d5eb00b5791ea7327f31,7652,435,0,0.0,7.0,226016,3207,21333,35783,23220,63226,0.9
6118dd81458a65dbe925222df2736d56257420ef,7652,435,0,0.0,7.0,226006,3207,21332,35781,23222,63226,0.9
4568958ef597e878fb5b4f318fa06d04a779cfd6,7762,437,0,0.0,7.3,231275,3268,21748,36504,23663,65068,0.9
8a4051d62e84c856ff8eeeda623b9cc61189f0e4,7642,435,0,0.0,7.1,225966,3207,21328,35769,23214,63074,0.9
917519a2ce7920dae38f21cf8d88d98b62b78abb,7762,437,0,0.0,7.3,231275,3268,21748,36504,23663,65068,0.9
7aaba188e178b45400efa14e0569692efe4ceaad,7762,437,0,0.0,7.3,231275,3268,21748,36504,23663,65068,0.9
b38dc9c1cd17710373a1418eee7ade9f7730d0b6,7642,435,0,0.0,7.1,225974,3207,21329,35771,23214,63074,0.9
01374904ab69252779748b151f551d459c938cc6,7642,435,0,0.0,7.1,225977,3207,21329,35771,23214,63074,0.9
4de9672008cd3ea8502a86b5f45159b300d58a92,7642,435,0,0.0,7.1,225977,3207,21329,35771,23214,63074,0.9
973e78db54d696711b75f6b2111434ff27a64679,7762,437,0,0.0,7.3,231275,3268,21748,36504,23663,65068,0.9
ff593435574045069c9f1a6022c11a43ddcda85c,7642,435,0,0.0,7.1,225974,3207,21329,35771,23214,63074,0.9
b67db81e2ea0a35ac4b9ee18e93d418d9bfb5426,7642,435,0,0.0,7.1,225974,3207,21329,35771,23214,63074,0.9
4c52ac0a3b6ffb8fb6042d9002fb2a13028282e0,7712,435,0,0.0,7.1,230569,3268,21722,36383,23655,64228,0.9
d192c7bfde68a4ae821ece0c44d19eddcf80e10a,7642,435,0,0.0,7.1,225972,3207,21329,35771,23213,63074,0.9
b860358b944846883c22349d522912603eb58765,7372,433,0,0.0,7.1,214696,3061,20520,34187,22479,60647,0.9
0e95ac4e39704cc75d5f3a38e168524a30cf8902,7591,435,0,0.0,6.9,225410,3207,21308,35676,23206,62247,0.9
247eeb39a5eedae2b9f37d1ed032da3497672e6f,7591,435,0,0.0,6.9,225383,3207,21307,35671,23206,62245,0.9
791918c471aa7a14ef6d1a915bdc62ac60531691,7695,435,0,0.0,7.2,230056,3267,21654,36261,23531,64080,0.9
10082d3fa146e20b24e4f0fde09a1f8d2f1e5780,7587,433,0,0.0,6.9,225306,3207,21303,35650,23206,62193,0.9
c6a3f94118653ad74b8a96ca59b0ef143e2dd0a5,7704,435,0,0.0,7.2,229967,3267,21649,36248,23517,64137,0.9
5d9638dd5ec6357d9d1fd55f5bb085eacb063d2d,7704,435,0,0.0,7.2,229951,3267,21648,36246,23517,64135,0.9
da95c62d80ffedeb651ba2fda2362facae7cf9a7,7593,433,0,0.0,6.9,225271,3207,21303,35650,23206,62249,0.9
4e37fa0c016f69f265ee6edd543a059fb929d79a,7705,438,0,0.0,7.2,229941,3267,21648,36245,23517,64155,0.9
2b8537f3f462855316188b71312df21a4aa36067,7705,438,0,0.0,7.2,229942,3267,21648,36245,23516,64155,0.9
0945e4e424b96ac2ed0c8dff70d26a02ba3eb05e,7714,439,0,0.0,7.2,229942,3267,21649,36246,23518,64315,0.9
151b4a9514ccc6920a0c406e7165d4f0ae7d153a,7593,433,0,0.0,6.9,225271,3207,21303,35650,23206,62249,0.9
1f1995ac8c9bcf2e701677e298a348930cf77a8f,7593,433,0,0.0,6.9,225276,3207,21303,35650,23206,62249,0.9
ee32a976c20197024e868d502fa8de43a01a6997,7593,433,0,0.0,6.9,225271,3207,21303,35650,23206,62249,0.9
8ce8c60e29af0c3aee5cf2b16ab9ea9a7f4bf923,7714,439,0,0.0,7.2,229937,3267,21649,36246,23518,64315,0.9
4e74e1ead74dfb2cd02fbe39599021e042797b16,7712,438,0,0.0,7.2,229821,3266,21644,36236,23515,64285,0.9
e7f0ee3422d1f72e49d4f718af6ddb77c1898b4d,7712,438,0,0.0,7.2,229821,3266,21644,36236,23515,64285,0.9
10d9e9f37b9847a8f36c5a3e511d0e968d8f1eec,7593,433,0,0.0,6.9,225268,3207,21303,35650,23206,62249,0.9
b11c1e63ea28983d75c73dd75fc93b3ba53dffae,7593,433,0,0.0,6.9,225268,3207,21303,35650,23206,62249,0.9
ced5b713d5116d9b2f33a3f591d9bd537bbfb43b,7593,435,0,0.0,6.9,225270,3207,21303,35650,23206,62249,0.9
5f6a514eb9e9ab9a39cf06397106118258021b7d,7712,440,0,0.0,7.2,229820,3266,21644,36236,23515,64285,0.9
e3e086829ed8ff1f65c0e1acaeae665584f01d73,7712,440,0,0.0,7.2,229820,3266,21644,36236,23515,64285,0.9
f074aec261cc8b794d06a3a5a0fe5842bbbeebf2,7593,435,0,0.0,6.9,225267,3207,21303,35650,23206,62249,0.9
5f7751c0d0e405105a0a46a952fd6e4a66169a2b,7593,435,0,0.0,6.9,225267,3207,21303,35650,23206,62249,0.9
a8af2fef9b5687c6941e27206bfffe378b09edee,7585,433,0,0.0,6.9,225265,3207,21303,35650,23206,62099,0.9
4451bfa29c878747239775289514ccf664a4595e,7704,438,0,0.0,7.2,229816,3266,21644,36236,23515,64133,0.9
9f9b3d7cb7b6478f704d1527db2a40e22d14ecf5,7704,438,0,0.0,7.2,229816,3266,21644,36236,23515,64133,0.9
a7bbb8ae51602b3e638a4f6e4b4b88b7bf2c913e,7704,438,0,0.0,7.2,229807,3266,21644,36232,23515,64132,0.9
8b2cd337658563f08a66b9af439d336e27cbb3b7,7585,433,0,0.0,6.9,225263,3207,21303,35650,23206,62097,0.9
64a1d13cc369d3b564d2cba9ac1955be7c9dbd3c,7585,433,0,0.0,6.9,225254,3207,21303,35646,23206,62096,0.9
4781862ee2903760841a413a23bac86a3b5c751a,7585,433,0,0.0,6.9,225263,3207,21303,35650,23206,62097,0.9
1efe576197f2bfe9ded1f9d80fdde0663e31c5dc,7584,433,0,0.0,6.5,225190,3207,21286,35629,23206,62071,0.9
fdb4b21f9a8ada06c54467a3089653c592209601,7696,439,0,0.0,6.8,229743,3266,21627,36215,23515,64075,0.9
237042cbb518ec8647e430dd7db4967f063b171a,7585,433,0,0.0,6.9,225254,3207,21303,35646,23206,62096,0.9
5eb9b731568dfc99357aaabffa947d43b8bea0af,7584,433,0,0.0,6.8,225190,3207,21286,35629,23206,62071,0.9
734c9c3f4a08c68c1ef5fce9c7c879423d1b8780,7584,433,0,0.0,6.5,225190,3207,21286,35629,23206,62071,0.9
4af8606b1d659d9b386a044ad886ddeba3299567,7691,438,0,0.0,7.1,229713,3266,21626,36205,23515,63990,0.9
143d61d3e28ce16dc3f89c53d7933524fb9ebff8,7584,433,0,0.0,6.5,225190,3207,21286,35629,23206,62071,0.9
423f4ec2092e003ef12f6c4897a9cec7a6d6267d,7583,433,0,0.0,6.5,225187,3207,21285,35628,23206,62066,0.9
45120670ba52dfe9730175304db196f5f67fb6d4,7692,438,0,0.0,7.1,229722,3266,21627,36206,23515,63995,0.9
b8664c42350cd97de10223e0196dc9789cbc136d,7583,433,0,0.0,6.5,225189,3207,21285,35628,23206,62066,0.9
209d0998e3987338cb7cc17a951db4881b53bbea,7583,433,0,0.0,6.5,225186,3207,21285,35628,23206,62066,0.9
1fbeed8e552d221822b06740cf31312aa7aa29c5,7583,433,0,0.0,6.8,225187,3207,21285,35628,23206,62066,0.9
38e47c2e547cebdbd37c675fe1f305cded966162,7582,433,0,0.0,6.8,225182,3207,21285,35628,23206,62061,0.9
09ca5d6cbbc20a00324e338da3a73723b58237e9,7502,432,0,0.0,6.8,225183,3207,21285,35628,23206,61802,0.9
f8e5a92250f81bf20c6db6a653cdf9ce80952787,7692,438,0,0.0,7.1,229669,3265,21622,36200,23489,63995,0.9
9d4cb1a59dcd480bf8ff2be611b147f13c7b50cd,7502,432,0,0.0,6.8,225188,3207,21285,35628,23206,61802,0.9
ae0a371690546ce859f2041814f76dad2c710fd9,7682,437,0,0.0,7.1,228936,3262,21586,36115,23473,63593,0.9
bfce75cf66689874b5cf8a6136546385ffbf3ba0,7502,432,0,0.0,6.8,225160,3207,21285,35619,23206,61802,0.9
67d94aea5804e2a057537a04f4b509ef63200d56,7503,432,0,0.0,6.8,225249,3210,21291,35631,23206,61823,0.9
ac62dfd6394099ed2b22e16af14b74543844cd0e,7502,432,0,0.0,6.8,225160,3207,21285,35619,23206,61802,0.9
a19e25d394f57181d9f01df3061b4a494bf79b16,7503,432,0,0.0,6.8,225249,3210,21291,35631,23206,61823,0.9
9dd3322255a40d10a750be70e8582fb5361d18c8,7688,442,0,0.0,7.1,229140,3267,21599,36141,23482,63742,0.9
cce0bd81ecd1071bdc54eb530d447cb0238f245e,7691,441,0,0.0,7.1,229140,3267,21599,36141,23482,63787,0.9
a931777da6336a2553420bb02b98ed6f7a1bf7a4,7691,441,0,0.0,7.1,229120,3267,21597,36138,23482,63787,0.9
9bbca3aef2b09f717037cead942b728e22975cb5,7689,441,0,0.0,7.1,229022,3261,21588,36111,23482,63817,0.9
6e8243b5eda03a38b8998eeef0ac71d104eae7c6,7511,437,0,0.0,6.9,225364,3212,21298,35645,23215,61996,0.9
285d70c26a3b822dab41c1cf6f3f05dfc7e3f436,7630,440,0,0.0,6.8,228445,3260,21570,36084,23425,63370,0.9
046bb88d2f5b2077af243146acd30919adaf0477,7626,438,0,0.0,6.8,228416,3260,21569,36072,23420,63335,0.9
83bccc8b03f2d1c364e2d80840cb39f382610ce8,7627,438,0,0.0,6.8,228158,3258,21541,36042,23396,63273,0.9
1ab253a1b200912899ca34003aea9e5a99a240ee,7511,437,0,0.0,6.9,225364,3212,21298,35645,23215,61996,0.9
90495fa4a629934d91e434cb02ac1e56d6c72dbf,7511,437,0,0.0,6.8,225388,3212,21304,35653,23221,61996,0.9
3ee7d07135a1c29d367e9072cc450e12c3714a1c,7627,438,0,0.0,6.8,228180,3258,21547,36049,23402,63270,0.9
001823f7bc0a2a20c31629135918ec202cf59a0c,7511,437,0,0.0,6.8,225386,3212,21304,35652,23221,61993,0.9
00dad5feac9c2890c42547d64c3db8d985f2b405,7627,438,0,0.0,6.8,228180,3258,21547,36049,23402,63270,0.9
95f4bcbebb025379e4701ba3058c769704cba6b1,7511,437,0,0.0,6.8,225386,3212,21304,35652,23221,61993,0.9
208343762e0418a5ee771d29488e1622942f0e31,7627,438,0,0.0,6.8,228174,3258,21547,36049,23402,63270,0.9
7d235a1ab693abee56a6fd0c9333d9696cd55381,7626,438,0,0.0,6.8,228146,3258,21546,36047,23402,63265,0.9
82507b88564c6cedc4194b22d8baa9a83069c46d,7511,437,0,0.0,6.8,225380,3212,21304,35652,23221,61993,0.9
32c767468131d1b8b684f6e90956381119d8b006,7626,438,0,0.0,6.8,228146,3258,21546,36047,23402,63265,0.9
75504e6f80b04613d1549bb515e3cefc769df1bd,7511,437,0,0.0,6.8,225380,3212,21304,35652,23221,61993,0.9
ce38ee2694c399593a4d429a40e0aba2406b9034,7511,437,0,0.0,6.8,225379,3212,21304,35652,23221,61993,0.9
6e7ee943833e37022d364e289f14efdd4aec47fa,7626,438,0,0.0,6.8,228138,3258,21546,36047,23402,63265,0.9
49d1c59b368cfecca2ac409a8262280f8e6556db,7631,439,0,0.0,6.8,228042,3258,21547,36050,23393,63380,0.9
aec3f84c6538d3e24fe2a55a9011854fd2444b02,7628,439,0,0.0,6.8,227978,3258,21546,36036,23387,63361,0.9
c464e557009bf02e01d843de43f73292026f652b,7511,437,0,0.0,6.8,225372,3212,21304,35652,23221,61993,0.9
260d248297848a7f2c46cdc1fb32bf8209575c4c,7628,439,0,0.0,6.8,228000,3258,21546,36040,23391,63361,0.9
7705811ff5c10f1b7a6492ea712331bb2f585607,7628,439,0,0.0,6.8,227994,3258,21546,36040,23391,63361,0.9
ee9d01a6e0712b7024a89b4767a6ea3f7243d999,7509,437,0,0.0,6.8,225331,3212,21303,35642,23219,61979,0.9
5283f147d6a8d957554d8076d4535d21dadaa8a1,7607,440,0,0.0,6.8,227036,3255,21535,35921,23306,63096,0.9
b6849441a5c6ae79cce36147521cedceb8f26f86,7594,440,0,0.0,6.8,226646,3254,21482,35852,23306,62889,0.9
cc1162feb8fc613c9529d86f996b934d480ac77b,7565,437,0,0.0,6.8,224373,3209,21292,35523,23133,61920,0.9
ef34c3bed921b877067b8bceb5088d88a8469b92,7565,437,0,0.0,6.8,224373,3209,21292,35523,23133,61920,0.9
25b2d6158e99f6ee8f1917b8cce42ed12db88e30,7594,441,0,0.0,6.8,226540,3254,21480,35846,23306,62881,0.9
70660cb9697fac3c48bcfad0f80dff7d09dbc05c,7565,437,0,0.0,6.8,224371,3209,21292,35523,23133,61920,0.9
fd103b72412d548587367cbdc73fcec811152e97,7565,437,0,0.0,6.8,224371,3209,21292,35523,23133,61920,0.9
bb53fde97845aff0a2a2dfd7cbb77fba21dfc316,7594,441,0,0.0,6.8,226540,3254,21480,35846,23306,62881,0.9
73bc6c985017d4740e2b2863dd6414165d66d2d2,7565,438,0,0.0,6.8,224367,3209,21292,35522,23133,61919,0.9
51fc01c4b9737d04fd39da44722982429adaa028,7565,438,0,0.0,6.8,224367,3209,21292,35522,23133,61919,0.9
86e2eb2de9510dd3ff703bfcc878ea00ab2f97f3,7594,441,0,0.0,6.8,226549,3254,21480,35846,23306,62881,0.9
305d290e5fa8491803f9fc4f0d1088a316eaf3f5,7565,438,0,0.0,6.8,224367,3209,21292,35522,23133,61919,0.9
8f18a80c81d013973289975cca896535f10256e7,7565,438,0,0.0,6.8,224367,3209,21292,35522,23133,61919,0.9
d4661a6180d1d520d95849582031a9af27883a7c,7594,441,0,0.0,6.8,226549,3254,21480,35846,23306,62881,0.9
b69348b001afebc82a4f3eb767d3a412b3fdd442,7592,441,0,0.0,6.8,226536,3254,21480,35846,23306,62877,0.9
846adc0f2367dceda53e69bb8b5187f6f60d38a8,7593,441,0,0.0,6.8,226574,3254,21487,35852,23309,62881,0.9
e1f3e63ee6413f240992ae5deb83c7bd62ce4ba3,7593,441,0,0.0,6.8,226584,3254,21487,35852,23309,62881,0.9
71b9f6aa06afaa17a7cbdff0eeefda3757c0a638,7593,441,0,0.0,6.8,226584,3254,21487,35852,23309,62881,0.9
6e400575240a83d9ca7845741629ec7f359c2e46,7591,440,0,0.0,6.8,226332,3251,21471,35818,23300,62876,0.9
dce55071c7989b23a5b81105e9103bc1a82115e1,7541,441,0,0.0,6.8,226056,3254,21479,35829,23299,62058,0.9
0876d8af1b4aa827cd91df8f4637067d7bc16b7d,7492,437,0,0.0,6.8,224267,3209,21290,35517,23133,61798,0.9
a204f6183989f9b96bedc2a7a41b76470938fa7f,7492,437,0,0.0,6.8,224267,3209,21290,35517,23133,61798,0.9
5016f550be52f14a232399409a3c97fa6d6db321,7489,437,0,0.0,6.8,224232,3209,21290,35517,23133,61748,0.9
b319fce427b70b642b98e7d50b91e5ac377f1f8c,7538,441,0,0.0,6.8,225886,3252,21467,35806,23287,62038,0.9
3e77b6b94acff58c44974351e1bf1e43c8977c3c,7488,437,0,0.0,6.8,224185,3209,21286,35507,23133,61747,0.9
1aa1aea43e87c8d183b21351dc0cf7d87413db2d,7563,438,0,0.0,6.8,224157,3209,21286,35507,23130,61918,0.9
d0f64b4717ef3db49da29f515226b6808cf2dfe3,7558,438,0,0.0,6.8,224097,3209,21283,35497,23130,61800,0.9
35a4ee05bd6c75b03e1d050a2913e5382fac67f1,7558,438,0,0.0,6.8,224094,3209,21283,35495,23127,61800,0.9
d7c8d10dbf64219761502d7af0a29398ece9f55b,7538,440,0,0.0,6.8,225804,3251,21463,35795,23290,62038,0.9
bf991e457f6378364ac6ca36f19edce1891d2804,7558,438,0,0.0,6.8,224094,3209,21283,35495,23127,61800,0.9
8acf34d8e39e7b59706d975d6878ae1401679d19,7560,438,0,0.0,6.8,224084,3209,21282,35494,23127,61845,0.9
d78a5db69881199beaf8ba47c21cde2a9da481f4,7560,438,0,0.0,6.8,224084,3209,21282,35494,23127,61845,0.9
a0367b7da262eea80f4003f9be8f930f7e88eb31,7538,440,0,0.0,6.8,225804,3251,21463,35795,23290,62038,0.9
c96a3a1af2d503ca72c9e3e33681cae8d2a97d28,7563,437,0,0.0,6.9,223903,3209,21282,35494,23124,61860,0.9
0b5767fc92dcf569b651dec0152e8f8d14229428,7529,440,0,0.0,6.8,225611,3247,21444,35774,23283,61905,0.9
6ed4cc2457fbcb2380d11d9f6d6c885e723bc08b,7522,440,0,0.0,6.9,224713,3221,21368,35668,23196,61897,0.9
6f35df41b50efd56fb1232efc2bb877a3fb01761,7563,437,0,0.0,6.9,223903,3209,21282,35494,23124,61860,0.9
393ea1d7e21dfbb54b8aadacaba57a2aa0928069,7563,437,0,0.0,6.9,223866,3209,21282,35494,23123,61860,0.9
4d289883e726c130008d978a2ec24d2611dc7668,7563,437,0,0.0,6.9,223806,3209,21282,35494,23123,61860,0.9
83f4ad8bfa2289d3873d49eac488b38daf876644,7564,437,0,0.0,6.9,223804,3209,21282,35494,23123,61846,0.9
497402a5d1858bf35fcfded6e1e64f4cd2399efc,7522,440,0,0.0,6.9,224702,3221,21368,35664,23196,61897,0.9
9e20a5ac9d0474e008b67559a1cfcd97aebf6e55,7522,440,0,0.0,6.9,224662,3221,21368,35655,23196,61897,0.9
d04f03a94267707523d6c937cb84cee2bb945953,7522,440,0,0.0,6.9,224662,3221,21368,35655,23196,61897,0.9
55cb82454b3c565361bd8850085858409a6c0f2d,7565,437,0,0.0,6.9,223745,3209,21282,35494,23123,61866,0.9
b09f4555be547aace8657b7feda467c05d4c304c,7565,437,0,0.0,6.9,223745,3209,21282,35494,23123,61866,0.9
bfb5e3185332767fe3db5019a4b20475e94a6a6f,7555,437,0,0.0,6.9,223665,3209,21278,35482,23122,61750,0.9
9cdda8207fd00dd2de81c123808219708660a4cd,7555,437,0,0.0,6.9,223663,3209,21278,35482,23121,61750,0.9
fcb4aa5f5f646bfb5ec49f1985909b5e20d90ee6,7555,437,0,0.0,6.9,223663,3209,21278,35482,23121,61750,0.9
5dedd53db481a662361db08038dc9edc80eebfbd,7512,440,0,0.0,6.9,224582,3221,21364,35643,23194,61781,0.9
0976a0c59fb1e8e6f4991cc217004d8931e6c35d,7512,440,0,0.0,6.9,224582,3221,21364,35643,23194,61781,0.9
7a71716fb30ead617cb19776c813b29c92597250,7555,437,0,0.0,6.9,223663,3209,21278,35482,23121,61750,0.9
400f756abbd1d7f679ff99aed8d873ab2ba9fc01,7555,437,0,0.0,6.9,223663,3209,21278,35482,23121,61750,0.9
ceaf60d951b32d8f31aa993dc0a945370368bc8a,7555,437,0,0.0,6.9,223663,3209,21278,35482,23121,61750,0.9
6299bff966f1ba0d603b0cb08b24996b62aab516,7554,437,0,0.0,6.9,223666,3209,21278,35482,23121,61730,0.9
c35e82d08412d124f137b1a9f376af326a7f8651,7512,440,0,0.0,6.9,224585,3221,21364,35643,23194,61781,0.9
fa485deb47560e61e794124c42a415dc73edcecb,7512,440,0,0.0,6.9,224585,3221,21364,35643,23194,61781,0.9
e95c4b50ab4718c21d572ce9fc308293182c258e,7510,440,0,0.0,6.9,224490,3221,21362,35627,23191,61778,0.9
4310ea8bda25d935f0c476ba9c9471a99c336891,7554,437,0,0.0,6.9,223666,3209,21278,35482,23121,61730,0.9
8dbc80b3d762ab8e1c59e50bc303f049734cfc60,7510,440,0,0.0,6.9,224490,3221,21362,35627,23191,61778,0.9
f37502c0058e62bc994805088ee4564b56ce1d03,7503,440,0,0.0,6.9,224391,3220,21358,35608,23191,61738,0.9
31e2828d0c902264eb519eca130912a501a24166,7554,437,0,0.0,6.9,223665,3209,21278,35482,23121,61730,0.9
882e5ac5b0825d87d50f2c9cd5a0083ddce36deb,7549,437,0,0.0,6.9,223611,3209,21276,35472,23119,61668,0.9
6350b907e5c7488e85e0204240905b57eb18ef88,7549,437,0,0.0,6.9,223596,3209,21276,35472,23118,61668,0.9
2ad601372d93cac0f53e7e42a35ea8cd7fa1786c,7503,440,0,0.0,6.9,224388,3220,21358,35608,23191,61738,0.9
c65754681c779f4490bb9c78ff0a0e9a72a4f7a4,7498,440,0,0.0,6.9,224308,3217,21353,35603,23188,61704,0.9
348e3160c584cf0f492e68703658017f47c9e418,7498,440,0,0.0,6.9,224308,3217,21353,35603,23188,61704,0.9
5ef3b4fb2e6ac387fa3a0927eb11c5bd8cd6bea8,7494,438,0,0.0,6.9,224206,3216,21346,35582,23185,61659,0.9
a66f5126745858f393c67c15d9a84f9e60405aba,7491,438,0,0.0,6.9,224088,3214,21332,35559,23184,61647,0.9
898d2996bfb5db473717bd93a46fe0594cb1c929,7549,437,0,0.0,6.9,223596,3209,21276,35472,23118,61668,0.9
ff6d8a586c0c958024da86b7a8701ed36034f557,7549,437,0,0.0,6.9,223580,3209,21276,35469,23118,61667,0.9
ce9953e98dc65d156f21e18aa6724014908ef7b1,7549,437,0,0.0,6.9,223577,3209,21276,35468,23118,61667,0.9
5ea7803280751b9e8633e9d81ea0c61fef88e1af,7479,437,0,0.0,6.9,223991,3213,21320,35542,23170,61487,0.9
ed01cc3aac37f6b4a5717a4e27a87fdfa78d5a5d,7479,437,0,0.0,6.9,223954,3213,21318,35538,23169,61487,0.9
2ff4274cc914f61034e95931af0362e249247dc7,7549,437,0,0.0,6.9,223571,3209,21276,35466,23118,61667,0.9
840a2b9f8da730a747018ee11a5cd4a380acbf11,7549,437,0,0.0,6.9,223571,3209,21276,35466,23118,61667,0.9
d84d098f3e0f9a234ba913f516e0807d11bcdfbd,7479,437,0,0.0,6.9,223950,3213,21317,35537,23169,61487,0.9
86c16788929081e067cf0afa5d246aa9260a3f55,7549,437,0,0.0,6.9,223534,3209,21274,35462,23117,61667,0.9
f3e999e710a8071629cdaba3bc6bf62da5162c32,7493,437,0,0.0,6.9,224002,3213,21315,35561,23170,61586,0.9
572ce92d4555107485a783f39376645c12dfcb1b,7549,437,0,0.0,6.9,223524,3209,21273,35460,23118,61667,0.9
f5c8f5930f59d64ca0df1e0ee651d9ec48f77364,7563,437,0,0.0,6.9,223586,3209,21272,35486,23118,61766,0.9
199b059d5e2af1774227ab5f5d271ec9225212ef,7487,437,0,0.0,6.9,223977,3213,21315,35557,23171,61560,0.9
15f4a7d7cbbd4ba1c580f4c3673b2854cef52f0b,7563,437,0,0.0,6.9,223586,3209,21272,35486,23118,61766,0.9
f2cee0ab893bf0f0f22d64227f075d4a154a6175,7372,433,0,0.0,7.1,214694,3061,20520,34187,22478,60647,0.9
5749ac805162898ba47f68742c4886e43bc607f7,7486,437,0,0.0,6.9,223968,3213,21315,35556,23169,61552,0.9
e893407dd8f76f56509262271816a04ccadb9f7b,7486,437,0,0.0,6.9,223897,3212,21304,35539,23121,61544,0.9
d2cea7b9988a5689e78a80294a8273ec2dae6eb7,7563,437,0,0.0,6.9,223586,3209,21272,35486,23118,61766,0.9
e8ba279f8c5935a371ea37cf2737ea8f5240c524,7485,437,0,0.0,6.9,223870,3212,21301,35535,23113,61539,0.9
85ee2669830918eaad020511f3ca22443cd9f34b,7563,437,0,0.0,6.9,223585,3209,21272,35486,23118,61766,0.9
ee6db0a9af28d7515c3b5055d185483d7fd4c107,7563,437,0,0.0,6.9,223594,3209,21272,35486,23118,61766,0.9
e7790a71847763654c56860e22356cdd534a99fe,7562,437,0,0.0,6.9,223569,3209,21269,35483,23110,61761,0.9
9f71ec4b1e976d8402e6e05793010aec760e6b8d,7485,437,0,0.0,6.9,223854,3212,21297,35531,23113,61539,0.9
58e150422f2247e01302ecbb72c7a3b447774cbb,7562,437,0,0.0,6.9,223559,3209,21269,35482,23110,61761,0.9
9dbc320e65e8e1df16c4cfadcf3593cb6e1171d1,7562,437,0,0.0,6.9,223559,3209,21269,35482,23110,61761,0.9
a35fc588dfbf1ce6cf1e3b5876e5140d2e7ad64a,7562,437,0,0.0,6.9,223559,3209,21269,35482,23110,61761,0.9
c374c0e6ac0d1a884f0108f9f1d8146a24d8b7c6,7562,437,0,0.0,6.9,223559,3209,21269,35482,23110,61761,0.9
e6748c7cb76fddc01c95433d866999350e38a4c4,7562,437,0,0.0,6.9,223559,3209,21269,35482,23110,61761,0.9
1ddc64d02ebb02dc44d4c1e7edfabf062d9888fd,7562,437,0,0.0,6.9,223559,3209,21269,35482,23110,61761,0.9
14fb253f0372a3c6109e684feacd002ece33f4c5,7562,437,0,0.0,6.9,223559,3209,21269,35482,23110,61761,0.9
2c54859b0bf92c918f7274bb78bec70d263f6951,7562,437,0,0.0,6.9,223559,3209,21269,35482,23110,61761,0.9
eb0e25e55f1516f1457f6acf9df8ee48cfa492c7,7562,437,0,0.0,6.9,223552,3209,21268,35479,23110,61761,0.9
ba5bcc82e6f56e5153b26ee47c06b83007c5ba9a,7562,437,0,0.0,6.9,223552,3209,21268,35479,23110,61761,0.9
3b0e0487ee30075ca43c3a8820c3d8bae58850a2,7562,437,0,0.0,6.9,223552,3209,21268,35479,23122,61761,0.9
87fad76407ecbaa02f7300d11ed81bad509e81a7,7562,437,0,0.0,6.9,223552,3209,21268,35479,23122,61761,0.9
8f1524071bf12c64cabe4b8b4d15faabe092db00,7562,437,0,0.0,6.9,223558,3209,21268,35480,23122,61761,0.9
2bed0af0cfd10c1f67b4e983c7297f12087d6f0c,7562,437,0,0.0,6.9,223558,3209,21268,35480,23122,61761,0.9
bfbf761e500ebcd3c89cde4b1d84f33f23673bc2,7562,437,0,0.0,6.9,223558,3209,21268,35480,23122,61761,0.9
70baad1f96266439a8279fa64adf6508f4eadf79,7562,437,0,0.0,6.9,223553,3209,21268,35479,23122,61761,0.9
f0d16c6c70ac9a4e4219730a0e32acd1f781b955,7562,437,0,0.0,6.9,223542,3209,21268,35479,23122,61757,0.9
37636f4b35659f76a3970e2db3a9237f2510b28a,7373,433,0,0.0,7.1,214783,3064,20526,34199,22478,60668,0.9
37b205bd115dcf6b13d08e4de3163e50063623e3,7562,437,0,0.0,6.9,223515,3209,21267,35474,23121,61751,0.9
4329ac6c930a73d93d7c0dba6dcf0eae503677d6,7373,433,0,0.0,7.1,214783,3064,20526,34199,22478,60668,0.9
89ef73d0234f71e7543fb00fd350afcad31bece7,7561,437,0,0.0,6.9,223391,3206,21259,35455,23121,61725,0.9
8f7d1f37ec7480774951f49ca36025bc89edb76d,7374,433,0,0.0,7.1,214775,3064,20525,34197,22478,60673,0.9
c674d8d825d636ee7f4f5228663860707a15f135,7374,433,0,0.0,7.1,214775,3064,20525,34197,22478,60673,0.9
ddd1786578438c68f1f6214bcab600a299245d7d,7374,433,0,0.0,7.1,214765,3064,20525,34196,22478,60673,0.9
43d48bd6caf95f61f4e879a5be8b5560a55daee9,7560,437,0,0.0,6.9,223360,3206,21258,35453,23118,61711,0.9
4206b5e67a7f4c29d0dfff0d45b48d7749972f73,7555,438,0,0.0,6.9,223197,3204,21245,35427,23097,61682,0.9
e6a6ba890db6e3be9751abaedb6631fbc3e9a443,7554,438,0,0.0,6.9,223043,3203,21245,35427,23089,61672,0.9
a5ba4633a25f69b79597a1b0efefad75de69405e,7561,438,0,0.0,6.9,223043,3203,21245,35427,23089,61681,0.9
da5b3559b1576da5d5e41bd8402514e1057cf81d,7374,433,0,0.0,7.1,214755,3064,20525,34194,22478,60669,0.9
3431d21ace3845986851e02065cfd499b120acb4,7564,438,0,0.0,6.9,223042,3203,21245,35427,23089,61696,0.9
5f4f2c0c41f7f86ba9dc127791ae2302b501e828,7564,437,0,0.0,6.9,222827,3203,21239,35407,23230,61690,0.9
96258e52450814061b7d0caa58925bf632f56354,7565,437,0,0.0,6.9,222834,3203,21239,35409,23230,61697,0.9
f3318f1434e27365d7c304f60186ee657f815167,7562,437,0,0.0,6.9,222805,3203,21239,35401,23228,61670,0.9
fdef33fab3c140482baa6080347d983f16725bf5,7561,437,0,0.0,6.9,222806,3203,21239,35401,23228,61665,0.9
81fe206b423a9ec9930b8dbe75580b718a178bd6,7561,437,0,0.0,6.9,222806,3203,21239,35401,23228,61665,0.9
cd7b7590ac7ab7457937b1c0f4b68cd9f374450b,7561,435,0,0.0,6.9,222794,3203,21239,35401,23228,61665,0.9
84f837b76d4925bf5e86dd6ddaf0ede90db3b4c5,7561,435,0,0.0,6.9,222743,3202,21239,35401,23215,61665,0.9
631d3fc26fc031848d2bffb28eff65862dbfe9bf,7556,435,0,0.0,6.9,222623,3202,21232,35369,23204,61649,0.9
4146487b79a6ed7ee613532584f6ee8c9f8d692d,7556,435,0,0.0,6.9,222619,3202,21232,35368,23204,61649,0.9
eeac1c3eaf0b06be5e1fd275c7447f085f48a48b,7556,435,0,0.0,6.9,222619,3202,21232,35368,23204,61649,0.9
7eabceeb94fc227457099368492050e86e497a66,7542,435,0,0.0,6.9,222372,3198,21196,35306,23204,61572,0.9
638e11ad2fcde79a304f7f6525b1e15827aa0849,7374,433,0,0.0,7.1,214755,3064,20525,34194,22478,60669,0.9
2ad527e6e96256a9c0d53ba8a953f7d9e649cf03,7536,435,0,0.0,6.9,222315,3198,21193,35298,23199,61510,0.9
9ab939efa067c9a0abcf9c1364abc9a53576f5b9,7536,435,0,0.0,6.9,222286,3198,21192,35296,23199,61510,0.9
72326f42ba2add37b5f22541ad40fc3644dbe156,7537,435,0,0.0,6.9,222284,3198,21192,35296,23206,61515,0.9
4316ff8e2ad566d906a3cd84fab541ea113a9721,7374,433,0,0.0,7.1,214745,3064,20524,34191,22478,60669,0.9
4ec85c211aefa5a6cc8ed30d60551f279377142d,7538,435,0,0.0,6.9,222282,3198,21192,35296,23206,61516,0.9
daa4d8eb2e5290f1100d32ed0b93896e10fe7ca7,7538,435,0,0.0,6.9,222279,3198,21192,35296,23206,61516,0.9
6ebcb9d8d6c2ba36a2facaabf0cd99b1cc5262e0,7538,435,0,0.0,6.9,222278,3198,21192,35296,23206,61516,0.9
9db2eb5a1859b45ee4730350d7ef53b4c5ed6a87,7538,435,0,0.0,6.9,222278,3198,21192,35296,23206,61516,0.9
eb919e9dd38c1de9cdbcb4f3db8815664105ef14,7538,435,0,0.0,6.9,222278,3198,21192,35296,23206,61516,0.9
0b2470286c842c08062d2cbc5d8c22ee448a1da2,7538,435,0,0.0,6.9,222278,3198,21192,35296,23206,61516,0.9
1643bf381690ca352749c0de1070a305ef4939e9,7538,435,0,0.0,6.9,222278,3198,21192,35296,23206,61516,0.9
ef14458588d64779424e49868609547908a9e65f,7540,435,0,0.0,6.9,222281,3198,21192,35298,23206,61536,0.9
bb7f942c5dc1649ff8e0be939639280e44c731a7,7552,436,0,0.0,6.9,222256,3198,21189,35298,23180,61586,0.9
4579d74218c88295dca353741c1b526a246be6f5,7552,436,0,0.0,6.9,222256,3198,21189,35298,23180,61586,0.9
f35c8d120fe8984dff815190dc86bac74f0a9d88,7373,433,0,0.0,7.1,214656,3061,20518,34179,22478,60648,0.9
12f67868a9458b83ed3ff9721f935a40bfcfeae2,7554,436,0,0.0,6.9,222254,3198,21189,35297,23193,61589,0.9
af0d2d2b5858f4ca83f2fc25ccadc6bf7ae50a26,7554,436,0,0.0,6.9,222255,3198,21189,35297,23193,61589,0.9
c90f8700e217266f899874293aeda7545d50b614,7373,433,0,0.0,7.1,214657,3061,20518,34179,22478,60648,0.9
e5b1caf583e710f2b7bd8b243b837de01ccdaa7c,7575,436,0,0.0,6.9,222155,3197,21183,35295,23244,61683,0.9
a159af592e8fde42d0ec2a9ced20af2ebef5117d,7575,436,0,0.0,6.9,222156,3197,21183,35295,23244,61683,0.9
db210e02d43d477f229958a8869258c868e51b3b,7575,436,0,0.0,6.9,222161,3197,21183,35297,23244,61683,0.9
d6795c63641bd786f1767c8d499cb536ae26c073,7575,436,0,0.0,6.9,222161,3197,21183,35297,23244,61683,0.9
86ef0013752ffea3502739647e2a05a93038932e,7575,436,0,0.0,6.9,222135,3197,21183,35297,23244,61683,0.9
b9c23a64c514a1ea601eb38fa246780537ed6131,7573,436,0,0.0,6.9,222133,3197,21183,35297,23244,61667,0.9
ed349346064c3ec58afa8d58ccedc844a89c8089,7573,436,0,0.0,6.9,222134,3197,21183,35297,23244,61667,0.9
08006238e81422eea9abe7098171916c5eec8a3f,7562,435,0,0.0,6.9,221877,3193,21165,35268,23240,61532,0.9
f752ecf3c91893fa33545d466b18e4a5097a6336,7562,435,0,0.0,6.9,221877,3193,21165,35268,23240,61532,0.9
09582dd4218b9139d0deb2e7e37d401bea9279f9,7562,435,0,0.0,6.9,221877,3193,21165,35268,23240,61532,0.9
bb97f45697a5595106b1f1258b11683fad995ca5,7562,435,0,0.0,6.9,221877,3193,21165,35268,23240,61532,0.9
1630c6d00c6d3dae63c357c72d7d2ff790da6625,7562,435,0,0.0,6.9,221877,3193,21165,35268,23240,61532,0.9
8663a12ca27df3bc94345e1f1f8c12e1c8fcc71b,7542,434,0,0.0,6.9,221176,3184,21117,35163,23227,61334,0.9
2958351a22fc2ec6771554c98ea059aa21f9c837,7557,440,0,0.0,7.0,221332,3185,21119,35202,23241,61615,0.9
752714863b516195f8858583f89b35a4494a3ba8,7555,440,0,0.0,7.0,221302,3185,21116,35199,23233,61601,0.9
33cb8c61169db33fa8811b0aafa1c6b1b65da345,7543,438,0,0.0,7.0,220447,3160,21012,35052,23184,61512,0.9
7359a98fdd0ff274f50b0f6561d249d133d0f2fb,7373,433,0,0.0,7.1,214658,3061,20518,34179,22478,60648,0.9
a81e593bfa68982bbe4bebdb8fd57637c43f703c,7542,438,0,0.0,7.0,220438,3160,21012,35051,23184,61510,0.9
f7e87c144589af470d432ceb13ffd184edf68bf7,7543,438,0,0.0,7.0,220427,3160,21011,35049,23158,61568,0.9
64c928a8c50028aba59ddf9d9e77067dcd4d6c14,7372,433,0,0.0,7.1,214655,3061,20517,34178,22478,60643,0.9
6fdc6a5aa940ad20b3baaf35f099104ac0916492,7543,438,0,0.0,7.0,220428,3160,21011,35049,23158,61568,0.9
c326da7a031bbfbc278eaac6f272e6025b6e506e,7543,438,0,0.0,7.0,220354,3158,21002,35035,23155,61568,0.9
8354db26cfd5518bfe177d5e12c045ac003cac54,7390,433,0,0.0,7.1,214557,3060,20512,34177,22529,60682,0.9
29d54368891618ba0b0c8cde13ebb0cc76ba3b46,7390,433,0,0.0,7.1,214557,3060,20512,34177,22529,60682,0.9
2cd701cc1e0a12c211566629a613fa4722ec989e,7390,433,0,0.0,7.1,214557,3060,20512,34177,22529,60682,0.9
a7ced3699964b42d87286a2aa8aa2b05715ce863,7543,438,0,0.0,7.0,220333,3158,21000,35032,23153,61568,0.9
db4007e44527451ceda23aa109b4123949b4210e,7390,433,0,0.0,7.1,214557,3060,20512,34177,22529,60682,0.9
09ed9a6c1d612ac5845b376f7d4a36120520bfd5,7543,438,0,0.0,7.0,220333,3158,21000,35032,23153,61568,0.9
e4abc7a4ee67a8cbd184aef442d82518e67d84ae,7543,438,0,0.0,7.0,220333,3158,21000,35032,23153,61568,0.9
4da708f3dfdedcc90a4fab94ac5dfafc7b013918,7390,433,0,0.0,7.1,214536,3060,20510,34174,22527,60682,0.9
bd3af9841082c144009604d9a9b3d0266ed3405b,7390,433,0,0.0,7.1,214536,3060,20510,34174,22527,60682,0.9
670bc915e57ac8be9608fef7f148930f6ddeca6b,7390,433,0,0.0,7.1,214528,3060,20510,34172,22527,60682,0.9
9ba4fe3ce67053a104d3023db1894ecb180628e6,7387,433,0,0.0,7.1,214443,3059,20503,34159,22527,60652,0.9
6254d120c938f3a2a7b59ab373d6e8348ef98bec,7533,437,0,0.0,7.0,220194,3157,20989,35012,23151,61497,0.9
5081fe15b3457faa4dc561aeb58e80a2f892adae,7533,437,0,0.0,7.0,220194,3157,20989,35012,23151,61497,0.9
fabff5720ccc70b80e5812412e38e61e8492aed4,7380,432,0,0.0,7.1,214397,3059,20499,34154,22525,60611,0.9
41e1603f24c0d564e6db282d3ca44cc4b1cea5f7,7380,432,0,0.0,7.1,214397,3059,20499,34154,22525,60611,0.9
14343cf9009b5985b50582e2fbf4b9469e8bd23b,7533,437,0,0.0,7.0,220193,3157,20989,35012,23151,61497,0.9
2505bd4faaf24f14e69677f0eb2edc750ffe32ed,7533,437,0,0.0,7.0,220193,3157,20989,35012,23151,61497,0.9
43c4033e11c07a59cb052a4ee7a18b95b26de707,7380,432,0,0.0,7.1,214396,3059,20499,34154,22525,60611,0.9
5fe66d1c4b48bcdc68ac111990356cc6922f9b72,7380,432,0,0.0,7.1,214396,3059,20499,34154,22525,60611,0.9
51529c34c584e51f3ebaa07d8dc3953457a85522,7531,437,0,0.0,7.0,220075,3156,20978,34987,23149,61458,0.9
551f820a7edf386645b5e7cb820599202cab4b01,7380,432,0,0.0,7.1,214308,3058,20490,34131,22525,60607,0.9
c84b745bb196f51cee304fa80c6821db9ea2d93d,7531,437,0,0.0,7.0,220076,3156,20978,34987,23149,61458,0.9
e069a7af9e2d5b920b63845d5228b6b3deca1a8c,7378,432,0,0.0,7.1,214275,3058,20487,34128,22523,60572,0.9
6822b2301c3d58d4d31e631f187e1d7965b6006d,7588,437,0,0.0,7.0,219975,3151,20966,34969,23118,62332,0.9
af041d321f50f1c6ceba693090d843dffab8ec95,7378,432,0,0.0,7.1,214274,3058,20487,34128,22523,60572,0.9
9b6c463598474e40bf0aec89e9a1c38ae14f83dd,7378,432,0,0.0,7.1,214257,3058,20486,34123,22523,60572,0.9
c80b79174cd9f8621374728308b5cb87849d4caa,7378,432,0,0.0,7.1,214255,3058,20486,34123,22522,60572,0.9
6d85688cc4e696cebe23218aa6b2703b59fd1ecf,7561,436,0,0.0,7.0,219252,3134,20906,34822,23042,62106,0.9
6b095f1c68b546c9f0ce72dd91b9c1d2792c60be,7561,436,0,0.0,7.0,219238,3134,20905,34820,23042,62106,0.9
438519cb71ec544fa87899f08222b761129646fd,7377,432,0,0.0,7.1,214183,3053,20476,34112,22492,60567,0.9
e528bca7e533ecbdce6022a9e90e0469480a925f,7377,432,0,0.0,7.1,214183,3053,20476,34111,22492,60567,0.9
29e4e4235b3dfdfdd4cd562bdc835bbd779634f4,7556,436,0,0.0,7.0,219082,3130,20892,34787,23032,62093,0.9
56721482cab2c1396781672f018ebd50a478005d,7556,436,0,0.0,7.0,219075,3130,20891,34785,23032,62093,0.9
213944c03ecfd27b7a92257b92acde503cc3c628,7556,436,0,0.0,7.0,219072,3130,20891,34784,23031,62093,0.9
b3f533d726953d0f3a97c207d1555bd4047eb165,7555,436,0,0.0,7.0,219066,3129,20888,34785,23031,62086,0.9
01deaf9a0d0c45d89c3c6a99fa6c36bb16f58b6f,7376,432,0,0.0,7.1,214174,3053,20475,34110,22492,60561,0.9
4d0f9f4f4833317bfde6d73126e5dc386208ebdc,7375,432,0,0.0,7.1,214158,3052,20472,34107,22493,60554,0.9
88a568ef7a8af6188adc6c202a4aca1e41a0ff1b,7375,432,0,0.0,7.1,214158,3052,20472,34107,22493,60554,0.9
5961683f5b4996f7ebb022e1a03d1348f2ddcddc,7562,436,0,0.0,7.0,219044,3129,20887,34783,22975,62104,0.9
df613812420d547e14d2295498d79f821aff6316,7375,432,0,0.0,7.1,214168,3052,20472,34111,22492,60554,0.9
f66527a73a381972f747cdc2337eedc62a5d9772,7562,436,0,0.0,7.0,219044,3129,20887,34783,22975,62109,0.9
fc02eaf1cb2dcc03248b4af10802bbffe54ceac8,7374,432,0,0.0,7.1,214167,3052,20472,34111,22492,60549,0.9
f5c5dfd2ffd648ad12484458ce13e25b09015643,7374,432,0,0.0,7.1,214168,3052,20472,34111,22492,60549,0.9
bf11f298edfebf7405dd5fc850a22f3c13a99a07,7375,432,0,0.0,7.1,214168,3052,20472,34111,22492,60559,0.9
a0e2f715c2dee9b496715eaa8df70604b7d1b96f,7561,436,0,0.0,7.0,218992,3129,20881,34773,22976,62104,0.9
bed11378ae355af2b7ff76db0aedd9f9ee29c18e,7562,436,0,0.0,7.0,218894,3129,20873,34757,22947,62109,0.9
87a776aa43cde816453af165ddd851843368bbff,7562,436,0,0.0,7.0,218892,3129,20873,34756,22947,62109,0.9
61d73896039a97074a893303ace428d087aa0016,7561,436,0,0.0,7.0,218895,3129,20873,34755,22944,62107,0.9
1bc5e623c0efcb945d5d8e2bf70c05eafc32c659,7561,436,0,0.0,7.0,218895,3129,20873,34755,22944,62107,0.9
ed73fdeed0e9e7392434a76c5f2b9cb3d42bfc80,7375,432,0,0.0,7.1,214168,3052,20472,34111,22492,60559,0.9
8c5e2b299f031777dcd27b4e91facb6ef4fd530c,7375,432,0,0.0,7.1,214175,3052,20474,34113,22493,60559,0.9
4b55862f86fb410e99bbed4b279db69e2a63e2ab,7557,436,0,0.0,7.1,218690,3129,20853,34723,22937,61979,0.9
7b3cdd24d3e94bafb9cb5b99883e3de853207407,7375,432,0,0.0,7.1,214176,3052,20474,34113,22493,60559,0.9
2400afc6fb27550e46e96612f808413ee0c355cc,7551,436,0,0.0,7.1,218654,3129,20850,34717,22937,61909,0.9
beeca4a4ab10faeb0489b5e0eb6b881cc1afbe4d,7375,432,0,0.0,7.1,214176,3052,20474,34113,22493,60559,0.9
a4052563b779ba0ee8a67eb717b4060698b6960a,7552,436,0,0.0,7.0,218603,3129,20847,34707,22917,61910,0.9
16fc7b55ef20f97d2b5e7b983d4d10eb9afc4c82,7375,432,0,0.0,7.1,214172,3052,20474,34113,22493,60556,0.9
d240c831de17ad105fe1efe9ea07ed97a82580bf,7552,436,0,0.0,7.0,218598,3129,20846,34705,22913,61910,0.9
dcb2d703fbc5c53bbd7e5be52b1b7554566a9481,7374,432,0,0.0,7.1,214134,3052,20474,34107,22493,60526,0.9
469a0b3c63a3c4e37f0bd62707b1fc32bc0ed30c,7374,432,0,0.0,7.1,214137,3052,20474,34107,22493,60526,0.9
a36c21c27707eb312fbf9f8992e3c32c25c8f145,7371,432,0,0.0,7.1,214045,3052,20463,34097,22486,60416,0.9
5482f3b68d47542a8d1fa08b28abc3bec5840f34,7552,436,0,0.0,7.1,218618,3129,20846,34710,22913,61910,0.9
4b3197848167f469eb0e539c696f1cabe28f6a0c,7558,436,0,0.0,7.1,218599,3129,20846,34710,22907,61924,0.9
63848bed74445ae0b931a32abc6be4d2965f9989,7372,432,0,0.0,7.1,214056,3052,20464,34098,22486,60421,0.9
73bfa6a61f92f5fdcfa6740b319ba941e45d7a1a,7544,436,0,0.0,7.1,218144,3122,20795,34656,22902,61741,0.9
4195838c68b6b5b5d183b7d3b2dcf5e7d83d919c,7543,436,0,0.0,7.1,218037,3119,20788,34641,22899,61746,0.9
5202f87ef01922163841138d283ebbfe5df130d4,7370,432,0,0.0,7.2,213963,3052,20452,34079,22485,60401,0.9
80561c1925a4857635dd8c58978c5c98d7147ed7,7543,436,0,0.0,7.1,218037,3119,20788,34641,22899,61746,0.9
196374dca3f778d1767e3e84f85907e4241a2fe1,7543,436,0,0.0,7.1,218038,3119,20788,34641,22899,61746,0.9
7da45152d04eea0ceb721c5a4576cb3119453fb3,7370,432,0,0.0,7.2,213963,3052,20452,34079,22485,60401,0.9
0b21e93dc881952f47800f31aa9963795ff1df69,7350,432,0,0.0,7.2,213786,3051,20432,34046,22464,60241,0.9
6443767caf1f37800532900c5d4512461868b4ce,7350,432,0,0.0,7.2,213786,3051,20432,34046,22464,60241,0.9
f9eb28cf7ebb16e45c858c20982690b5a991a04d,7350,432,0,0.0,7.2,213785,3051,20432,34046,22464,60241,0.9
659249d07dc71c9fcbf9bf5caede2a6893e38d8d,7534,435,0,0.0,7.1,217745,3118,20767,34592,22872,61602,0.9
0e1c120870d59ed14054bc5084c353cf369f3460,7350,431,0,0.0,7.2,213753,3051,20429,34037,22463,60241,0.9
904703eb2265baa3e210da815f9db3d5ea0e66d8,7350,431,0,0.0,7.2,213739,3051,20431,34034,22462,60195,0.9
e3cc8595dc56eb2a1107d8ea5f4f73312025aa71,7349,431,0,0.0,7.2,213700,3051,20431,34034,22459,60187,0.9
eb18f64a41022c368d83b34be1856c6551de79ba,7349,431,0,0.0,7.2,213695,3051,20431,34033,22459,60185,0.9
88f17daf064c75e72394fa46913bd5ac274f1153,7349,431,0,0.0,7.2,213690,3051,20431,34032,22459,60181,0.9
6597a24cc3022af29279142d3af75ce925697184,7539,435,0,0.0,7.1,217737,3118,20767,34591,22871,61610,0.9
8aa42274683140506b871c10557b85243988cb45,7543,435,0,0.0,7.1,217727,3118,20767,34591,22861,61630,0.9
c34bfd6c1a52bd9b5e36440e492ff7b0f600fdd3,7349,431,0,0.0,7.2,213686,3051,20431,34030,22458,60178,0.9
9e6517a14575ce8d8a957ae08dd4d84450645243,7349,431,0,0.0,7.2,213686,3051,20431,34030,22458,60178,0.9
8f06c8fae18257c2808da306d7340cc11fcd1df1,7543,435,0,0.0,7.1,217712,3118,20767,34589,22851,61624,0.9
3d25a2abf8430226569d7b320bb5272521aeddcc,7349,431,0,0.0,7.2,213672,3051,20431,34030,22458,60178,0.9
eb6686111789c5836c9abcbd1019ea5f180f4aef,7528,435,0,0.0,7.1,217514,3110,20742,34562,22849,61545,0.9
b1e347311af7d705af119d7e4d1b5bac277b20dd,7349,431,0,0.0,7.2,213670,3051,20431,34030,22458,60178,0.9
6af32f923c91de420850bb9c82f4575b60ba8b92,7529,435,0,0.0,7.1,217518,3110,20742,34561,22849,61550,0.9
fd9d119ae5f2a370aca420bd3a4b7c9a868c3734,7349,431,0,0.0,7.2,213670,3051,20431,34030,22458,60178,0.9
acf3ae14a36d5a67926c149ea95fe0caeb0d80b7,7349,431,0,0.0,7.2,213670,3051,20431,34030,22458,60178,0.9
28e760e33178b02282dd462dde341fe471e4896c,7349,431,0,0.0,7.2,213670,3051,20431,34030,22458,60178,0.9
e780d43fbe51122138f46795a1c27996020074b7,7529,435,0,0.0,7.1,217518,3110,20742,34561,22849,61550,0.9
4aacd09ee7342c821b01a0b9898cb1892824a1ff,7530,435,0,0.0,7.1,217523,3110,20741,34566,22846,61549,0.9
e6aba4202b5e7f1ff83f4397f34f09bfa77eec65,7349,431,0,0.0,7.2,213670,3051,20431,34030,22458,60178,0.9
102357d1f0f8ec95ddcd06b3065bbd7bc3658839,7349,431,0,0.0,7.2,213654,3051,20430,34029,22457,60178,0.9
3ec4f889f55445948fb11231092f3b763a26b4f4,7531,435,0,0.0,7.1,217512,3110,20741,34566,22837,61551,0.9
ae143e31339b2abdcea81ea4be54744738e27c6e,7350,431,0,0.0,7.2,213658,3051,20430,34030,22457,60180,0.9
873ef2256a1dc32e49898688ff56d63cabf9ed9f,7532,435,0,0.0,7.1,217446,3108,20737,34555,22838,61556,0.9
e7894ca374e966a1d807e34b2744f276b843f39f,7531,435,0,0.0,7.1,217430,3108,20737,34555,22825,61546,0.9
71c6e604f0a6bdc3daa4121723b7dce1987ec269,7350,431,0,0.0,7.2,213675,3051,20430,34035,22455,60177,0.9
393084352ea74dedf7824ac54723ada0ec4e5489,7350,431,0,0.0,7.2,213675,3051,20430,34035,22455,60177,0.9
17a0aa2730e9a2f3d92963921d43603e21bec3bd,7531,435,0,0.0,7.1,217433,3108,20737,34557,22825,61546,0.9
f1af604e7e9791921f918fdb84750588cf0e3a15,7506,435,0,0.0,7.1,217382,3108,20731,34546,22816,61382,0.9
807fc1220382aa962523476d54080791493dedab,7455,436,0,0.0,7.1,216635,3096,20688,34445,22643,61205,0.9
3101a5d458a4f820a660f0497770d920168c067d,7350,431,0,0.0,7.2,213675,3051,20430,34035,22455,60177,0.9
e5f864bb58621fb1c48ce0c3476a4a17d03c6a23,7340,431,0,0.0,7.2,213633,3051,20425,34027,22448,60103,0.9
8dec7d411d0f045537516f3db2f916fd11486a72,7439,434,0,0.0,7.1,216067,3087,20640,34381,22623,61147,0.9
d35127954d6a0cac79381927807ae80b012a0672,7439,434,0,0.0,7.1,216067,3087,20640,34381,22623,61147,0.9
766d0cfa894f95f0bddc5bfb397ec6656c517069,7339,431,0,0.0,7.2,213624,3051,20424,34024,22446,60093,0.9
edd245e5951f773550b5d23434554b35de0fb668,7405,434,0,0.0,7.1,215354,3081,20599,34281,22606,60529,0.9
651d4df9a0733602aac20de5fbb29e4f10354511,7339,431,0,0.0,7.2,213624,3051,20424,34024,22446,60093,0.9
29b761c3c75b4325c0ae72dc1b427042510a1f63,7357,431,0,0.0,7.2,213609,3049,20424,34027,22534,60197,0.9
768a69e8eb0e8be893e8f68a702a009cb5f07002,7357,431,0,0.0,7.2,213609,3049,20424,34027,22534,60197,0.9
e8ee154a5c1192ba8c5aa915c8380f43a1e844fd,7357,431,0,0.0,7.2,213581,3049,20424,34016,22534,60196,0.9
4be39e4744360dc55693499d6c85ea1a26ea54ff,7357,431,0,0.0,7.2,213581,3049,20424,34015,22534,60196,0.9
d0dc7924486760265f9fe57ad7080f6741cbb2c7,7359,431,0,0.0,7.2,213589,3049,20424,34015,22537,60198,0.9
9c1630186f1886c07c02729503069edf6665f17c,7363,431,0,0.0,7.2,213594,3049,20423,34015,22552,60218,0.9
303cd6924f9a615a501989d58b6f3df4f21b242b,7363,431,0,0.0,7.2,213594,3049,20423,34015,22552,60218,0.9
5f35f0dd183e09cc4f4b7456a651bcdc093247cf,7363,431,0,0.0,7.2,213596,3049,20423,34017,22550,60218,0.9
dea24987186bc3d1585bbf74ba8ea8abc1ef0cfa,7363,432,0,0.0,7.2,213595,3049,20423,34017,22550,60218,0.9
6095d71062bc6125167186ed0faa41d484251904,7365,432,0,0.0,7.2,213597,3049,20423,34019,22550,60221,0.9
330dfc42f9f363f2f326c7bf312bf37eb079c02f,7430,435,0,0.0,7.1,215351,3079,20598,34280,22711,60630,0.9
92bf15dee23f2962937ba382d97193880a72fc40,7414,436,0,0.0,7.1,215189,3076,20579,34257,22679,60453,0.9
e7071789c9059d5afb891d4ee7f791e998578cdc,7364,432,0,0.0,7.2,213621,3049,20423,34023,22551,60194,0.9
8e11b35969048482811ebf1bb186962ff725776b,7371,432,0,0.0,7.2,213634,3049,20423,34023,22551,60210,0.9
6c1e4565f55223e1617bf1fc4877916244c0177c,7371,432,0,0.0,7.2,213634,3049,20423,34024,22551,60210,0.9
376fc143b029d5667b5d633f3593648003270f4c,7379,432,0,0.0,7.2,213634,3049,20423,34024,22551,60220,0.9
8a93fceed690d59c44bb6a8562dbfc1193d9c076,7429,436,0,0.0,7.1,215202,3076,20579,34258,22679,60479,0.9
fd48e1cc28571f54f9177c7b8c55ee49055fe90b,7429,436,0,0.0,7.1,215202,3076,20579,34258,22679,60479,0.9
7e7fc2807cb8aa40c0b15d202428a3dbac6b708f,7430,436,0,0.0,7.1,215219,3076,20581,34259,22679,60494,0.9
d82310292e337e48364f96b916a1056af8d82e43,7430,436,0,0.0,7.1,215216,3076,20579,34257,22679,60494,0.9
90370b4bc23666f31ac009531722641dbc013ff6,7430,436,0,0.0,7.1,215216,3076,20579,34257,22679,60494,0.9
2dab2d7fdb69a7a391b377eb02fb8d92424819fb,7430,436,0,0.0,7.1,215213,3076,20579,34256,22677,60494,0.9
3435872229f0d015bcd64049d2f8a26bc07fd6c3,7430,436,0,0.0,7.1,215212,3076,20579,34256,22677,60494,0.9
7d3fb63c9fc5e0b64189cfc44e79961ae856155e,7427,435,0,0.0,7.2,215177,3076,20578,34247,22677,60467,0.9
5bb7ec02b4d93453a903eb2d061e053cd53f4021,7379,432,0,0.0,7.2,213634,3049,20423,34024,22551,60220,0.9
cf552844b2199bc8905ae01f14299a8b0bce3796,7380,432,0,0.0,7.2,213651,3049,20425,34025,22551,60235,0.9
fcdfe338fbede4896b7f67f3a4e7aad52b50e567,7380,432,0,0.0,7.2,213648,3049,20423,34023,22551,60235,0.9
7a1239f4e7cca83f93a5b16949151ccc8b7038ac,7380,432,0,0.0,7.2,213648,3049,20423,34023,22551,60235,0.9
f9c66513757db22a307147316c9da723a7d8d583,7380,432,0,0.0,7.2,213645,3049,20423,34022,22549,60235,0.9
2e5941f87995abea7748d0171b0e6ede3c3e73e3,7380,432,0,0.0,7.2,213644,3049,20423,34022,22549,60235,0.9
90cef365ba9a0beeb6ceb1f9ae0ddbf004add8bb,7427,435,0,0.0,7.2,215174,3076,20578,34246,22677,60467,0.9
61beabd576778d87032781740965b1c72a5597ee,7377,431,0,0.0,7.2,213609,3049,20422,34013,22549,60208,0.9
b5e7598a2d01111cf6e9e7b5c0a7f57581de4d37,7427,435,0,0.0,7.2,215146,3076,20574,34241,22679,60456,0.9
f48fbd829e256e6a7d0ee0f876a9e824abeb9e2e,7427,435,0,0.0,7.2,215146,3076,20574,34241,22679,60456,0.9
b68f1147fa0986a1be035c30c52f7d466d6b25a4,7435,434,0,0.0,7.2,215131,3076,20574,34241,22679,60533,0.9
a934502916059af756d50c50003865c9b1857163,7377,431,0,0.0,7.2,213606,3049,20422,34012,22549,60208,0.9
0858500d10f78d68a02f0ec50787424b4cfaa4ab,7377,431,0,0.0,7.2,213563,3049,20420,34002,22549,60208,0.9
aebeee1844e1093192472419bb76b0de4ee2711b,7377,431,0,0.0,7.2,213559,3049,20420,34000,22549,60208,0.9
d6a1ff43a008b8a054bed11dca4f23a3c0d20ec0,7379,431,0,0.0,7.2,213557,3049,20420,34000,22551,60218,0.9
89b74fe7f15117aa1301914c47ae0c87b1ca8d77,7379,431,0,0.0,7.2,213557,3049,20420,34000,22551,60218,0.9
6f50470b5a88a3bd09ab2a7611fbed419bbb761c,7377,431,0,0.0,7.2,213552,3049,20420,33999,22551,60213,0.9
47f7be2fd6137dc01433d9cd0e37204b0d350686,7381,431,0,0.0,7.2,213574,3049,20422,34004,22579,60253,0.9
bf882c1883495b572e87e504340f82f4db916025,7381,431,0,0.0,7.2,213558,3049,20413,33990,22582,60253,0.9
e1a04777039be9ba6d360a0bf566f316ea47d3f3,7378,431,0,0.0,7.2,213303,3047,20397,33952,22580,60208,0.9
06cb5cdd3fbdfb0f729a14c061304820b410fdc2,7428,435,0,0.0,7.2,214830,3074,20549,34181,22710,60446,0.9
d2d1b99b15934a5b82dc53c743fb4210241667eb,7378,431,0,0.0,7.2,213305,3047,20397,33952,22580,60208,0.9
c85195fc360f1625e8509a2394592ec1afe4300a,7379,431,0,0.0,7.2,213316,3047,20397,33952,22580,60201,0.9
a78bdc8998eaa6240f8c40716f5d1fcbfcb2cdab,7379,431,0,0.0,7.2,213323,3047,20397,33954,22580,60201,0.9
2846766d70614c785909fe5681b434bbacabc174,7379,431,0,0.0,7.2,213323,3047,20397,33954,22580,60201,0.9
135c6f81fe16bed71b5069cc9c0a809ead418ba3,7378,431,0,0.0,7.2,213320,3047,20397,33954,22580,60190,0.9
7a33ddf93c43f9de8e45e7bc80a22a04beecf654,7378,431,0,0.0,7.2,213320,3047,20397,33954,22580,60190,0.9
00895034d0608fffc41648e4f4c3dae20c28f891,7378,431,0,0.0,7.2,213320,3047,20397,33954,22580,60190,0.9
b4ba39f728bd34f7539adf9aca2fd08910b13e68,7379,431,0,0.0,7.2,213321,3047,20397,33954,22580,60195,0.9
23f517a904fcf1554b78f22dfa13dd53ab7a3a19,7379,431,0,0.0,7.2,213315,3047,20396,33953,22580,60195,0.9
2d5884bff2917b5f42901f3c86ff0d434d2429f3,7379,431,0,0.0,7.2,213315,3047,20396,33953,22580,60195,0.9
6de61dfaf1452a6547d8d56a246bcb95a24ebf19,7379,431,0,0.0,7.2,213301,3047,20395,33949,22578,60195,0.9
bdda9e56df1ae2cb89a2f36bbdba6f3fac63cb04,7379,431,0,0.0,7.2,213282,3047,20393,33947,22578,60195,0.9
ab63595800cba18b8144613dba6fd66477869abe,7375,431,0,0.0,7.2,213186,3044,20379,33925,22549,60158,0.9
2face28201dafb10bc5de35633f3150e7a89dbd0,7376,431,0,0.0,7.2,213187,3044,20379,33925,22551,60163,0.9
14d8931339dac4e51908a23643435fca8d7b454f,7374,431,0,0.0,7.2,213096,3042,20367,33906,22542,60151,0.9
675cd4bb13481c3f1c9f33d18503d084a7bcc132,7372,431,0,0.0,7.2,213013,3041,20358,33894,22538,60141,0.9
89863e048d745b5c655a6b859347b32939b743db,7372,431,0,0.0,7.2,213005,3041,20355,33891,22533,60141,0.9
1ea8d2d762d920e78782dfe8a7be5e5b7a2a6237,7353,429,0,0.0,7.2,212874,3035,20340,33864,22498,59941,0.9
64a96c5480c9ce2e92494d370ce68b4565983e1b,7349,429,0,0.0,7.2,212775,3035,20330,33859,22498,59929,0.9
c9b6e85d0362fe3bfb97a5f3097d0e2880359f9d,7342,429,0,0.0,7.2,212682,3035,20324,33842,22494,59917,0.9
162b98f6ba8f6216c784c797eb5a4d32a25df23d,7343,429,0,0.0,7.2,212681,3035,20324,33842,22494,59918,0.9
f7bf43b0c45fbb56b2d9b0b0fba9cef8c62f0b78,7344,429,0,0.0,7.2,212799,3035,20324,33842,22494,59948,0.9
67e36cdd27b9ae988c1d0d50a459545be07387b1,7345,429,0,0.0,7.2,212798,3035,20324,33842,22494,59953,0.9
6d188d81dff49a2c0e4964ecb3dcd1ac114956d9,7349,430,0,0.0,7.2,212570,3027,20303,33800,22486,60094,0.9
d9d87bdab060a1def7da98fc0db0b99dc32e4ce0,7349,429,0,0.0,7.2,212633,3027,20308,33823,22485,60141,0.9
d9bdafdf948aba8f7ac5a32c60e19327185e3bd2,7349,429,0,0.0,7.2,212626,3027,20308,33822,22485,60141,0.9
819375bf44584bb10cd658716363aad7cc59deb9,7349,429,0,0.0,7.2,212626,3027,20308,33822,22485,60141,0.9
7591940cf108903584f0fdbb0d7f566ea788ee66,7349,429,0,0.0,7.2,212609,3027,20308,33819,22485,60141,0.9
ca811c442d043177b92f023294ee5969c2a95a8a,7349,429,0,0.0,7.2,212604,3027,20306,33818,22485,60141,0.9
e6f169d0d424de440041f9447f406b7a48868c9b,7299,429,0,0.0,7.2,212537,3026,20298,33806,22474,59295,0.9
25d9daac52549070f6b027e7044f11927f1f5e49,7299,429,0,0.0,7.2,212532,3026,20297,33805,22474,59295,0.9
db1551307100be928dc09c5ea28df8ca6b3b8bed,7299,429,0,0.0,7.2,212532,3026,20297,33804,22474,59295,0.9
b4b0aab8a05998d2e47a00aa3bf2f36af10a1017,7298,428,0,0.0,7.2,212533,3026,20297,33804,22474,59280,0.9
372f6a697a0a4ebfdbf637c5f7e3dde8662bbe53,7293,428,0,0.0,7.2,212453,3026,20297,33803,22469,59238,0.9
38e4426bd01a3ae9faf525be986ea3848ed48368,7293,428,0,0.0,7.2,212453,3026,20297,33803,22469,59238,0.9
0d98caa0bede335ec4208ab719dfd86fe9e54879,7371,431,0,0.0,7.2,213742,3050,20437,33997,22582,60037,0.9
4689fefa96ab75bb261ce33e0cd94402e54a9a71,7286,428,0,0.0,7.2,212327,3023,20292,33787,22465,59164,0.9
159b04e6c9fffe30f4b26a80c28288cea4541703,7283,428,0,0.0,7.2,212321,3023,20292,33786,22464,59124,0.9
625dba6604ade1b76554f23835a69b44bcc92418,7283,428,0,0.0,7.2,212302,3023,20289,33771,22464,59124,0.9
25fabf11aab6ab250258aa8e8b18e54e5fdb7957,7273,428,0,0.0,7.3,212199,3023,20285,33768,22452,59084,0.9
d42b93dfda471b448cf6ccea364ba402e58615ce,7283,428,0,0.0,7.2,212302,3023,20289,33771,22474,59124,0.9
c35b2ecd3ffa30a8f0111139d88fbb198db4e0a6,7283,428,0,0.0,7.2,212302,3023,20289,33771,22474,59124,0.9
fe135983ed74c0fa5538a44d675cfdb8db9aa9ed,7267,428,0,0.0,7.3,212215,3023,20285,33769,22452,59071,0.9
f7957db329c58fd67be0d61d49ccf5cc98971922,7267,428,0,0.0,7.3,212203,3023,20285,33769,22452,59071,0.9
be7dc7f397ce66b2240bc2534128e6ddddda9688,7267,428,0,0.0,7.3,212203,3023,20285,33769,22452,59071,0.9
7b8019fef6792a00910c6d77d83873a669d8023c,7267,428,0,0.0,7.3,212202,3023,20285,33768,22452,59069,0.9
7ff818f36a9ddd439041984158bef8cde68ac61f,7273,428,0,0.0,7.3,212199,3023,20285,33768,22452,59084,0.9
dec5dc36e5a9c68b67a5cdc4598f5459ae292567,7273,428,0,0.0,7.3,212197,3023,20285,33765,22452,59084,0.9
33c3d33b1c0c1a1d0532c6ca6c21bad96c736714,7273,428,0,0.0,7.3,212197,3023,20285,33765,22452,59084,0.9
a57394a85c90b450393755646e6467020f45de90,7273,428,0,0.0,7.3,212197,3023,20285,33765,22452,59084,0.9
07e2a8a9d55d6c67bf40947e2daa331bb4b3e116,7273,428,0,0.0,7.3,212197,3023,20285,33765,22452,59084,0.9
693965a337944562055ff61698ab4a8a03fa8b1c,7273,428,0,0.0,7.3,212195,3023,20285,33764,22452,59084,0.9
96cff83d0e36fbcd7564b4c15b0c2453af50124a,7273,428,0,0.0,7.3,212195,3023,20285,33764,22452,59084,0.9
7e8c7aaca76b0577dde10594798ee08736e0e2e4,7273,428,0,0.0,7.2,212194,3023,20285,33764,22452,59084,0.9
d6e14980a5a17bcfebab6190cb0ae31ab8d931c2,7273,428,0,0.0,7.2,212166,3023,20284,33761,22450,59084,0.9
c1c9aa80f51cf1aa2b50989014387c2151bbd653,7273,428,0,0.0,7.2,212158,3023,20284,33757,22449,59084,0.9
b4bc7aaa664a5152c8b2cde9e50dc611ca37b9c8,7272,428,0,0.0,7.2,212118,3023,20283,33749,22447,59068,0.9
d0ae1616353af79ea2f9d842bcf04bdc68bfb24e,7272,428,0,0.0,7.2,212117,3023,20283,33748,22447,59068,0.9
fe2d7dcd040b116badea176fc17e85a1f8fd00db,7272,428,0,0.0,7.2,212119,3023,20283,33749,22443,59068,0.9
ec98ff364cb58f0fad82dda044cbcc0604c098c0,7272,428,0,0.0,7.2,212099,3023,20281,33745,22429,59065,0.9
5880b02095d61d941d2e530c236c4f524880d9ec,7270,428,0,0.0,7.2,211855,3019,20253,33701,22412,59045,0.9
435a2e23cd2cecf56946d319d407b255429ee8ab,7270,428,0,0.0,7.2,211848,3019,20252,33699,22411,59045,0.9
06618160e76e134182a920d84a6b7234fe0350fd,7267,428,0,0.0,7.2,211820,3018,20245,33695,22406,59025,0.9
8366d310f139747c3b70e51e105583e8eb2b2bfd,7267,428,0,0.0,7.2,211820,3018,20245,33695,22407,59025,0.9
81bad75b7b74c1883edecaf481be0b9dce27f7c2,7267,428,0,0.0,7.2,211821,3018,20245,33695,22407,59025,0.9
a2f165052661bbdcf7c97b04e7be7cf7ee1ccffd,7265,428,0,0.0,7.2,211810,3018,20244,33693,22406,59023,0.9
bce439e6a3969d86fba595df33a71655cfa5ace7,7265,428,0,0.0,7.2,211810,3018,20244,33693,22406,59023,0.9
c4847d59347c2bad64b884156fd679bb27c65964,7266,428,0,0.0,7.2,211806,3018,20244,33694,22406,59024,0.9
51c7b15fab284805000e7fd82647e35a81977278,7265,428,0,0.0,7.2,211806,3018,20244,33694,22406,59019,0.9
5aa660ce1d5e4663494f0fddc15544369a22c93e,7266,428,0,0.0,7.2,211753,3018,20242,33692,22404,59024,0.9
3b7cb280e744d25c350e93831705e46d74ef445c,7266,428,0,0.0,7.2,211737,3018,20242,33688,22404,59024,0.9
40ed786e8ad0f6ebd2da9486598746ea025f343d,7266,428,0,0.0,7.2,211735,3018,20242,33688,22404,59024,0.9
412095ee7441e4608a7143d4602e8d5402d5202e,7268,428,0,0.0,7.2,211740,3018,20242,33688,22405,59029,0.9
4fd5036bec64d44f9a31ec5fd526f8a81267e5ac,7264,428,0,0.0,7.2,211759,3018,20246,33696,22418,58980,0.9
f5e9d036633a9aec8d5310011b3d6a37d8e81745,7265,428,0,0.0,7.2,211758,3018,20246,33696,22418,58990,0.9
95378db8537627d56a80f46fa4602ebc7ad6147c,7265,428,0,0.0,7.2,211757,3018,20246,33696,22418,58990,0.9
81ac64d7b6c7b0b7a91e8b39c59875a50ac3ef23,7265,428,0,0.0,7.2,211732,3018,20244,33692,22417,58990,0.9
6364371e71c82831397b54d5852a6cdb4d5021fc,7269,428,0,0.0,7.2,211641,3016,20240,33682,22413,59005,0.9
4d71da5d388496591c18d03f3327ec817e953519,7263,428,0,0.0,7.2,211565,3016,20233,33663,22394,58900,0.9
6da4c0c41ceb6647b368f51679834c945aaf243c,7262,428,0,0.0,7.2,211565,3016,20233,33663,22394,58890,0.9
bc638b5748aa6b71327e6cc84885316368648162,7261,428,0,0.0,7.2,211489,3014,20229,33654,22391,58880,0.9
f2eef4874f65b21b7b310de588d9f55f4aeb2e2c,7261,428,0,0.0,7.2,211484,3014,20228,33653,22391,58880,0.9
95823fd4b15f27df9fe039c9c640ada073bf40ad,7261,429,0,0.0,7.2,211483,3014,20228,33653,22392,58880,0.9
868c02cbc3d1f85a92b0cdc1a98ad49372228a23,7261,429,0,0.0,7.2,211497,3014,20231,33657,22392,58880,0.9
e831b464837ae5d2afac9841559420aeaef6c52b,7262,429,0,0.0,7.2,211496,3014,20231,33657,22392,58885,0.9
1874ed2e3e931345f7a00f8261b3d4de9137ce12,7262,429,0,0.0,7.2,211492,3014,20231,33657,22392,58885,0.9
7c72487c5bd986b290ff6c5bff05843b6f490674,7262,429,0,0.0,7.2,211492,3014,20231,33657,22392,58885,0.9
091168afcac1b532df12a063cc8bbcd0819665bb,7262,429,0,0.0,7.2,211492,3014,20231,33657,22392,58885,0.9
2f6bc17d31eb72f080c56fed0adb998480ef7e86,7262,429,0,0.0,7.2,211485,3014,20231,33655,22392,58884,0.9
a0ec9f3b5f5101738c6c688a68641081e5c06202,7262,429,0,0.0,7.2,211484,3014,20231,33655,22392,58884,0.9
3d7266f13aa0cce7bf8ab0cef5e5e501ee355d33,7262,429,0,0.0,7.2,211481,3014,20231,33654,22392,58884,0.9
c2dfbc9e38a591388cff960aef5c6bb97a2d0eac,7262,429,0,0.0,7.2,211487,3014,20231,33655,22392,58885,0.9
3654e8fb0820d4a70d8f48af35e316913d836476,7261,430,0,0.0,7.2,211485,3014,20231,33654,22392,58878,0.9
35a87a62d02bba620328b0945b29ec17bbc4393e,7263,430,0,0.0,7.2,211452,3014,20224,33650,22366,58888,0.9
49926845c0016454f1bd9ea50651bddceb701935,7264,430,0,0.0,7.2,211450,3014,20224,33650,22366,58890,0.9
7827ca8d04bf5eae757e474afdb5cd5757f43b1a,7264,430,0,0.0,7.2,211432,3014,20223,33647,22366,58890,0.9
df5b0af7c76c84983671adf4b63a6a8faadcb926,7264,430,0,0.0,7.2,211432,3014,20223,33647,22366,58890,0.9
e4b4306818d57c604c38f19cd03e2075019760ca,7264,430,0,0.0,7.2,211432,3014,20223,33647,22366,58890,0.9
3469d7c731632b56391ee6d4c2d1271c20b7a38e,7264,430,0,0.0,7.2,211420,3014,20222,33641,22366,58890,0.9
0bac2faae2d5eafbe2f42a76ce06f510aff5392a,7264,430,0,0.0,7.2,211420,3014,20222,33641,22366,58890,0.9
d5f465cef9db744409464ba617e0628956c36281,7264,430,0,0.0,7.2,211386,3014,20220,33636,22366,58890,0.9
6f116fd8b15341923b142a8df94476570f9a24cb,7264,430,0,0.0,7.2,211386,3014,20220,33636,22366,58890,0.9
62154c5927621bc24782e30fa28bfa78e84e90b7,7264,430,0,0.0,7.2,211385,3014,20220,33636,22366,58890,0.9
9ed4ed4a5141e873f0dc9146514b2a72010d814f,7264,430,0,0.0,7.2,211385,3014,20220,33636,22366,58890,0.9
225c2089a1f1b96209e99af7523d068dc2f4bba7,7264,428,0,0.0,7.2,211195,3013,20195,33597,22282,58884,0.9
807b10e56eb5c055e72fc159dea0c0b4b4ccc159,7264,428,0,0.0,7.2,211197,3013,20195,33597,22282,58884,0.9
2dc577d052201e1add2f089b62df309bb9982d80,7261,428,0,0.0,7.2,211111,3012,20179,33578,22282,58908,0.9
a8bf17b0d9e130939f6b181bab3f113ded0dab4e,7262,428,0,0.0,7.2,211118,3012,20179,33579,22282,58918,0.9
651df4869089a899445bd553954f1aec3d7aaa94,7262,428,0,0.0,7.2,211101,3012,20179,33579,22282,58918,0.9
29becdc22af9a3e0e9d7367eeed4b65b082c8cd3,7262,428,0,0.0,7.2,211101,3012,20179,33579,22282,58918,0.9
feb1792b634e44005c0dacaa7fcb981c12de931f,7262,428,0,0.0,7.2,211094,3012,20179,33578,22282,58918,0.9
9579c2e7824a5d7bacab250b6745a74eb12fa6ab,7262,428,0,0.0,7.2,211094,3012,20179,33577,22282,58917,0.9
e34797ce3bbae90887f5a04f82c3cfe7ebd99194,7260,428,0,0.0,7.2,211078,3012,20179,33575,22281,58897,0.9
467cc17bb936e74d5981115a7b01ccd668d78fa4,7260,428,0,0.0,7.2,211078,3012,20179,33575,22282,58897,0.9
33a29caa0d615edebd3d3db660a0b6cc51e488b3,7200,428,0,0.0,7.2,211070,3012,20179,33570,22282,58792,0.9
7c136268724d63686f0305b3d480a2904b413119,7201,428,0,0.0,7.2,211070,3012,20179,33570,22282,58802,0.9
ce0e60d3d458d7f8aa8f1aa3e6dc56f1ed6b7f7c,7201,428,0,0.0,7.2,211070,3012,20179,33569,22282,58802,0.9
f9dee19bfeeb8b5d65c73570de18351309e5e594,7200,426,0,0.0,7.1,209215,2984,20012,33323,22249,58948,0.9
df3138875e47476e5365c78eaf893bf14ce6d946,7200,426,0,0.0,7.1,209188,2984,20011,33318,22249,58944,0.9
2843eaf0e7059b55cc197a8dc826b1a18f869f4e,7201,426,0,0.0,7.1,209182,2984,20011,33318,22249,58949,0.9
48ce8ff22e10ae0b9f297e0174b20be574108352,7206,426,0,0.0,7.1,209181,2984,20011,33318,22249,58975,0.9
32d19a0235d9cd3598f7e52a021d7b48fcdb5a0c,7206,426,0,0.0,7.1,209168,2984,20011,33318,22249,58975,0.9
0b3f1f22573041ae8061bde2d44fd3437ff26c3d,7203,426,0,0.0,7.1,209157,2984,20011,33315,22248,58943,0.9
6041cc11a0301cabbd627a4aadc0d65267f0d67e,7203,426,0,0.0,7.1,209157,2984,20011,33315,22248,58943,0.9
845ad74590d52c1a270b70f40a992d7695ee9c51,7203,426,0,0.0,7.1,209156,2984,20011,33315,22248,58943,0.9
afb8c9b4cf3c389ed866eb2ae5555ef9ca4bd169,7203,426,0,0.0,7.1,209164,2984,20011,33317,22248,58943,0.9
0b81ac5328575f07f7235fc207bd38f8fe5d40d6,7203,426,0,0.0,7.1,209164,2984,20011,33317,22248,58943,0.9
7c3f7962794a4e509cc3b8590288e525c67af5c5,7203,426,0,0.0,7.1,209164,2984,20011,33317,22248,58943,0.9
96bc6c319ffda8be00afff206b5583d338efaad1,7203,426,0,0.0,7.1,209164,2984,20011,33317,22248,58943,0.9
6eaf0953808155d1812b3c98e7f2706fea5dcc62,7203,426,0,0.0,7.1,209164,2984,20011,33317,22248,58943,0.9
7e09abd31340bfd5bcbf64d0979f929f71bb67ad,7197,425,0,0.0,7.1,208976,2982,19988,33292,22217,58848,0.9
05638ba7a6a13c58db9004c12b7e0b5fa79a20f8,7198,425,0,0.0,7.1,208975,2982,19988,33292,22217,58849,0.9
f6a5a57a4bdce6e4dfd4a3f0fcdfd8f93ee4e458,7188,424,0,0.0,7.1,208895,2976,19978,33289,22208,58667,0.9
3c332c539197f357221e26b805488208909f538b,7189,424,0,0.0,7.1,208901,2976,19978,33290,22208,58694,0.9
d41a0448c70ac11e1d3df4b80ba9fd00829097a6,7189,424,0,0.0,7.1,208901,2976,19978,33290,22208,58694,0.9
dedf2812cd0a05fad02c9fd23d75cdc085ecacf4,7189,424,0,0.0,7.1,208901,2976,19978,33290,22208,58694,0.9
104ad1c5521cbbe37dc11f6c4ae73686cd602430,7189,424,0,0.0,7.1,208901,2976,19978,33290,22208,58694,0.9
12b12ef093ebf333cce54870b1c2b95062ac77e1,7189,424,0,0.0,7.1,208900,2976,19978,33290,22208,58694,0.9
ae3a0250217e6dbc247c8e203cff59b44194a66d,7189,424,0,0.0,7.1,208896,2976,19978,33289,22207,58690,0.9
51361dd27897e544c6d170edbac6ac9dda70e661,7194,424,0,0.0,7.1,208885,2976,19978,33284,22207,58764,0.9
ec6b53f07bde071437e3daa5443f6c66e925f9d3,7188,424,0,0.0,7.1,208876,2976,19978,33282,22207,58673,0.9
c3dd89b8bf79c812777472efeb055640fab4fb28,7186,424,0,0.0,7.1,208566,2973,19945,33213,22201,58653,0.9
d48a0a73367ff65250622a9d2a1652f0fb8f4dbd,7187,424,0,0.0,7.1,208593,2974,19947,33216,22203,58666,0.9
37a27d4dfd93d4c0ad98d09589f5c9aa36c53f7a,7183,424,0,0.0,7.1,208594,2974,19947,33216,22203,58626,0.9
3d6c6daef8a37f65eab3b9a3fa209d91acc5629f,7181,424,0,0.0,7.1,208589,2974,19946,33214,22203,58616,0.9
0d453ad14600c5caf6cba599e8d59d56febdbc6d,7181,424,0,0.0,7.1,208577,2974,19946,33214,22201,58616,0.9
bd5c6209460d51eb82c758d2e570235eff7e59d7,7181,424,0,0.0,7.1,208577,2974,19946,33214,22201,58616,0.9
a5f0d9a6323617891f3cbd0651abca7c362e377b,7181,425,0,0.0,7.1,208570,2974,19946,33214,22201,58616,0.9
6069fde474b6dfce99704f3d82184b406652adbd,7181,425,0,0.0,7.1,208551,2974,19946,33211,22193,58620,0.9
cf1fa64302b631d66ed81f957f2896e50cf55498,7181,425,0,0.0,7.1,208550,2974,19946,33211,22193,58620,0.9
bc546c84f344b0d4413555dc0b7c76fbcb87cbd1,7181,425,0,0.0,7.1,208524,2974,19942,33203,22189,58620,0.9
71d821d2a3a58cefbd4fc1116f8f6731fe1109c3,7181,425,0,0.0,7.1,208524,2974,19942,33203,22189,58620,0.9
4f4854948ed1b1689150521cf1e89d4379ee857e,7181,425,0,0.0,7.1,208524,2974,19942,33203,22182,58620,0.9
ae34adb932219d97d8f31cb3cb3ac4e25f1dcf64,7180,425,0,0.0,7.1,208488,2974,19941,33200,22182,58612,0.9
fe3dfec71b8b23dc59fd008eebb7b4cdbdd22577,7180,425,0,0.0,7.1,208453,2974,19940,33195,22182,58612,0.9
9446643d0142682c0df9c5143e294e5b200d72ff,7180,425,0,0.0,7.1,208452,2974,19940,33195,22182,58612,0.9
e9175a6c748ca50ef06d1a6108fabad32e402a32,7180,425,0,0.0,7.1,208452,2974,19940,33195,22182,58612,0.9
8872817b67a53c23427815229f74152942eff6f8,7180,425,0,0.0,7.1,208450,2974,19940,33195,22182,58612,0.9
970964a01259e589e22ac96d324658232c205081,7181,425,0,0.0,7.1,208372,2974,19930,33181,22182,58614,0.9
58f25ebdc292294b31aececa393fcfa2bda3db02,7195,425,0,0.0,7.1,208520,2975,19940,33203,22184,58800,0.9
8f11fc96333d4abdbd73f80987d6cb43e46639d3,7186,425,0,0.0,7.1,208288,2973,19928,33191,22162,58709,0.9
b7b499363507f23edc832b8ca98b39754c4d397b,7186,425,0,0.0,7.1,208290,2973,19928,33192,22162,58709,0.9
0dba4f92f16316db4df082282ab72b04af9aa11d,7186,425,0,0.0,7.1,208251,2973,19915,33179,22162,58709,0.9
1a52091aa2c85c27afadaf08f344f7dd95075d35,7178,425,0,0.0,7.1,208090,2973,19911,33170,22151,58672,0.9
8f9d0eebd77bd730ee34e1dbbf7c6f00ac8bb6c9,7178,425,0,0.0,7.1,208090,2973,19911,33170,22151,58672,0.9
1add77ed6ec2872bb5cb8bbd69cdaea56f5b1acb,7178,425,0,0.0,7.1,208090,2973,19911,33170,22151,58672,0.9
71c7e245c3d0bf0ffae482a1f6c982fdc59dddc9,7178,425,0,0.0,7.1,208055,2973,19908,33166,22151,58672,0.9
8686d8d54a0653f4be50ab15c7b372a1cbc00c68,7159,424,0,0.0,7.1,208519,2955,19968,33260,22273,58650,0.9
e4c036d287c33a47a1d4f44d66e959e18a5b3ab8,7159,424,0,0.0,7.1,208509,2955,19968,33259,22273,58650,0.9
5c9287f92a5d940b69b9ae38c28bb9ddf8641705,7159,424,0,0.0,7.1,208519,2955,19968,33260,22273,58650,0.9
08dea8118ba9cef853c49fc07184bac5cf19336c,7159,424,0,0.0,7.1,208509,2955,19968,33259,22273,58650,0.9
eed418a96d2b822e793ae428684f9f0a3d069e45,7159,424,0,0.0,7.1,208519,2955,19969,33262,22273,58650,0.9
5d044c7530bf4fd5351ec1a278bf725f37d32121,7160,424,0,0.0,7.1,208518,2955,19969,33262,22273,58680,0.9
5216214a077de14e84637e9ec65d5341c7f75138,7160,424,0,0.0,7.1,208508,2955,19968,33259,22273,58680,0.9
c44200b3e0c8379d9614d6804d74f92c101fdae6,7160,424,0,0.0,7.1,208507,2955,19968,33259,22273,58680,0.9
f2ccdd322f2d4445104e11f383780ac48719630f,7163,424,0,0.0,7.1,208513,2955,19968,33259,22273,58695,0.9
7a5d04a16923b2f3fbac943ca9254dc9f9debabd,7164,424,0,0.0,7.1,208509,2955,19968,33259,22273,58715,0.9
cace611778aff5699f791bb75a3a463306d04b82,7164,424,0,0.0,7.1,208489,2955,19966,33253,22273,58715,0.9
82c1b030fae864faf54128b1314d2e748228901e,7143,424,0,0.0,7.1,208132,2955,19936,33183,22229,58618,0.9
b1e3b18e6998c832689e1f180ed79c1c0a206528,7141,424,0,0.0,7.1,208137,2955,19935,33182,22241,58598,0.9
b48de772159933dac47376b6c0a1e52342300d99,7142,424,0,0.0,7.1,208119,2955,19934,33179,22241,58597,0.9
80599857a8e28a0b3973afeb7167e0cd8485f354,7142,424,0,0.0,7.1,208116,2955,19934,33178,22241,58597,0.9
ce6a0711f11c3ac2c676e2e739084925366c540a,7142,424,0,0.0,7.1,208110,2955,19934,33177,22241,58597,0.9
7f991efa97c00c68d35a29b2dbb32a0ecf890d73,7139,424,0,0.0,7.1,208093,2955,19931,33169,22227,58517,0.9
8826443eacbe4f351715ab18e0994b44da6350bf,7139,424,0,0.0,7.1,208091,2955,19931,33168,22227,58517,0.9
0d3b572e2a5d29b7aa9f4d8fc7c7f95d281fdaa8,7139,424,0,0.0,7.1,208093,2955,19931,33169,22226,58519,0.9
fac92b554fe6ae86b05e1b8feaa8533fdcce49d3,7139,424,0,0.0,7.1,208093,2955,19931,33169,22226,58519,0.9
216902624e1a8a72f2a3eb83f2ff4ac75c5d3559,7138,424,0,0.0,7.1,208109,2955,19933,33172,22226,58519,0.9
adea101f93555101a5a0eaec6951c055bfe1ede8,7137,424,0,0.0,7.1,208086,2955,19933,33170,22225,58508,0.9
1bf7396fb74b7a920b0ff75089c6498f3fddd14f,7137,424,0,0.0,7.1,208084,2955,19933,33169,22225,58508,0.9
4774c98497fd839620c049922afff52ebee00fce,7126,420,0,0.0,7.1,207925,2953,19911,33150,22219,58415,0.9
2fca4677825ac4ee4449176783cdba9d81c545e0,7126,419,0,0.0,7.1,207925,2953,19911,33150,22219,58415,0.9
74740932654669c7cc165db4e34d99b3ee90b277,7126,419,0,0.0,7.1,207918,2953,19910,33148,22219,58415,0.9
e9798036c8b6b4bdd998378437968408a5ae8f63,7126,419,0,0.0,7.1,207914,2953,19910,33148,22219,58420,0.9
3444b9a697b683b9dad4cd0dbdb44f7c35d75894,7126,419,0,0.0,7.1,207914,2953,19910,33148,22219,58420,0.9
e9dcaa82e90e2c6d6544f516ee823e2020681cea,7125,419,0,0.0,7.1,207911,2953,19910,33147,22219,58415,0.9
c6109cda0803525c382a8484d12cd237cb6a214d,7118,419,0,0.0,7.1,207852,2953,19908,33141,22214,58372,0.9
27fa2304b4572d26115a31361215f5ee43d84906,7118,419,0,0.0,7.1,207851,2953,19908,33142,22214,58373,0.9
8d852ff8bc262a57de43d98abb3b3e37f2999bd3,7112,415,0,0.0,7.1,207771,2953,19903,33137,22211,58313,0.9
467d83202e164702022884cc166fcb763701d6f3,7112,415,0,0.0,7.1,207771,2953,19903,33137,22211,58313,0.9
eddb7731517f99f2e378ea50e3334a5ee69e79ad,7077,414,0,0.0,7.1,207399,2953,19887,33106,22612,58009,0.9
8856c9ea55fc9cb271af483e6395bc087a02d781,7076,414,0,0.0,7.1,207393,2953,19887,33104,22612,58004,0.9
c57d9452897ab41672c8a94066192a9ad5264368,7074,414,0,0.0,7.1,207360,2953,19884,33096,22608,57939,0.9
cbce5f1f3832597f01a0edbf102b7060a0eb9d50,7073,414,0,0.0,7.1,207329,2953,19881,33090,22608,57934,0.9
dfe4fcaea107ac292e6f2e967807a0756f59c7e3,7073,414,0,0.0,7.1,207326,2953,19881,33090,22608,57934,0.9
ccf20fb6de5bb91efddc9ff4de03f1a6b5689b91,7073,414,0,0.0,7.1,207324,2953,19883,33090,22608,57934,0.9
2ab9698ce3f09131fc8514b524e30aa07fe4e8e6,7067,416,0,0.0,7.1,207213,2953,19879,33059,22588,57746,0.9
60bc043c5726373ff13e20472440227f26719465,7067,416,0,0.0,7.1,207219,2953,19879,33060,22586,57746,0.9
d4216ad85470cdc272d90fc8b40ddfcf64bbf87e,7068,416,0,0.0,7.1,207195,2953,19879,33061,22587,57781,0.9
247a0ee9f4c771d3d1dcd397fdccca07fffe3755,7068,416,0,0.0,7.1,207195,2953,19879,33061,22587,57781,0.9
5672670d8876b3a85201a38577c49cb7376bd7ab,7068,416,0,0.0,7.1,207192,2953,19879,33060,22586,57778,0.9
3339e88823766faaeaddd11ff4965f181746dfb1,7068,416,0,0.0,7.1,207192,2953,19879,33057,22586,57778,0.9
c589064e2056ce257f51f9905d236ef8e2159d4d,7066,415,0,0.0,7.1,207176,2953,19880,33055,22589,57763,0.9
dfee96ad157b63f0ef6dd20e740a12abe9e4cbe5,7066,415,0,0.0,7.1,207176,2953,19880,33055,22589,57763,0.9
ff32350741827bce5354822588511823c794a365,7057,414,0,0.0,7.0,206867,2951,19868,32995,22569,57676,0.9
4bb8947c1731489af8b3bfb7b154c8b408c2bc9a,7057,414,0,0.0,7.0,206868,2951,19868,32995,22569,57676,0.9
e5f309a322b850db172e3f93eb657aa2ee013235,7057,414,0,0.0,7.0,206868,2951,19868,32995,22569,57676,0.9
3caab028bc6b505d01e1e5423fc778f7dad6705c,7057,414,0,0.0,7.0,206867,2951,19868,32995,22569,57676,0.9
7eab64dcac1df5c8b06ba48f973c1bb73dc9912e,7056,414,0,0.0,7.0,206859,2951,19866,32993,22569,57666,0.9
d1cd33bee80df038221b787a8f4590fe2d16e9fe,7056,414,0,0.0,7.0,206858,2951,19865,32993,22566,57675,0.9
431f2a7e77a2bd5decea67575bb288533157c5a0,7056,414,0,0.0,7.0,206857,2951,19865,32993,22566,57675,0.9
5e89714d79f59db747c71baa579257c0f346e791,7059,414,0,0.0,7.0,206852,2951,19865,32992,22570,57686,0.9
b8a139879b5b48d853982dc771a5f80e81a061b0,7059,414,0,0.0,7.0,206852,2951,19865,32992,22570,57686,0.9
a113a98694b12af28aae6ebaa24087e627f4832d,7060,414,0,0.0,7.0,206832,2951,19864,32991,22573,57691,0.9
dce2f199dd8195c7b9cf53b897eaf529205ef578,7060,414,0,0.0,7.0,206832,2951,19864,32991,22573,57691,0.9
0f4dc265c089b80dd31fe06e1ecd9c9902e75dd7,7060,414,0,0.0,7.0,206832,2951,19864,32991,22573,57691,0.9
ba878f67462817acf3c20cd1d1e178e2b4e6c917,7060,414,0,0.0,7.0,206863,2951,19869,33001,22573,57691,0.9
f1ec4a66b24c1577fc5f6ed34090783dcb2e4e68,7063,414,0,0.0,7.0,206796,2951,19866,32983,22568,57723,0.9
84c4b070a98cd58797cfade518c72099d25e34dc,7063,414,0,0.0,7.0,206782,2951,19866,32979,22566,57718,0.9
485aeb9058270081fef7ec6c24e8e27f7806c2c5,7063,414,0,0.0,7.0,206784,2951,19866,32977,22564,57718,0.9
208d68e7f75ceab435453b0c3474e76897dd08b6,7065,414,0,0.0,7.0,206802,2951,19869,32983,22567,57723,0.9
ea50eb8e9747de73210a2fcaff2d08cee26c79a2,7065,414,0,0.0,7.0,206790,2951,19869,32983,22567,57723,0.9
fbbb7a32da4d2330d71df0f62584fd8f35a5cb0e,7065,414,0,0.0,7.0,206789,2951,19869,32983,22567,57723,0.9
07acc669e7a622ba7ae4b70c36d089dd5b83343b,7065,414,0,0.0,7.0,206776,2950,19868,32981,22566,57723,0.9
be900d20bd995edcbbff047c5f5bdda09e3da802,7065,414,0,0.0,7.0,206774,2950,19868,32981,22566,57723,0.9
8712bbaac1dbebede941bec56ab402be255440fd,7065,414,0,0.0,7.0,206774,2950,19868,32981,22566,57723,0.9
4029ac00c4edab009fdf37480e37f81dbe53f964,7065,414,0,0.0,7.0,206782,2950,19868,32981,22566,57723,0.9
1b31bb55514486d423fdaff44bccb74181867462,7065,414,0,0.0,7.0,206782,2950,19868,32981,22566,57723,0.9
1da62dbf048fd31a75de5c437d8e41d601db6642,7065,414,0,0.0,7.0,206782,2950,19868,32981,22566,57723,0.9
e8e2d8f7032860120ed599eb68a524b3b1535cc2,7073,414,0,0.0,7.1,206973,2952,19880,32993,22593,57784,0.9
65bd70b54c87539ccc843b938479f0b7c2ea8d20,7073,414,0,0.0,7.1,206973,2952,19880,32993,22593,57784,0.9
b65976eca005e21089eb5ac6284314346f3eaef6,7069,414,0,0.0,7.1,206949,2952,19880,32987,22590,57776,0.9
cdf3452052372f500928c8f394e965c22f726160,7071,414,0,0.0,7.1,206932,2952,19878,32983,22602,57781,0.9
6d5a02d1346e982c5f044d5a5e573d66fd4bd8f5,7071,414,0,0.0,7.1,206929,2952,19878,32983,22602,57781,0.9
1700df36d25f829aef410a389c04cb82d1d9714b,7072,414,0,0.0,7.1,206907,2952,19878,32977,22602,57791,0.9
dd86898dad088ef4e5fc56972eb1465c48a939d1,7072,414,0,0.0,7.1,206899,2952,19878,32974,22602,57791,0.9
501b0625c9296354e14e79f421c12848e38e6863,7070,414,0,0.0,7.1,206905,2952,19878,32972,22597,57773,0.9
4cc3b28a3e7e76ce18bb0a6d0fd288ab07dae99a,7070,414,0,0.0,7.1,206895,2952,19878,32972,22597,57773,0.9
d44ca1f3db9b3f208a72dd041eb49f4f5de697cf,7070,414,0,0.0,7.1,206793,2951,19878,32972,22583,57773,0.9
fd45abd4416dea23f5b5d6aa249cec3e1839ce68,7064,413,0,0.0,7.1,206365,2942,19845,32911,22572,57752,0.9
b2a4f612ece11d6bac508600b22095ccd0e87c88,7064,413,0,0.0,7.1,206365,2942,19845,32911,22572,57752,0.9
32a083cfc3db833b460bc0e406b3e086f07ea479,7064,413,0,0.0,7.1,206365,2942,19845,32911,22572,57752,0.9
798840e8577650fa6ad24776b2028f0eb5c7c8a2,7173,414,0,0.0,7.0,210605,2993,20116,33341,21746,58311,0.9
77e6708ebd8d8d2165d004b1a5a74eda60d40c4c,7173,414,0,0.0,7.0,210605,2993,20116,33341,21746,58311,0.9
d5aa923d6863eec58a72a745424aaf19facc2efd,7155,414,0,0.0,7.0,210103,2982,20072,33261,21734,58275,0.9
ec60eb633c00f656000b7a39ff9db85b6544aaaf,7142,414,0,0.0,7.1,209895,2982,20063,33226,21708,58142,0.9
f33398f857b5dc63ab60798adb68fef4024fb657,7142,414,0,0.0,7.1,209881,2982,20062,33223,21702,58142,0.9
f06bbcc02ce1eec04e37c870e35759183ba93e33,7143,414,0,0.0,7.1,209873,2982,20062,33220,21702,58147,0.9
e554427a1a50e40cb5e89ba5014eb8b90fe1fdab,7134,414,0,0.0,7.1,209630,2981,20054,33217,21675,58232,0.9
2759f386b1c91f284d2afbb478b6a1943885ce65,7134,414,0,0.0,7.1,209630,2981,20054,33217,21675,58232,0.9
098787a4ef95c53f43f2130c90995cbf4c8e732f,7271,415,0,0.0,7.3,211876,2988,20157,33578,22050,59529,0.9
5e8f5544df23289c12c8ecea3d2accef3f2fd99a,7270,415,0,0.0,7.3,211884,2988,20159,33583,22047,59519,0.9
8f5b905683b8d1cb40f4ca12ff882a0194457197,7111,414,0,0.0,7.0,208908,2979,20002,33080,21576,57984,0.9
10aaa0f4c68a34f421276939f15641746ddc1719,7255,415,0,0.0,7.3,211543,2987,20115,33509,21983,59361,0.9
5e7063d17bf8dfa0ee4b0cba149ff9b9578bb479,7255,415,0,0.0,7.3,211543,2987,20115,33509,21983,59361,0.9
897cd0f62e2e7531a4c1cbc0da9bf282aed5f4e8,7111,414,0,0.0,7.0,208900,2979,20002,33078,21576,57984,0.9
4b2a2afb8901469eaeb4448c04b98b311432fffa,7111,414,0,0.0,7.0,208896,2979,20002,33078,21576,57984,0.9
e6df49f243d572330f914f319ae582792a2de4a6,7267,415,0,0.0,6.9,211503,2996,20153,33613,21966,59282,0.9
badd3654c8aac6d1509da6b439a931a1e7d08d87,7266,415,0,0.0,6.9,211500,2996,20153,33612,21966,59262,0.9
0765b612cb89fa22a40c3043e955552c8e941160,7234,415,0,0.0,7.2,211442,2992,20130,33487,21958,59234,0.9
3f598490a55c9cbf934c6c594d0e4c702c4bba77,7234,415,0,0.0,7.2,211438,2992,20130,33487,21958,59234,0.9
c8384f2cec5061bdc9ee35369870e002c66ee045,7238,415,0,0.0,7.2,211399,2992,20124,33479,21966,59244,0.9
40bb88e26d63acd421f74300a48019b8b8e11624,7238,415,0,0.0,7.2,211399,2992,20124,33479,21966,59244,0.9
c2b630340404f3dee3d4292692ff3234ae7ca545,7256,415,0,0.0,7.3,211460,2992,20127,33490,21966,59342,0.9
a9673ee53e5c0557c13d9dab1cdacad1f3ba8867,7254,415,0,0.0,7.3,211540,2987,20115,33509,21979,59356,0.9
3d7557b0c44a5cfb84af8bd6cee0cb11407443b7,7258,415,0,0.0,7.3,211456,2992,20126,33491,21967,59348,0.9
74ae5bf80b5d72181449024bb8aef94f1ff722a5,7254,415,0,0.0,7.3,211537,2987,20115,33509,21977,59356,0.9
9492880d2687b1005fad40a3da53c15a608265ff,7253,415,0,0.0,7.3,211530,2987,20115,33508,21977,59348,0.9
3dac257e8e42f480d4e8dbf61ac9735f0ad70e4e,7258,415,0,0.0,7.3,211455,2992,20126,33491,21967,59348,0.9
5acc9b24853ede4b990a7529de3969f744847433,7253,415,0,0.0,7.3,211530,2987,20115,33508,21977,59348,0.9
a489ad911152b22aded41cba6e7b01751c74cdb3,7257,415,0,0.0,7.3,211450,2992,20127,33491,21973,59346,0.9
78c7225a82d399fb04dc4f82c491695f58353ccf,7257,415,0,0.0,7.3,211450,2992,20127,33491,21973,59346,0.9
dee5181645036f3bbaca9cc9492e9ccd3c2b700e,7257,415,0,0.0,7.3,211450,2992,20127,33491,21973,59346,0.9
c7c5af3d156a6c369378a43f1a92b5e841ba31b5,7250,415,0,0.0,7.3,211358,2988,20117,33479,21966,59286,0.9
4599ed438d76d3508541a951793f55f7451c58f5,7253,415,0,0.0,7.3,211530,2987,20115,33508,21977,59348,0.9
b094665009ff5e8b4350f90e1d23160ab36d4ebb,7253,415,0,0.0,7.3,211527,2987,20115,33507,21977,59348,0.9
dc8ba019dcf913c3e8294f4f6a340357eddab787,7251,415,0,0.0,7.3,211330,2986,20107,33456,21967,59300,0.9
c271c686379b6b617f1c1c484730ceb1ef0479ef,7250,415,0,0.0,7.3,211282,2986,20111,33471,21966,59286,0.9
9ef175ac7d7d9c3ddae91518b96cc4e92cbbf255,7250,415,0,0.0,7.3,211279,2986,20111,33470,21966,59286,0.9
c076890107db1e20cc1be49dd939a8f46cacb3dd,7246,415,0,0.0,7.3,211236,2986,20105,33441,21964,59246,0.9
afa506f72cee192b9dd1388525aaf3a9cf0f0826,7246,415,0,0.0,7.3,211232,2986,20105,33443,21964,59246,0.9
dd539ce4b45fe367d8e1f9005d27a260b85ab56b,7246,415,0,0.0,7.3,211228,2986,20105,33442,21964,59246,0.9
dcf25dac8acb15b4119ba4ebe659f55a0d7dcb95,7246,415,0,0.0,7.3,211227,2986,20105,33442,21964,59246,0.9
abce73d912ed8ccb2747d836c71ee2e7f78d3ed9,7250,415,0,0.0,7.3,211276,2986,20111,33469,21964,59286,0.9
2e271a7a6dec870da737a8c87226b7696bd9c77f,7249,415,0,0.0,7.3,211263,2986,20109,33462,21964,59276,0.9
312dd2b7acc7c365ac330955f3634a2e0bb4c149,7249,415,0,0.0,7.3,211259,2986,20109,33461,21964,59276,0.9
304d5ac0ce558eafafb52633331cb2e2010a55aa,7249,415,0,0.0,7.3,211259,2986,20109,33461,21964,59276,0.9
437c1e9479ed516be8a73ac7a6014c6c46be597b,7249,415,0,0.0,7.3,211247,2986,20109,33456,21962,59276,0.9
78fd4545155c9f5c14f4d3f087c2f4cc4d1ee0de,7246,415,0,0.0,7.3,211161,2986,20107,33445,21951,59246,0.9
162d1de484e8f821aa22e4c178872b921dced96a,7246,415,0,0.0,7.3,211150,2986,20105,33442,21951,59246,0.9
954c715366931dd81cf66592700f6f54b1cbbe09,7246,415,0,0.0,7.3,211148,2986,20105,33442,21951,59246,0.9
8a7c360475a6fe33697fd4a1c9cae378f977f684,7246,415,0,0.0,7.3,211107,2986,20097,33432,21951,59246,0.9
42264426e1b12d5cfeb73a5f0f4e93d0c4e82031,7244,415,0,0.0,7.3,211102,2986,20097,33431,21951,59235,0.9
1908a38d061f7f634a7f4ca4912a8a1f0968a852,7238,415,0,0.0,7.3,210882,2983,20074,33392,21935,59085,0.9
3b0038ba85510784f9ad1f2eece0c6257ba5e10f,7237,415,0,0.0,7.3,210924,2982,20073,33396,21934,59070,0.9
bc8cb85fec79d10f03825d12c65a85f656a46f65,7237,415,0,0.0,7.3,210925,2982,20073,33396,21934,59070,0.9
8f66013c13354804745bdeddcc5cb09f2fe3b6b3,7239,415,0,0.0,7.3,210925,2982,20073,33396,21934,59077,0.9
503563be32e0374d75ee0988f3fce0243c46c856,7239,415,0,0.0,7.3,210926,2982,20073,33396,21934,59077,0.9
72c8cbae076fb95a1cb4782eff8045c2cf605fdd,7239,415,0,0.0,7.3,210929,2982,20073,33396,21934,59077,0.9
43d46d9d9e5037b1c89c2a27734b33c01bb6eca5,7239,415,0,0.0,7.3,210921,2982,20073,33394,21934,59077,0.9
5349c13a36d277a090e1dc68fbe7c3b46d78fc90,7239,415,0,0.0,7.3,210921,2982,20073,33394,21934,59077,0.9
438b906791a97d09c07284018f778da80a4daf75,7239,415,0,0.0,7.3,210892,2982,20066,33386,21934,59077,0.9
ab26f9ed9fafe2e24c1d9929fabb799c724a5f91,7239,415,0,0.0,7.3,210880,2982,20065,33382,21934,59073,0.9
58c54c3829ef685563dd121e85301a4b3a9cd841,7239,415,0,0.0,7.3,210908,2982,20072,33389,21934,59073,0.9
06b34ddde4379915a502c92d779326851517205b,7239,415,0,0.0,7.3,210907,2982,20072,33389,21934,59073,0.9
14a1d2e47d478b52e0541d940010f47fbe39778e,7241,415,0,0.0,7.3,210899,2982,20071,33388,21936,59078,0.9
ef4cb6374c5b66dd8739b9b36ea16bf4bb41dc4b,7241,415,0,0.0,7.3,210898,2982,20071,33388,21936,59078,0.9
f459584838422fa1aed94b2fcf04ef731cec2bff,7241,415,0,0.0,7.3,210893,2982,20070,33387,21936,59078,0.9
6f38fa603497abd94292d63682e623c5a9734e3d,7241,415,0,0.0,7.3,210893,2982,20070,33387,21936,59078,0.9
98c86024160ea31fd450cb86fefc4a7da9208420,7237,415,0,0.0,7.3,210682,2977,20061,33385,21912,59031,0.9
a72123a3e2738c35847bfb96154f8e61845b906c,7237,415,0,0.0,7.3,210682,2977,20061,33385,21912,59031,0.9
16319c543aae7ab05ccacfb44de52feffb5f4bb1,7236,415,0,0.0,7.3,210661,2977,20060,33383,21906,59026,0.9
24bb3d9ccaeecf2478099fa9d3b472f8d5fbe4ba,7241,415,0,0.0,7.3,210251,2970,20031,33354,21891,59052,0.9
cccd0691bcf014f36ca0aa212bba01a9b4c6565b,7232,414,0,0.0,7.3,210095,2970,19990,33313,21891,59060,0.9
686d3571d225adf9500efc9f487f69bcd3b428de,7232,414,0,0.0,7.3,210095,2970,19990,33313,21891,59060,0.9
b66509e4a43c6208dd5567242a6843fa80910c5f,7232,414,0,0.0,7.3,210096,2970,19990,33313,21891,59060,0.9
3cceefa23434e1a8f337290617cb5594241b3f16,7232,414,0,0.0,7.3,210093,2970,19990,33313,21891,59060,0.9
cb34c9257b22a4d21102b582c6bb279220c0831e,7234,413,0,0.0,7.3,210585,2976,20041,33408,21914,58965,0.9
a70363e693476eed05b27befde55a7824493ab06,7213,412,0,0.0,7.3,209830,2970,20000,33357,21858,58856,0.9
fa675d4723dc239fcf05754408d4fbb3c9e27828,7213,412,0,0.0,7.3,209828,2970,20000,33361,21858,58859,0.9
4c443d9a05cfe2cc12aa91054b26d0987fbf24b0,7211,412,0,0.0,7.3,209420,2961,19967,33322,21844,58859,0.9
67322ae688cc406c32273a9554fd4cd4c5442186,7211,410,0,0.0,7.3,209310,2961,19962,33309,21814,58859,0.9
f0f760c7701c94373e112f3314a4546bd1b62e61,7211,410,0,0.0,7.3,209310,2961,19962,33309,21814,58859,0.9
e6249b30b76ffe88d3ce9de21d6ab9043f2d74f3,7211,410,0,0.0,7.3,209314,2961,19962,33311,21814,58859,0.9
b662264f04e8e0a2a5257253f45806313c9c33f3,7211,410,0,0.0,7.3,209314,2961,19962,33311,21814,58859,0.9
f69c2f3c24793d809c71496f8517d13732364671,7212,410,0,0.0,7.3,208903,2956,19936,33286,21960,58841,0.9
0ae2ccc99c7a185ff873f6832ad22f99ed87b389,7212,410,0,0.0,7.3,208890,2956,19935,33284,21960,58840,0.9
a1742da837d41366036afab5ae5a962eaf6de97c,7212,410,0,0.0,7.3,208860,2956,19933,33274,21960,58840,0.9
837fb4ad2a665c3c0ed8ace04fd931f57c943531,7212,410,0,0.0,7.3,208860,2956,19933,33273,21960,58840,0.9
83c466e1dbbb2f72aa526a551a5fbe9f04c7a3e6,7209,410,0,0.0,7.3,208773,2955,19930,33266,21956,58813,0.9
9f8ee683f54924b5ddc14cebd7bd645605df5c20,7210,410,0,0.0,7.3,208764,2955,19930,33262,21956,58838,0.9
34698423ca87bd42e2ee95325dd0a1e0926b65f1,7209,410,0,0.0,7.3,208650,2954,19907,33239,21957,58814,0.9
2d1f1effee8efd28e11b36c8b7ae5c61795ac1a0,7209,410,0,0.0,7.3,208652,2954,19907,33240,21956,58814,0.9
858f8a95a2197337d0dea1c87508384ad525a281,7206,410,0,0.0,7.3,208891,2954,19908,33242,21953,58862,0.9
4fa0aa59b6d7f614b2dfc97048369b067a41fbe9,7206,410,0,0.0,7.3,208889,2954,19908,33241,21953,58861,0.9
a5f77c3566c59883c94ba2df55d949d435d111d0,7206,409,0,0.0,7.3,208889,2954,19908,33241,21953,58861,0.9
fb569c4d99f1fb732e93247d8e6fbbc3d7e66c61,7206,409,0,0.0,7.3,208889,2954,19908,33241,21953,58861,0.9
838493c4c4eaa09fe7291ef6e6963bf816475219,7206,409,0,0.0,7.3,208889,2954,19908,33241,21953,58861,0.9
5a00ef4647472a818d1ef602c512a63fe9a532f6,7203,409,0,0.0,7.3,208580,2946,19902,33236,21905,58831,0.9
3b9d6af35a75a3af0a073080a169c678438cd73e,7203,409,0,0.0,7.3,208521,2946,19900,33232,21905,58831,0.9
61e778f8678d8a5a34a396b19b682d9246854d9a,7203,409,0,0.0,7.3,208514,2946,19899,33231,21905,58831,0.9
3c62e94a32ef2e732b9d8a915b60a1c08ce7804f,7203,409,0,0.0,7.3,208512,2946,19899,33230,21905,58826,0.9
8a14fb39304308c0b742dbc3fad60cdcc6595f6a,7203,409,0,0.0,7.3,208679,2952,19908,33240,21940,58826,0.9
c1bb96affb7648334861d7ecaade4852f9b744b8,7202,409,0,0.0,7.3,208687,2952,19911,33242,21940,58835,0.9
988c00f594923187132f5d493958981d3ee4e3e7,7200,409,0,0.0,7.3,208661,2952,19905,33239,21926,58825,0.9
0bb1098f97786bd4e16758cc2383f93e38b95e84,7204,409,0,0.0,7.3,208665,2952,19905,33239,21926,58833,0.9
bfef39bbc183fd7ceab638aa7b0c244a65b0210d,7204,409,0,0.0,7.3,208665,2952,19905,33239,21926,58833,0.9
b06e5c2fdb7dc8fdf5ee3d18b3ef62cfe333e2c5,7204,409,0,0.0,7.3,208662,2952,19905,33238,21926,58833,0.9
57ab318ee8be9aeb84ccfbae7a3ade1f4b0c5e27,7202,407,0,0.0,7.3,208650,2952,19905,33238,21924,58813,0.9
335bf5ae52ce08d89582b703c0e64a83778d4d4a,7181,398,0,0.0,7.6,208617,2941,19901,33211,21894,58601,0.9
4ea9feaf1d284c71de355deaf283d79d728b0a69,7181,397,0,0.0,7.6,208619,2941,19901,33211,21894,58601,0.9
c51c1e852e46d878f414b787b891a137bf6c543c,7181,397,0,0.0,7.6,208592,2941,19901,33207,21894,58589,0.9
942ba9f4ffc1b1ee11552717d230dfdcd953a475,7181,397,0,0.0,7.6,208588,2941,19901,33206,21894,58589,0.9
b2d308a671251c775f06833d44f8cb1ed41513bf,7181,397,0,0.0,7.6,208583,2941,19900,33205,21894,58589,0.9
94e26b4c4a2379ec01fa29ee2d9daf0baad41dcc,7181,397,0,0.0,7.6,208583,2941,19900,33203,21894,58587,0.9
c14347cbbe03d9b0cb5d407895e2a648f0be4dd7,7181,397,0,0.0,7.6,208577,2941,19899,33201,21894,58587,0.9
295f2a767f1a2dd812e955bff8c5efb0eb97fd3f,7172,397,0,0.0,7.6,208250,2935,19881,33180,21878,58470,0.9
690d397f5e8da2968fe9fe65cd56e63aa81827d3,7172,395,0,0.0,7.6,208210,2935,19877,33172,21859,58483,0.9
502f565d3718b4bc36eee1a613b88650d6d1727f,7173,395,0,0.0,7.6,208195,2935,19877,33163,21859,58477,0.9
82735984389f4c8840db52a9f535bb683c87608f,7173,395,0,0.0,7.6,208201,2935,19878,33164,21859,58477,0.9
c6e427987013e1b32f205e88cb9c60adb4f0f4b2,7173,395,0,0.0,7.6,208187,2935,19877,33160,21858,58473,0.9
c1f29cd848fd9febe01181eabe0372f9a6a6755a,7175,396,0,0.0,7.6,208021,2934,19851,33134,21848,58477,0.9
d981788c1a7dd023570ae35155f6f3f193d7d8f0,7175,396,0,0.0,7.6,207999,2934,19851,33134,21848,58477,0.9
ba173fdc5fe7ca6b8bd17809776e76d5b74324a2,7175,396,0,0.0,7.6,208003,2934,19851,33136,21848,58477,0.9
c5fc78fc9ff2b7a71c6a3e0387b84db3b94792f9,7173,396,0,0.0,7.6,207845,2934,19844,33119,21807,58489,0.9
eaf2b3d9fe44ad2966caad3dbe1dc5a3406700d7,7172,395,0,0.0,7.6,207830,2934,19844,33108,21807,58484,0.9
59ab2da9e4e0009d65d847f3d2e5aea47cb2b34d,7172,395,0,0.0,7.6,207825,2934,19842,33106,21807,58484,0.9
efa6900bb1b59c70f131af868396a8903b098a18,7174,395,0,0.0,7.6,207825,2934,19842,33105,21805,58494,0.9
fa245c7a1a9bd68fa76e7033a7ae8595b269fdaa,7174,395,0,0.0,7.6,207836,2934,19842,33107,21805,58490,0.9
4efdb8f4d69518406407e0cf59fbb9c1ac7723a3,7273,394,0,0.0,7.6,206589,2930,19763,32909,21696,59231,1.0
6f158a053c02d03d4897ab2ba938f675b99a9f83,7274,394,0,0.0,7.6,206544,2930,19760,32900,21691,59229,1.0
7c7ee6296095dd043548e7660b8a362a327bf8c6,7280,394,0,0.0,7.6,206537,2930,19760,32900,21690,59303,1.0
68381ba7662fb65d68a38a7f966123714808f110,7280,394,0,0.0,7.6,206536,2930,19760,32899,21689,59303,1.0
ef2c0b3fcc3c42e7afb28dbc7cfe5d78f824c5c5,7280,394,0,0.0,7.6,206533,2930,19760,32898,21688,59301,1.0
cd221993aa07391419a255cb39f02ad7366922e7,7278,393,0,0.0,7.6,206458,2929,19756,32891,21685,59284,1.0
e25cf97a3a938db760b906cd3856596e9017b9f7,7274,392,0,0.0,7.7,206229,2921,19719,32847,21685,59270,1.0
e4415e56eeaf308407c09d662330a5ea31c232db,7275,392,0,0.0,7.6,206272,2921,19723,32860,21693,59270,1.0
2841c9d6d17252a426f07daeff5a468946f897c2,7275,392,0,0.0,7.6,206267,2921,19723,32859,21692,59270,1.0
b4e8d15efde1d140470e7f4d445f4c579d81ee44,7275,392,0,0.0,7.7,206260,2921,19723,32859,21692,59270,1.0
db0f9b9a21cee65404bce35a871d94c2d0fb03e3,7277,390,0,0.0,7.6,206217,2921,19719,32855,21692,59274,1.0
e503bb58eec70d60687d304904e47a182ec150da,7277,390,0,0.0,7.6,206171,2921,19716,32846,21692,59274,1.0
c1b013e3da573c9d6804e82dbf3359345c07d48c,7277,390,0,0.0,7.6,206138,2921,19715,32843,21692,59270,1.0
9bb2ab88e2bdaeef95df04ed4425e1b99760e562,7277,390,0,0.0,7.6,206130,2921,19715,32843,21692,59270,1.0
40bd0cab93155d09f091f41b8494df7904e30ce7,7278,390,0,0.0,7.6,206094,2921,19711,32836,21670,59299,1.0
7a59b4b8750ff70a5f39f09d46520d4b8c8235e9,7307,390,0,0.0,7.6,205786,2916,19702,32825,21648,59673,1.0
afcd8110c2d9b6e85c554a2f625c24687df62c75,7307,390,0,0.0,7.6,205786,2916,19702,32825,21648,59673,1.0
5ab9afdf0c2c2f7b873ef8afe1a0809d9bc5269d,7282,389,0,0.0,7.7,205503,2915,19679,32772,21621,59403,1.0
0afc12f409067224a530c397dbf1221de42f2e45,7282,389,0,0.0,7.7,205503,2915,19679,32772,21621,59403,1.0
d69fa048f8a206ee36763e5280d5330be4794ed5,7283,389,0,0.0,7.7,205421,2915,19671,32757,21618,59403,1.0
deb6b57b97c7fb27194cd6c5239d189b0a330eef,7283,389,0,0.0,7.7,205398,2915,19668,32750,21615,59400,1.0
c5cdf9c9b242dd008cfaa1495e05d686d6eba66e,7283,389,0,0.0,7.7,205393,2915,19668,32747,21615,59400,1.0
e05cd6bee3ae0185061e021d108bca6ba4f03f2b,7285,389,0,0.0,7.7,205456,2916,19673,32766,21636,59410,1.0
d9097ba5bbe68755306925fed2eac42a3493657b,7293,389,0,0.0,7.7,205426,2915,19669,32775,21625,59477,1.0
65882a0f914033c3d2481bb76597a2b691dd05de,7294,389,0,0.0,7.7,205387,2912,19666,32774,21624,59477,1.0
bee1de553bad322a067d958ac8fab959448b082b,7295,389,0,0.0,7.7,205392,2912,19666,32774,21624,59485,1.0
1bff54bad3ef2b5f00f5bec1fa1427f8c2f6604c,7295,389,0,0.0,7.7,205382,2912,19666,32772,21623,59485,1.0
1a1402a960c8dd5b7fe12738ccb088637284ee2c,7295,389,0,0.0,7.7,205348,2912,19661,32763,21623,59485,1.0
448da6ea8696d8c73cc2b83dfd5401bd83cc3b06,7305,389,0,0.0,7.7,205137,2912,19652,32745,21586,59645,1.0
f45beca9521d4f91a885fd6c8895006482a20f1a,7305,389,0,0.0,7.7,205120,2912,19649,32740,21586,59645,1.0
4aaad1e6e986ac946097f5b9abc72f04eb08ca5b,7306,389,0,0.0,7.7,205133,2913,19652,32744,21581,59649,1.0
0321a8fa41ed37d895595d9d627eefa1e22b74fc,7306,389,0,0.0,7.7,205131,2913,19652,32743,21581,59649,1.0
e95e19efbf434bf6aac426c4013243579f82770d,7311,389,0,0.0,7.7,205163,2912,19659,32745,21539,59677,1.0
a2ce5a00dff0bf8f0b718d6b887fde11a010f251,7309,389,0,0.0,7.7,205160,2912,19659,32745,21539,59667,1.0
18e8645d8301f110b2ab33f9fef1a0289578c567,7307,388,0,0.0,7.7,205030,2909,19654,32736,21536,59607,1.0
3bfa4f5c8bdfea5ecb834cdefb6e924534fe9bc7,7305,386,0,0.0,7.7,204959,2908,19650,32727,21536,59599,1.0
d9b50dbcdad5bd424a7132af5023fdbd8f646e84,7305,386,0,0.0,7.7,204921,2908,19648,32723,21533,59598,1.0
6a37d45ee9c7adca9750ed9538452e99281569ed,7305,386,0,0.0,7.7,204921,2908,19648,32723,21533,59598,1.0
215a1addf82a2db8d827b59d87fe6b00fff65b8b,7305,386,0,0.0,7.7,204921,2908,19648,32723,21533,59598,1.0
81f240ee23cffd6e7fb8dc0cbd0b13fd767d32c3,7307,386,0,0.0,7.7,204870,2906,19644,32720,21535,59608,1.0
1b6d2c77d137a8c7f854921061b566faa613df46,7307,386,0,0.0,7.7,204866,2906,19644,32720,21534,59608,1.0
bf3548d50162aff07b3dcc216174a806646f174b,7307,386,0,0.0,7.7,204866,2906,19644,32720,21534,59608,1.0
49089a64cc5c9f590de96decdf86c0701a420a33,7307,386,0,0.0,7.7,204866,2906,19644,32720,21534,59608,1.0
7abea87450b1ceef8b9c5705cde7fcdff22d0ad3,7299,386,0,0.0,7.7,204659,2903,19597,32674,21521,59525,1.0
240c1dc61fe3f36164f3eaba6efe40b5825da1d2,7299,386,0,0.0,7.7,204661,2903,19597,32674,21521,59525,1.0
3df4f588b9084a33334d0b7822c18feeac5149cc,7304,386,0,0.0,7.7,204660,2903,19597,32693,21521,59565,1.0
36f23a44dc570d7bc68b5e596d2d701119e4143a,7304,386,0,0.0,7.7,204658,2903,19597,32692,21521,59565,1.0
3b32a263c698c9e3b1155bfcaf457d55977f0f4d,7304,386,0,0.0,7.7,204650,2903,19596,32690,21521,59565,1.0
1aa75d90abc66f085f5432be84980999c319259a,7303,385,0,0.0,7.7,204489,2900,19587,32674,21514,59560,1.0
ba86d61db3a29e11544b30fde4c05981fff39d12,7260,385,0,0.0,7.7,203874,2887,19551,32637,21506,58876,1.0
d7f600e2392643c63506dd4480f9080556a2dc16,7273,385,0,0.0,7.7,203834,2887,19549,32619,21510,58932,1.0
1bdf359b1a4c50e260960fd35c2896b184e1954b,7273,385,0,0.0,7.8,203061,2887,19549,32619,21528,58932,1.0
f9be6184b644e3127df6f13af0076d2618e0b982,7316,385,0,0.0,7.8,203062,2887,19549,32619,21477,59157,1.0
33af482ce223999ebcc4cec0c04300767168829e,7273,381,0,0.0,7.8,201850,2880,19468,32415,21280,58705,1.0
d548c9feb28e9ba4d0cc40c70709dc24e952794b,7273,381,0,0.0,7.8,201833,2880,19466,32409,21274,58705,1.0
78a82760f26104946e0d1106751c9e94ab17e478,7274,381,0,0.0,7.8,201836,2880,19466,32410,21274,58707,1.0
395a6c037ab6630965dd51386e9abce26790ad55,7276,381,0,0.0,7.8,201781,2878,19453,32392,21260,58758,1.0
34f8fe3d60c026c6ba0de8e8fe75da66a19c83b5,7278,381,0,0.0,7.8,201747,2877,19448,32388,21260,58771,1.0
711a78385d47819240126e52dc8188744a1bfea6,7278,381,0,0.0,7.8,201747,2877,19448,32388,21260,58771,1.0
54b27a9f7bb492b2c8c098a280d20a93fa2af1db,7278,381,0,0.0,7.8,201745,2877,19448,32388,21260,58771,1.0
54b2096f2a3b2ccbb55409c4073324b4dc8753c7,7278,381,0,0.0,7.8,201745,2877,19448,32388,21260,58771,1.0
0429e8eb97eb45f60954a6ea4415a6771716844d,7278,381,0,0.0,7.8,201745,2877,19448,32388,21260,58771,1.0
c79f67504db1596037b5166b63cc1fa7511a6481,7266,377,0,0.0,7.7,201229,2871,19422,32360,21244,58584,1.0
dcfd3eda91fa76ab5a21c323550e659ebb9601a9,7266,376,0,0.0,7.7,201118,2869,19415,32353,21241,58584,1.0
a2c5e5d9e0b5ecc8c7b9ec069bf0066084374010,7266,376,0,0.0,7.7,201118,2869,19415,32353,21241,58584,1.0
73f7da19f4df65f1ee83827e5e98e83816233bfb,7266,376,0,0.0,7.7,201113,2869,19415,32351,21239,58584,1.0
ce443c04a1ac70434a0c443ccdbef62827844fc0,7265,377,0,0.0,7.7,201105,2869,19415,32349,21239,58562,1.0
62f3ca1508751afe07e52bb9568c04a22a9a3296,7265,377,0,0.0,7.7,201094,2869,19413,32346,21239,58562,1.0
3a3fa4a4c32b177d74058c68d8167190b949d371,7265,377,0,0.0,7.7,201092,2869,19413,32344,21239,58562,1.0
e94bc47265814932ae76ddbc61265e3987a15446,7258,376,0,0.0,7.7,200756,2864,19404,32311,21223,58510,1.0
f784131cc2dbc97fb63013019092c9dbda112fb3,7265,376,0,0.0,7.7,200764,2864,19404,32310,21233,58580,1.0
87f869d1dd9a925bf712767d377e50f8ce045946,7265,376,0,0.0,7.7,200750,2864,19404,32310,21233,58580,1.0
8e267291286c04782c27f7eb50f103a6fcbe26ae,7249,376,0,0.0,7.7,200371,2864,19369,32259,21686,58368,1.0
a41fbf6fbaab1073e3093ba4121c5953950bbd05,7249,376,0,0.0,7.7,200300,2863,19368,32260,21683,58368,1.0
7a742968ca808a2ca46893150c5949c0e6ca1d8c,7253,376,0,0.0,7.7,200252,2862,19366,32257,21674,58414,1.0
23e4456de54efc8f0057844c8c0d04f35e77352c,7253,376,0,0.0,7.7,200257,2862,19366,32257,21674,58414,1.0
1dc18227ef82c6352cbfb6ffeabf39480410ae60,7256,376,0,0.0,7.7,200247,2862,19366,32256,21680,58424,1.0
e6763502253298ec254b4ac0e34b1519624973d7,7257,376,0,0.0,7.7,200233,2862,19366,32253,21681,58424,1.0
a51851fe498c4c390111902155f862f310412697,7256,376,0,0.0,7.7,200231,2862,19366,32252,21681,58419,1.0
ee961556faf34ea1abb75d238cbc8085e0a8628d,7256,376,0,0.0,7.7,200228,2862,19366,32252,21681,58401,1.0
4b7fec2d5a9ca15290eb45691984878bc47def40,7256,376,0,0.0,7.7,200221,2862,19366,32249,21680,58401,1.0
a6cd3a4f201b6768a54aebfae796db87887ef76f,7256,376,0,0.0,7.7,200193,2861,19363,32246,21678,58401,1.0
17f85dbe8efa8fd67a074b0e10133feabb57e87c,7256,376,0,0.0,7.7,200185,2861,19363,32242,21678,58398,1.0
a8629d89536f56bbebdbb56a404fb69e4a0a50b0,7256,376,0,0.0,7.7,200182,2861,19363,32241,21678,58398,1.0
23a4ff0a0d52ba3faec75029f3b46accbdf6a59f,7253,376,0,0.0,7.7,199994,2857,19344,32212,21665,58339,1.0
f561138fe92cc838146b76479fdff70ab163401d,7253,376,0,0.0,7.7,199997,2857,19345,32213,21665,58339,1.0
babd7b14b446c515519d6bf093e7fb14e3f2fc14,7252,376,0,0.0,7.7,199985,2857,19345,32212,21664,58334,1.0
c261f7d19bc840c1a66661de79d78da25b24e87f,7251,375,0,0.0,7.7,199889,2855,19338,32196,21643,58329,1.0
d6085fab882df77cde72ec76988aed472fa652f3,7251,375,0,0.0,7.7,199888,2855,19338,32196,21643,58329,1.0
d747177b71a04a280de5bc5f620170e60bc8abfa,7251,375,0,0.0,7.7,199892,2855,19338,32196,21639,58329,1.0
261a938c116f8b58dc47626d50f72757aca4ac18,7257,375,0,0.0,7.7,199893,2855,19338,32196,21636,58389,1.0
48c22fdb578c1ec2a3fb9d9aad3351d3a8e548d6,7257,375,0,0.0,7.7,199893,2855,19338,32196,21636,58389,1.0
bb273ff86932de5cfb806a6c1b7a1ea5abe73c28,7255,375,0,0.0,7.7,199877,2855,19336,32192,21636,58345,1.0
7c2f52d4b59200a4a1f345c3718c4d95171e5848,7255,375,0,0.0,7.7,199870,2855,19336,32192,21636,58345,1.0
128e99cf010020ab98806db539a3b157f31dc7ca,7255,375,0,0.0,7.7,199863,2855,19335,32191,21635,58345,1.0
23a08d9263b1a1aa3e368dc9f12cddd0162baecd,7255,375,0,0.0,7.7,199815,2854,19324,32180,21611,58344,1.0
42a04c219096297cffba8d183af78e6ecfd03b41,7257,376,0,0.0,7.7,199821,2854,19324,32180,21611,58344,1.0
c22c589a9a5f0a615f0d33cecf9d56392ed29101,7257,376,0,0.0,7.7,199812,2854,19324,32179,21610,58344,1.0
403a98943be006c4c9366bd61e1dd1789ee8ff84,7255,376,0,0.0,7.7,199801,2854,19322,32176,21610,58334,1.0
8c278378fbc033b49b679e37f27fbfc35bcda43b,7249,376,0,0.0,7.7,199771,2853,19320,32173,21609,58246,1.0
933d2cd5b97923bdac77bf7bf32063ca3897835c,7196,376,0,0.0,7.7,199532,2851,19312,32161,21602,57404,1.0
8c602088dc0aef307ac1599dc19d54b407f2171c,7196,376,0,0.0,7.7,199523,2851,19312,32161,21602,57404,1.0
91907bec0888828a4552d99a75c39d55cd7dda6d,7193,366,0,0.0,7.6,199271,2851,19306,32139,21593,57275,1.0
423612a60f5664475b56288d695b873841d68482,7182,366,0,0.0,7.6,199271,2850,19305,32140,21595,57126,1.0
3a10780abdb8cf3b7378ee4eb953b05b30dd0b69,7182,366,0,0.0,7.6,199262,2850,19305,32139,21594,57126,1.0
f275c1b51abe29017cd7cc2bbd81859b34e3aa11,7182,366,0,0.0,7.6,199239,2849,19303,32135,21594,57126,1.0
fee0dbab0c255d79bfba50aaaafd5c7c33220bbb,7197,366,0,0.0,7.6,199076,2847,19295,32123,21589,57291,1.0
68986cbd83255e88219f72daef2cd1cc32a98f92,7197,366,0,0.0,7.6,199076,2847,19295,32123,21589,57291,1.0
5de8a78598fea47fd2699b377a4881d4eb7d8c14,7193,366,0,0.0,7.6,199054,2847,19293,32118,21561,57261,1.0
401e6ebbadeb0cfef1da767e57d4745054527908,7193,366,0,0.0,7.6,199045,2847,19293,32117,21561,57261,1.0
30d0face444b1950ec2215376f8af20707f076aa,7193,366,0,0.0,7.6,199052,2847,19293,32117,21561,57261,1.0
7051c43ea63677dd67aa0a78d2806d5af06dba70,7193,366,0,0.0,7.6,199057,2847,19293,32118,21562,57266,1.0
31c5ee4086d7714850124f4b79f292c3443e5784,7194,366,0,0.0,7.6,199010,2847,19289,32108,21566,57260,1.0
71da68761b55f20859f252c6ce3bf670b3fcdcfe,7194,366,0,0.0,7.6,199010,2847,19289,32108,21566,57260,1.0
493459602ca4517d36a4faf61628f4ca23444fed,7192,362,0,0.0,7.6,198640,2840,19277,32087,21556,57285,1.0
b7f54e34ce1d6408098f5b2b075c2c465242aced,7192,362,0,0.0,7.6,198640,2840,19277,32087,21556,57285,1.0
1cce95308884994a6cf9989dcf3139bcd0522629,7192,362,0,0.0,7.6,198640,2840,19277,32087,21556,57285,1.0
40d01ee0fb7f827252ef76f79cb3c8c141c86f07,7192,362,0,0.0,7.6,198640,2840,19277,32087,21556,57285,1.0
cd5cad2daec964a75b7572e994b9a39547401f95,7195,362,0,0.0,7.6,198568,2839,19273,32083,21554,57300,1.0
711c323efc77c4b37d322a3961aed41eef7acf7e,7195,362,0,0.0,7.6,198563,2839,19273,32083,21554,57300,1.0
4f4e87b426f59e67c32eac56c5dc7513d73f03b2,7195,362,0,0.0,7.6,198509,2838,19270,32080,21557,57297,1.0
588c0c8626fd55b642e883f1808baeb3117948e2,7197,362,0,0.0,7.6,198508,2838,19271,32080,21567,57307,1.0
10b3be9b8ac1828b671a198cb88d586d174b29d0,7197,362,0,0.0,7.6,198508,2838,19271,32080,21567,57307,1.0
8e4d9f694ccf990b386b5feb7490e89fb2334268,7197,362,0,0.0,7.6,198507,2838,19271,32080,21567,57307,1.0
6a79caffe59396acea7ebacecbc4388917065512,7205,362,0,0.0,7.6,198502,2838,19271,32082,21567,57327,1.0
84346e7ac5652a43d30c2dc97380de059b0b9ffd,7206,362,0,0.0,7.6,198505,2838,19272,32083,21567,57332,1.0
f870c7d048cc475a695cea71273effb41b1b61c3,7207,362,0,0.0,7.6,198519,2838,19273,32086,21565,57339,1.0
d5ca09f5be734c97d509ec01e5429b2166f63adb,7206,362,0,0.0,7.6,198242,2835,19234,32027,21556,57334,1.0
35c2d7ec7e8b56624c23954abfa1a209034d291e,7206,362,0,0.0,7.6,198242,2835,19234,32027,21556,57334,1.0
bba0a7613672791df341b41b3ab3e9eb135326cb,7206,362,0,0.0,7.6,198235,2835,19234,32027,21554,57332,1.0
5fb4a50add69c4bcf40a41f22d32f6ff72aa45f7,7195,362,0,0.0,7.7,198103,2831,19221,32014,21549,57232,1.0
9ecb955b9490b8c14df0773143e4f130f84e9418,7195,362,0,0.0,7.7,198101,2831,19221,32014,21548,57232,1.0
9e346bc341320172bd37587a944d9880f3ba203d,7192,362,0,0.0,7.7,197969,2831,19210,32002,21557,57164,1.0
849dd7865322e98ff1cd7332003eb44d48a2bfa3,7192,362,0,0.0,7.7,197969,2831,19210,32002,21557,57164,1.0
0643a7ce7e8af1e469ff76a0d5624a28c5a17da4,7192,362,0,0.0,7.7,197965,2831,19210,32001,21558,57164,1.0
e68d89e00d64c2e1448ed4684e2b2f94078ee376,7192,362,0,0.0,7.7,197913,2831,19205,31987,21551,57164,1.0
8891dd0982ab7603fcec6f443f88100ff543c64a,7192,362,0,0.0,7.7,197912,2831,19205,31987,21551,57164,1.0
5567a626a52d057c6d31d192c921f9bc89341921,7191,362,0,0.0,7.7,197905,2831,19204,31983,21550,57162,1.0
5e5b62618d8c4ad72f9f2949ec72f9189032a7f8,7159,362,0,0.0,7.7,197094,2819,19131,31870,21449,56863,1.0
62733201e9241c7429e61f4e9210e21109fd2ca7,7159,362,0,0.0,7.7,197091,2819,19131,31870,21449,56859,1.0
33e99de36e529a951b8fffa70a5d54a4b72f44cd,7159,362,0,0.0,7.7,197089,2819,19131,31870,21449,56859,1.0
32f89ffedc5337df819bcff2b9b7137d44b11649,7159,362,0,0.0,7.7,197086,2819,19131,31870,21448,56859,1.0
0d550f9e083216f31e254595c289ebda8ab04d11,7158,362,0,0.0,7.7,197088,2819,19131,31870,21448,56858,1.0
eba466e0c8959f821c6c76d888bb6a55a2dfef3c,7158,362,0,0.0,7.7,197087,2819,19131,31870,21448,56858,1.0
9b83abdc7b7a9d85e35831f0854b4ba99c327e07,7158,362,0,0.0,7.7,197079,2819,19131,31868,21448,56858,1.0
ab53b5a164d2ecc4b7ee48e4fcb185443cbd499d,7158,362,0,0.0,7.7,197030,2819,19118,31851,21437,56888,1.0
c4566a34ff1ab4432e234f637244a0d2a47ca9c6,7157,362,0,0.0,7.7,197032,2819,19119,31852,21437,56886,1.0
eb574aaf71b9db1d60a8755dd1e2f90b95e00058,7157,362,0,0.0,7.7,197030,2819,19119,31852,21437,56886,1.0
754404a15db52ca9c00860a7c719f73c2119416f,7157,362,0,0.0,7.7,197030,2819,19119,31852,21437,56886,1.0
789443008d4b62bb59a55638cf14549c4dde92d7,7140,360,0,0.0,7.7,196891,2819,19103,31829,21405,56748,1.0
4d4276562a776ffc74b5b81ae5e448d2e9f79fdd,7091,359,0,0.0,7.7,196169,2809,19068,31701,21392,56454,1.0
20cbef8e5f463324a91ed9c594c801ce9b53e095,7091,359,0,0.0,7.7,196150,2809,19065,31697,21392,56454,1.0
00ea21c55ea011b0a5eb957fbf36c8f1ed079547,7087,357,0,0.0,7.7,196075,2808,19063,31685,21392,56422,1.0
9a0629c0a6c528c485fa2580501d02939860fcb7,7087,357,0,0.0,7.7,196011,2808,19062,31664,21392,56422,1.0
ff9cfa16f8bd36b7a2d94352833333e60d13744e,7088,355,0,0.0,7.7,196001,2808,19062,31662,21391,56422,1.0
4293bae08d6f791c98049ff78bfcf4dad243dcb4,7088,355,0,0.0,7.7,196005,2808,19062,31662,21391,56422,1.0
6678dc631d3d93721cf0bf91c56c3f8e98486b09,7088,355,0,0.0,7.7,195959,2808,19056,31652,21391,56417,1.0
7ec11441085749b6f269c38af9717421f640be42,7088,355,0,0.0,7.7,195959,2808,19056,31652,21391,56417,1.0
419e1250cffd9d4b09ec226f5d0dab335875f5c5,7088,355,0,0.0,7.7,195959,2808,19056,31652,21391,56417,1.0
47e4b813f096e8e0aed560396bb530ce5be6ff24,7088,355,0,0.0,7.7,195952,2808,19054,31650,21391,56417,1.0
aed194a9a71829be0beb4b23795bc0c024117bd9,7088,355,0,0.0,7.7,195918,2808,19052,31647,21390,56417,1.0
118d16815137dd1024f25d34b35646e56b7663f7,7088,355,0,0.0,7.7,195906,2808,19052,31643,21385,56415,1.0
3590f3d16fe55bd15686dd9a5d3a05d56fcd359d,7091,355,0,0.0,7.7,195892,2808,19051,31642,21384,56414,1.0
08f7f9aa3e7d835166c45816d92eecfab4115484,7095,355,0,0.0,7.7,195876,2808,19050,31641,21384,56418,1.0
6640018baad362ffa45cc5a0539db0894eefa4a2,7094,355,0,0.0,7.7,195855,2808,19048,31639,21384,56393,1.0
b685e4c5e4083058e5979ff5062aa9b46f73a8a3,7094,355,0,0.0,7.7,195850,2808,19048,31638,21384,56393,1.0
92ac457fc41f52facf54b2cbdc54612f46ba8327,7091,355,0,0.0,7.7,195785,2808,19045,31635,21384,56323,1.0
6c854a8b6e3fa3302260c0a098413f06fe3f5004,7091,355,0,0.0,7.7,195766,2808,19045,31635,21383,56323,1.0
a9bbf1e4ca059771bb3d0c04e340d16f242c3c76,7085,355,0,0.0,7.7,195576,2806,19021,31607,21382,56223,1.0
22dc29472c8919ba7c5d853c65600be106560519,7085,355,0,0.0,7.7,195579,2806,19022,31608,21382,56223,1.0
f29188797cb34343362762b4dd62c132c530f380,7085,355,0,0.0,7.7,195569,2806,19022,31604,21382,56223,1.0
0f9f1ba325d45d242e3f7fed1db70a3a92c79cb4,7083,355,0,0.0,7.7,195518,2806,19020,31599,21379,56185,1.0
b9230c29113071a4cc4fb09cb516c90b1d360346,7084,355,0,0.0,7.7,195528,2806,19020,31602,21377,56190,1.0
cf5eb3d3fbdcf54ac2a2709136b8ab7804ea1df4,7085,355,0,0.0,7.7,195521,2806,19020,31602,21376,56192,1.0
f2c5eb9372bb70b6bc191906fd1c292b8a44cd25,7085,355,0,0.0,7.7,195521,2806,19020,31601,21376,56192,1.0
feb53c3f6b766f44cd3658866539720feff261cd,7090,355,0,0.0,7.7,195516,2806,19019,31600,21376,56297,1.0
a1182923b9aeefc9f9eed5e90807f48f78b282a3,7090,354,0,0.0,7.7,195470,2803,19015,31599,21376,56297,1.0
f8e4bd4787bd3caecbb8238e18202b8efb825a3c,7090,354,0,0.0,7.7,195466,2803,19015,31599,21376,56297,1.0
acd49fefbcceaff5a9831f4c7059f4b55de610da,7090,354,0,0.0,7.7,195466,2803,19015,31599,21376,56297,1.0
baec4b3425449da4a6ac0c81f1f47dc142b45fa3,7090,354,0,0.0,7.7,195482,2803,19015,31602,21378,56297,1.0
d3f7ab400f7b248ac6ac9a16ce75b02e0463d280,7084,354,0,0.0,7.7,195468,2803,19012,31599,21375,56252,1.0
082e632f512632074e6cab26f80089e8e8b03d01,7084,354,0,0.0,7.7,195459,2803,19012,31599,21372,56252,1.0
1702fa0abb2c9f421d88593b0c0f6206e1a86d6c,7084,354,0,0.0,7.7,195459,2803,19012,31599,21372,56252,1.0
647560e8fc3fcd694a33a7508b227b96c48cdc7e,7084,354,0,0.0,7.7,195451,2803,19012,31598,21372,56252,1.0
afbeaafe937c79edfb848803daa488ac9445deb2,7084,354,0,0.0,7.7,195443,2803,19012,31598,21372,56252,1.0
8a89d4d77b855d4e85bf594329fa49e4e1e1aa67,7084,354,0,0.0,7.7,195439,2803,19012,31597,21372,56252,1.0
87a03cccdfcd732294762800ac911f940970b712,7040,352,0,0.0,7.7,194828,2789,18939,31491,21283,55910,1.0
bcdd8871f2658a01aa04579f8577e8c854432ad6,7040,352,0,0.0,7.7,194821,2789,18938,31489,21283,55910,1.0
ebdb2f6edfbfa335df437692557368ef6a786183,7041,352,0,0.0,7.7,194816,2789,18936,31486,21283,55915,1.0
b5190a66d72a61c9a86dffa8a9ce97c7feedb68a,7041,352,0,0.0,7.7,194816,2789,18936,31486,21283,55915,1.0
a9aba45a001aea45049e9607f93ff9b0d607c6a6,7046,352,0,0.0,7.7,194610,2788,18909,31452,21283,56010,1.0
2d1665fa318073152e4fa8c83ae8710bca1651fe,7046,352,0,0.0,7.7,194610,2788,18909,31452,21283,56010,1.0
fa37fc0a88853ae684a21ccafac55a15e0caebd8,7048,352,0,0.0,7.7,194525,2787,18899,31434,21281,56032,1.0
eedbf7e17070b39d1a5b827d4c8d8cbee59cbe49,7048,352,0,0.0,7.7,194517,2787,18897,31432,21280,56032,1.0
726cdd74c2cae880da8f7c953f59cc23ee439541,7048,352,0,0.0,7.7,194517,2787,18897,31432,21280,56032,1.0
e4bd94117caf5c649fd991b0e5f163e0cf717fb1,7048,352,0,0.0,7.7,194514,2787,18897,31432,21280,56032,1.0
6ddb26a341e87ab4155e4ede6094029dcb2a2269,7045,352,0,0.0,7.7,194493,2787,18897,31426,21280,55973,1.0
6585e2d51f12cb4e61de72b1f7f5116355adb52f,7048,352,0,0.0,7.7,194433,2786,18888,31415,21280,56007,1.0
7757f28118b023128dd9ee557d75c7f759be6212,7097,352,0,0.0,7.7,194423,2784,18886,31427,21280,56764,1.0
914c3777bb4a8b6f7835dc6eb99d3f9dc17f459d,7097,352,0,0.0,7.7,194412,2784,18884,31424,21280,56764,1.0
04a983792ad479efdc404bdcb600fddbd072820e,7097,352,0,0.0,7.7,194401,2784,18884,31422,21280,56762,1.0
5c2161aa0e9a073a51dd14e0c0edb36668d371a8,7097,352,0,0.0,7.7,194399,2784,18884,31422,21280,56762,1.0
675aead1e578cc783f58f7ce480b0872d259e2b4,7117,351,0,0.0,7.7,194137,2781,18842,31363,21280,57095,1.0
8376a6d1338f461f5962976d60ec72f5f424547c,7019,349,0,0.0,7.7,193283,2771,18717,31213,21154,55783,1.0
0891a7e6acf4dde654fb17f92de6eae241b9cf42,7020,349,0,0.0,7.7,193234,2771,18709,31201,21155,55783,1.0
8df4aa56843f118a3d0e54922265d51c91a66f39,7021,349,0,0.0,7.7,193203,2771,18708,31200,21155,55788,1.0
2c60b8ee630ad430a9c27a48700303f5a1a31f31,7023,349,0,0.0,7.7,193156,2771,18707,31199,21155,55800,1.0
d5f44c256a4a22699cbd49db41aaf18a99fc4dc8,7023,349,0,0.0,7.7,193109,2771,18707,31199,21155,55800,1.0
27ef85c9d7c7375d75ee8d4ed17b562caaf4afe7,7023,349,0,0.0,7.7,193106,2771,18706,31197,21155,55800,1.0
26152d83b28d8363ff5ffc60d0ceb679a7ee4632,7023,349,0,0.0,7.7,193082,2771,18700,31189,21149,55800,1.0
2bd54ae05492cc1a0ac8e6fcb3485cecc0c471e7,7021,349,0,0.0,7.7,192938,2770,18693,31180,21149,55784,1.0
d173d16b6e714e0b2bf4f941adc335f5c95fee7e,7021,349,0,0.0,7.7,192935,2770,18693,31179,21149,55784,1.0
cfece5771a843015168cd71d2081bae620d85d18,7106,350,0,0.0,7.7,192847,2770,18679,31160,21151,57000,1.0
a09cece9d5cc8f9ce47629329a12d40cc244a62d,7106,350,0,0.0,7.7,192842,2770,18678,31158,21151,57000,1.0
b1ebfe81e57a5111ff6a5d8102208ff604ca2519,7103,348,0,0.0,7.7,192751,2769,18675,31142,21147,56991,1.0
1dfb1147344e012f0e070f67aed2d95a1d8d9377,7103,348,0,0.0,7.7,192749,2769,18675,31141,21147,56991,1.0
1b100f84cb51a590c865e2d28d159b4d4c203409,7103,348,0,0.0,7.7,192752,2769,18675,31141,21147,56991,1.0
bed2605285311a5c39c2047ec4f4411b686c6e7d,7010,346,0,0.0,7.7,192318,2760,18634,31070,21144,56523,1.0
13c15fdc2e44f8426d711d558fcaf7737d74065b,7010,346,0,0.0,7.7,192313,2760,18634,31070,21144,56523,1.0
13a1e8b6649e2a8a34503bd96c99dc7efcd53d1e,7014,346,0,0.0,7.7,192295,2760,18630,31066,21144,56583,1.0
09f1f9a3d2db2888953a90816abcc24f5640fc5c,7014,346,0,0.0,7.7,192294,2760,18630,31065,21144,56583,1.0
d2937af0499221f33e32ebd9b0935049045aba55,7014,346,0,0.0,7.7,192293,2760,18630,31065,21144,56583,1.0
806850515bdd45da6f53980b1b35300377ea072e,7014,346,0,0.0,7.7,192289,2760,18630,31064,21144,56583,1.0
5bf321c78a8a9fad11442933d9bf0f24fe835d9a,7014,346,0,0.0,7.7,192282,2760,18630,31064,21144,56583,1.0
2182fae846c67f02a2fcebab80887832c0866653,7015,346,0,0.0,7.7,192251,2760,18625,31058,21136,56600,1.0
efa001b15e7b841572a20f197f3ec56ed16cb9cb,7016,345,0,0.0,7.7,192208,2759,18621,31051,21136,56605,1.0
2b204a18eadaee631cef5b66646e11b3883ba1e1,7008,345,0,0.0,7.7,192106,2757,18609,31040,21143,56543,1.0
3aa71682a92a26e773a579435b73704046b37fe9,7008,345,0,0.0,7.7,192106,2757,18609,31040,21143,56543,1.0
70047280e78812a450811e3e8720dbfda23c23b0,7008,345,0,0.0,7.7,192110,2757,18610,31041,21142,56543,1.0
1a12491a4eaa7646fa62ffb17da798f8539dffb8,7079,345,0,0.0,7.7,192127,2758,18621,31048,21142,56716,1.0
901cf6f60c1c72ebb0659d77f4569b87f51bad40,7073,320,0,0.0,7.7,192007,2758,18609,31036,21140,56601,1.0
99be535e435f4f42de17903bde2156d75ff7ae97,7073,320,0,0.0,7.7,192005,2758,18609,31035,21140,56601,1.0
32dc0143efa67436b2befd10735b8ef4096ebe31,7077,320,0,0.0,7.7,192037,2758,18609,31041,21139,56731,1.0
6907dde34d1ce54683689f49e5db1f38a36f1560,7077,320,0,0.0,7.7,192037,2758,18609,31041,21139,56731,1.0
3a43fb927e4c10aacd7f9a32f41c56cfc0ceec47,7077,320,0,0.0,7.7,192037,2758,18609,31041,21139,56731,1.0
0fe0321d96e6201043e7a5218d542fa77707f586,7077,320,0,0.0,7.7,192036,2758,18609,31041,21138,56731,1.0
18799e51a9056a79aa8eeaee44db1dadeb1ddb86,7074,320,0,0.0,7.7,192003,2758,18604,31031,21138,56651,1.0
1eee76e052c351060a8b4a7e134fb495701c2379,7073,320,0,0.0,7.7,191956,2757,18602,31027,21133,56643,1.0
bdd253f8eeea0e256e2e037aa867b272de442625,7074,320,0,0.0,7.7,191954,2757,18604,31030,21133,56648,1.0
7ffa53ad0fbd5c4c69c802a3bbe0c172cdcb9ff9,7073,320,0,0.0,7.7,191923,2757,18604,31026,21133,56659,1.0
d545d535ca6bec022a4bc91179502e9a5f8c5689,7073,320,0,0.0,7.7,191904,2757,18604,31026,21133,56659,1.0
fe06df640eb535f8af05234808ca88822bb6884a,7075,324,0,0.0,7.6,191680,2750,18584,31004,21064,56659,1.0
b9417673ef52d1206bfae277a1017793023a2a74,7075,324,0,0.0,7.6,191678,2750,18584,31003,21063,56659,1.0
0a9276d7bff60b7baddb9416eee2090a9711936f,7074,324,0,0.0,7.7,191653,2750,18583,30998,21061,56657,1.0
26b86a5a769024d5193e839a72160e2401e5939f,7074,324,0,0.0,7.7,191649,2750,18583,30996,21061,56657,1.0
7c8662e99ebdcc66f08d089bc3e7493e4d2d89cf,7040,320,0,0.0,7.7,191154,2749,18551,30881,21063,56360,1.0
82f9a6b583a91985eadff182f98778537becf979,7040,320,0,0.0,7.7,191154,2749,18551,30881,21063,56360,1.0
b0468a04bfc103ac0d9e0ec1b3f510c0e8c8f6da,7034,320,0,0.0,7.7,191128,2749,18548,30875,21063,56315,1.0
ea151d0f5199f509af81bd0d712561248c69adcc,7035,320,0,0.0,7.7,191130,2749,18548,30875,21063,56320,1.0
ff39bf36c35316061e7e028abd28dd392405e7f0,7035,320,0,0.0,7.7,191130,2749,18548,30875,21063,56317,1.0
b8de0a7fd505a438b35e0db2a3e660aed33784dd,6930,320,0,0.0,7.7,190496,2738,18488,30747,21043,55766,1.0
2c5d60f21455c674f7f70d473fb7e0c6c1b466fe,6826,321,0,0.0,7.8,188543,2703,18207,30383,20832,55051,1.0
17042b4ed0f6e79f2f423f107fc69fb71286cda3,6812,321,0,0.0,7.8,188227,2703,18172,30320,20798,54926,1.0
067dba3afed44b5b91350e75e62de95ecce3c693,6809,320,0,0.0,7.8,188185,2701,18170,30317,20798,54895,1.0
7d848941818709c822b70e2b57606b8f628b25fe,6786,320,0,0.0,7.8,188046,2696,18161,30305,20746,54599,1.0
8a3070055f92886205e98d30c6862f26e24f18d4,6786,320,0,0.0,7.8,188037,2696,18160,30303,20746,54599,1.0
23e2f4d46f41297c9a0fd7c6dbf757cf41ff7423,6785,320,0,0.0,7.8,187845,2693,18144,30274,20715,54614,1.0
3f591501a68c43e2798adb51ae362d6ca55e8f3b,6785,320,0,0.0,7.8,187878,2693,18143,30277,20717,54614,1.0
a957fc0d21e10e04c24cd44a7fa52e5d38370000,6764,321,0,0.0,7.7,187072,2687,18110,30239,20693,54285,1.0
0f52c56042cdc0ac949cec6959911dceaaee4577,6768,321,0,0.0,7.7,186947,2687,18106,30235,20695,54319,1.0
dbfad0504bc6653aaf6827133b337b494dfd6167,6769,321,0,0.0,7.7,186929,2686,18106,30235,20697,54313,1.0
3ac0c3704636d28af4fe3a2473cc6fa62903239d,6717,319,0,0.0,7.7,185843,2672,18041,30149,20610,53935,1.0
6c76c73ec8d93ccbbf06c63fb6db0b489933980c,6718,319,0,0.0,7.7,185865,2672,18046,30153,20597,53940,1.0
ce73b2d06e47196a397af8ab62b8821e079347fe,6718,319,0,0.0,7.7,185856,2672,18046,30152,20597,53940,1.0
17ba0173d7883f4c583d9eab7e1ddbb37cefe816,6718,319,0,0.0,7.7,185851,2672,18046,30151,20597,53940,1.0
37ee4fee7fd2e20061c08919ea4e521a92be7391,6718,319,0,0.0,7.7,185801,2670,18043,30144,20597,53940,1.0
4331c22983ed1ec5c102020e3d3d020f2f16bcda,6717,319,0,0.0,7.7,185726,2670,18037,30128,20585,53935,1.0
bce96419f2d75e7d9b770067194a8e5fb14a5fbd,6717,319,0,0.0,7.7,185726,2670,18037,30128,20585,53935,1.0
24e4bd318b589ae7c39f05839f9a42ec801eef0d,6717,319,0,0.0,7.7,185721,2670,18037,30126,20585,53935,1.0
80b6a55c588069a506741fd9f954af1bf45c24fb,6717,319,0,0.0,7.7,185716,2670,18036,30125,20581,53935,1.0
14bd476c4d76acae2971cb833c3926a1ab78deab,6709,319,0,0.0,7.6,185506,2663,18018,30103,20489,53897,1.0
d386cd5f071634b739d19a2fdfb0e816a79dc56e,6713,321,0,0.0,7.6,185524,2663,18019,30110,20487,53927,1.0
31e1aa6b597339e1b724f852a4b81df9bc367803,6712,321,0,0.0,7.6,185485,2662,18018,30109,20484,53922,1.0
c089e335b15ef4adb41cd630d8124868af3b3182,6712,321,0,0.0,7.6,185491,2662,18018,30109,20484,53922,1.0
7537786b8e7d70cb7700d3297b852f0a101c30a4,6712,321,0,0.0,7.6,185494,2662,18018,30110,20484,53925,1.0
67bd4d13e802b9bf8b3ade234416612ea21eea8b,6712,321,0,0.0,7.6,185494,2662,18018,30110,20484,53925,1.0
6689f4e85eaafe6f2873b07923d8f6fcf20ba7a4,6712,321,0,0.0,7.6,185249,2657,18004,30092,20472,53894,1.0
876eae766105952e2b4db6fbdcd1a615ac097d5d,6711,320,0,0.0,7.6,185210,2657,18001,30087,20471,53889,1.0
cca6871bdfd0e61462586dd5ed3d7653655dee6d,6709,320,0,0.0,7.6,185067,2652,17992,30076,20422,53873,1.0
5be7566b5209db848c7a56e8aa297806b25bf58d,6709,320,0,0.0,7.6,185058,2652,17992,30076,20410,53873,1.0
bc43d68a4cbbfae857895872d6f86df45140f0cd,6713,320,0,0.0,7.6,185058,2652,17992,30076,20410,53881,1.0
71351646180dfc48cb89f68570d27b6288f17278,6713,320,0,0.0,7.6,185058,2652,17992,30076,20410,53881,1.0
3c08fd2a1f0e503ba378cdedab0ce479e2f25516,6713,320,0,0.0,7.6,185059,2652,17992,30076,20410,53881,1.0
acb96d40d1a85533f22c0e0f51d70736d65e3a85,6713,320,0,0.0,7.6,185058,2652,17992,30076,20410,53881,1.0
1a466daff7ca0a76beb77330e30cd2b94218adf6,6715,320,0,0.0,7.6,185192,2657,18001,30087,20459,53897,1.0
89940b00c091680345b479d03077e45fcb895f22,6720,320,0,0.0,7.6,185126,2657,17998,30070,20454,53903,1.0
0382a6bb5d5778ca816b94d5ee9f0729d3f32f44,6718,320,0,0.0,7.6,184992,2652,17989,30059,20405,53887,1.0
72e1f6ec564c9cf3ae9923f5e911c8ff6bcd8563,6717,320,0,0.0,7.6,184988,2652,17989,30059,20405,53881,1.0
f7933b735b4e051b7378418cc0688c3c3890069b,6725,320,0,0.0,7.6,184922,2652,17987,30057,20383,53949,1.0
2d26e11458790c34abc8ef2240e0246e71877d31,6725,320,0,0.0,7.6,184878,2648,17982,30053,20379,53945,1.0
d7f24524f61a97edd275a838afc1d98d606bf2e3,6725,320,0,0.0,7.6,184877,2648,17982,30053,20379,53945,1.0
038ee3b8e602f9c96f3b738ad4390d19be8e4228,6716,318,0,0.0,7.7,184556,2643,17978,30049,20367,53866,1.0
592c818d4a2623faf703ddd8277bd688987f9b7f,6781,319,0,0.0,7.7,184442,2642,17967,30035,20362,54014,1.0
7f91631b447b68d9a9381b9f75b84c1feead1c91,6782,319,0,0.0,7.6,184298,2641,17961,30028,20314,53999,1.0
74fcf4d933fb2f38991cc94759e63482a70dd498,6782,319,0,0.0,7.6,184295,2641,17961,30028,20313,53999,1.0
5630a3c1fd390ace46f5bf3f7916f9390681f1b1,6778,319,0,0.0,7.6,184258,2641,17957,30019,20313,53938,1.0
873937453b41374d58421f977b4eca5ee1ca4730,6778,319,0,0.0,7.6,184259,2641,17957,30019,20313,53940,1.0
b5f657e9a3baada81831b6dbace52dba99612d87,6777,319,0,0.0,7.6,184252,2641,17956,30017,20313,53933,1.0
d94e6990aeca562b9cde0a34c0ce26bc8370893b,6777,319,0,0.0,7.6,184217,2639,17954,30015,20313,53933,1.0
2a5a3551d21f8940ae8312bc8804ff3e9686e027,6776,319,0,0.0,7.6,184215,2639,17954,30014,20313,53923,1.0
de2883b5ee2b3b95b66796e273b0663163405829,6776,319,0,0.0,7.6,184220,2639,17954,30014,20309,53923,1.0
a437ae8d0241ef79dec0feb319716b6c7a6f55db,6776,319,0,0.0,7.6,184220,2639,17954,30014,20309,53923,1.0
c3c6f7176fdb8ab3df0ff72755a5ebc86bb734cd,6766,316,0,0.0,7.6,184079,2638,17950,29994,20309,53786,1.0
0809a168db5fd71a58dd3f87b0bce00bd5ed8916,6766,316,0,0.0,7.6,184079,2638,17950,29994,20309,53786,1.0
a50810b1a6321eb468ed1d626d7cea2abe1ec038,6765,316,0,0.0,7.6,184061,2638,17950,29991,20309,53784,1.0
f55a11580e30a8ab97a8f9f1c9c275029666c355,6769,315,0,0.0,7.6,183942,2634,17940,29975,20291,53804,1.0
d89aa89ba0711cd8fa5a8b760a7c78de371bb51b,6762,315,0,0.0,7.6,183736,2627,17920,29952,20216,53766,1.0
a9d3c4a77fde41c3c90217f836574cc3cd990e8a,6762,315,0,0.0,7.6,183743,2627,17921,29954,20216,53768,1.0
0c39f233089ebd9d8502abadbb3e970a02daf922,6750,314,0,0.0,7.6,183475,2619,17883,29910,20132,53733,1.0
b48a7c9fc989c5eb76a61d0e1f8f2209d39b3745,6761,314,0,0.0,7.6,183450,2619,17878,29905,20129,53836,1.0
ffb520908a9fdef12475351ee2af9f3bb1b09410,6761,315,0,0.0,7.6,183450,2619,17878,29905,20129,53836,1.0
712d0b22f3d0830f5a77b6ad06b99612f9b98e68,6754,315,0,0.0,7.6,183406,2619,17873,29896,20124,53782,1.0
a66096b97c17498a2ed9afb683761ecc1182f69b,6750,315,0,0.0,7.6,183313,2619,17868,29882,20118,53706,1.0
cf8223ee69f59d9391fe41ee4c293b812cd823b2,6750,315,0,0.0,7.6,183304,2619,17866,29880,20118,53706,1.0
92a7bfeac4e32812aa73df774a3111937fb97965,6750,315,0,0.0,7.6,183283,2619,17864,29877,20113,53706,1.0
b5e65a6d25758bd459a5d8898feeaae32f6c388f,6751,315,0,0.0,7.6,183295,2619,17865,29879,20113,53711,1.0
c35fed27427ef66bb1aed122627a1417313a650f,6751,315,0,0.0,7.6,183295,2619,17865,29878,20113,53711,1.0
0d6c4ab5c9b157f247f994ec88dada0afa653d66,6751,315,0,0.0,7.6,183289,2619,17864,29876,20113,53711,1.0
08eb01be723c20ff44e9e58c478f783aff20ab6e,6752,316,0,0.0,7.6,183284,2619,17866,29874,20111,53716,1.0
961ce5f101bbf0f8ddbf2394a8518bc9b58bb561,6750,316,0,0.0,7.6,183240,2618,17860,29863,20111,53676,1.0
6808f8f104f325bf92cb9715c8c50eaa10ce18eb,6752,316,0,0.0,7.6,183262,2618,17860,29869,20111,53691,1.0
b64ea1d8c6c5b64828ef3d08f8cc432de59bb559,6751,316,0,0.0,7.6,183252,2618,17860,29867,20112,53686,1.0
0c593abf8b260e4cc5620fb931fb57c6988ef961,6748,316,0,0.0,7.6,182982,2617,17835,29822,20100,53656,1.0
4756ad8ce8d20c02a585482ecd432f2cbeec3bb2,6748,316,0,0.0,7.6,182980,2617,17835,29822,20100,53656,1.0
4f77724de850101f5196fd2576a86f07eee64f58,6754,316,0,0.0,7.6,182973,2617,17835,29829,20100,53717,1.0
8bc6144938fdecd69893574d8d428e0c6e159cdd,6753,316,0,0.0,7.6,182940,2617,17835,29829,20100,53709,1.0
647bdbb1a7820cac184185d2615073d296ab7c09,6753,316,0,0.0,7.6,182944,2617,17835,29829,20096,53709,1.0
649dc5b396fe57e34cb13a1b6469d8ea496db387,6754,316,0,0.0,7.6,182880,2617,17835,29828,20086,53714,1.0
0a07eaee651a263fd05c1b173b29ed220539d4dd,6754,316,0,0.0,7.6,182880,2617,17835,29828,20086,53714,1.0
1c25aa3c541a09d045ad93971c96a913ff00a4e5,6738,315,0,0.0,7.5,181881,2596,17776,29738,19910,53610,1.0
eec80a861a969f8b525211af9875e9816c94b5cc,6737,315,0,0.0,7.5,181882,2596,17776,29738,19911,53605,1.0
3d49cc1d22c3e789f6876790b63a2eac925d52bc,6737,315,0,0.0,7.5,181882,2596,17776,29738,19911,53605,1.0
33e373c62d9e9eff24d490a081209a02518d64f2,6732,315,0,0.0,7.5,181777,2595,17765,29725,19910,53573,1.0
7d0ff116c159bf075e0ec9751db2c7f5f1f97b12,6732,315,0,0.0,7.5,181777,2595,17765,29725,19910,53573,1.0
e86cfcfa0e2c4022aecdfad95b992c6e378abc80,6734,315,0,0.0,7.5,181772,2595,17764,29723,19910,53583,1.0
2f099bddd19b2cd887c15ee0ac2cba98cda837bf,6743,320,0,0.0,7.5,181631,2589,17748,29720,19943,53674,1.0
75443e1c8e842c2ce700e7dd4d01a16921edd278,6743,320,0,0.0,7.5,181626,2589,17748,29719,19943,53674,1.0
f19da285a88d37a1b4e9b51e5d617a9f09a029ff,6744,320,0,0.0,7.5,181626,2589,17748,29718,19943,53682,1.0
b680b533485bede110e0e7d1afd57a1f9a354f12,6737,319,0,0.0,7.4,181373,2579,17720,29690,19835,53600,1.0
7e334527b50f35d77f659c87e2cddae180e84cb2,6741,319,0,0.0,7.4,181361,2578,17720,29687,19811,53592,1.0
155e35ec147948167d60bea17c3061fca0cde504,6742,319,0,0.0,7.4,181373,2578,17723,29690,19811,53597,1.0
100655a888e7f30ed41f0d16a20dcc80103e7e0f,6741,319,0,0.0,7.4,181356,2578,17723,29684,19810,53587,1.0
1832ff597758bcbb80de024ddde589fd36ec5865,6749,319,0,0.0,7.4,181413,2577,17730,29693,19816,53652,1.0
78d9012c646f032584876bb568b713ebf4391798,6749,319,0,0.0,7.4,181411,2577,17730,29693,19816,53652,1.0
536f31705775bd12fa86ba044f2b9b7414e04c65,6751,320,0,0.0,7.4,181394,2577,17729,29688,19816,53674,1.0
c125b99189650b2f3ae148fb19c970435bba3563,6751,320,0,0.0,7.4,181391,2577,17729,29688,19816,53674,1.0
d1f100e14ed0e35f2a840b7969ab20fce5017e3f,6751,320,0,0.0,7.4,181332,2576,17727,29684,19816,53674,1.0
63baa5c0432ad3f51ea7e583f0b0af4863804238,6738,320,0,0.0,7.4,181066,2573,17710,29632,19794,53573,1.0
5d60b34d085fbd56bafc09d295f4ee289b8c2554,6738,320,0,0.0,7.4,181059,2573,17710,29630,19794,53573,1.0
a94a059376ad76dd4569e80dd8be0585b58b83d7,6738,320,0,0.0,7.4,181051,2573,17709,29628,19794,53573,1.0
2982234ea34bdffab3bc4b8b8b5cf4311cc76f18,6741,320,0,0.0,7.4,181055,2573,17713,29630,19794,53582,1.0
bb94723f236d45d19e41a6b05468bcd9e0e60b79,6732,320,0,0.0,7.5,180818,2567,17690,29600,19717,53432,1.0
b2fc28a67a12d3beea70e5d5c4f8b1b9d54350c3,6731,320,0,0.0,7.5,180800,2567,17690,29599,19716,53402,1.0
94110c0e65f685af0e88b07f9587bca03b64cf9b,6731,320,0,0.0,7.5,180799,2567,17690,29599,19716,53402,1.0
80a38ff01c97d6d824d6960cef40537d5a37072b,6732,320,0,0.0,7.5,180799,2567,17690,29599,19716,53407,1.0
a4d86f8af464545b3065c54ed4525025aca9474e,6731,320,0,0.0,7.5,180798,2567,17690,29598,19716,53403,1.0
88313f04c87a77e3b1a414228cf8e5bdb9d5921e,6730,320,0,0.0,7.5,180793,2567,17692,29605,19721,53386,1.0
84078a55fcf1b45cdb6a2dedd5af99ad39d4f3bc,6730,320,0,0.0,7.5,180786,2567,17692,29605,19721,53386,1.0
6c8046aa43771ced3d725af4fb8e7455166fe9ea,6730,320,0,0.0,7.5,180784,2567,17692,29605,19721,53386,1.0
e5aaeffbe317b083e966235855c8e17e91efa759,6730,320,0,0.0,7.5,180782,2567,17692,29605,19721,53386,1.0
a40a90928c9b89f243a2f5c1110d9de72b8ac1aa,6730,320,0,0.0,7.5,180785,2567,17692,29606,19721,53387,1.0
4149543bed77fb9d4f859c766c4d90aa09bc81af,6729,320,0,0.0,7.5,180782,2567,17692,29606,19720,53385,1.0
5d9512a9a8e736be52261e596a0e38f8ac344baf,6729,320,0,0.0,7.5,180783,2567,17692,29606,19720,53385,1.0
b48b7924fb087ac648d05b4e35b87f00dee0aada,6729,320,0,0.0,7.5,180783,2567,17692,29606,19720,53385,1.0
3d1d326718f256af8d96aef67aae31ab6ead0ff7,6724,318,0,0.0,7.5,180733,2566,17689,29598,19697,53305,1.0
3f3cea771e158c443ea3c3d7ef2c94f8a982ae35,6724,318,0,0.0,7.5,180696,2565,17688,29595,19689,53305,1.0
5e4125c5be39ed863e55701b4a7b5291163def08,6724,318,0,0.0,7.5,180693,2565,17688,29595,19689,53305,1.0
c28ca24475f92e4828e75a02e5a505403c68979a,6724,318,0,0.0,7.5,180709,2565,17688,29595,19689,53305,1.0
3f2b770828853d4d5867b345a530472f100dd6bf,6724,318,0,0.0,7.5,180709,2565,17688,29595,19689,53305,1.0
d91594453de16e9d04bc3475c6184a6f71115395,6725,318,0,0.0,7.5,180708,2565,17688,29595,19689,53310,1.0
b50effe1397341e3e556f75c7cae3a9430e95ef7,6720,318,0,0.0,7.5,180633,2564,17677,29580,19683,53245,1.0
f9d3b4b786171adba2f261927277fa0fcc5eab0e,6720,318,0,0.0,7.5,180631,2564,17677,29580,19683,53245,1.0
35ebd434cb7ca425fc55126fca6cc2fa15b92065,6720,318,0,0.0,7.5,180630,2564,17677,29580,19683,53245,1.0
747282cdf851c144af562d3f92e10349cc315e36,6719,318,0,0.0,7.5,180630,2564,17677,29580,19683,53215,1.0
042dce468beaed11289cec0eccebf7f6318fb5a5,6719,318,0,0.0,7.5,180622,2564,17677,29577,19679,53215,1.0
725fbb9503a7b75df1c257d7726bee8a0302760a,6718,318,0,0.0,7.5,180605,2564,17677,29577,19659,53210,1.0
e2079ac536b30e59a9268127db85f08ad40790a8,6675,318,0,0.0,7.5,179651,2534,17628,29431,19592,52898,1.0
9cb97e35a3776c577a188858d401d74106f75759,6675,318,0,0.0,7.5,179638,2534,17627,29425,19591,52898,1.0
f60f840db6ad9a120cba84442103e6fe8b4912bd,6675,318,0,0.0,7.5,179636,2534,17627,29425,19591,52898,1.0
cb10c9e568638a04d8cff8f0190525ff85fcda3a,6676,318,0,0.0,7.5,179635,2534,17627,29425,19591,52903,1.0
1abc66a46540d347f988a5bf258e3e8aa41599a1,6676,318,0,0.0,7.5,179633,2534,17627,29425,19591,52903,1.0
a2711f9e2e2becc91ffc2b375c3b749dc0d24a38,6676,318,0,0.0,7.5,179596,2534,17623,29418,19590,52906,1.0
cecefc39e1a7ccfdaaadb3c67f4e8add240da9e6,6676,318,0,0.0,7.5,179588,2534,17623,29414,19590,52906,1.0
4bc470ff09bc791fe548669424660264bceb8793,6705,319,0,0.0,7.5,179282,2533,17582,29373,19605,53210,1.0
f761f3251923b144a5f471350bbe431911b921f7,6705,319,0,0.0,7.5,179243,2533,17577,29364,19604,53210,1.0
0ac1567837d67db68b4580385881f48a17475d3b,6705,319,0,0.0,7.5,179243,2533,17577,29364,19604,53210,1.0
feb9e41cb355ed06a77c135f6c3b42f7c2cb0f42,6707,315,0,0.0,7.5,179115,2533,17562,29335,19600,53208,1.0
a5737d1625259837cff4555b94ac92301eb56642,6674,314,0,0.0,7.5,178716,2532,17547,29312,19548,53096,1.0
192cee21e785ef388e33ed78cbefb9c666b7ac9e,6673,314,0,0.0,7.5,178685,2532,17544,29309,19533,53091,1.0
676f5eb61032aa38f3273a581e6316d7fc264e0a,6667,314,0,0.0,7.5,178688,2532,17544,29318,19525,53118,1.0
d46f33132b80d01efd00509b2e5064271e4c0964,6667,314,0,0.0,7.5,178687,2532,17544,29316,19527,53118,1.0
0631e705def9e9e25df3d56d17407a5fd83a7846,6589,309,0,0.0,7.5,178307,2531,17486,29223,19508,52964,1.0
3eff57a7ca2d666cd0ea7b66e26dc9206f57fc45,6588,309,0,0.0,7.6,178384,2537,17510,29238,19486,52963,1.0
b4d72f9ef0394e1421834642e6f327c09199cbeb,6588,309,0,0.0,7.6,178383,2537,17510,29238,19486,52963,1.0
dcdfe5afa4b5c92e6f15327d4c798a5b632d4e69,6587,309,0,0.0,7.6,178369,2537,17508,29235,19485,52958,1.0
590a7e57669ac4ef1982313f413f6bf8091bcc0a,6587,309,0,0.0,7.6,178316,2535,17506,29228,19483,52958,1.0
6a994ac9a6882ac6a70ceea642c72085e14fc085,6603,308,0,0.0,7.2,177511,2529,17441,29141,19458,53263,1.0
90632e33b363f7646462145943c5824f12dbc419,6603,308,0,0.0,7.2,177509,2529,17440,29140,19458,53263,1.0
d19eaa1f5f80a2a2853d922524bbdd278e0613e9,6602,308,0,0.0,7.2,177505,2529,17440,29139,19456,53256,1.0
89aac3c2a4159701a02902777394dfa2ab328a68,6602,308,0,0.0,7.2,177466,2528,17439,29138,19456,53256,1.0
3440f39c10dc333dfb6e1703e0e2ee1350738557,6600,307,0,0.0,7.2,177362,2524,17426,29126,19421,53229,1.0
2e8dca636792f354f31661eca0d151e12a79cd4f,6606,307,0,0.0,7.2,177347,2524,17426,29121,19416,53239,1.0
026fb43b03d69b2bfd8784b16854bbe50730d5f5,6606,307,0,0.0,7.2,177347,2524,17426,29120,19416,53239,1.0
11fe5de97c9c7357e1e8c5c90155c7565fc2a6d0,6606,307,0,0.0,7.2,177343,2524,17426,29119,19415,53239,1.0
b7d60ce121479bffce1a416b5ce1b8b798fd2eec,6605,307,0,0.0,7.2,177287,2524,17421,29109,19413,53234,1.0
707836eb4eb8da1ffeeed3ede9b135178d6967c0,6605,307,0,0.0,7.2,177277,2524,17421,29109,19413,53234,1.0
b722a201e9b91b7023a09fb886cdf32ba5ad654e,6600,305,0,0.0,7.2,177061,2516,17391,29082,19345,53167,1.0
5b83a98692871bd6a36d739a7fcdd1a5b9d21f82,6600,305,0,0.0,7.2,177055,2516,17390,29083,19345,53167,1.0
c41362b1c94be002d460ce2b36db2be15e896260,6591,305,0,0.0,7.2,177044,2516,17390,29083,19345,53032,1.0
a4dcaf416c7177c5db3a86341569dd710afe3792,6567,291,0,0.0,7.1,176882,2516,17372,29060,19340,52668,1.0
8b470e518caafddcb7f876d3eb21a637079354ea,6567,291,0,0.0,7.1,176884,2516,17372,29060,19340,52668,1.0
e3213249cec4a464e5ee47218514fbb2ada828d4,6565,291,0,0.0,7.1,176825,2515,17363,29052,19337,52650,1.0
806850c8578a580296ce3dcbacbfde7ae8ecfa9a,6564,291,0,0.0,7.1,176684,2514,17354,29040,19328,52661,1.0
01874fc4e5fb39c8cc9040368b298cd80a4208b8,6565,291,0,0.0,7.1,176589,2512,17351,29033,19315,52649,1.0
7af0d771de640fb5daa53a0c891bc56961a218eb,6565,291,0,0.0,7.1,176588,2512,17351,29033,19315,52649,1.0
940c7da0f53a1ff65bb57cf78624f72cb9772eee,6565,291,0,0.0,7.1,176580,2512,17351,29030,19315,52649,1.0
02a366c64fd0642cef513c9451a94934122357e2,6565,291,0,0.0,7.1,176576,2512,17352,29036,19313,52647,1.0
e93b5191e1f6157f1cc4c8555e6a5437ff774cbc,6564,290,0,0.0,7.1,176553,2512,17351,29035,19312,52642,1.0
9ef015bd995558514ccc1c87df10cfc26b4fdb91,6570,290,0,0.0,7.1,176637,2515,17361,29047,19337,52687,1.0
aef74db40405e685f5f5b8a52e3c643f3cdd8158,6553,289,0,0.0,7.1,175178,2506,17184,28807,19221,52620,1.0
05dac97a3f291983c3a27ee2794a4496f6a1f828,6553,289,0,0.0,7.1,175177,2506,17184,28807,19221,52620,1.0
561184408e446d62347880668f64118b23dbd94b,6553,289,0,0.0,7.1,175186,2506,17186,28809,19221,52620,1.0
b260d45a69354ebba5c112ce7a54b2f58ffef75a,6548,289,0,0.0,7.1,175096,2505,17183,28800,19206,52565,1.0
09296792b225874b6949fdae04e3425f1f9b71a5,6548,289,0,0.0,7.1,175092,2505,17183,28799,19206,52565,1.0
bfcb046b188b27969f9b10746434d85bf82fb968,6539,287,0,0.0,7.1,174950,2503,17173,28788,19161,52539,1.0
0b067c628b6c9f7437aaaf9e71372d06953f4738,6539,287,0,0.0,7.1,174950,2503,17173,28788,19161,52539,1.0
e2d1ec03f560648c9b7b399046abbed46683eba1,6536,287,0,0.0,7.1,174882,2502,17167,28777,19161,52522,1.0
99256faf8f31bb80a45605442478f1b1b605c34a,6536,287,0,0.0,7.1,174882,2502,17167,28777,19161,52522,1.0
810c82456fcadcc7cdb39d063f71af7c12c14fa4,6536,287,0,0.0,7.1,174882,2502,17167,28777,19161,52522,1.0
0e5de864712d03df53e5b9fa75585b9ab46978bd,6536,287,0,0.0,7.1,174879,2502,17167,28777,19161,52522,1.0
6283eb44e1f35d91cc880b9090683677a53c2170,6532,287,0,0.0,7.1,174774,2502,17163,28755,19141,52488,1.0
23f19ce19c77c1dc738da845149f45dc3213e8ef,6532,287,0,0.0,7.1,174774,2502,17163,28755,19141,52488,1.0
bb6d62b858afaa6fc1d63d1ac0ed3ba3a2f024a9,6532,287,0,0.0,7.1,174774,2502,17163,28755,19141,52488,1.0
e7b41b2a3d54cb62133b9bb6bfe510a70de199c4,6532,287,0,0.0,7.1,174776,2502,17163,28755,19141,52488,1.0
83d94f2b43e66f1c14323acaca45c3c63533b8fd,6532,287,0,0.0,7.1,174768,2502,17163,28753,19141,52483,1.0
99b42d9550d1da5df119ad87ce7bfa55684116fa,6531,287,0,0.0,7.1,174764,2502,17163,28751,19141,52459,1.0
05dbea9329d1fdca61dc557b87de9c8d352b8c9b,6530,287,0,0.0,7.1,174761,2502,17163,28749,19141,52452,1.0
9279c786b16bddc28111532b5d7ebeed67a9874b,6530,287,0,0.0,7.1,174742,2502,17163,28749,19141,52456,1.0
dc6dc64b5335a3f3a36f2d99a73b2791078ee4b0,6529,287,0,0.0,7.1,174708,2502,17159,28743,19143,52441,1.0
7a5074875831fa83a41ca3f92f5668014b4d4689,6529,288,0,0.0,7.1,174710,2502,17159,28743,19143,52441,1.0
ed0c09413bb1f61b8a8da88940f94a02c5e6d00e,6524,288,0,0.0,7.1,174619,2500,17155,28736,19143,52436,1.0
2c737a4d87a42f0c97d3e627a5424034c2d2630b,6524,288,0,0.0,7.1,174567,2497,17152,28734,19141,52436,1.0
aa3fe7b74dfe282ab7c3b83b2fc5559d06c8f9b4,6525,288,0,0.0,7.1,174567,2497,17152,28734,19138,52441,1.0
4492e2f798aaba86108ff3e05ca2d0a7bd2ed3c2,6525,288,0,0.0,7.1,174562,2497,17152,28734,19138,52441,1.0
84d6bb74b3f876800aa85a83969d5040a8698292,6525,288,0,0.0,7.1,174560,2497,17152,28734,19138,52441,1.0
532ce72f8377abf8ff659430b86e0919c9aff562,6525,288,0,0.0,7.1,174559,2497,17152,28734,19138,52441,1.0
441c4531879c8c06d03d1331e630063d3a41b2e4,6525,288,0,0.0,7.1,174559,2497,17152,28734,19138,52441,1.0
0495567b00ef1349f452928e6fdf926e429c1432,6525,288,0,0.0,7.1,174559,2497,17152,28734,19138,52441,1.0
f64d2b26d82d1814da1a66f6247a413dfc572cbd,6525,288,0,0.0,7.1,174559,2497,17152,28734,19138,52441,1.0
8ca6acb7278b0eaa9433081b3a2ac149822863d2,6525,288,0,0.0,7.1,174559,2497,17152,28734,19138,52441,1.0
39292a0fd7172c50618cbff2bd894e2816881cb3,6532,288,0,0.0,7.1,174546,2497,17152,28731,19134,52480,1.0
10609c3f258d77f686df66a20bc782333ff9948e,6532,288,0,0.0,7.1,174546,2497,17152,28731,19134,52480,1.0
9da98572a0190a32ca3b53591a58539127c9265e,6535,288,0,0.0,7.1,174504,2497,17150,28721,19139,52515,1.0
c263172437c7f7e01ede12d584f83bb6344e8a3a,6535,288,0,0.0,7.1,174503,2497,17150,28721,19139,52515,1.0
01f2261bad9c2b891084f3e681a36fb0ee9785be,6537,288,0,0.0,7.1,174401,2496,17146,28708,19130,52541,1.0
897687f1f7163e34501fab23871c18410dc15dd3,6537,288,0,0.0,7.1,174401,2496,17146,28708,19130,52541,1.0
6d56c2eb630fbe82541a6ebe83b79a8ff307d299,6537,288,0,0.0,7.1,174395,2496,17146,28709,19129,52541,1.0
108f9d57459c148d66fd291a071a3a78ae4439c0,6538,288,0,0.0,7.1,174393,2496,17146,28708,19129,52546,1.0
f488cb3a10093ac2c361ac6de696201e0e8a30af,6538,289,0,0.0,7.1,174392,2496,17145,28708,19128,52546,1.0
d93db7aa388dac3fe2a4a1411c182fc2f49d6678,6538,288,0,0.0,7.1,174393,2496,17146,28708,19129,52546,1.0
9a0dc62aa2266378aff7a0a7337b92c7abcc9d07,6538,289,0,0.0,7.1,174395,2496,17146,28709,19128,52546,1.0
7985d476ca956a5e80d09acbd0e8c91304af21ed,6538,289,0,0.0,7.1,174393,2496,17145,28708,19129,52546,1.0
b04c6992b186858ddea6c3b017ff0c53dd2d59c8,6538,289,0,0.0,7.1,174393,2496,17145,28708,19128,52546,1.0
2b00a9287eac4edde7134901df76d933f11fdb53,6538,289,0,0.0,7.1,174392,2496,17145,28708,19128,52546,1.0
b78cfec47c2a6f057cd4fe637112128b1d0a20a8,6538,289,0,0.0,7.1,174392,2496,17145,28708,19128,52546,1.0
9bccd5cfdd131e77c69cb2d45e970ffb10cf6c3c,6538,289,0,0.0,7.1,174397,2496,17145,28709,19128,52547,1.0
01654563d6362c547f213d70ba4af885d061dd51,6538,289,0,0.0,7.1,174221,2493,17126,28690,19122,52547,1.0
ca3b1730432dec2874e0136830d34e40d1cb085e,6541,288,0,0.0,7.1,174150,2491,17115,28678,19116,52602,1.0
0db6fe237933405992ec4f6a51fb6b88fcb007cb,6540,288,0,0.0,7.1,174150,2491,17115,28678,19116,52597,1.0
33e46df33069e5f103a8f919c9b9824647150a4e,6536,288,0,0.0,7.1,174148,2491,17115,28677,19114,52586,1.0
2a0c981d2091fa0fa0a490ef71575b1bab391d78,6537,288,0,0.0,7.1,174143,2491,17115,28677,19114,52596,1.0
82f5665684be51b03e08163a6daa4f5b9d24354d,6537,288,0,0.0,7.1,174139,2491,17114,28676,19114,52596,1.0
83d020cdc0052689538130a89d647f1f0aa8a433,6536,288,0,0.0,7.1,174145,2491,17117,28679,19117,52591,1.0
a39fffebe56291ce154c3011faf572e1678d6841,6540,283,0,0.0,7.1,174072,2491,17117,28672,19116,52586,1.0
44f2f6b0d7de00c2b892d150e6ef97010847f643,6539,283,0,0.0,7.1,174036,2490,17113,28662,19111,52581,1.0
84803247e4435030dec8a72295348d25e855cbdf,6535,284,0,0.0,7.1,173992,2489,17110,28651,19103,52552,1.0
efc73a2e246d9977c83b318258447a0ebadffdf7,6535,284,0,0.0,7.1,173987,2489,17110,28652,19103,52552,1.0
96680ddb4a74324ecd449393b9a2a0b3526cb3a3,6535,283,0,0.0,7.1,173972,2489,17109,28648,19106,52552,1.0
f00464324398a401afa4f1cc9628224d970a1983,6530,283,0,0.0,7.1,173758,2489,17097,28594,19103,52496,1.0
3d3f974feb192368ae03e7d2cda07cff6260cf7d,6530,283,0,0.0,7.1,173754,2489,17098,28594,19101,52496,1.0
541ea63659b5ffff8a63b9984ab9b7032844b6a6,6528,283,0,0.0,7.1,173751,2489,17097,28593,19101,52486,1.0
2bca144bfb4312f3e414c5551c233c4f93645fe6,6528,283,0,0.0,7.1,173751,2489,17097,28593,19101,52486,1.0
4a5ec3e55490e9be734e16f9220d0488bee2761b,6528,283,0,0.0,7.1,173751,2489,17097,28593,19101,52486,1.0
15232b0557b3cd630cbe913e8b56669f625ddef3,6519,283,0,0.0,7.1,173626,2488,17091,28562,19092,52414,1.0
358bee2b0295bd358e312c014146c95fe287d770,6519,283,0,0.0,7.1,173626,2488,17091,28562,19092,52414,1.0
7081b5d48185b045d5d548f21fe9faa0397e425d,6519,283,0,0.0,7.1,173626,2488,17091,28562,19092,52414,1.0
6ad579fbf3c4fb04bc6d6d5503a58bf2428bce85,6519,283,0,0.0,7.1,173626,2488,17091,28562,19092,52414,1.0
16b3d42c7aa4694b365c0d1bf57c8c712a32965e,6519,283,0,0.0,7.1,173623,2488,17091,28561,19092,52414,1.0
b6af8bf256b54aaf0db8bb5f9cf25d9fdc750993,6519,283,0,0.0,7.1,173623,2488,17091,28561,19092,52414,1.0
203fc024759851e6ad064602efc9a816e23925f0,6519,283,0,0.0,7.1,173619,2488,17091,28560,19092,52409,1.0
c9f39646c3cd6a7a427775e28047bd8c42a76cc6,6521,283,0,0.0,7.1,173638,2488,17091,28566,19090,52442,1.0
a09b7f1676ab2830dbfbbe1cba3f29164b65cb6b,6521,283,0,0.0,7.1,173638,2488,17091,28566,19091,52442,1.0
6a497e50cafc7d7a3efc8220c2c46b88618153ae,6520,283,0,0.0,7.1,173626,2488,17091,28564,19091,52410,1.0
bf5e72e619c3a99eb343b3e8ea65b23f08bdec7f,6520,283,0,0.0,7.1,173626,2488,17091,28564,19091,52410,1.0
4e73f0d8a5cdd8702d7d8b9152639cb7f4555b10,6520,283,0,0.0,7.1,173626,2488,17091,28564,19091,52410,1.0
66d47d7291df63f05f7788cda094afa84e29466a,6520,283,0,0.0,7.1,173625,2488,17091,28564,19091,52410,1.0
ee8b1ea480541455e9542936a86d4a06cfaa81a6,6521,283,0,0.0,7.1,173625,2488,17091,28564,19090,52420,1.0
b1da37a5873b19dc3d3f0ee25665e534b00513bc,6521,283,0,0.0,7.1,173625,2488,17091,28564,19090,52420,1.0
236a45694e9a1925e0a57f42686996f6fbf4c694,6521,283,0,0.0,7.1,173625,2488,17091,28564,19090,52420,1.0
6683f58488234465515a5f3302adb191c4340972,6521,283,0,0.0,7.1,173625,2488,17091,28564,19090,52420,1.0
f7cfe6e77820c115bf923b7dea1a338d7ef6ebea,6521,283,0,0.0,7.1,173625,2488,17091,28564,19090,52420,1.0
3163790d013d82d76339b465385023b0a7f0c3a2,6521,283,0,0.0,7.1,173625,2488,17091,28564,19090,52420,1.0
b3c66f4e1284f5d09328c1aa0fb1862f39cf9ebc,6522,283,0,0.0,7.1,173625,2488,17091,28564,19090,52422,1.0
6e9dbe9b4314e5e8963703219b2f78c3bfabf2b7,6522,282,0,0.0,7.1,173508,2488,17078,28541,19081,52427,1.0
4844effcb60c0682511bc8ca55d0503313f93057,6522,282,0,0.0,7.1,173423,2488,17078,28541,19081,52427,1.0
88416348314c71d4f8764b1e5c4ddc59dca35db0,6524,282,0,0.0,7.1,173318,2486,17072,28521,19065,52400,1.0
bdb2d318386f86de7df54c7e496fe4148691c2df,6524,282,0,0.0,7.1,173277,2486,17068,28513,19065,52395,1.0
f07640fc7455726c841b009492dc5edf5f11c6d1,6525,282,0,0.0,7.1,173234,2486,17065,28505,19056,52388,1.0
c1e3a01d8c0371e8338c7452bc85358f6039bd20,6527,282,0,0.0,7.1,173233,2486,17065,28505,19056,52408,1.0
0e66de1c61886c637e5ca11c1b0433bb1c25d05d,6523,282,0,0.0,7.1,173040,2485,17048,28467,18984,52341,1.0
724ec8b5547467b80c025cf04b3a52408a64ba49,6523,282,0,0.0,7.1,173040,2485,17048,28467,18984,52341,1.0
db41d2a5f4cebe1ebc88edd6c2e42ecd446a784d,6528,282,0,0.0,7.1,172995,2484,17048,28467,18984,52371,1.0
87bc352bc36eb80cca317c9b2f9a1e342f042cb9,6532,281,0,0.0,7.1,172656,2481,16990,28402,18982,52356,1.0
175b57ce539f0001b90aa588628f97de446f64f4,6536,286,0,0.0,7.0,173544,2517,17097,28538,19273,52335,1.0
f0ee73e76fadb55c0c438fa278c84b45602a9725,6550,287,0,0.0,7.1,174183,2513,17205,28701,19342,52372,1.0
c0269b6e6d917230237f438a060bc0882965e31b,6550,287,0,0.0,7.1,174186,2513,17206,28702,19342,52372,1.0
e1892217088c6ea718486d8ae3b7c811d77bfcaf,6550,287,0,0.0,7.1,174173,2513,17205,28697,19341,52372,1.0
d0454fdbef0b7724cf5747a276f292eb14c8ab05,6572,283,0,0.0,7.1,173875,2511,17202,28696,19326,52551,1.0
3cb9ac6564bf85987773b988b2f192befe415d5f,6574,283,0,0.0,7.1,173834,2510,17199,28695,19318,52554,1.0
b7b17988325003dbc6730314b78b416583aab816,6484,283,0,0.0,7.1,172374,2510,17088,28515,18960,51129,1.0
d2dac892049496432e0cf978d5e75131822a88cb,6484,283,0,0.0,7.1,172369,2510,17088,28515,18960,51129,1.0
f53d8a53d74b44e7907bd1fb4055117577548c54,6484,283,0,0.0,7.1,172369,2510,17088,28514,18960,51129,1.0
d75d3a0bd12a47f02fbf87e49460e3b9a13ac710,6485,283,0,0.0,7.1,172273,2509,17086,28508,19034,51134,1.0
0dc86124159d3d6bca9b5aa7b9dc0cf5de1e779e,6462,282,0,0.0,7.1,171904,2504,17070,28481,19030,51038,1.0
259dff2d04d91223d7db8fbae7cff543b830a38c,6462,282,0,0.0,7.1,171900,2504,17070,28480,19030,51038,1.0
d5b46c3e6561b1c42d8f146f03e388342d9d787d,6462,282,0,0.0,7.1,171902,2504,17070,28480,19030,51038,1.0
ebedc1d95c0d9352fd75e4a41c8053873f4b3896,6463,282,0,0.0,7.1,171898,2504,17067,28473,19025,51043,1.0
ee4d90910a7bc2210eb1b9c06629ccff6b0840c1,6465,283,0,0.0,7.1,171942,2504,17065,28487,19028,51051,1.0
8bc9257f4e09b2937e21842b90984dfcaefe97b6,6466,283,0,0.0,7.1,171925,2504,17062,28485,19010,51065,1.0
4ea0a09846fa74b7b1a6a1a548f31859a2cddcc8,6455,283,0,0.0,7.1,171831,2497,17055,28474,19007,50986,1.0
e4a8ca1c34b907e3fdf3045faa22f56efd8b8896,6353,282,0,0.0,7.3,168977,2460,16866,28092,19011,49799,1.0
67e2cf7bd5cded5b6580041f9be046bdfcd7f225,6353,282,0,0.0,7.3,168971,2460,16866,28091,19011,49799,1.0
ca2e3516600b8b0ab2f0ab50994100c16394346f,6353,282,0,0.0,7.3,168941,2460,16866,28091,19010,49799,1.0
537755bf1b092f3aa196119269458c92ec05e89c,6352,282,0,0.0,7.3,168888,2459,16863,28088,19010,49769,1.0
0fa05b8982ae39c459dcda119dacd171eeaea194,6345,282,0,0.0,7.3,168712,2457,16840,28063,19005,49679,1.0
04f10d3dd3311e08ba8eea755872cf2a98faca7e,6340,282,0,0.0,7.3,168530,2455,16816,28036,19005,49652,1.0
dc54172eb8ea7de54a1dfad794ef027218f06366,6340,283,0,0.0,7.3,168542,2455,16818,28038,19005,49652,1.0
7dd5524733a10d03e738ba29fa596d3145f72103,6340,283,0,0.0,7.3,168539,2455,16818,28037,19005,49652,1.0
a7fb614c13fe18af5fda8c8bebd543a831c0c72c,6340,283,0,0.0,7.3,168465,2454,16810,28028,19004,49652,1.0
845003f500fa3bb0ac3f1bf41ee4d55b71720fa8,6337,283,0,0.0,7.3,168402,2454,16806,28022,18997,49583,1.0
3a8f44eb380077eb34132fa4238e1dd36fa28213,6307,273,0,0.0,7.3,168325,2454,16803,28011,18999,49061,1.0
30b311a0c372ef5b835827711b38b91c0a27852a,6307,273,0,0.0,7.3,168323,2454,16803,28011,18999,49061,1.0
5977a2d455e8cfc318d893fc52b115bd537e92c6,6306,273,0,0.0,7.3,168320,2454,16803,28011,18999,49016,1.0
48ba293ef3c0add4b0048f95731ecd08917f1f18,6306,273,0,0.0,7.3,168320,2454,16803,28011,18999,49016,1.0
97aec3671e4829c07b6a7c7e91436e4818321e04,6298,271,0,0.0,7.3,168281,2454,16801,28008,18997,48886,1.0
5eedd4970adeb4de00c0d3253fe363870ce17201,6299,271,0,0.0,7.3,168278,2454,16801,28008,18997,48901,1.0
63d319b60ec8962e7f82df77405866309c42da41,6302,271,0,0.0,7.3,168276,2454,16801,28008,18997,48918,1.0
4bfeeb2b47284ae04f1fe340ac4c29c096dfb260,6280,270,0,0.0,7.3,167837,2451,16780,27919,18989,48781,1.0
3531a7d681da5574f31609beeb2ed288af7aaebc,6280,270,0,0.0,7.3,167837,2451,16780,27919,18989,48781,1.0
7c8b658e40b4d81ef00d6b7237330f9e4e00984a,6280,270,0,0.0,7.3,167819,2451,16778,27914,19010,48781,1.0
a08aabf69a08e70cdd241c178b5426621e1d60a7,6302,270,0,0.0,7.3,166947,2440,16671,27741,18952,49269,1.0
322fb9724eef64088a9936ef143858064a064c83,6302,270,0,0.0,7.3,166947,2440,16671,27741,18952,49269,1.0
152455e99e9be5c01f02b66eaaa97ac475f44909,6300,270,0,0.0,7.3,166941,2440,16670,27738,18952,49265,1.0
8a4a6b52e933747b9c67ad3751a16520684018b4,6300,270,0,0.0,7.3,166937,2440,16669,27737,18952,49265,1.0
4bb228a0840f2893e50e343f7e0932e4aea6805b,6300,270,0,0.0,7.3,166912,2440,16665,27731,18952,49265,1.0
60c55b83bc27282dabb93a31ccb3e35e29ae087e,6300,270,0,0.0,7.3,166912,2440,16665,27731,18952,49265,1.0
ea0506aa65f230ba805b482370eee6a871f04b13,6300,270,0,0.0,7.3,166914,2440,16665,27731,18952,49265,1.0
ca0b9828667dc981986b1235bc4e032f8cd46171,6267,270,0,0.0,7.3,166485,2437,16580,27635,18828,48966,1.0
3a3d0ef50ee0939dbf5cd6ddb4b0aeb789b329af,6270,270,0,0.0,7.3,166370,2436,16567,27621,18827,49006,1.0
175d85f96161b32b50077fd61d8f32c0a587f0c7,6270,270,0,0.0,7.3,166370,2436,16567,27621,18827,49006,1.0
1899389d6f36be344cd202b42069667cb6488db9,6125,264,0,0.0,7.3,163951,2397,16398,27399,18299,48354,1.0
5f52fab4fdf64c105ad8f09b8193837f251b0629,6125,264,0,0.0,7.3,163947,2397,16398,27399,18299,48354,1.0
6cfeb48ae30d89a52d370fa7ab2c82f03fc27aa7,6127,264,0,0.0,7.3,163961,2397,16398,27405,18299,48379,1.0
bff9daa77c88fa1914f50edb068e448c263fa64a,6111,264,0,0.0,7.3,163802,2396,16374,27376,18291,48202,1.0
18eb598dd32c4a17e3375c8ffcf9e2ceec69e61e,6111,264,0,0.0,7.3,163806,2396,16374,27377,18291,48202,1.0
1da8c5cfa6f7555a225f1f95a188fc1281368238,6111,264,0,0.0,7.3,163806,2396,16374,27376,18291,48202,1.0
55dd749dd1a641e700179157d3b3ea0584580dd8,6101,264,0,0.0,7.3,163681,2395,16369,27335,18267,48124,1.0
979eaec15d8c3393dc4981ba8f0f093066e1d974,6116,264,0,0.0,7.3,163984,2403,16412,27374,18374,48286,1.0
b9bca6a089cc24fbecd49e03f820f9f7e1e8eb82,6118,264,0,0.0,7.3,163983,2403,16412,27374,18370,48292,1.0
ea933320e1403526edbc8fa33901f9c85369ff52,6118,264,0,0.0,7.3,163981,2403,16411,27373,18370,48292,1.0
1a267528a010afb5c94c146c1cd98f7d17e865f1,6092,264,0,0.0,7.4,163243,2397,16352,27229,18264,47994,1.0
78ffad2cdb1611896148139df8e98584dcc98a3a,6090,264,0,0.0,7.4,163102,2394,16335,27198,18240,48050,1.0
e93338749a584dca1a98da9efe828e63b321dd7d,6089,264,0,0.0,7.4,163092,2394,16335,27192,18240,48038,1.0
0a5a709c68ca8d445ae5ce1f95e6d4b70eb5839c,6086,265,0,0.0,7.4,162401,2381,16234,27070,18224,48013,1.0
303a5aff45e38249c00603a3aebad1b04489f648,6085,265,0,0.0,7.4,162394,2381,16234,27067,18224,48005,1.0
8e5eac1acff7fa987dd3a2b4dfaaa5137b673f1d,6085,265,0,0.0,7.4,162377,2381,16233,27060,18224,47995,1.0
d1c043f57b4980d93439e63ce2075d62f0c4d8a8,6087,265,0,0.0,7.4,162358,2382,16234,27053,18224,48017,1.0
31563eafb746681ee75436e0c45e412b054fda0b,6080,265,0,0.0,7.4,162330,2382,16234,27047,18221,47906,1.0
be54ec206a06824eb61af7349d10b156c6dddc5e,6080,265,0,0.0,7.4,162330,2382,16234,27047,18221,47906,1.0
22f531008499884b2a1246083ca9fe3c3b132a45,6083,265,0,0.0,7.4,162400,2381,16237,27071,18222,47932,1.0
453e0ca541911775d307b50fa0e5215e6ee144be,6039,263,0,0.0,7.5,158762,2312,16001,26743,17744,47677,1.0
057189e231d6dd32d4523dfa48ea800349a5b5cd,6037,262,0,0.0,7.5,158700,2311,15997,26725,17736,47677,1.0
376443af053254e6bf4ebd497d661952f01e2aef,6037,261,0,0.0,7.5,158700,2311,15997,26725,17736,47677,1.0
f2176cd9a1d1ed34bb902ca96cd3af84ba904b47,6037,261,0,0.0,7.5,158698,2311,15997,26724,17736,47677,1.0
401ac959a9ad42777528ea173ce34559393329a7,6033,261,0,0.0,7.5,158693,2311,15997,26722,17736,47647,1.0
f6b5a3a78b88d2c4d09b448924dbe4c14a9eddc9,6033,261,0,0.0,7.5,158687,2311,15996,26720,17736,47644,1.0
07d5286fe859859fa92746c17af3f19fd3ded650,6033,261,0,0.0,7.5,158686,2311,15996,26720,17736,47644,1.0
c3e432c298b53ec7597bda47c744da0a8efcb82a,6033,261,0,0.0,7.5,158686,2311,15996,26720,17736,47644,1.0
68fdea818c28129b30e85332c588035c61e2a92d,6033,261,0,0.0,7.5,158686,2311,15996,26720,17736,47644,1.0
3a3ef2c60ed9b6319c5c5ae99d72375870405903,6035,261,0,0.0,7.5,158685,2311,15996,26720,17744,47654,1.0
a6337a67a24f5e07abd889dadf744d707d28236b,6030,261,0,0.0,7.5,158686,2311,15996,26719,17742,47629,1.0
9b0e30c7e2554df420ff00f568f2d8d950af4afd,6028,261,0,0.0,7.5,158687,2311,15996,26719,17738,47618,1.0
a812a7a9bf9cbe5c154dca61e899823f16936476,6029,261,0,0.0,7.5,158691,2311,15996,26721,17739,47618,1.0
954e20f74f8effa74909d4dca7aa8039a27b59c4,6029,261,0,0.0,7.5,158642,2311,15996,26721,17739,47618,1.0
70a92457159e1b27bb7ee367118b7e32e20eb05c,6029,261,0,0.0,7.5,158641,2311,15996,26721,17739,47618,1.0
552112ed0157a0360f1499e7b04152047b350472,6034,261,0,0.0,7.5,157808,2309,15950,26558,17645,47310,1.0
d541548d15810e97319560a533b90f9eb2d507d8,6022,260,0,0.0,7.5,157674,2308,15936,26535,17595,47233,1.0
489f4884b73f113e2459810e4dbdb4f8ea543d78,6034,261,0,0.0,7.5,157808,2309,15950,26558,17645,47310,1.0
631aedc5c5cecf8889b9bb945c8cffe57f79d6b0,6022,260,0,0.0,7.5,157674,2308,15936,26535,17595,47233,1.0
5af400401d3da9d483557480f8dbe9966c309147,5872,260,0,0.0,7.2,154623,2254,15708,26175,17511,45981,1.0
e9d5211974e855c58a0538a76e16328c84350364,5872,260,0,0.0,7.2,154619,2254,15708,26174,17511,45981,1.0
0298ec0fd3eacd991c00cd1c4f3239d7e573437d,5872,260,0,0.0,7.2,154616,2254,15708,26173,17511,45981,1.0
2e7151e17f1d74580bcf9ddae34040e802461015,5872,260,0,0.0,7.2,154614,2254,15711,26174,17511,45981,1.0
0df1fdc316f11378abd3ff1bede9c978e70184ed,5873,260,0,0.0,7.2,154563,2254,15711,26163,17512,45981,1.0
e0cba81952bc96cb0994552cd0cfc8e50296fca9,5873,260,0,0.0,7.2,154546,2254,15711,26161,17512,45979,1.0
8c24a48d56ad5011ad596b7e27606bf680909b2b,5873,260,0,0.0,7.2,154546,2254,15711,26161,17512,45979,1.0
f6a24f770ae9be1d89a6fafcc2f096df77d33138,5873,260,0,0.0,7.2,154530,2254,15710,26159,17511,45977,1.0
346cd716d3672d8a192ca1002a6ac596f9e9070d,5873,260,0,0.0,7.2,154519,2254,15710,26154,17511,45971,1.0
2c51f683a8537f0408c1b297a8f8758d83ff1475,5873,260,0,0.0,7.2,154517,2254,15710,26154,17511,45971,1.0
3318ba26374d57468b421d9c5d45aad79b18f149,5873,260,0,0.0,7.2,154521,2254,15710,26154,17511,45971,1.0
bb1a40035252740a6f24c936926a60685b550179,5872,260,0,0.0,7.2,154505,2254,15709,26151,17511,45966,1.0
decb8076c21e6f1eca7e199bd091fc78bd5eb08b,5874,260,0,0.0,7.2,154483,2254,15709,26150,17510,45973,1.0
445cc826420adc1af9ccacd4a32e7ce4c2b36c72,5872,260,0,0.0,7.2,154477,2254,15709,26148,17508,45966,1.0
0a8747a678fcff10582644f21afd6441a8bcfda1,5872,260,0,0.0,7.2,154477,2254,15709,26148,17508,45966,1.0
adcd2df4ee5e4c3eb1889646f092582e4ff10099,5872,260,0,0.0,7.2,154468,2254,15708,26146,17508,45965,1.0
d80c45b086cca14f3fcf9dff72e0edfc9edd6659,5872,260,0,0.0,7.2,154448,2254,15708,26140,17508,45965,1.0
aeed39e71f1d7f2d3dec13ee425d261c91d930c3,5872,260,0,0.0,7.2,154441,2254,15708,26138,17507,45962,1.0
7fe4b6ca5d32159d349fa8b82c04b90d69c55950,5872,260,0,0.0,7.2,154442,2254,15708,26138,17507,45962,1.0
50786a20e4c345cbea8b0e7d5e9b4d7493c49381,5872,260,0,0.0,7.2,154440,2254,15708,26138,17507,45962,1.0
ca6ed673418919edf3ee9823b34d9409e4109c70,5870,259,0,0.0,7.2,154260,2254,15698,26123,17500,45882,1.0
cb18339a7d15170ea8f687ce5f9816e19a543915,5873,259,0,0.0,7.2,154178,2254,15704,26125,17498,45928,1.0
42cff01906798b37413efba4c1fae06a218ad59a,5873,259,0,0.0,7.2,154178,2254,15704,26125,17498,45928,1.0
c132438c01dba18d6d0479b591b29753bbe4d204,5868,259,0,0.0,7.2,154172,2254,15703,26125,17495,45888,1.0
f847a4387f6ca33edf0920b1d7b1458db226570e,5868,259,0,0.0,7.2,154163,2254,15701,26123,17495,45888,1.0
cf78a56962aeec923348909ffccf3e056427d10c,5870,259,0,0.0,7.2,154274,2254,15708,26151,17492,45907,1.0
affbd638e6c39653fe3fd3893e55697123775917,5870,259,0,0.0,7.2,154274,2254,15708,26151,17492,45907,1.0
f844eb14ac9a6c94ec15d7b7e0bc118e91e99bcc,5870,259,0,0.0,7.2,154274,2254,15708,26151,17492,45907,1.0
cdac24856b85deba54c73570ce577703e07e34e3,5870,259,0,0.0,7.2,154273,2254,15708,26151,17492,45907,1.0
a38471d173287bb8e3e62d46e758f9696d4839fa,5864,259,0,0.0,7.2,154277,2254,15708,26151,17492,45837,1.0
6f45173906a450679bb2cab4283cd06bdf7cddcc,5864,259,0,0.0,7.2,154280,2254,15708,26151,17492,45837,1.0
1ab487e487c9117ecbcae292710471b550934f84,5864,259,0,0.0,7.2,154280,2254,15708,26151,17492,45837,1.0
84ea62993d8e47728288eb935a472bedabeda4b5,5864,259,0,0.0,7.2,154281,2254,15708,26151,17492,45837,1.0
445cde0f1b0f7503b1031db884f96fdec3f69a47,5802,257,0,0.0,7.2,151324,2208,15461,25669,17388,45383,1.0
b0043c3f5d5aa8eb4b41ea8d4f6db36255a52ef1,5783,255,0,0.0,7.3,150321,2187,15344,25502,17309,45289,1.0
09ba93e937c952af6897e482446ee9793e1e5f75,5806,257,0,0.0,7.2,151328,2208,15461,25670,17388,45420,1.0
33e39a137938a3e47de6b0a427b79763ae6a462d,5788,255,0,0.0,7.3,150327,2187,15344,25503,17309,45331,1.0
97ac9720193626152711278eb5e4dfc7a1a3fe2f,5787,255,0,0.0,7.3,150325,2187,15344,25503,17309,45326,1.0
f918f8d6fe903a5874fa1c25e6308888958c5002,5787,255,0,0.0,7.3,150320,2187,15342,25500,17309,45326,1.0
43e5edaefec52df4653f0af4cb034165fdac4b3d,5636,254,0,0.0,7.3,148355,2155,15187,25252,17149,44663,1.0
829c0df27368640122bd6455567fa4d766ba39f8,5787,255,0,0.0,7.3,150323,2188,15342,25500,17309,45326,1.0
7580232b4a1f2a487965ba2b9ba6594e1f5e3a46,5636,254,0,0.0,7.3,148358,2156,15187,25252,17149,44663,1.0
c4815f56025411512aa49d3e06388bc8f1cf23ba,5633,253,0,0.0,7.3,148267,2156,15174,25233,17150,44639,1.0
9351a415e22ef9ec580f06987616cb101b96f350,5628,254,0,0.0,7.3,148107,2155,15176,25213,17134,44552,1.0
436cf1379b2297aec69caea91326dc397c1fd4da,5609,253,0,0.0,7.3,147347,2149,15068,25065,17107,44373,1.0
550e800fe446a3db7fc7a9406760fd5a05cdb064,5599,253,0,0.0,7.3,147227,2143,15053,25039,17107,44243,1.0
ad1383f99276f05190fb9e34a75abce02d747b03,5600,253,0,0.0,7.3,147234,2143,15053,25041,17099,44244,1.0
fd7597a879fe5ecf21bb951e3e413a62321f0dee,5600,253,0,0.0,7.3,147233,2143,15053,25041,17099,44244,1.0
8b4740e0646540519d121eeb332a4a9ca855df7f,5600,253,0,0.0,7.3,147233,2143,15053,25041,17099,44244,1.0
47ec6598b880a50a8c750e31152f5ef5cfb9b12f,5600,253,0,0.0,7.3,147233,2143,15053,25041,17099,44244,1.0
7ad1574c2c28a036cd980b52d274d20d59ef3f92,5600,253,0,0.0,7.3,147234,2143,15053,25041,17099,44244,1.0
f8f752a9242fbd5b6fd2ea4174894a4bb47af06c,5598,253,0,0.0,7.3,147266,2144,15058,25046,17101,44229,1.0
a2b9e0c4c580eb51283faf71294beacbba70ebbf,5598,253,0,0.0,7.3,147258,2144,15058,25044,17101,44229,1.0
ccab28db827720ba4fa56a2bb0386b979d782ee8,5598,253,0,0.0,7.3,147258,2144,15058,25044,17101,44229,1.0
18fef9b4c0bbd85e6e5ab937de939849b5673ce7,5598,253,0,0.0,7.3,147258,2144,15058,25044,17101,44229,1.0
712a127549d4ae25d80dac9f3d5880968be6e382,5599,253,0,0.0,7.3,147272,2144,15058,25048,17102,44251,1.0
bcc9513934412681e5fd5567d950286c0068e0e8,5598,253,0,0.0,7.3,147215,2144,15050,25034,17102,44249,1.0
d8fc808425c4f1db028c4fdab45d7082a957d760,5592,253,0,0.0,7.3,147185,2144,15050,25025,17102,44194,1.0
81890a85fa9b7f8ac02dc93072697c8f704970e9,5592,253,0,0.0,7.3,147204,2144,15050,25029,17107,44201,1.0
505a58d0e590c2fabbe9a8f04d46f80300a191c9,5557,250,0,0.0,7.4,145378,2123,14826,24638,17001,44255,1.0
deb97c3c8b401af7c4fd32e1b938e612b803c513,5558,250,0,0.0,7.4,145353,2123,14823,24631,17001,44285,1.0
7054f62fafc9f2f5bdf92fcbdfe0fe1188debc62,5558,250,0,0.0,7.4,145351,2123,14823,24631,17001,44285,1.0
facc14e734169fcb24d0212160e38e1edfdc2c65,5558,250,0,0.0,7.4,145350,2123,14823,24631,17001,44285,1.0
4ecb11b5435080a41bed82aacb550ee681eca82b,5558,250,0,0.0,7.4,145340,2123,14823,24628,17001,44285,1.0
0fa09cc34fbaf082da334525733debd3affc82c8,5559,250,0,0.0,7.4,145334,2123,14823,24628,17001,44290,1.0
69c80f631f474110032f035ddf459eab31e11bad,5559,250,0,0.0,7.4,145331,2123,14823,24628,17001,44290,1.0
b598c228424401d82552407e8ff830b58b63bccc,5558,250,0,0.0,7.4,145324,2123,14823,24627,17000,44283,1.0
62f0902ef295f3802efe89bf68097bb0180cecf8,5558,250,0,0.0,7.4,145324,2123,14823,24628,17000,44283,1.0
03abe135dc74cfb1e2a0be5058da0668e4dfd6ac,5558,250,0,0.0,7.4,145323,2123,14823,24628,17000,44283,1.0
ca2d24f49e976ff321e649d8a9c1bcb36fd94bda,5558,250,0,0.0,7.4,145323,2123,14823,24627,17000,44283,1.0
530ea1a50a8da0d88cf767160e897c1d34684231,5558,250,0,0.0,7.4,145323,2123,14823,24627,17000,44283,1.0
94ba6e2f8f83fdf76e32c5054f3b5c22634b3914,5558,250,0,0.0,7.4,145323,2123,14823,24627,17000,44283,1.0
27052382d7bcc34f71830519e47d35042a42190f,5556,250,0,0.0,7.4,145312,2123,14821,24623,16998,44283,1.0
cc52e6cefc9cf3632cacc90da4941b6bab88bacd,5556,250,0,0.0,7.4,145312,2123,14821,24623,16998,44283,1.0
846cc2a2b6776a93d2d0ff51c6f6b14425106281,5556,250,0,0.0,7.4,145312,2123,14821,24623,16998,44283,1.0
585694e3cf4e76a778390dd73e2673585aa29d03,5556,250,0,0.0,7.4,145309,2123,14820,24622,16998,44287,1.0
26b916951d501e3af0e16cf9bcf9b9bb0ae0df54,5557,250,0,0.0,7.4,145291,2123,14820,24615,16998,44292,1.0
23f242293f3292a6c521eea2012bd2556a915a33,5555,250,0,0.0,7.4,145291,2123,14820,24613,16998,44288,1.0
f8df0cbf5997464b6383143ea0d4e88d776154d8,5551,250,0,0.0,7.4,145198,2122,14802,24590,16991,44271,1.0
924ee551fb2f8d14fe56d210adba1f8e4a72b106,5554,249,0,0.0,7.4,145089,2121,14791,24571,16993,44287,1.0
1693df214b1aefeac05ffeb834460bceac0fa3b4,5554,249,0,0.0,7.4,145088,2121,14791,24571,16993,44287,1.0
e98a89338780ee63e2974d374a3e83b1221fe5a2,5556,249,0,0.0,7.4,145090,2121,14792,24571,16993,44302,1.0
c8e043a85b2f64eb3a1cdb0d9bf6ba91894caa1e,5556,249,0,0.0,7.4,145095,2121,14793,24572,16993,44302,1.0
4808d7bff327513d2a7fcb354d8b367973463d2d,5556,249,0,0.0,7.4,145073,2121,14792,24565,16993,44302,1.0
b1cf4f0dd4554739c56394a5ec466a13cadfd900,5552,249,0,0.0,7.4,145060,2121,14789,24561,16990,44287,1.0
4d7efaa0d5761f8541e5e4f61d693342d452dd7a,5553,249,0,0.0,7.4,145056,2121,14789,24561,16990,44292,1.0
ef973d239abdcd1fff0e12863ab1f06388a74442,5553,249,0,0.0,7.4,145044,2121,14785,24558,16990,44292,1.0
ecbf3378516a657b8253d925617cbdc04512809d,5553,249,0,0.0,7.4,145044,2121,14785,24558,16990,44292,1.0
b3cd30d43e47f523a10c24b6c8004d8f868412b2,5553,249,0,0.0,7.4,145045,2121,14786,24558,16990,44292,1.0
4204be7b28484944907d73f23f191d89964dcdbb,5546,249,0,0.0,7.4,145002,2121,14784,24542,16960,44260,1.0
966b46799a7118f31142f44dba44cbc45170b09c,5546,249,0,0.0,7.4,145003,2121,14784,24543,16960,44260,1.0
dec1760304526aae7e187c68854745516b401cd4,5545,249,0,0.0,7.4,144935,2121,14784,24527,16959,44251,1.0
cbca885fa8d1bf16e1e0d95ff6e89eafa274a69d,5545,249,0,0.0,7.4,144922,2121,14782,24523,16958,44251,1.0
962e6f8cb4cbe65f890a7d466b0ccc0068833542,5545,249,0,0.0,7.4,144922,2121,14782,24523,16958,44251,1.0
d95aa7e455af2e10d94e7bc356fdc27a0a844b8b,5546,250,0,0.0,7.4,144914,2121,14781,24519,16957,44259,1.0
b5bb1472496141dfc558a32b6d5b838d212e26b8,5546,250,0,0.0,7.4,144914,2121,14781,24519,16957,44259,1.0
f6542a25d246fe893dc6745d8b45581ab70758dd,5544,250,0,0.0,7.4,144901,2121,14779,24515,16955,44259,1.0
6b5973ebc50f794fb59717f1ddf107b75bf62163,5541,250,0,0.0,7.4,144816,2119,14771,24492,16933,44247,1.0
02613e35b14b517faa4ad88d284bba6b95db799f,5541,250,0,0.0,7.4,144763,2119,14767,24483,16933,44247,1.0
b2353107f2779f77713400a48d8a15aad2724551,5541,250,0,0.0,7.4,144760,2119,14767,24482,16933,44247,1.0
dbc4530359a47f10fcc35035cf6797f898f54a5b,5541,250,0,0.0,7.4,144708,2120,14759,24467,16928,44252,1.0
fd0e6d80d5c4b8858a55ca0038d9fac6766b9416,5538,250,0,0.0,7.4,144638,2108,14720,24439,16849,44308,1.0
346166e674fea88d10dc43be82e387f547156709,5537,248,0,0.0,7.4,144589,2108,14719,24430,16849,44303,1.0
4428b93e8356ffba4d68cd1c0682b7e2f30a5fe1,5540,248,0,0.0,7.4,144582,2107,14718,24429,16849,44318,1.0
92f21f184e9181893bdf9af05ba5cb11e6ce2daf,5539,248,0,0.0,7.4,144524,2105,14712,24428,16842,44303,1.0
762dff20b5e9a8646d3cb95670d2c6a3c9e3c4af,5538,248,0,0.0,7.4,144521,2105,14712,24427,16842,44301,1.0
58e29bc77d41b18c6078f75800b732a33e579e17,5531,247,0,0.0,7.5,144262,2098,14677,24377,16842,44263,1.0
8bdecea7ef808d19f0449dd43ec85ba8dbaeeb26,5531,247,0,0.0,7.5,144262,2098,14677,24377,16842,44263,1.0
0e4bbb8eadb12e41eca5846030260b895516ff2a,5529,247,0,0.0,7.5,144248,2098,14676,24375,16842,44253,1.0
7acf2db35c614c0716301b0923b5df0517bd5a38,7833,330,0,0.0,13.2,183508,2455,19056,31543,19487,59581,1.1
5db015ccde960708decf19e07f40a1a6b4d95454,7833,330,0,0.0,13.2,183508,2455,19056,31543,19487,59581,1.1
9f13240835eb71b2ec2355821273921d49ab223b,7833,330,0,0.0,13.2,183508,2455,19056,31542,19486,59581,1.1
0f53367da09aa76720694cf17f5567eddc093266,7898,329,0,0.0,13.2,183378,2456,19038,31511,19482,59711,1.1
bf34c16992a13a243fb36892e711921f654a083a,7896,329,0,0.0,13.2,183365,2456,19037,31506,19482,59699,1.1
4b1b56312afafb4c32cdf1e65fa02af4af5a09d1,7896,329,0,0.0,13.2,183347,2456,19036,31500,19482,59699,1.1
540f4959fd7a6df4cc9c0b49ec277c0eae5887a2,7894,328,0,0.0,13.2,183319,2455,19035,31497,19482,59679,1.1
69202d871ff1b5168bb1af09811173b13b215436,7894,328,0,0.0,13.2,183319,2455,19035,31497,19482,59679,1.1
cd44607560a24c1440f48c1d3bebbd5e4bca76c3,7897,330,0,0.0,13.2,183300,2455,19034,31491,19475,59688,1.1
596ba5b07e0c6f9f7989c6c207c36bd59b5a71e3,7892,330,0,0.0,13.2,183262,2455,19036,31486,19487,59663,1.1
4cacf33f785af73eb673f9f762537e176b518117,7892,330,0,0.0,13.2,183260,2455,19036,31486,19489,59663,1.1
e7fcaedc9524af27bba762f28b368f37729b2832,7892,330,0,0.0,13.2,183255,2455,19034,31485,19485,59663,1.1
730602c0c2cbb4119305fc53f52ddcf4f27b9d13,7848,332,0,0.0,13.1,184707,2475,19184,31675,19037,59652,1.1
52b146faef367f9eac6b43fa2aa485e3fad218ef,7848,332,0,0.0,13.1,184707,2475,19184,31675,19037,59652,1.1
a001f983b31b7174f01d9781b7921dddd6115c77,7848,332,0,0.0,13.1,184687,2475,19179,31670,19037,59652,1.1
71189cbe4bf6abae73771c94a4a2fd9500428b50,7848,332,0,0.0,13.1,184687,2475,19179,31670,19037,59652,1.1
ca62d8352d7398a73f1a72097c665a9c3fceb1af,7840,328,0,0.0,13.2,184312,2474,19130,31566,19036,59594,1.1
8a414bfa925084e1875ebb1b0d180f0cdebfaa64,7839,328,0,0.0,13.2,184161,2474,19112,31522,19028,59643,1.1
c572c2cd2e5dd2d11a81825f50d22a1363eee1fb,7829,327,0,0.0,13.2,184042,2473,19101,31503,19026,59566,1.1
adffd9213448bd810b3d23e57f6f42a7ee29bffd,7829,327,0,0.0,13.2,184026,2473,19098,31498,19026,59566,1.1
193465525c3ddcfe7f10e3610880ac0d059e9277,7813,328,0,0.0,13.2,183381,2464,19021,31353,18977,59389,1.1
3810536e0fd6ae39452d435e1851039b2f96e599,7812,329,0,0.0,13.2,183362,2464,19021,31347,18976,59389,1.1
c682389634fed5f6b13bb6de0ab88e5757a7fe44,7812,328,0,0.0,13.2,183353,2464,19021,31346,18976,59389,1.1
b33aef310dc2f5d3293cf2c3b358f5af6e382692,7819,328,0,0.0,13.2,183378,2465,19022,31344,19014,59446,1.1
20cf141f2e8588e1695c37c14b4d89a268b96452,7837,329,0,0.0,13.1,183702,2468,19051,31378,19066,59516,1.1
adba6d010d66af0af7eb148f35a0acb681e7360f,7818,329,0,0.0,13.1,183871,2474,19077,31406,19183,59445,1.1
99c41668cbfee8fc4097e4b03cf32d754feb7afc,7809,328,0,0.0,13.1,183771,2472,19047,31380,19297,59401,1.1
6558cf921fddb2bbc8f00724f83dc19e055a9dbf,7835,330,0,0.0,13.2,183499,2455,19056,31543,19478,59591,1.1
043da6850b81dd03d5879b19f1c2a52b05426272,7835,330,0,0.0,13.2,183499,2455,19056,31542,19477,59591,1.1
4df7e2fc1a8e6a2680d7554ac80ae5857c454229,7809,328,0,0.0,13.1,183771,2472,19047,31380,19297,59401,1.1
418e056aaa4472b15a087984e3b15af12489f029,7809,328,0,0.0,13.1,183771,2472,19047,31380,19297,59401,1.1
47ed75489206c4c944dd0eb187157eaa0ffc0527,7809,328,0,0.0,13.1,183771,2472,19047,31381,19288,59401,1.1
29c5945b7416a985a355f5c2e63849d3f27f3418,7809,328,0,0.0,13.1,183771,2472,19047,31381,19288,59401,1.1
51aa4270098722a6100a4d34dfa2be47a9279d5b,7900,329,0,0.0,13.2,183369,2456,19038,31511,19473,59721,1.1
c63b990193d5ab9ce0eaa52d359eb5192f555bdd,7898,329,0,0.0,13.2,183356,2456,19037,31506,19473,59709,1.1
f5b2ded03e22c55b3c998a51e1326e2bb223299d,7898,329,0,0.0,13.2,183338,2456,19036,31500,19473,59709,1.1
0cd52b940c28e7fa94376f4a1e8f83e5da5b8627,7896,328,0,0.0,13.2,183310,2455,19035,31497,19473,59689,1.1
53f2322a5eae57d29caff6bef7631f8b90f4169d,7896,328,0,0.0,13.2,183310,2455,19035,31497,19473,59689,1.1
f5ee266b181f6691c247cc6677f94348ed309d40,7899,330,0,0.0,13.2,183291,2455,19034,31491,19466,59698,1.1
a27494f9b2d4051b95fb3755e48d6cfb7f704458,7894,330,0,0.0,13.2,183253,2455,19036,31486,19478,59673,1.1
a5877596454b4e0e1d9aa527c8a051bf8b071343,7894,330,0,0.0,13.2,183251,2455,19036,31486,19480,59673,1.1
0d785f1346f48abf34a1a7690b437c3615780beb,7894,330,0,0.0,13.2,183246,2455,19034,31485,19476,59673,1.1
7702fcfa1b7dd62e947e9275a8cb3942640948a2,7851,334,0,0.0,13.1,184803,2475,19192,31692,19051,59667,1.1
d41bfaba21f55018669423469a7801fdbfc21c9a,7811,328,0,0.0,13.1,183762,2472,19047,31380,19288,59411,1.1
7bef5510c297536c5b8ada5a575c765ee73c9254,7811,328,0,0.0,13.1,183762,2472,19047,31380,19288,59411,1.1
eaddea27d514dbca6d933deb51d1a55a2651b546,7910,332,0,0.0,13.4,182501,2423,18951,31330,18357,60036,1.1
ae3dca5bbf0a5ad0c983eb5e7f1e2147faa5975b,7910,332,0,0.0,13.4,182501,2423,18951,31330,18357,60036,1.1
6649dd8ca602ee3d57dac8fce18d2047b3f886fa,7814,328,0,0.0,13.1,183675,2472,19044,31375,19287,59456,1.1
3124dd8ac5812a16c4774a5fbe03f985ea826f7e,7910,332,0,0.0,13.4,182481,2423,18946,31325,18357,60036,1.1
fb5761683729f63c715e39c78a8b7b75278050c9,7910,332,0,0.0,13.4,182481,2423,18946,31325,18357,60036,1.1
8091c0273f2ce748109bbdb0e09055cd7328592e,7814,328,0,0.0,13.1,183675,2472,19044,31375,19287,59456,1.1
342544fb0600edde327478f3c6cccd156877a7c3,7814,328,0,0.0,13.1,183663,2472,19044,31375,19283,59456,1.1
42f0529054187227dedd153b14d2b7b4605b8ff4,7814,328,0,0.0,13.1,183634,2472,19043,31370,19259,59446,1.1
a2e5102657a8abe03812f0b025f457ca3d994921,7903,328,0,0.0,13.4,182106,2422,18897,31221,18356,59980,1.1
3d234d29fcd7dc67ffbd542edd7053d68f35c555,7813,328,0,0.0,13.1,183637,2473,19045,31368,19260,59432,1.1
58d5e519af824f7d08dfa5c68e0403546f1fba9f,7902,328,0,0.0,13.5,181955,2422,18879,31177,18348,60029,1.1
40d03b081e8a8f74fb5092163e51bdd17842cb5a,7813,328,0,0.0,13.1,183636,2473,19045,31367,19260,59432,1.1
a243906127849791c8412ac1c136078e76b20279,7813,328,0,0.0,13.1,183633,2473,19044,31366,19260,59438,1.1
7645134e5a217da1c8b0c62a7eb07cfe9140cc25,7813,328,0,0.0,13.1,183631,2473,19044,31366,19260,59438,1.1
f798140392a32b562fd159fd1762efa628d3304f,7812,328,0,0.0,13.1,183662,2473,19044,31366,19254,59433,1.1
44345d5d6a49a7996641129bdbbf812c8263411b,7812,328,0,0.0,13.1,183662,2473,19044,31366,19254,59433,1.1
51c0ea87eedcbba7d30ff6fc91a3dc0df31d9d17,7812,328,0,0.0,13.1,183662,2473,19044,31366,19254,59433,1.1
feb679b176e7f7f1889bb91d0fc266f1d2dab89a,7812,328,0,0.0,13.1,183663,2473,19044,31366,19254,59433,1.1
9d5e8b39bf570bae4e4cf588f2ba3c9a5b7841c9,7812,328,0,0.0,13.1,183663,2473,19044,31366,19254,59433,1.1
cd34cc5acece90fc95767bcd457c98403bc8aca2,7812,327,0,0.0,13.1,183659,2473,19044,31365,19254,59433,1.1
838dfd6eda89e15887244f8ac69ffe6fb6123170,7806,327,0,0.0,13.1,183608,2469,19038,31359,19254,59366,1.1
11e728c084b591d0c11267e0729805eeeb59bd73,7892,327,0,0.0,13.5,181834,2421,18868,31158,18344,59947,1.1
80b22d61226d34f29c5350469a1b0cb002bb0977,7806,327,0,0.0,13.1,183608,2469,19038,31359,19254,59366,1.1
4aaaea43ae75bee99837183c5be37ca2cb942741,7892,327,0,0.0,13.5,181818,2421,18865,31153,18344,59947,1.1
51361d535d11c6a4e201044fa4f859aa0676c861,7806,327,0,0.0,13.1,183586,2469,19038,31356,19253,59366,1.1
72df0e6cb70cae808d3b04d64bed5b0e07b49ba3,7881,327,0,0.0,13.4,181959,2431,18841,31085,18664,59707,1.1
b62ae16efdcbeafcced9b324a09fa1535a91a4b0,7881,327,0,0.0,13.4,181959,2431,18841,31085,18664,59707,1.1
f0c9b3fdd83d03e33ab33effa99c2b34f9a9921c,7881,327,0,0.0,13.4,181948,2431,18841,31082,18664,59707,1.1
ba89f44f5aeddd2d06024232a15e355c2e8dc5cd,7881,327,0,0.0,13.4,181948,2431,18841,31082,18664,59707,1.1
1c407deb0044cbae39e242a2bda2b691d3f722a0,7881,327,0,0.0,13.4,181947,2431,18841,31082,18664,59707,1.1
a68f7ba24e18f892f7663e91d415386f3513f4b8,7877,327,0,0.0,13.4,181927,2431,18840,31080,18663,59673,1.1
5ad186fa874d9f0dfb87b989e54c1325d39abd40,7877,327,0,0.0,13.4,181928,2431,18840,31080,18663,59673,1.1
5668d740766f6303e789f072100cd235e4b67582,7877,327,0,0.0,13.4,181928,2431,18840,31080,18663,59673,1.1
41cbb23473e9443ac2f0d4a0dd77488bfcd06e09,7878,327,0,0.0,13.4,181924,2431,18840,31078,18661,59681,1.1
bbacab0b32b74ba4beb90f9100980b184ac70c71,7878,327,0,0.0,13.4,181924,2431,18840,31078,18660,59681,1.1
e0d031ec16a3a01ab44dc0fcd66c4e45dd953fbb,7878,327,0,0.0,13.4,181924,2431,18840,31078,18660,59681,1.1
80acc241da3dd50f4eb66cc1b8ae7e2a88d9fe2c,7876,327,0,0.0,13.4,181852,2431,18832,31064,18655,59660,1.1
7447f3372d960ce9d73331ad6c16d34448853b51,7864,325,0,0.0,13.4,181777,2428,18829,31042,18594,59574,1.1
6478ac9781bfc4cadfe070df5206d4b4a2a9b75d,7864,325,0,0.0,13.4,181729,2425,18822,31036,18590,59574,1.1
b8b42b16182b8fde245dd6c5edeb1115955d1004,7864,325,0,0.0,13.4,181724,2425,18822,31035,18590,59574,1.1
5230444d5f83e586ce759d15e02ee799cf6241e7,7864,325,0,0.0,13.4,181724,2425,18822,31035,18590,59574,1.1
1e51703f8f2d8932b839380fe1d24aa584dc0b4e,7864,325,0,0.0,13.4,181724,2425,18822,31035,18590,59574,1.1
c4f11fc25e7e11b29ca543cf691e4d084bb76cd5,7864,325,0,0.0,13.4,181719,2425,18821,31034,18590,59572,1.1
3ef35a1c0d98b27f05051442176e2536a9ca352a,7864,325,0,0.0,13.4,181702,2425,18821,31031,18589,59572,1.1
c2d357be02198e98a9fa617efc16e90d51897e27,7864,325,0,0.0,13.4,181702,2425,18821,31031,18589,59572,1.1
0ba9ffc6e8a16ae3397eb0f7b4996c6cb4446db4,7864,325,0,0.0,13.4,181702,2425,18821,31031,18589,59572,1.1
2ad4fbe99ec99ddaa72d37aa263489269d0a0fd8,7877,328,0,0.0,13.4,181170,2412,18788,31008,18295,59785,1.1
ef8cdfcf49ca73d3cb31bf594526311d3eabe664,7876,329,0,0.0,13.4,181151,2412,18788,31002,18294,59785,1.1
879a0c8ea4cdb3a096affd20acc0c7ba3dfe0565,7876,328,0,0.0,13.4,181142,2412,18788,31001,18294,59785,1.1
6de9634c53452d94fad8b243e57bda6ab1b9593a,7864,327,0,0.0,13.4,181704,2425,18821,31033,18589,59574,1.1
eea22371fec47ce948956c541304ac5bd0b72dfa,7877,328,0,0.0,13.4,181129,2413,18785,30992,18320,59802,1.1
074304237e9b166270c6a4e8efcde45b430b43ec,7891,329,0,0.0,13.4,181473,2417,18816,31028,18373,59838,1.1
e400898e601c6fb86fd01ccf832d8a4f0661a515,7864,327,0,0.0,13.4,181704,2425,18821,31033,18589,59574,1.1
c39eeb57aef6d2cb046a031a47dbd37e43b4b056,7864,327,0,0.0,13.4,181720,2425,18825,31037,18609,59574,1.1
450c7cd33f86c482e2fb8402d436673c9b814f2b,7864,327,0,0.0,13.4,181704,2425,18821,31033,18589,59574,1.1
951955ad51c602a51b4ac6ada7344eef9ee1c195,7864,327,0,0.0,13.4,181720,2425,18825,31037,18609,59574,1.1
91989cae508f8482f31ac335879da4a5975661c8,7864,327,0,0.0,13.4,181719,2425,18825,31037,18609,59574,1.1
9cd30867c10a28e4b52fba8d271ecf58da04454b,7864,327,0,0.0,13.4,181703,2425,18821,31033,18589,59574,1.1
27aac3a0528d5afd787c4fc066594ebd8894b27b,7864,327,0,0.0,13.4,181704,2425,18821,31033,18589,59574,1.1
e4c7330d9834f48351963b92fa2257796140f2b3,7864,327,0,0.0,13.4,181704,2425,18821,31033,18589,59574,1.1
da6c3ebf5c2aa529c0732d4f354d0d390a471bac,7864,327,0,0.0,13.4,181712,2425,18822,31034,18592,59574,1.1
5ba121de082c84bb413c70cf672b31f9b2114b88,7864,327,0,0.0,13.4,181712,2425,18822,31034,18592,59574,1.1
3ceb4a4ea452ac78eacaa91c01d8c21372e9d10b,7865,327,0,0.0,13.3,181717,2425,18826,31045,18596,59579,1.1
ffdd9cce19d4174d994db3bc4057ae6d37b05b6c,7865,327,0,0.0,13.3,181717,2425,18826,31045,18596,59579,1.1
83afabeda133a4cac2e4e0a55c8b4d69b2b9f4aa,7879,327,0,0.0,13.4,181781,2427,18854,31061,18470,59739,1.1
6a45acb4f58270dcd228ff56b1e4988c892f5586,7864,327,0,0.0,13.4,181712,2425,18822,31034,18592,59574,1.1
0791c7c8e1e0c3e2e50f7fa67eadfe795dfee60d,7864,327,0,0.0,13.4,181712,2425,18822,31034,18592,59574,1.1
fbe4d7e3badf3a9ee7464a5a0e11459699fbbddd,7864,327,0,0.0,13.4,181711,2425,18822,31034,18592,59574,1.1
5a827df766f98afcaa723bb24231c3505bd7dcb8,7864,327,0,0.0,13.4,181711,2425,18822,31034,18592,59574,1.1
a0be7765c9627786bf48abee1db47d317cde84e5,7864,327,0,0.0,13.4,181711,2425,18822,31034,18592,59574,1.1
1811f301ef61e83f7d7e65f2c1582e20d6982250,7864,327,0,0.0,13.4,181697,2425,18821,31030,18592,59574,1.1
21e11e7baedc3065919c701b5a79db68f3d9f3d1,7858,327,0,0.0,13.4,181706,2425,18821,31033,18580,59559,1.1
73257832c5c5a79524824c5c09a1c502c21f8cc3,7858,327,0,0.0,13.4,181670,2425,18818,31026,18578,59559,1.1
bd6b580896a3ed8beede200b1b625ba6cd367dd7,7860,327,0,0.0,13.4,181680,2425,18821,31028,18579,59594,1.1
79c8b0089061c9b27bacde5c0a2f5be3512645e8,7860,326,0,0.0,13.4,181662,2425,18821,31025,18578,59594,1.1
497fc6ab3eba27fbbce5e104c9e3c8d702eb7dbd,7860,326,0,0.0,13.4,181664,2425,18821,31027,18578,59594,1.1
88cb7f51e1a401c57f9a4d9e0c1fe919da0cd308,7860,326,0,0.0,13.4,181664,2425,18821,31027,18578,59594,1.1
e4dc8e996077bf73a222933df8049103fc0a7142,7859,326,0,0.0,13.4,181647,2425,18821,31022,18577,59579,1.1
1df50c16377c45c109e9a1e42838ede408770870,7859,326,0,0.0,13.4,181647,2425,18821,31022,18577,59579,1.1
35c8de3ee1717a9db3412ceabdfb5dec4bc04290,7859,326,0,0.0,13.4,181647,2425,18821,31022,18577,59579,1.1
1850f5d4234720115b592eaa0e618b638942ba0c,7859,326,0,0.0,13.4,181647,2425,18821,31022,18577,59579,1.1
cb2f6afcaeee9786062693afa9b1d6289108d0f9,7859,326,0,0.0,13.4,181647,2425,18821,31022,18577,59579,1.1
91ad5e2fb6d0a3f155accb8a9bd10786996445df,7859,326,0,0.0,13.4,181647,2425,18821,31022,18577,59579,1.1
fe71a91479896e8eb0087579ee19c954080ce8e5,7858,326,0,0.0,13.4,181638,2425,18821,31023,18577,59577,1.1
96de4d9edaa15432e1f67b2d62dab8da9bfb96a1,7866,326,0,0.0,13.4,181587,2422,18819,31020,18563,59648,1.1
911bfa1f474a8aa44534e418a7ee1537f57ab411,7862,326,0,0.0,13.4,181575,2422,18815,31012,18563,59628,1.1
343f92da4de3b6d8e7e1b50d08937c51a45fced1,7862,326,0,0.0,13.4,181575,2422,18815,31012,18563,59628,1.1
5da840dcdc011cbd6caece8bae312230409f8d8a,7862,326,0,0.0,13.4,181581,2422,18815,31014,18563,59631,1.1
2f6e9c7302e407cce523e8f71ba3c5cf34c3c465,7862,326,0,0.0,13.4,181576,2422,18815,31013,18562,59631,1.1
9bab51e7a617b7f711963cc5ac1efdea3a21f081,7862,326,0,0.0,13.4,181569,2422,18814,31012,18560,59631,1.1
9b212c2d38dc400edc13f321e3bc6314640c727b,7862,326,0,0.0,13.4,181569,2422,18814,31012,18560,59631,1.1
12946e3245fd869922c09432a8d68457c9b76144,7862,326,0,0.0,13.4,181578,2422,18814,31012,18560,59631,1.1
dd8dacdc1766e8fd118404830e60d9d7eb32d5f6,7860,328,0,0.0,13.3,181610,2424,18841,30989,18564,59603,1.1
6491ed01b7ba7cdcf2c26934ca806df3a89cf2a9,7860,328,0,0.0,13.3,181615,2424,18841,30989,18564,59603,1.1
391dc65c61733201adce1837e2f48d9a75d5a0e7,7860,328,0,0.0,13.3,181610,2424,18841,30989,18564,59603,1.1
4d3316b87d18d37ce982928052fd5451f63cea92,7862,326,0,0.0,13.4,181578,2422,18814,31012,18560,59631,1.1
2919c319a3fac18216d7506310bc733f849f7d0a,7862,326,0,0.0,13.4,181566,2422,18814,31012,18560,59631,1.1
6140f5f9eb4d7eb141e7910caeceb564b919b58b,7862,326,0,0.0,13.4,181564,2422,18812,31012,18560,59631,1.1
6d2ba7ec7b5a1cb7971143d4262d0a1bfc826d45,7862,326,0,0.0,13.4,181564,2422,18812,31012,18560,59631,1.1
d94b57dc160867accc66a14d12402bdf05ec53a4,7862,326,0,0.0,13.4,181564,2422,18812,31012,18560,59631,1.1
b2e6d512e328c41d3756d9e324bd2b4499b8a3e0,7858,326,0,0.0,13.4,181464,2420,18810,30996,18539,59604,1.1
2d0d71385d2cd26b97e07c699f84cd58b862cef9,7859,326,0,0.0,13.4,181466,2420,18810,31000,18539,59609,1.1
04fc3ce4cc87b9bd09546c12df3f8762b9525da9,7860,326,0,0.0,13.4,181464,2420,18810,31003,18539,59617,1.1
c28171be8f162d486b7b1f8a62134b6f0be0be8d,7860,326,0,0.0,13.4,181463,2420,18810,31003,18539,59617,1.1
f607690663924a61310f63831d206122dd455adb,7860,326,0,0.0,13.4,181414,2420,18805,30996,18539,59613,1.1
8ba66c889879bb4eae081d500064279817f17070,7860,326,0,0.0,13.4,181325,2419,18798,30983,18536,59605,1.1
117620f7f975fba2344d3c416c088ed333c40df9,7857,326,0,0.0,13.4,181178,2418,18785,30954,18529,59570,1.1
85a97f71488b5758e1f5770179e24929a9ac54e3,7857,326,0,0.0,13.4,181179,2418,18785,30954,18529,59570,1.1
7234078e8cf49f4ee0231b6cd0237fb730446dd1,7857,326,0,0.0,13.4,181178,2418,18785,30954,18529,59570,1.1
434f9dd393286247d921be7a14b3873518e38622,7857,326,0,0.0,13.4,181178,2418,18785,30954,18529,59570,1.1
acd6e87ddeba5ea2a491b04799cd55e2dce2541f,7856,326,0,0.0,13.4,181045,2411,18769,30938,18499,59537,1.1
78aeadc48348f5b36862db6a16adf8226d23a2f4,7856,326,0,0.0,13.4,181009,2410,18766,30935,18487,59537,1.1
692d7530e09e14a87ebed6608d4d21cb5634e39f,7857,326,0,0.0,13.4,180996,2410,18766,30935,18481,59542,1.1
7e43315cd62a47803d786a1a04002203a4512d4e,7853,326,0,0.0,13.2,180865,2408,18677,30934,18339,59500,1.1
990d0d9fca3356c115050a4205a67e7016908612,7853,326,0,0.0,13.2,180869,2408,18677,30934,18336,59500,1.1
85ad18fe22c447568f1c9bfb1c58d645c3dd7b9a,7845,326,0,0.0,13.2,180740,2405,18666,30920,18312,59418,1.1
ea16297f0450cb81b2ea8b7bfc7a092d1ef5fa8d,7845,326,0,0.0,13.2,180741,2405,18666,30920,18312,59418,1.1
1505b18b9f2fcce0838e9999a84add44047287c1,7840,326,0,0.0,13.2,180519,2405,18617,30860,18289,59377,1.1
e9561717bbd1623f6189ec8735173d6a10062a4a,7840,326,0,0.0,13.2,180520,2405,18617,30860,18289,59377,1.1
9769a1dc7e27830d51b4b2bd35bb349618e7bdaa,7841,326,0,0.0,13.2,180519,2405,18617,30860,18291,59382,1.1
e71ad157b2db8b6133d9ce1413ab80ae31c56652,7841,326,0,0.0,13.2,180520,2405,18617,30860,18291,59382,1.1
292f861f90f14ea7df3adc6a121e64f0b3127e90,7841,326,0,0.0,13.2,180488,2404,18617,30860,18303,59382,1.1
2ccd50f0780c619f353d8d4ede1ab0647cbe2733,7846,326,0,0.0,13.2,180695,2404,18666,30917,18328,59420,1.1
dbda44995c86b2a8b91f342885af3a07fe36828a,7841,326,0,0.0,13.2,180479,2404,18617,30859,18305,59382,1.1
00cdc531600c7392ad91bd43f93aca2ef9ae54c5,7841,326,0,0.0,13.2,180473,2404,18617,30857,18305,59379,1.1
0def3dc380b75f8f4c00acdc66ee8d5600868d8b,7841,326,0,0.0,13.2,180472,2404,18617,30857,18305,59379,1.1
afade5275e7fe36b46fc2c1aab8c49d03dea9d47,7840,326,0,0.0,13.2,180467,2404,18617,30857,18305,59378,1.1
afa2dc9a1ea2cd8e3cb292a47e7fc34f2acca036,7840,326,0,0.0,13.2,180467,2404,18617,30857,18305,59378,1.1
317e62f73fd0a9bac4b34eb8b2c31bbae591ef91,7840,326,0,0.0,13.2,180464,2404,18617,30857,18305,59378,1.1
78d527788d6fdc2d27e33261299f20db65f74139,7833,325,0,0.0,13.3,179905,2401,18583,30740,18221,59338,1.1
b37a05d4e4db138278d4d524de32a8defea5cc21,7833,325,0,0.0,13.3,179913,2401,18583,30740,18222,59333,1.1
5d6ca6234f64a670fed2f3c5fdc1d0dba74a9c88,7831,323,0,0.0,13.3,179901,2401,18583,30738,18222,59329,1.1
8d50053ccfdd3523b35844e22efe8136ef72a548,7832,323,0,0.0,13.3,179889,2401,18582,30737,18221,59334,1.1
abd6e36991390a95fa0b3094249eb860c3ea6dd5,7832,323,0,0.0,13.3,179887,2401,18581,30736,18220,59334,1.1
4dd5a0db57dec56716a7da146661866be5d05f77,7832,323,0,0.0,13.3,179887,2401,18581,30736,18220,59334,1.1
d6672afbee70a9fea98a876a225ccb7ea17e028a,7830,323,0,0.0,13.3,179871,2401,18580,30734,18219,59309,1.1
93d412b8469d5a7f403e8cce107c269757ea7741,7823,321,0,0.0,13.3,179609,2397,18557,30690,18152,59260,1.1
8e07686047404ed4729ab1af481fa14984d5ed2b,7825,321,0,0.0,13.3,179613,2397,18557,30692,18152,59271,1.1
b60acc5e52e7f7f34bb2145df530edbc0f897f74,7807,321,0,0.0,13.3,179492,2397,18550,30685,18142,59100,1.1
3ce6228f1f3f21507eae2c3882c20cee2e6f2c95,7813,321,0,0.0,13.3,179502,2397,18550,30687,18148,59240,1.1
95426f9b019c313ea6df707283dedc399ed1fcde,7813,321,0,0.0,13.3,179499,2397,18550,30687,18148,59240,1.1
61d5d44b90b76f264ecdf5aa50763a91b91e0fa6,7813,321,0,0.0,13.3,179499,2397,18550,30687,18147,59240,1.1
912303d9c4aaf04866868e5e48ee247820f088ba,7811,321,0,0.0,13.3,179463,2396,18548,30680,18147,59226,1.1
5312f5f58e5212733612c5dc79cf98bd99da2a2c,7811,321,0,0.0,13.3,179463,2396,18548,30680,18147,59226,1.1
4f286f549d32e1f8469c08af0d59f6cdeb0cd6da,7812,321,0,0.0,13.3,179462,2396,18548,30680,18147,59231,1.1
cfee3f835ab6634600ff8f23b8fd313a98cb05a9,7812,321,0,0.0,13.3,179463,2396,18548,30681,18147,59231,1.1
0ba92ea14af85b0261a6f153ae5309fedd1c4b2a,7812,321,0,0.0,13.3,179463,2396,18548,30681,18147,59231,1.1
f3d57cd5b9846fad3752f3446d31caf552da4154,7812,321,0,0.0,13.3,179392,2393,18539,30672,18141,59231,1.1
c6b9d6ae9d9f3880261144362cd120f35eb8048d,7813,321,0,0.0,13.3,179367,2393,18539,30666,18137,59236,1.1
0da7c0cf557d8df88fde8e92aea6e8602c74c9c6,7813,321,0,0.0,13.3,179350,2392,18538,30665,18137,59236,1.1
95bee527a160176f055d7519e0e57a739b7ad672,7813,321,0,0.0,13.3,179350,2392,18538,30665,18137,59236,1.1
cb12928a710a34142e8c6a9b93e532239906a69e,7813,321,0,0.0,13.3,179350,2392,18538,30665,18137,59236,1.1
369907ebff82bf046d320fccd8b221188550080e,7827,321,0,0.0,13.3,179250,2390,18507,30645,18202,59216,1.1
6bf384ada6ca19a56986b3aaaa8f596d2517e4e0,7825,321,0,0.0,13.3,179185,2389,18503,30628,18187,59209,1.1
40be2972e326c816a154e4dec7dea1a3fc625a2e,7825,321,0,0.0,13.3,179186,2389,18503,30628,18187,59209,1.1
40e14a5599379960273c8f21a08d0cd9233d0f23,7825,321,0,0.0,13.3,179186,2389,18503,30628,18187,59209,1.1
9bd5152348e35359e762435cf64d7273ab22d757,7827,321,0,0.0,13.3,179191,2389,18503,30628,18194,59219,1.1
cefe7c37e9c31d478b2fe08f323c1f9542ca1466,7828,321,0,0.0,13.3,179195,2389,18503,30628,18194,59224,1.1
7dbe632025ef4c991a635314fbb2bc6e344a3574,7828,321,0,0.0,13.3,179195,2389,18503,30628,18194,59224,1.1
70f72165f41c80c67e5a774e61e54765d8701914,7827,321,0,0.0,13.3,179064,2389,18503,30622,18183,59187,1.1
332e85f9753d68e5948e5f916f7c11d22c86804e,7827,321,0,0.0,13.3,179067,2389,18503,30622,18183,59187,1.1
af4cff2846bdfb9f105bf32b988616a4ed40a072,7827,321,0,0.0,13.3,179067,2389,18503,30622,18183,59187,1.1
6db708aea94a3e9b7a1168fc222fa0d6ff747acd,7801,324,0,0.0,13.3,179203,2391,18534,30663,18113,58950,1.1
35ed61592ba9741adb8e51a7e5640087b83d6295,7809,324,0,0.0,13.3,179263,2391,18539,30672,18192,58990,1.1
be9259950fb759cf719166ee0ad277d0bfab131b,7809,324,0,0.0,13.3,179263,2391,18539,30672,18192,58990,1.1
4ba258044f56938d5f3fc3a949a189b2c60ce989,7801,324,0,0.0,13.3,179173,2390,18532,30659,18104,58950,1.1
7019f3186e3ffc1f25f0598a2f9db52bd2b4c0d3,7827,321,0,0.0,13.3,179067,2389,18503,30622,18183,59187,1.1
7a73b3f86a0fbf75f7c190b813dace642bd4a9c7,7827,321,0,0.0,13.3,179067,2389,18503,30622,18183,59187,1.1
062e5432a88fdeb4c7fb3efe6b003eaad2a7d45d,7827,321,0,0.0,13.3,179073,2389,18503,30625,18180,59185,1.1
84bc2616a5c6be6542ab5bb564c51f876d24bdb1,7828,321,0,0.0,13.3,179078,2389,18503,30625,18180,59186,1.1
d55f062fe77ea0f6a4c913d2418113297ff8403d,7829,321,0,0.0,13.3,179116,2389,18503,30646,18180,59187,1.1
df7f6cab83f7468b7c6cfbc61f89350718a1449d,7829,321,0,0.0,13.3,179116,2389,18503,30646,18180,59187,1.1
f8b8b3d2ee6d97f9771411a0fdab3f5701c1fc32,7809,324,0,0.0,13.3,179263,2391,18539,30672,18192,58990,1.1
08140f285926c6ecf0d5e67925cae923c9ff1a8c,7829,321,0,0.0,13.3,179116,2389,18503,30646,18178,59187,1.1
abd38c7c2d705b3de68bacee82ccc01bee6e9a9f,7809,324,0,0.0,13.3,179263,2391,18539,30672,18192,58990,1.1
1b937ac1e46d45a6110bc22fd59ba29007a73bea,7809,324,0,0.0,13.3,179263,2391,18539,30674,18192,58990,1.1
dc21cacc84367881dee76e033e40de5a874b68c5,7818,324,0,0.0,13.3,179115,2390,18504,30646,18191,59060,1.1
0517143d6d9383449891385d376462fdeb7f431f,7828,324,0,0.0,13.3,179110,2389,18503,30643,18178,59181,1.1
c97d48323c7d7e74080861aa8484ba2e39630510,7818,324,0,0.0,13.3,179122,2390,18504,30648,18194,59060,1.1
84490177d801ced1a83af125251dbc7fe2447902,7825,324,0,0.0,13.3,179084,2389,18502,30641,18181,59142,1.1
61d1ba78f7417c7088a5b71e36bec5a668f9b558,7828,324,0,0.0,13.3,179098,2389,18502,30642,18178,59177,1.1
9f5a1e264edfd5b1e6cc0b444ca1adc1d92f172d,7828,324,0,0.0,13.3,179109,2389,18503,30643,18178,59181,1.1
f3e78c2e37091a99a5696bc450f49178d87b6fe2,7828,324,0,0.0,13.3,179103,2389,18503,30643,18178,59177,1.1
e0ff2effb61e049ed9cf50017f9c1e9deba12168,7828,324,0,0.0,13.3,179103,2389,18503,30643,18178,59177,1.1
ab5cf3dfb74fbcfaa6f453a5a3222faa32e10fe1,7828,324,0,0.0,13.3,179103,2389,18503,30643,18178,59177,1.1
9e2bb2d40a8070cf17f2a4fc51ad9d524b88ad23,7828,324,0,0.0,13.3,179103,2389,18503,30643,18178,59177,1.1
b7730b3c781ea289590d5c859e04403b5ce7248b,7828,324,0,0.0,13.3,179103,2389,18503,30643,18178,59177,1.1
5f8a5316c4106cca3a8094b06daefc3f44b03ac4,7828,324,0,0.0,13.3,179103,2389,18503,30643,18178,59177,1.1
a5738065a9529ad4acaaee5832b8f82a67b32fe7,7828,324,0,0.0,13.3,179103,2389,18503,30643,18178,59177,1.1
a97265020806f26bb61053ea5fa97bb61c883e83,7828,324,0,0.0,13.3,179103,2389,18503,30643,18178,59177,1.1
88e52067774526637b1da973b60583607172f544,7753,320,0,0.0,13.3,179033,2389,18499,30635,18166,58971,1.1
28e737880ce70acb0339100a58512425cfb11fe7,7754,320,0,0.0,13.3,179037,2389,18498,30634,18166,58972,1.1
b4999d4124372ebb81aa9dd2f7019dcdd211d2ef,7754,320,0,0.0,13.3,179037,2389,18498,30634,18166,58972,1.1
5a6a54335abfd5964858a7a698a264e6527858a4,7754,320,0,0.0,13.3,179037,2389,18498,30634,18166,58972,1.1
37d7fc123d4bdbb0847b1f91dd776191b79ac420,7754,320,0,0.0,13.3,179037,2389,18498,30636,18166,58972,1.1
529713305fc7807dd1600f18199ff4e7442f955f,7828,324,0,0.0,13.3,179103,2389,18503,30643,18178,59177,1.1
4037b5d33e572b5c2904c469a04c62ca878bfaea,7828,324,0,0.0,13.3,179103,2389,18503,30643,18178,59177,1.1
9fb69a5c078064c76640735afb86148eaabace5c,7828,324,0,0.0,13.3,179103,2389,18503,30643,18178,59177,1.1
b5cc276c25a254bd1c44869a861e63f86b27cc3a,7828,324,0,0.0,13.3,179103,2389,18503,30643,18178,59177,1.1
f3fb25282378271bb2b2b81d3a9e0e1e9446bbb7,7828,324,0,0.0,13.3,179103,2389,18503,30645,18178,59177,1.1
7594d814891aa43ff01a3f14e372e48ef3792ae3,7828,324,0,0.0,13.3,179103,2389,18503,30645,18178,59177,1.1
b5201053d1dd630ff05885e26d95762604094cd8,7828,324,0,0.0,13.3,179103,2389,18503,30645,18178,59177,1.1
4307c2b2fab47e7bbcb78c254cfe07c921c98f16,7828,324,0,0.0,13.3,179103,2389,18503,30645,18178,59177,1.1
7b92414ef3707d2cd4a69ec6131cc03fd8eed8ab,7828,324,0,0.0,13.3,179103,2389,18503,30645,18178,59177,1.1
cb5c5763cc3b3b1e6a45ca7a55aa091149062a11,7753,320,0,0.0,13.3,179033,2389,18499,30637,18166,58971,1.1
75218a9a7abd55a4bb2be5d65a413c329712caee,7754,320,0,0.0,13.3,179037,2389,18498,30636,18166,58972,1.1
40e8bdd4e841112ba60cf5113628ddc33609dba3,7755,320,0,0.0,13.3,179036,2389,18498,30636,18166,58977,1.1
9065c5f3c2ee30b3e4745e2d91e192c0f38ce723,7755,320,0,0.0,13.3,179036,2389,18498,30636,18166,58977,1.1
e72b3b20d7a3d4e0ffb3525b86111412cf525630,7755,320,0,0.0,13.3,179037,2389,18498,30636,18166,58977,1.1
5576991be387d00fa707655b0a0de0010b1f13a7,7755,320,0,0.0,13.3,179036,2389,18498,30636,18166,58977,1.1
0ee5acdaacf513f7b393a3f0997a095612bed697,7755,320,0,0.0,13.3,179037,2389,18498,30636,18166,58977,1.1
5194791f130eb34d6ed75bc43ef731289a12148a,7755,320,0,0.0,13.3,179037,2389,18498,30636,18166,58977,1.1
cd55cd78caccb12ee64478381618120ba89e466a,7755,320,0,0.0,13.3,179037,2389,18498,30636,18166,58977,1.1
35e80b0c35de3f4b6f8e0405b574c32d46100b29,7755,320,0,0.0,13.3,179037,2389,18498,30636,18166,58977,1.1
ca288152a0adcb48085f87b27a643bea31953449,7754,320,0,0.0,13.3,179033,2389,18498,30635,18165,58975,1.1
2a7b5d1dd26050f593db36af566354975ec9dfa3,7754,321,0,0.0,13.3,179034,2389,18498,30636,18165,58975,1.1
47ee52d122fb6f0462ed99530cfe462c591feac8,7754,321,0,0.0,13.3,179021,2389,18499,30633,18166,58975,1.1
54b0d7e3f4bc8f348c6260f649c6e3174d5b8a03,7754,321,0,0.0,13.3,179011,2389,18499,30629,18166,58971,1.1
c783e55ec955beb93916d1cdd5dbdf0ef1451796,7761,321,0,0.0,13.3,178997,2389,18499,30626,18173,59022,1.1
0d88487fe0fd1d439607c90780481eaf4aab629d,7761,321,0,0.0,13.3,179006,2389,18499,30626,18173,59022,1.1
03133818ad657584d30d4ca04e280cdf836849ac,7825,321,0,0.0,13.4,180470,2454,18520,30614,18465,59100,1.1
048fadf2c0fe9fdcb2292b9be975e9f5c0b0ca2c,7824,321,0,0.0,13.3,180443,2454,18516,30609,18465,59070,1.1
0f4e60dca31737ea905306b1c4a3cce399536db9,7816,318,0,0.0,13.3,180290,2452,18501,30586,18408,58971,1.1
3d329736f9db20cdc17fe8d7a214a4a26281acb2,7815,318,0,0.0,13.3,180280,2452,18500,30585,18407,58971,1.1
195b074698dd7e2f4c99656b9014521be67447c4,7813,318,0,0.0,13.3,180261,2452,18500,30580,18407,58944,1.1
cca798c08611e0cfe00295dfe26c89eee395103b,7813,318,0,0.0,13.3,180261,2452,18500,30580,18407,58944,1.1
56f1c1861b146a37e3d49541781532fa2757f0e8,7817,318,0,0.0,13.4,180237,2452,18492,30572,18399,58996,1.1
12d99d686f3b7946758a02554f81f562fc394419,7817,318,0,0.0,13.4,180231,2452,18490,30570,18399,58996,1.1
ff14005475dc2e6e1e8c5081abb61e65faef464c,7812,318,0,0.0,13.4,180165,2450,18482,30562,18400,58953,1.1
0e30d7649598c086103ecf38d4fe1d6c3eca7887,7811,318,0,0.0,13.4,180186,2451,18493,30578,18387,58947,1.1
eda947a8dfb276dff4362e6a5cbabcbb8fe9c97f,7811,318,0,0.0,13.4,180183,2451,18491,30577,18378,58947,1.1
f4af3ded4b305423a79272843c6c8ea0207415b1,7811,318,0,0.0,13.4,180182,2451,18491,30577,18378,58947,1.1
7b0ae127a96eb508af5c2b980b20041efff01d56,7810,318,0,0.0,13.4,180175,2451,18489,30575,18373,58942,1.1
d30ca86395c40f366ba5e4367be6963da60d5ac3,7810,318,0,0.0,13.4,180175,2451,18489,30575,18373,58942,1.1
2031110c35f107997260a41b6c97f32eb09b9723,7478,312,0,0.0,13.9,171669,2283,17547,29272,17187,56823,1.1
b99b3837186b7fb7f68ae106b67cc42deeed18b9,7478,312,0,0.0,13.9,171669,2283,17547,29272,17187,56823,1.1
60e72bf5c91657dfae8106979cd00106e4764bab,7478,312,0,0.0,13.9,171669,2283,17547,29272,17187,56823,1.1
cd509a3b0c3f1016585ada3fc7c8516e50170c33,7485,312,0,0.0,13.8,172161,2292,17589,29338,17258,56864,1.1
c9f12ca17770d7035f1f9bf0a27c18fd6c4dce5a,7482,312,0,0.0,13.8,172131,2291,17591,29335,17230,56844,1.1
5a62b55814fcc87e36242036490d29af4cdb2fee,7482,312,0,0.0,13.8,172132,2291,17590,29336,17230,56844,1.1
c3d57008dd52a2d87cc7d23952f0dbeec7d13f8d,7482,312,0,0.0,13.8,172126,2291,17590,29334,17230,56844,1.1
cf0af06c9df7bc00fd0b57641b0d1130c34528de,7481,312,0,0.0,13.8,172107,2291,17590,29330,17227,56789,1.1
c29bb653e011e38c775bffeaae6cf525b067f274,7482,312,0,0.0,13.8,172107,2291,17590,29330,17224,56794,1.1
f4d97c5ae99f30999a5537758312fe1b03971e67,7482,312,0,0.0,13.8,172107,2291,17590,29330,17224,56794,1.1
cb7d9f5ca0249636ea6cef96660633329873e2b3,7483,312,0,0.0,13.8,172083,2291,17589,29330,17225,56796,1.1
74e2d6814a77a89ae46539310db3ca2792b6d427,7483,312,0,0.0,13.8,172083,2291,17589,29330,17215,56796,1.1
5b4816dfa6ae92d0b94af4ed41c07ca6c9d0fcb9,7483,312,0,0.0,13.8,172083,2291,17589,29330,17194,56796,1.1
6d1afb440768f51caf1a2190a08e182868c5a66f,7485,312,0,0.0,13.8,172083,2291,17589,29332,17194,56799,1.1
89e1b94f1017e2094b6022bbbe5fd35e84b7b19d,7486,312,0,0.0,13.8,172083,2291,17589,29332,17194,56804,1.1
882a8c430f2a495c8ba7f29c8038781963c93fdf,7485,312,0,0.0,13.8,172090,2291,17588,29333,17194,56794,1.1
95bd350cae95c0f738eade5ba78ad9827586135d,7485,312,0,0.0,13.8,172088,2291,17588,29332,17194,56794,1.1
66131d2d9c005807d86fb3bfe6b8f0fb1aeff834,7484,312,0,0.0,13.8,172055,2291,17587,29327,17193,56789,1.1
027c5a6c2d092f7349bd0a9b21c81d788038494e,7485,312,0,0.0,13.8,172009,2291,17582,29317,17189,56798,1.1
ee77776296732aa7ee3c2e913210ff077ee9e0d5,7485,312,0,0.0,13.8,172014,2291,17582,29317,17189,56798,1.1
0f4cbd984cbcad683146c4202c78024564e5d0b7,7487,312,0,0.0,13.8,172021,2291,17583,29320,17194,56798,1.1
2c9d7f5a0cf1a33e79bb46bf57837079c45d5fe2,7487,312,0,0.0,13.8,172020,2291,17583,29320,17194,56798,1.1
72eaf04c1ae61faf830898b565cc05c2f6478f3e,7487,312,0,0.0,13.8,172020,2291,17583,29320,17194,56798,1.1
ce8b6e8972ddf8a78652d49f3ecde546420f46fa,7487,312,0,0.0,13.8,172001,2291,17582,29317,17194,56796,1.1
c0d62ed7a83347fa469c2b2a7d75287a5feb799b,7483,312,0,0.0,13.8,171874,2289,17570,29300,17192,56758,1.1
06249e458cbb829e18d11f9a10b38125842aeee5,7489,313,0,0.0,13.8,171689,2287,17538,29260,17179,56779,1.1
3bc4508d09756a40c85ddf0c62b94aaf5d957d58,7486,313,0,0.0,13.8,171603,2285,17532,29244,17177,56747,1.1
67eecabf44d2a00ab95d9606dc3c34188c6c0d11,7484,313,0,0.0,13.8,171578,2285,17532,29243,17172,56709,1.1
c355a1a836fd831d6f1f31f2c0763d6f0647e26e,7484,313,0,0.0,13.8,171578,2285,17532,29243,17170,56709,1.1
8bf918ff676e2e19e46ea02bf9169e0abf86d15d,7484,313,0,0.0,13.8,171578,2285,17532,29243,17170,56709,1.1
5e85623c976102d79ab8253350f882a3d053c562,7484,313,0,0.0,13.8,171562,2285,17532,29241,17170,56732,1.1
11fd99937f1b06994186d6afbf60dcac8f90b79f,7480,313,0,0.0,13.8,171241,2280,17513,29220,17170,56715,1.1
ed7be11af9a8a9dddb4d23eea089f3890391575b,7480,313,0,0.0,13.8,171241,2280,17513,29220,17150,56715,1.1
0438ee72bdfb7cc0fd9d97bf3f8283783d865bb8,7481,313,0,0.0,13.8,171241,2280,17513,29222,17150,56722,1.1
36fde9e3e83f38e0d2e8f510c1e69a3aac8c3419,7488,313,0,0.0,13.8,171241,2280,17513,29222,17150,56739,1.1
901c4632c03f2311ab79e05edbabdb11144a4713,7488,313,0,0.0,13.8,171241,2280,17513,29222,17150,56739,1.1
8c1036e7673d7c38beff26fca0a88454ec49f81d,7489,313,0,0.0,13.8,171241,2280,17513,29222,17150,56744,1.1
9ae6ed76c9ed7f3e3cf7b9e5f3c79e8f1504b3a0,7489,313,0,0.0,13.8,171239,2280,17513,29220,17150,56744,1.1
52e2b1c1b6999a274d39107fc5ae355063b91666,7483,313,0,0.0,13.8,171161,2279,17507,29212,17150,56678,1.1
9d2ef9a032aef9cd28508992c07aafa7be4e3f01,7482,313,0,0.0,13.8,171120,2279,17502,29199,17150,56673,1.1
457b04dcf534ad3a2700eeb0cde483dad1a68a5e,7482,313,0,0.0,13.8,171120,2279,17502,29199,17150,56673,1.1
f6bb5d1c90d44ddf3f7330398cadc5f6b45e99b0,7482,313,0,0.0,13.8,171118,2279,17502,29199,17150,56673,1.1
b7cb918ab021a0b7efc27f9e89458e914e9c3584,7482,313,0,0.0,13.8,171101,2279,17503,29192,17148,56673,1.1
8bec9760548206067bad28e9290675334b1fbfe1,7482,313,0,0.0,13.8,171100,2279,17503,29192,17148,56673,1.1
28ec1f8830d89a6f5777c4e78a233194c4ea3557,7482,313,0,0.0,13.8,171100,2279,17503,29192,17148,56673,1.1
c6413a936bd623333af728b9fc229ca5c88097cb,7482,313,0,0.0,13.8,171081,2279,17503,29190,17147,56671,1.1
e234a8919a85922a99413a77f5eba370d62c665a,7482,313,0,0.0,13.8,171047,2279,17499,29186,17145,56671,1.1
f09ac8ce37a7362ed1cfbac4fb0c245399c6edfd,7481,313,0,0.0,13.8,171012,2278,17495,29177,17145,56666,1.1
14f62f20da9933a234c3d2a07d67644be78f2b5f,7481,313,0,0.0,13.8,171002,2278,17494,29176,17145,56666,1.1
08e00a9027cde04cb7d57631e1951ea41f642cbe,7481,313,0,0.0,13.8,171002,2278,17494,29176,17145,56666,1.1
cc1cfe3eb48833cdba614f70992b42cc23369981,7479,313,0,0.0,13.9,170961,2278,17487,29166,17144,56651,1.1
1acdd1e766f7b88098c17a19aa147f2383bc88db,7479,313,0,0.0,13.9,170959,2278,17487,29165,17144,56651,1.1
0f99cb65c3f2d679be9452747ff2833faff4df5f,7479,313,0,0.0,13.9,170959,2278,17487,29165,17144,56651,1.1
a9a69eac67ded8663fb96e940f07eacc8c0f72b5,7479,313,0,0.0,13.9,170959,2278,17487,29165,17144,56651,1.1
d2f58d4b692f0b5df6a85454628c6fe7131ce30d,7479,313,0,0.0,13.9,170956,2278,17487,29165,17143,56651,1.1
80646ba28fd5c06aeeabaa81e90c469b91e5745d,7480,313,0,0.0,13.9,170957,2278,17487,29165,17143,56652,1.1
95ea6c9ec87c86bb87ce88ec0ba679fc22601ae7,7480,313,0,0.0,13.9,170922,2278,17486,29161,17143,56652,1.1
b288ad7e3812d2354e54aa2f20f8127f24586a5e,7480,313,0,0.0,13.9,170869,2278,17483,29151,17143,56652,1.1
63809bf8e3bd556d2da4cea8affa9f530ee026a6,7481,313,0,0.0,13.9,170830,2277,17478,29141,17140,56649,1.1
f790ec2563ee18e756e718ceb8c78c1f403466e1,7482,313,0,0.0,13.9,170827,2277,17478,29141,17140,56654,1.1
84c80b90499553dae67cd1d76e97fc6cb2d2ed6f,7480,313,0,0.0,13.9,170822,2277,17476,29141,17140,56639,1.1
1ec293bf7ffc41d184883d051192c4452367d0f4,7480,313,0,0.0,13.9,170826,2277,17476,29141,17140,56639,1.1
f264dac97307abe08992b71caf5912a741c21cd8,7480,313,0,0.0,13.9,170768,2277,17476,29141,17140,56639,1.1
2dabc7a841fa10ffa67acad3ef6d40e9b7062ecb,7480,313,0,0.0,13.9,170769,2277,17476,29141,17140,56639,1.1
9f0a07e8302f248eb43e218c1cd08085cc081570,7480,313,0,0.0,13.9,170769,2277,17476,29141,17140,56639,1.1
3308a197751eeb97baddf157f53813a3447d159f,7480,313,0,0.0,13.9,170767,2277,17476,29141,17140,56639,1.1
3211a1f9e10969c48d0193aac5825208a33296bf,7483,313,0,0.0,13.9,170767,2277,17476,29142,17140,56645,1.1
dfdc9a6ee8329f6eecab90f6b0f77a2ae2db811d,7484,313,0,0.0,13.9,170767,2277,17476,29142,17141,56650,1.1
3b5dc6e53b04d313611ed907c0ba270f6ff06444,7488,313,0,0.0,13.9,170779,2277,17476,29142,17141,56710,1.1
268b09269492561991e7104de00a53b41d7ffbd0,7488,313,0,0.0,13.9,170760,2277,17476,29142,17141,56710,1.1
15297955404cb13d4bbb41b24dac67804a9661cc,7494,313,0,0.0,13.9,170760,2277,17476,29142,17141,56740,1.1
16f1fad340a88571f85c26b3f028f30c2d5ad62e,7494,313,0,0.0,13.9,170761,2277,17476,29143,17141,56740,1.1
1aed3aea92c093fb55db81f99622a9f925b07939,7494,313,0,0.0,13.9,170762,2277,17476,29143,17141,56740,1.1
eeca7c947dff6392fa8057836333d3ba719747e9,7496,313,0,0.0,13.9,170762,2277,17476,29145,17141,56744,1.1
a8a6a91bc8d085b58ca5c48a782270d7a327c106,7494,313,0,0.0,13.9,170772,2277,17476,29146,17143,56721,1.1
4c0c82548c3975c3f84af682d64d4f68581d0dfa,7495,313,0,0.0,13.9,170775,2277,17476,29146,17143,56726,1.1
6e4e6b769a3b7dc5d6bad801cd394949cdfe1b7b,7495,313,0,0.0,13.9,170775,2277,17476,29146,17143,56726,1.1
d02e1fd9d41ee986dd841a58f30d080c633b738f,7495,313,0,0.0,13.9,170775,2277,17476,29146,17143,56726,1.1
15ed9f85929a30aaba0b02d23a00d4339f67dad3,7494,313,0,0.0,13.9,170769,2277,17475,29144,17143,56721,1.1
cc28365f87aa45c9ccb0de467ee2213da7e4837b,7494,313,0,0.0,13.9,170764,2277,17475,29143,17135,56721,1.1
ff76661ef4ad2af0b92c208dc0740bb00e93020b,7495,312,0,0.0,13.9,170766,2277,17474,29144,17135,56751,1.1
d5b0875a90c2c9d5da1d9eab56c00499ee6fa9a7,7495,312,0,0.0,13.9,170766,2277,17474,29144,17135,56751,1.1
fa157deadf65d00c9884d611430ec78e585840ff,7495,312,0,0.0,13.9,170766,2277,17474,29144,17135,56751,1.1
8acd17cf43a17d2a8df1ca01b11d25763de734a1,7486,312,0,0.0,13.9,170384,2265,17441,29099,17102,56603,1.1
1e6aa579bf07f0d15c057cfef2fd06783a869353,7486,312,0,0.0,13.9,170380,2265,17441,29099,17102,56600,1.1
9cae36e0f5ae469dcc86853ad440b183bba48712,7486,312,0,0.0,13.9,170380,2265,17441,29099,17102,56600,1.1
9e9517dc2fb2892a256b8e2a0eaaadb9164b8b61,7486,312,0,0.0,13.9,170380,2265,17441,29099,17102,56600,1.1
e1beaf2f8ec65c317830f7e5ffbe5a4106a9b822,7486,312,0,0.0,13.9,170378,2265,17441,29099,17098,56599,1.1
93f21c1797991112084c352b55b00aa9063c6383,7485,312,0,0.0,13.9,170377,2265,17440,29099,17098,56594,1.1
fbaa4c641a3eebb13e2cad4798818bdfd515ea17,7485,312,0,0.0,13.9,170374,2265,17440,29098,17098,56594,1.1
5a69cc69baef3c2b3d07313f4831f6fe3bef4e1a,7485,312,0,0.0,13.9,170374,2265,17440,29098,17098,56594,1.1
5931fa7bd2eb3c9e6bdff3a720adfcaf36bcc976,7485,312,0,0.0,13.9,170399,2265,17440,29107,17098,56608,1.1
0227fda49ae92a60a66a5f02dc915e32fcc0512f,7486,312,0,0.0,13.9,170399,2265,17440,29107,17098,56613,1.1
4d6639e2ead5195a093a6b16f65140e20c7c4cb9,7485,313,0,0.0,13.9,170387,2265,17440,29106,17097,56568,1.1
ad2d30ba90eaea6074fbe4c2497789e0545e915c,7483,313,0,0.0,13.9,170338,2265,17439,29105,17097,56513,1.1
e77e4b165039b6f53b238d0b686254126f616783,7483,313,0,0.0,13.9,170349,2265,17441,29113,17097,56513,1.1
511af3fe12f0847d3a3324b6fb9593e2b8751528,7484,313,0,0.0,13.9,170348,2265,17441,29112,17097,56518,1.1
7e4b2f323cd264bc9f282d06b02e03adb49ed606,7484,313,0,0.0,13.9,170348,2265,17441,29112,17097,56518,1.1
4848762b5f821688b27dd076f66d615f5f6a2f40,7484,313,0,0.0,13.9,170341,2264,17440,29111,17095,56518,1.1
7214308b8adfae50c2def5f6f6af37f73d36b9ac,7484,313,0,0.0,13.9,170331,2264,17440,29108,17095,56512,1.1
2d2341e544927244843fda934529bd8445ea99bf,7486,313,0,0.0,13.9,170396,2266,17444,29115,17107,56557,1.1
b3d74c30a821768543d482eb239651c127a6887b,7486,313,0,0.0,13.9,170393,2266,17444,29115,17107,56557,1.1
1750e47c647efdeaf758bdd482f0943d1b715c80,7482,313,0,0.0,13.9,170367,2265,17438,29110,17096,56527,1.1
d4d016b605c04d3aa911b31cd90fae768e3c5ecb,7482,313,0,0.0,13.9,170367,2265,17438,29110,17096,56527,1.1
2f62b273ceb20772d0734da03c1fd12ad465fcd6,7482,313,0,0.0,13.9,170367,2265,17438,29110,17096,56527,1.1
10e22bad63b5f263cf45a7be120a58a89ad44a8c,7482,313,0,0.0,13.9,170365,2265,17438,29110,17096,56527,1.1
f89a1a8dadb419a06494433ed53b9a35f69c36dc,7482,313,0,0.0,13.9,170365,2265,17438,29112,17090,56531,1.1
c2c772e1a13fd95c2b53728e5cd6e45d9a3a8ae6,7482,313,0,0.0,13.9,170360,2265,17438,29112,17090,56531,1.1
7a90ab929a9d8b00179aa904469df1f7462497d8,7479,313,0,0.0,13.9,170367,2263,17438,29109,17089,56505,1.1
839d2a604e629ea9e96b964be09ae221e85312ba,7479,313,0,0.0,13.9,170367,2263,17438,29109,17089,56505,1.1
00febe9e3cb450737d403a937322dc08ab5c6f2a,7479,313,0,0.0,13.9,170367,2263,17438,29109,17089,56505,1.1
0948135e7ba9c7a85d9789a95df106c3a4617c83,7479,313,0,0.0,13.9,170367,2263,17438,29109,17089,56505,1.1
1cd9b6aada32a7e696584a5f77303ba1ce9cffbf,7479,313,0,0.0,13.9,170367,2263,17438,29109,17089,56505,1.1
0f7e07fb174d204cf4b3ef05cd27f40cef2faea0,7478,313,0,0.0,13.9,170348,2263,17435,29106,17086,56486,1.1
938a46641ce76df26a01d5f7543b474219c78240,7478,313,0,0.0,13.9,170348,2263,17435,29106,17086,56486,1.1
e31fd26f2c95e4cb8a14774ed6df7b1c3514f6ae,7478,313,0,0.0,13.9,170348,2263,17435,29106,17086,56486,1.1
3b03c3f29807b654b12af5376ecedd494be12acb,7480,313,0,0.0,13.9,170343,2263,17434,29105,17085,56487,1.1
7987100cad797ae82394ae88c87bac43a93ccf40,7480,313,0,0.0,13.9,170343,2263,17434,29105,17085,56487,1.1
48ef06478c02445177cec866710f0aafd7718f45,7480,313,0,0.0,13.9,170336,2263,17434,29103,17085,56483,1.1
44e935f84b6032206c796d024b4b302a413d9504,7485,313,0,0.0,13.9,170462,2263,17434,29105,17085,56499,1.1
e1480f907fd608b4ad0434b1367b30b3cf79defd,7483,315,0,0.0,13.9,170407,2263,17430,29094,17084,56489,1.1
53dca537089441e84160391c8f7efd7b40dd9155,7486,315,0,0.0,13.9,170372,2263,17428,29089,17084,56495,1.1
9ebc217e9dc9ee23cdceb85398742b6f7f6509a6,7486,315,0,0.0,13.9,170355,2263,17427,29087,17082,56495,1.1
202b5374096c1b1f1a7dce6f0cae6683d083f8cf,7486,315,0,0.0,13.9,170361,2263,17427,29090,17082,56495,1.1
5b898517b88c11825a5ec742d16c8401d3a81d97,7486,315,0,0.0,13.9,170361,2263,17427,29090,17082,56495,1.1
6b9ddc0b9ba5222a2a30b236a2103d64c1da989d,7486,315,0,0.0,13.9,170361,2263,17427,29090,17082,56495,1.1
4a852a1c681f79d7e567ec70e1106b9f031cac23,7486,315,0,0.0,13.9,170361,2263,17427,29093,17082,56496,1.1
0ebbeab31d161948263349a8df8a7880a4ecea78,7486,315,0,0.0,13.9,170361,2263,17427,29093,17082,56496,1.1
03227ff131d8366a5687ff52213503a5eec3f5e6,7486,315,0,0.0,13.9,170356,2263,17426,29092,17081,56496,1.1
20f9618283f56579038f432714748267bf9d66fc,7486,315,0,0.0,13.9,170356,2263,17426,29092,17081,56496,1.1
8eae30105ca005374683433964318b667d0c290c,7480,315,0,0.0,13.9,170315,2263,17426,29082,17081,56469,1.1
4704413b37ecdeafde73de0b6915aaa0d0b54b1c,7480,315,0,0.0,13.9,170315,2263,17427,29089,17079,56469,1.1
9337af08929d7ab807e2585b1cd3b170a6d7f4dc,7478,315,0,0.0,13.9,170266,2263,17424,29083,17079,56460,1.1
97e20f50c3d4cf537d28d6a711c4d006a8f2eda5,7478,315,0,0.0,13.9,170258,2263,17423,29074,17079,56460,1.1
05d37651f3916cee0c8ad1e5ea80025943d0aae9,7478,315,0,0.0,13.9,170271,2263,17423,29074,17079,56460,1.1
46d3dad8ff4952244336d90bf5551de84ae1e6e1,7473,314,0,0.0,13.9,170092,2263,17411,29053,17079,56435,1.1
1cd29b6f8ebf6c5b0180071a5d1a963889a80a01,7472,314,0,0.0,13.9,170087,2263,17411,29049,17079,56426,1.1
083748d231eea351a3588c8387770d35a00ea790,7472,314,0,0.0,13.9,170079,2263,17410,29048,17079,56426,1.1
a8800c8e71d25745ad0dd9af97e5aaa4e51b305e,7473,314,0,0.0,13.9,170118,2263,17417,29056,17081,56426,1.1
cd582c5c036a92296b5fbf844f44c1c67ae26e76,7473,314,0,0.0,13.9,170119,2263,17417,29056,17081,56426,1.1
a9746a0ae4f35948442b7d4de889ed3b91e339fe,7466,315,0,0.0,14.0,170176,2265,17414,29029,17095,56369,1.1
d8073ab680db646aa3dfb691b23d46750f048c8a,7466,315,0,0.0,14.0,170177,2265,17414,29031,17095,56369,1.1
85f3db20e277a960ad3eea7992ade554f5958f6d,7459,315,0,0.0,13.9,170077,2265,17411,29025,17095,56294,1.1
170a8c9c2a4cc0147f9a77f763c91311deaa7446,7459,315,0,0.0,13.9,170077,2265,17411,29025,17095,56294,1.1
e5bc3c642fa060268f3e7e5aa7fcc9270318b0f6,7459,315,0,0.0,13.9,170077,2265,17411,29025,17095,56294,1.1
f2e34318897fd8a241237e5a4b12e815692944f6,7459,315,0,0.0,13.9,170077,2265,17411,29025,17093,56294,1.1
14e2a148cfc26a39951f26462366cf9f7bbad555,7459,315,0,0.0,13.9,170077,2265,17411,29025,17093,56294,1.1
a80dd772cd6cff656d49bca6043f04b4b5b7d1cb,7459,315,0,0.0,13.9,170077,2265,17411,29025,17093,56294,1.1
0d7c639d23217a5158cdd33645d2940bdde247a1,7459,315,0,0.0,13.9,170077,2265,17411,29025,17093,56294,1.1
b4d18f7dfd803bf020cead3c2150b26ef6e549fc,7459,315,0,0.0,13.9,170078,2265,17411,29025,17093,56294,1.1
3c9df68007fd44acacd801451e53bdd038c3e0e1,7532,317,0,0.0,14.0,170092,2265,17411,29025,17045,56477,1.1
80776517e923a7bb77a307b74d3b5fdfa1c2b22d,7530,317,0,0.0,14.0,170094,2265,17411,29025,17043,56467,1.1
a22380d610c034241b1ae7f8698df91496bfefb3,7530,317,0,0.0,14.0,170084,2265,17411,29025,17043,56467,1.1
46f18838a19bb091bbab41557fba925348bbfd57,7530,317,0,0.0,14.0,170080,2265,17411,29025,17043,56467,1.1
b576bb770c4b12118564602beef0e9270feccd6f,7530,317,0,0.0,14.0,170080,2265,17411,29025,17043,56467,1.1
028d5f011132975582298ef21127e564c7a98957,7530,317,0,0.0,14.0,170070,2265,17410,29022,17043,56467,1.1
77a478451794630eff29251b5405c77fd837f040,7546,317,0,0.0,14.0,170155,2263,17407,29028,16940,56531,1.1
45066480b5852f8882c0bddbfe9a106cc25e7656,7546,317,0,0.0,14.0,170155,2263,17407,29028,16940,56531,1.1
11a175038958720a80f1e33dc3435301c4ba39bc,7545,317,0,0.0,14.0,170132,2263,17405,29025,16939,56526,1.1
cb5d18346d05c9f0f37bf25f850d95ee41b735ad,7548,317,0,0.0,14.0,170018,2263,17397,29008,17036,56541,1.1
8b08cd1052888d3415dc0978d5899bff76d52a2c,7546,317,0,0.0,14.0,170016,2263,17397,29008,17035,56526,1.1
5c44f2f2fb506d3a3ff408979c0a216b772aaa8f,7544,317,0,0.0,14.1,169968,2260,17395,29004,17020,56516,1.1
a2a0a747fc63d4c2af30e7817606a2ccc65189b0,7538,317,0,0.0,14.1,170026,2255,17393,29014,16894,56490,1.1
764b110d445bdbdaecad12741ab7cbe68a40afea,7540,317,0,0.0,14.1,170009,2255,17394,29010,16894,56500,1.1
3f1307da013987c40439eb60dbc4fb01c8a601e8,7540,317,0,0.0,14.1,170003,2255,17393,29008,16869,56500,1.1
6898691b99b7d3c2be82fc506856835fcc4b2ce8,7540,317,0,0.0,14.1,170008,2255,17393,29008,16869,56508,1.1
478f81a5ba4b0e84335221c7a293393f184e2543,7541,317,0,0.0,14.1,170006,2255,17392,29007,16869,56513,1.1
84574af7feb9b972555f580d99d215dd36244296,7536,317,0,0.0,14.1,169982,2255,17389,28998,16869,56500,1.1
ec16ba4aef01ffe722b91d7281c4699a34290417,7536,317,0,0.0,14.1,169982,2255,17389,28998,16869,56500,1.1
c42b0a8cb23be43e159a9f6256eb889e026d54f5,7536,317,0,0.0,14.1,169982,2255,17389,28998,16869,56500,1.1
13ef73ac55930fe30500292732d8e18585a5cb12,7537,317,0,0.0,14.1,169971,2255,17388,28998,16881,56488,1.1
efb8e304c77be92d1af4f90689cdab625fc15a99,7537,317,0,0.0,14.1,169969,2255,17388,28998,16881,56488,1.1
4d8a1847e1509f0f707db4fc7eaba64b3ab2f009,7479,317,0,0.0,14.0,170238,2258,17414,29071,16997,56375,1.1
37ddb35024227155fcc08222d1615d91ff12dc56,7537,317,0,0.0,14.1,169962,2255,17387,28996,16881,56488,1.1
562bfcc16a3f63e9f207726b2b7f4981d6aa9df3,7492,317,0,0.0,14.0,170623,2263,17446,29117,17045,56489,1.1
3512e27669f051ae04c76ba3bb2893f439ee06c9,7479,317,0,0.0,14.0,170231,2258,17413,29069,16997,56375,1.1
dc583821a462e964a9390bf606cc01bd7ec36698,7479,317,0,0.0,14.0,170230,2258,17413,29069,16994,56375,1.1
610b3e6e13140fb044f3875459f0b115e39c8d61,7479,317,0,0.0,14.0,170230,2258,17413,29069,16994,56375,1.1
ca8bd0f87e8d3c4f88486f1a5063c7a2d78c27d8,7479,317,0,0.0,14.0,170230,2258,17413,29069,16994,56375,1.1
7c68d77c055a61c5edf46b2f7a688e149f014673,7479,317,0,0.0,14.0,170213,2258,17413,29068,16994,56375,1.1
73f182a8cd3b0b9fcf084e11ccb8e005b740bb58,7479,317,0,0.0,14.0,170213,2258,17413,29068,16994,56375,1.1
a7a26d8977cb9d12636fc9f4d5bbf6201c60c632,7479,317,0,0.0,14.0,170213,2258,17413,29068,16994,56375,1.1
8d7e483bbd2b29d6fb497ccddcd30df44bc99e57,7479,317,0,0.0,14.0,170212,2258,17413,29068,16994,56375,1.1
5f890391771d8b2b289296de5b19223a889f2774,7630,316,0,0.0,13.7,174731,2339,17955,29766,17294,57801,1.1
50315fe3d16a6b8d4e082a317e9606909c0c6159,7630,316,0,0.0,13.7,174731,2339,17955,29766,17294,57801,1.1
d4ba7f906a026cab3a671728b0504efb4c2d065d,7630,316,0,0.0,13.7,174731,2339,17955,29766,17294,57801,1.1
1722689ac3fd0f0c8b9a6b98840c080d3d018abd,7630,316,0,0.0,13.7,174731,2339,17955,29766,17294,57801,1.1
08e994f617755c37d47f27d2b7c46affe5113f33,7630,316,0,0.0,13.7,174731,2339,17955,29766,17295,57801,1.1
7e5ad3a436144cb32c95a31980b3ff6cc13a2f3e,7537,317,0,0.0,14.1,169943,2255,17387,28995,16878,56488,1.1
055a1594607c7bd187e3fa1cd0aeaa2c1fcea3f6,7492,317,0,0.0,14.0,170604,2263,17446,29116,17042,56489,1.1
8be772625d4f8eb18bfd5fa6d2bb2f0accd52270,7479,317,0,0.0,14.0,170212,2258,17413,29068,16994,56375,1.1
b133782e4ef38d2cb154de19b5d085e3fa84f2e9,7475,318,0,0.0,14.0,170158,2256,17418,29071,16993,56361,1.1
a27bf072b42c1971b1d4b85fb4f5fb37b17e3fdb,7475,318,0,0.0,14.0,170156,2256,17418,29070,16993,56361,1.1
186b09fc321cf1a9ab7bd2f410e2f47dd5da20f9,7476,318,0,0.0,14.0,170167,2256,17418,29070,16993,56391,1.1
c75db7dd8bcfbb48ed7f6fbaa39f2b1479629e55,7478,318,0,0.0,14.0,170182,2256,17419,29074,16992,56401,1.1
b0cf97ebc34d4accfd0b4532c2e5d8088fc003ac,7465,318,0,0.0,14.0,170055,2256,17413,29043,16988,56302,1.1
1c1101d57a077db48d5fc80f874a52680364ddc8,7459,318,0,0.0,14.0,170046,2256,17412,29041,16987,56227,1.1
dfa84998968f7f9bfc25b935b531fcf8c67fe854,7112,316,0,0.0,13.9,163513,2177,16638,28206,16777,53498,1.1
0a746cc262a4155e346922af919dc5acc8ffd07b,7181,317,0,0.0,13.9,163371,2172,16619,28183,16764,53636,1.1
92f1a5cf18785b9ec45f890714563f629efe7a45,7183,318,0,0.0,13.9,163375,2172,16619,28184,16764,53642,1.1
8b65327956792db295a4a84907098a2019e10fbf,7186,318,0,0.0,13.9,163358,2172,16619,28180,16795,53652,1.1
0680ed627d84f8107f590d6e3951c4c7db67635f,7186,318,0,0.0,13.9,163355,2172,16619,28179,16794,53652,1.1
02eabd6369400fd61db29ca44492678af745bccd,7186,318,0,0.0,13.9,163355,2172,16619,28179,16794,53652,1.1
1090348566dd5afd1f5a03477ccc3120167bd639,7186,318,0,0.0,13.9,163349,2172,16618,28178,16794,53652,1.1
cea3de7b3804323badef97008632e6d83e3a1177,7185,318,0,0.0,13.9,163286,2172,16604,28159,16781,53632,1.1
e826d0864b95a03a013f5c0d270d5c9bb3ca454d,7185,318,0,0.0,13.9,163230,2169,16595,28144,16772,53632,1.1
c2c6cdb1c47df56a5222915a055fac3e4c32ca59,7054,301,0,0.0,16.2,153285,1943,15447,26280,14358,53485,1.2
5618b12340b9c3ecf90c7e01c274a4f094cc146c,7112,317,0,0.0,13.9,163171,2168,16593,28138,16772,53469,1.1
2da8f237cd2b1246d33fdc01777e6d41a03afa4a,7112,317,0,0.0,13.9,163141,2168,16592,28136,16771,53469,1.1
bcfb476227b7d00afe70647647fe554770b75691,7111,317,0,0.0,13.9,163104,2167,16590,28129,16765,53464,1.1
35089d863e09a1e28b9a28689a9bc7a968602441,7111,317,0,0.0,13.9,163104,2167,16590,28129,16765,53464,1.1
9a32817764abff8f06e4fad911dd69cede3b3723,7111,317,0,0.0,13.9,163097,2167,16589,28128,16765,53464,1.1
3b4b67b61af25b176106bd71dd4a70e850142a1d,7111,317,0,0.0,13.9,163097,2167,16589,28128,16765,53464,1.1
505ffd5a5dd66e1ea7f383734ab5a5fb5b4e8867,7111,317,0,0.0,13.9,163100,2167,16589,28128,16765,53465,1.1
3257ef48f524c748c0651e97f6a8d06ff2963c94,7109,317,0,0.0,13.9,163101,2167,16589,28128,16765,53455,1.1
ffd7f9edd5b2b2bdf5a79c3f61d6265f15d13d04,7110,317,0,0.0,13.9,163139,2168,16593,28136,16773,53457,1.1
0ad3577dd40b535e38d7262a544d1f705015edab,7110,317,0,0.0,13.9,163139,2168,16593,28136,16773,53457,1.1
c18e6c367237584cc01c630141262cad9aae9595,7054,301,0,0.0,16.2,153285,1943,15447,26280,14358,53485,1.2
15d808446d4bebc3b87f986ccc657f9e5baff728,7054,301,0,0.0,16.2,153281,1943,15447,26278,14359,53485,1.2
39f84fe8fed20bc9d59e5d5f442ef1dec211b538,7041,302,0,0.0,14.7,153487,1920,15426,26294,13972,53053,1.2
6d3bbb02e7d778194e8a9fcf271a80f82ae9ef58,7100,317,0,0.0,13.9,162956,2165,16579,28112,16748,53402,1.1
ec4ee5c4dae6ff4f159d25af199a7aa343380255,7097,312,0,0.0,15.4,162107,2162,16471,27959,16694,53369,1.1
7e82c56de4f5e9282826f996322a41e686241a85,7097,312,0,0.0,15.4,162107,2162,16471,27959,16694,53369,1.1
4299fcca9b2ee4d0969c36d7581170a4be315ea5,7041,302,0,0.0,14.7,153484,1920,15426,26293,13972,53053,1.2
e418e5e42f3ae03724013cb059bc9c2ef3dd7d3b,7041,302,0,0.0,14.7,153484,1920,15426,26293,13972,53053,1.2
87547793e0530aabdf429218629def9001347252,7041,302,0,0.0,14.7,153484,1920,15426,26293,13972,53053,1.2
4dd6ed752f9d2a7191c9a053b24a97b345117d98,7041,302,0,0.0,14.7,153484,1920,15426,26293,13972,53053,1.2
f5899d80d0d14f2ba5377a781cc376fa395c986d,7041,302,0,0.0,14.7,153485,1920,15426,26293,13972,53053,1.2
a9d64bd68bb009440101d15d11a8b35a8ba9fd58,7084,312,0,0.0,15.4,162045,2162,16466,27940,16684,53287,1.1
ac7063c994b98c76d03c175f9c21faea9c0d1bf9,7084,312,0,0.0,15.4,162045,2162,16466,27940,16684,53287,1.1
8b15388a2e7a8b98842e21b08c333ed1ed6b3f82,7084,312,0,0.0,15.4,162045,2162,16466,27940,16684,53287,1.1
657517a151e39f72ca8d0ae4907b28f14c278edb,7083,312,0,0.0,15.4,162033,2162,16466,27940,16681,53282,1.1
19ab54183792795399b6d287bb205e4a1a214dff,7084,312,0,0.0,15.4,162009,2162,16464,27933,16681,53290,1.1
3e78bd8867c317376c11050fe10233ac9305b91c,7084,312,0,0.0,15.4,162009,2162,16464,27933,16681,53290,1.1
20351b01a8abebd488a86fdaa5b70c02eb1886f9,7075,312,0,0.0,15.4,161992,2163,16466,27923,16688,53256,1.1
128a50a6a9eddf4626f0cfe9d007bbe9915c3402,7041,302,0,0.0,14.7,153483,1920,15426,26293,13972,53053,1.2
524cf9561da11576a2765e86cdbb24b325a9929d,7054,301,0,0.0,16.2,153261,1943,15444,26273,14354,53485,1.2
a0b1620d46ded6b1dd20d6a2e814079798ec889f,7037,302,0,0.0,16.2,153125,1920,15382,26219,13949,53106,1.2
ae46f6f5943a9b74c3c99ca719f7422ab8956496,7037,300,0,0.0,16.2,153104,1920,15382,26213,13949,53106,1.2
c952cd4df882cbdd1668c07650aae65f0ea91d2c,7037,300,0,0.0,16.2,153100,1920,15382,26213,13949,53106,1.2
21871c77ca2d9812302b6acb4215351c8b934b55,7040,300,0,0.0,16.2,153099,1920,15382,26213,13949,53134,1.2
fe2b1274d07454a32d2399f084cd50cf0e76d625,7068,312,0,0.0,15.4,161912,2166,16471,27887,16760,53147,1.1
66fbd3202a7d210d27ffbfa5505f3f580347cfc3,7054,301,0,0.0,16.2,153261,1943,15444,26273,14353,53485,1.2
7621c9e3d1b480c03146fb51355957e3197cadfd,7066,312,0,0.0,15.4,162000,2165,16472,27889,16592,53116,1.1
1be3c999d112215a1354ab396cb2fbb94f3d2a0e,7010,312,0,0.0,15.0,160481,2143,16247,27479,16574,52745,1.1
b5e9f9d0f37574eee6707a966631f392a3237648,6994,311,0,0.0,14.8,160295,2141,16161,27466,16562,52631,1.1
423facb22c92590a925a63922a1532f9e9df6153,7032,300,0,0.0,16.2,152948,1919,15357,26164,13949,53088,1.2
88c23867ac3641eba43c848714882ffc5896bedd,7032,300,0,0.0,16.2,152947,1919,15357,26164,13949,53088,1.2
b797852fb3a8f3a56da2e66cf6578f99734c91d6,7054,301,0,0.0,16.2,153256,1943,15443,26271,14352,53485,1.2
1d7e8fac4523d7482d5f2d8f25dd024807e3d3d5,7054,301,0,0.0,16.2,153256,1943,15443,26270,14352,53485,1.2
b65c5cc745e2733f7011b418a1aa372158e06f92,7035,300,0,0.0,14.7,153279,1919,15398,26249,13971,53035,1.2
52bace680ba084fecb38d32b08bc6784876f69f7,7027,300,0,0.0,14.7,153229,1919,15397,26237,13969,53015,1.2
7bf5c98fcec87aebbdcebe175bb87cfcb1e0d879,7027,300,0,0.0,14.7,153227,1919,15397,26237,13969,53015,1.2
055f1cc6adab30fc09496144cb66952fa5a05376,7027,300,0,0.0,14.7,153222,1919,15396,26235,13969,53015,1.2
62e204e424a723952439d0eb65cc8df4957bde34,7032,300,0,0.0,16.2,152947,1919,15357,26164,13949,53088,1.2
c30a430ae4fe07491ab16f6aeb0238b727ad5101,7490,316,0,0.0,15.1,169078,2244,17103,28532,17006,56240,1.1
c152c3ce1114ebaee0a5717c21133c54a050d5cf,7054,301,0,0.0,16.2,153239,1941,15441,26270,14350,53489,1.2
1a58ca0277e4e8b4ffe1a09a035840fe11540f97,7054,301,0,0.0,16.2,153239,1941,15441,26269,14350,53489,1.2
c31ef9ad934688469826b39f35b709f712e56c75,7032,300,0,0.0,16.2,152945,1919,15357,26164,13949,53088,1.2
288aa4a417d25fbc936abb09ae17802bc75e9459,7032,300,0,0.0,16.2,152945,1919,15357,26164,13949,53088,1.2
ff56d53f715b3b1b3ff7af54de1df7ac436d8728,7054,301,0,0.0,16.2,153239,1941,15441,26269,14350,53489,1.2
d124f7156e316b394f1f0a317088dc75cbfa6848,7057,300,0,0.0,16.2,153546,1942,15491,26369,14408,53394,1.2
ac7057de36069bad6584ed7a68ab8d3c81ac2345,7057,300,0,0.0,16.2,153541,1942,15491,26369,14408,53394,1.2
27a8c1297e525f6b8ca76fb192a22220647071c6,7057,300,0,0.0,16.2,153541,1942,15491,26369,14408,53394,1.2
f6993ffd4e4c123cda6b1d164485c0dbb631a70d,7027,300,0,0.0,14.7,153226,1919,15397,26238,13972,53015,1.2
e88242c0beaf99bb015e47f9c9e40667d2776d05,7032,300,0,0.0,16.2,152945,1919,15357,26164,13949,53088,1.2
a5cc7a26179aab97b3bee3fcc93fe90ac0ecb29f,7057,300,0,0.0,16.2,153542,1942,15491,26369,14408,53394,1.2
77617c226ce8a0480d37e92dac6ede385f14fc44,7032,300,0,0.0,16.2,152946,1919,15358,26165,13950,53088,1.2
e5ca42bcffb4b32ec5acb021d7c27960acf3cb94,7057,296,0,0.0,16.2,153226,1935,15455,26307,14418,53311,1.2
d775ff5e237f90ac7f0c6a665ab7ffd25d7c89bf,7515,311,0,0.0,15.3,167708,2220,16903,28222,16504,56352,1.1
5066775e5893f4ee8764885f1d3233e363afefea,7027,300,0,0.0,14.7,153222,1919,15396,26235,13969,53015,1.2
7e0ef420b63b418baf182cbc92dce7cc795fa2b8,7027,300,0,0.0,14.7,153222,1919,15396,26235,13970,53015,1.2
576ee2c55a1077095208e98c1e4e3896ce087487,7055,301,0,0.0,16.2,153192,1940,15434,26257,14347,53494,1.2
f621a45f81e6d090739f10ca076aabd655a42f47,7032,300,0,0.0,16.2,152941,1919,15357,26163,13950,53088,1.2
c859ddd835d8c77244678f0e94334245be1c61ea,7032,300,0,0.0,16.2,152941,1919,15357,26163,13950,53088,1.2
041aa39c825cc21bf16fd380890c4fea2e509caa,7032,300,0,0.0,16.2,152939,1919,15357,26163,13950,53088,1.2
7d65897d44bd5477e2b3588b734fd8aaceae28a6,7032,300,0,0.0,16.2,152939,1919,15357,26163,13950,53088,1.2
805e2daebd7f05229281f074ed85dc9dbf090c14,7027,300,0,0.0,14.7,153221,1919,15396,26236,13972,53015,1.2
781ec637da9f1d16733fc811ea333d9153a40ae0,7027,300,0,0.0,14.7,153221,1919,15396,26236,13972,53015,1.2
5384c0f6bc10a65f123a3d6d269c275fd5214dcf,7027,300,0,0.0,14.7,153221,1919,15396,26236,13976,53015,1.2
7e6dcd4769c3975a27fe5047c0ae35842a894892,7055,301,0,0.0,16.2,153186,1940,15434,26255,14346,53494,1.2
a43643d6a58b425304aef177aa6e6a8d8ec28085,7053,299,0,0.0,16.2,153120,1940,15428,26239,14346,53434,1.2
920310ccffa407b75b3ff84d514cbe917d6ede5d,7027,300,0,0.0,14.7,153221,1919,15396,26236,13976,53015,1.2
41dc13537aeb161079adb5085115de35bf2f8c0a,7495,311,0,0.0,15.4,167669,2221,16899,28274,16473,56335,1.1
d2c14e4535bb750c33570e4642833947bfd32772,7494,311,0,0.0,15.4,167666,2220,16899,28274,16473,56330,1.1
64bab07d967b0740141c875b5db14e66a5934baf,7029,300,0,0.0,14.7,153231,1920,15397,26237,13983,53030,1.2
00b3dd57b7ce4be5f072f9c001464defc563e77a,7028,300,0,0.0,16.2,152922,1920,15358,26173,13955,53069,1.2
8427ec5e63db1a89a35827f27e07c30c42e7882e,7465,311,0,0.0,15.2,166865,2217,16884,28060,16404,55820,1.1
59a03b5640fdcf4df86dd08a4a6bef76beb9d536,7461,311,0,0.0,15.3,166784,2217,16877,28046,16402,55803,1.1
4c822d1304b9f978264b48bf38829c8dcaa64b61,7452,311,0,0.0,15.2,166654,2213,16857,28026,16400,55728,1.1
6c7ba07fb0641c3f3ec17b85dec576277963a37c,7443,311,0,0.0,15.3,166137,2208,16813,27943,16373,55707,1.1
bfdcf140c08ad417c9289cd37733b614e8fb9be9,7443,311,0,0.0,15.3,166137,2208,16813,27943,16373,55707,1.1
4e101490b227052aefaafffbc247d3826297d2b5,7047,297,0,0.0,16.2,152949,1933,15409,26214,14346,53289,1.2
cf988f546d7c223cb805e616421e92481d590ae3,7032,300,0,0.0,16.2,152939,1919,15357,26163,13950,53088,1.2
4ec4b244902b753d3aa3fffc490d77f4b326667b,7032,300,0,0.0,16.2,152959,1919,15357,26184,13950,53093,1.2
547170d1e8518f57c02c64ae4c72345690b5882d,7033,300,0,0.0,14.7,153287,1920,15399,26250,13999,53051,1.2
13ddecba0e4d7546591b9d93479dc7e58895d2ac,7033,300,0,0.0,14.7,153287,1920,15399,26250,13999,53051,1.2
96e7c65e70d0dc4cf09cf05a3eb337c406e5929e,7032,300,0,0.0,14.7,153281,1920,15399,26250,13999,53028,1.2
deae2e663593ed30a6072254035f3dfbeff80a8c,7030,300,0,0.0,14.7,153284,1920,15399,26251,13999,53018,1.2
600f0db5fa3516fcee5e9b70e4bf100e49741840,7443,311,0,0.0,15.3,166137,2208,16813,27943,16373,55707,1.1
7f95cd5290ec46ec63c0dc78c04a26336e2e80d6,7032,300,0,0.0,16.2,152959,1919,15357,26184,13950,53093,1.2
7f5e9df73a5b13f943b900f39e8e95d8b5c44a64,7030,300,0,0.0,14.7,153296,1920,15399,26251,13999,53018,1.2
0d09ef9b5641c7f150e6c0f3471231db4a879bfd,7032,300,0,0.0,16.2,152978,1920,15360,26186,13971,53090,1.2
e8e63f5231d8d7508a36a94f274b6c8fc8121839,7032,300,0,0.0,16.2,152959,1919,15357,26184,13950,53093,1.2
79c61669b339d4ef1d47d5977d234a79216254cc,7047,297,0,0.0,16.2,152937,1933,15407,26211,14346,53289,1.2
c90f57129c3bef0afd8e3150f7a74082d9996374,7032,300,0,0.0,16.2,152956,1919,15357,26183,13950,53093,1.2
87631aa992448e09cad350b9141afbae1cca09ef,7032,300,0,0.0,16.2,152952,1919,15356,26182,13949,53093,1.2
46486bb34123fb1c973514a38f939c8fb9868191,7032,300,0,0.0,16.2,152959,1919,15357,26183,13950,53093,1.2
2443767c4677fca145e59da703e6662dbaf1414c,7031,300,0,0.0,16.2,152921,1919,15354,26174,13949,53088,1.2
a3c89e2e47bcb4c690d454a7c2a6eca712b64a75,7031,300,0,0.0,16.2,152914,1919,15353,26173,13948,53088,1.2
5842dff899ca07d38b73678c1b5bb77b2947eae8,7031,300,0,0.0,16.2,152915,1919,15354,26174,13949,53088,1.2
b53624e4e88a545a3478525bac58aac3ac12afba,7033,300,0,0.0,16.2,152933,1920,15354,26174,13949,53103,1.2
87c78878c639cfd0b055ed370d9daa4f4d9b1373,7033,300,0,0.0,16.2,152921,1920,15353,26170,13949,53103,1.2
d1ea5e0c84d4b72201aa8d87756141598d11d978,7026,299,0,0.0,16.2,152816,1920,15344,26153,13947,53056,1.2
3222ea2f9bec7e89684cf8de8efe6eae4f73c811,7026,299,0,0.0,16.2,152816,1920,15344,26153,13947,53056,1.2
d1e88bfd59abc199f0c9f5b9e20ea915d851b58c,7026,299,0,0.0,16.2,152816,1920,15344,26153,13947,53056,1.2
c1c383b4d8db7bab61b2fe99bc03c4f4528a25fc,7445,311,0,0.0,15.3,166159,2207,16807,27947,16381,55655,1.1
5ff5a50159d53fc581c864531f475ffe195d4e6a,7047,297,0,0.0,16.2,152935,1933,15407,26211,14346,53289,1.2
3844ac700875ad444168bba190c685cebe6280c8,7047,297,0,0.0,16.2,152935,1933,15407,26211,14346,53289,1.2
4ae5372728f1317f7fd19d303b6dba5cd7c2787f,7026,299,0,0.0,16.2,152816,1920,15344,26153,13947,53056,1.2
6b86651ee731b68e8caaf304336e80abdfc3dd59,7445,311,0,0.0,15.3,166159,2207,16807,27947,16370,55655,1.1
a89b24c5d1d4c8636b37e6a5d59169087338f89f,7445,311,0,0.0,15.3,166159,2207,16807,27947,16370,55655,1.1
fb1f98b60c70c9b7d76949b48367fd6d39794a5c,7026,299,0,0.0,16.2,152813,1920,15343,26152,13946,53056,1.2
dbb0a64a84d841f858cefbdaecae8bfe9f3788a1,7026,299,0,0.0,16.2,152812,1920,15343,26152,13945,53056,1.2
470cc55ad1de72eb8a4a4e1c21d9a4af3c97f8e9,7026,299,0,0.0,16.2,152808,1920,15343,26151,13945,53056,1.2
60abb6dbae34162556da3bfc1867862458d7981b,7026,299,0,0.0,16.2,152805,1920,15343,26150,13945,53056,1.2
7d564e75fe776681e9e3c0a6f6bd1c4ad1ea51af,7026,299,0,0.0,16.2,152805,1920,15343,26150,13945,53056,1.2
5c1cfb2ace12f27ddde9901553213bf2282807ac,7026,299,0,0.0,16.2,152805,1920,15343,26150,13945,53056,1.2
39edc80716aaa998eedcc53a2997fa5f7ac2b0ae,7026,299,0,0.0,16.2,152773,1920,15340,26144,13945,53052,1.2
9275b9d5154b75c3a52f7fbb14f9290ef24bde2f,7026,299,0,0.0,16.2,152765,1920,15340,26143,13945,53052,1.2
8b1f60adcc5bc5b17b371bb8f83757637408ef49,7026,299,0,0.0,16.2,152765,1920,15340,26143,13945,53052,1.2
4619aab86910c40d3192fef655972ef40858d136,7041,299,0,0.0,16.2,152749,1920,15340,26142,13945,53219,1.2
69d984e90c03e1653248364c6ee984d656c61a8d,7041,299,0,0.0,16.2,152749,1920,15340,26142,13945,53219,1.2
12cbe15b1dfb2618bf8921f999587a8f46e563d3,7040,299,0,0.0,16.2,152749,1920,15340,26142,13945,53218,1.2
3b74528fc994ddb4dfc1213feb53c78aa811dc1f,7040,299,0,0.0,16.2,152740,1920,15339,26138,13945,53217,1.2
62a32aa1e073e46bc43711f8fde486e027108742,7040,299,0,0.0,16.2,152740,1920,15339,26138,13945,53217,1.2
9f4d805b0e6c643383adaf3b23138c7e1af50071,7040,299,0,0.0,16.2,152727,1920,15338,26132,13945,53215,1.2
c536eec4b595a6de36f6fb64add1dd491b1a67c8,7040,299,0,0.0,16.2,152724,1920,15337,26131,13923,53215,1.2
3f7430758f3a15e9b51fbdeaad7455be693579f4,7040,299,0,0.0,16.2,152724,1920,15337,26131,13923,53215,1.2
0dad8290ea7e95500db4a2255a23c2d335dde78a,7039,299,0,0.0,16.3,152619,1920,15318,26118,13923,53199,1.2
50f8a5127bb1eaf08c1c5f9ce7a102898027a55b,7437,309,0,0.0,15.0,165892,2197,16785,27936,16344,55750,1.1
b89df9d8f164f147c98b6c6af41337afaff203c5,7389,307,0,0.0,15.1,164626,2174,16666,27778,16268,55276,1.1
1cb034cd0b0c8e79b1ecb2595dd283b0d4bd1a9f,7057,296,0,0.0,16.2,153226,1935,15455,26307,14418,53311,1.2
087e8ccc9d8ad219849adb0337c53a60e8565198,7032,299,0,0.0,16.3,152585,1920,15314,26111,13922,53130,1.2
8798d3852ed0e9e82f037e89f9b8cd8b96a17e49,7032,299,0,0.0,16.3,152584,1920,15314,26111,13922,53130,1.2
101c5ece4e0f5e5a913986ee6f734443154a5d2f,7032,299,0,0.0,16.3,152584,1920,15314,26111,13922,53130,1.2
a0327674c610dac69d65467f8810ccfc65997b8f,7031,299,0,0.0,16.3,152578,1920,15314,26111,13922,53115,1.2
597cda8fa1e5e397ab73b159cdfb16f9a14e888f,7032,299,0,0.0,16.3,152565,1920,15312,26109,13919,53120,1.2
262bc7ce2535cb446096f2375203d9ea7181248b,7032,299,0,0.0,16.3,152580,1920,15313,26108,13919,53120,1.2
b80a247ce28a389c7c2cd9a894afbfbbe64ed9ac,7431,309,0,0.0,15.0,165212,2177,16752,27908,16260,55679,1.1
cb1331e04ff9eb7dd9ea94fcbb17d13c6f959134,7424,308,0,0.0,15.1,164576,2157,16679,27808,16203,55628,1.1
429616fb6d1f303c41f6552b0ec8316848947e91,7025,296,0,0.0,16.3,152470,1919,15305,26098,13908,53000,1.2
549f97ccf328dcb00eb260dbfe6fe8a27fedab1e,7047,297,0,0.0,16.2,152935,1933,15407,26211,14346,53289,1.2
370288799a72344b48723e80286acc2eb41164a1,7047,297,0,0.0,16.2,152934,1933,15407,26211,14346,53289,1.2
3d94daefef99223fbe827e66c843a2ba317efb91,7023,296,0,0.0,16.3,152456,1919,15303,26094,13906,53000,1.2
de380d516994fe12ad01aa39a23962d7766be731,7026,296,0,0.0,16.3,152398,1919,15303,26094,13906,52982,1.2
c91618b05f6137b291134ef10ebd28a918193ecd,7047,297,0,0.0,16.2,152888,1933,15398,26203,14345,53289,1.2
0872090fa4fbd70ba302978ce3575f4cdafb7f1e,7045,297,0,0.0,16.2,152875,1933,15396,26200,14341,53276,1.2
0250062d5cefc3603a570f5f610e456737d3c221,7056,297,0,0.0,16.2,153081,1933,15433,26264,14392,53255,1.2
762b1d4cf0bca454143a7132ccf22affb551787d,7026,296,0,0.0,16.3,152395,1919,15303,26093,13906,52982,1.2
e261acc98ac0d46ed3239101f1871f9b08e4f136,7030,296,0,0.0,16.3,152418,1919,15303,26094,13906,53003,1.2
19624840541ccbeddca52d87e189507844d453b0,7047,297,0,0.0,16.2,152887,1933,15396,26200,14341,53280,1.2
5dcf3017ddff65664ff430ebffdf51f61ba84142,7030,296,0,0.0,16.3,152416,1919,15302,26093,13906,53003,1.2
57c13e07430a58e77249b96af9574b3db04e6dba,7424,308,0,0.0,15.1,164576,2157,16679,27808,16203,55628,1.1
e51c24e93e7d08b01eb74f1e0ea286fe0e545419,7029,296,0,0.0,16.3,152391,1919,15300,26090,13909,52983,1.2
9f5cc83d34e1eee3ca11fd6113767e5f5630d394,7029,296,0,0.0,16.3,152395,1919,15300,26090,13909,52983,1.2
0bd3a97bdb61bd083d7310108a16ae12288283e9,7213,306,0,0.0,16.2,154507,1951,15525,26376,14117,54585,1.2
9a9bf2a968a9f37ac88845eff4b4f6c92ae4cafa,7424,308,0,0.0,15.1,164490,2157,16671,27797,16200,55606,1.1
20c2b1d79ec5e5cdb1e3c31cc4b5f2dcc9626e67,7031,296,0,0.0,16.3,152395,1919,15300,26090,13909,52987,1.2
f4b4ce719187ce348cdfe87caee5fbe74976534b,7400,308,0,0.0,15.1,164287,2156,16659,27783,16199,55354,1.1
ef4415e82545254de1da7e8d4840531cf5abf622,7400,308,0,0.0,15.1,164257,2156,16659,27783,16199,55354,1.1
09463577c85bdd3202604972b83c0027ca50454f,7393,309,0,0.0,15.1,163975,2153,16634,27752,16094,55337,1.1
b2d5e64ca08e7ca757dfa89e7b321382d1f0830b,7390,307,0,0.0,15.1,164621,2174,16665,27777,16282,55276,1.1
374899c83908248a6d38a7619093337831e853c7,7380,307,0,0.0,15.1,163976,2154,16633,27750,16184,55180,1.1
4b71c84e215219355e75d96023c345c8467a9f34,7380,307,0,0.0,15.1,163946,2154,16633,27750,16184,55180,1.1
1ade69248c0a6ab83053e4751142a495cfcd35e2,7380,307,0,0.0,15.1,163945,2154,16633,27750,16184,55180,1.1
e2f098399ec389ba72c8c31ea754ed9b3fffbac8,7385,307,0,0.0,15.1,164366,2171,16646,27751,16241,55267,1.1
79e69ad35a1e05882ce18de69a434732b2469535,7375,307,0,0.0,15.1,163691,2151,16614,27724,16143,55171,1.1
95d85e514e010f178056fccf05c75cd80deb7121,7375,307,0,0.0,15.1,163691,2151,16614,27724,16098,55171,1.1
3cc498191ce1ee65d7bb9b020143ddd2c0311755,7372,308,0,0.0,15.1,163676,2151,16608,27721,16084,55168,1.1
615941d87c9ae4a55e3d47156f88abd71522f2ae,7373,308,0,0.0,15.1,163714,2151,16609,27727,16085,55173,1.1
e41963b966d6ccc169bbb30df4205762e732e3ba,7373,308,0,0.0,15.1,163663,2151,16608,27719,16079,55163,1.1
4cf629d96a520d7afea0ac15256e273ab3ca669a,7368,308,0,0.0,15.1,163434,2149,16590,27668,16056,55152,1.1
3707e1de5be96a7a53c778aced37f6cdc42c4868,7374,308,0,0.0,15.1,163701,2151,16609,27725,16080,55168,1.1
f4d72ea3ece8a503088d578bd1a166079c97a49b,7375,308,0,0.0,15.1,163700,2151,16609,27725,16080,55173,1.1
edd37e30129601454e57c4d1d349a76d92bd87da,7374,308,0,0.0,15.1,163614,2149,16602,27714,16057,55168,1.1
0b0b83f962877cbf4d84df4b7ce862cf6d924e7a,7369,308,0,0.0,15.1,163520,2151,16597,27681,16082,55147,1.1
5817ac705ff97e94590add9f1a9151c8ec9955c7,7375,308,0,0.0,15.1,163598,2149,16602,27712,16057,55173,1.1
27ba1c7014aba951e6963d8893cb4aff5a1268ed,7363,307,0,0.0,15.2,163412,2147,16591,27663,16017,55088,1.1
f8288cb46c4d74a1de7493cae5791c087c168fda,7369,308,0,0.0,15.1,163433,2149,16590,27670,16059,55147,1.1
a325b98176c38ae270eb5822fb05f9c4a10f27b6,7369,308,0,0.0,15.1,163421,2149,16590,27666,16053,55147,1.1
4a21c6bb07b533bf76c12aa081b9fdee9a1ed3a3,7357,308,0,0.0,15.2,163299,2146,16585,27649,16039,55047,1.1
a485c15c7d8f93cd5a42e08ac515845bd41b7b68,7357,308,0,0.0,15.2,163279,2146,16582,27643,16039,55047,1.1
876d165ec216327b574c1f336c7da3896ad11bb5,7357,308,0,0.0,15.2,163273,2146,16582,27643,16038,55047,1.1
247f880883d24220f74343a0494d756110c511fa,7291,305,0,0.0,15.2,163157,2146,16573,27606,16012,54973,1.1
33edc5b37cd0bab22ee60e64023264feb1dcebec,7291,305,0,0.0,15.2,163230,2147,16579,27619,16016,54991,1.1
2dd3d1a0c25b6414316c5577928b4ba207c0b310,7281,305,0,0.0,15.2,162658,2141,16485,27503,15968,54987,1.1
d023a8f7286d645ad1d0db89ec2a4301f1e054fc,7283,305,0,0.0,15.2,162633,2141,16482,27499,15959,54995,1.1
1fa487e274f3ff2e3ce93ed82c5751d3365230f8,7285,305,0,0.0,15.2,162957,2140,16551,27567,15984,54946,1.1
7725906c779ecf226f9917681e3f64d0c474be1f,7282,305,0,0.0,15.2,162934,2140,16545,27557,15973,54931,1.1
df0d39c9a9ac99f2b5dfbdcbfdbc157f3a39f1b0,7272,305,0,0.0,15.3,162409,2134,16457,27451,15937,54882,1.1
d105b744159046dc2e420b5d0441e4d0b6e381e9,7282,305,0,0.0,15.2,162928,2140,16545,27557,15972,54931,1.1
a3aa6c177b43dc59f2f37da923c78d4b71a9d901,7282,305,0,0.0,15.2,162933,2140,16546,27559,15975,54931,1.1
98c46777581be7c8e6df18c6a3e55d3c470e19b4,7282,305,0,0.0,15.2,162913,2138,16543,27553,15974,54931,1.1
21397b30599ce765d3db938ca53ba26c108ab363,7031,296,0,0.0,16.3,152395,1919,15300,26090,13909,52987,1.2
403858b8fb757617d71aeb59710e4264f5ed908f,7030,294,0,0.0,16.3,152282,1919,15290,26060,13909,53014,1.2
ec1cd87871478886799dd4368f82f4470218473f,7272,305,0,0.0,15.3,162403,2134,16457,27451,15936,54882,1.1
d379ee19f997d92cf336473a08cee436268229bc,7272,305,0,0.0,15.3,162385,2134,16457,27451,15936,54882,1.1
219666dc21f10c58fc31991078de132c73d31828,7264,305,0,0.0,15.3,161932,2119,16442,27437,15824,54805,1.1
c7d1efd362d58b6844b291fa4c6e2c4b0526346f,7272,305,0,0.0,15.3,162385,2134,16457,27451,15936,54882,1.1
55552b99c476f76f0e2170fe49b4b1f78727d3a9,7272,305,0,0.0,15.3,162306,2132,16454,27448,15923,54882,1.1
8cf62479cafae5dd995b46988cbe35224e37f0e4,7272,305,0,0.0,15.3,162343,2134,16452,27443,15933,54882,1.1
f7b3e2e649562a78573ab0932e3d7fe444391626,7272,305,0,0.0,15.3,162264,2132,16449,27440,15920,54882,1.1
c0be402dcd89661dc4caf3283dbb3656e4dfd6f2,7272,305,0,0.0,15.3,162262,2132,16449,27440,15920,54882,1.1
851594b2f60e2a3924eb17f96b453fd24911080c,7030,294,0,0.0,16.3,152281,1919,15290,26059,13909,53014,1.2
1d554d326f2c6670141dcbbd98861ca6bb86b0c0,7272,305,0,0.0,15.3,162268,2132,16450,27441,15924,54882,1.1
346e74464ff79c464d78e32461c88f820f89d9a0,7267,304,0,0.0,15.3,161958,2124,16412,27373,15838,54862,1.1
e7c93e579fd07b2111617e1e4af7821e9970e4a6,7265,305,0,0.0,15.3,161962,2120,16445,27441,15836,54807,1.1
df61fb1d8b94cf684ced576104915c3472858e46,7264,305,0,0.0,15.3,161932,2119,16442,27437,15824,54805,1.1
4fa7c83224f3b75ec518ec124e99db94ddcefbf9,7261,305,0,0.0,15.3,161938,2117,16441,27437,15818,54793,1.1
ffa50bd8a76b9bf70cadbc4ea1887cb2362cf36e,7043,294,0,0.0,16.3,152309,1919,15290,26062,13909,53044,1.2
dfa6eb914bc2973ad25f9ed56578b28bba822d62,7259,304,0,0.0,15.3,161660,2112,16408,27375,15751,54785,1.1
7b9742d1be867eca1cca50ee60a425faebd0095c,7047,294,0,0.0,16.3,152295,1919,15290,26062,13909,53079,1.2
d7e2ef42b98a80993da7044082c966d4e45f3140,7246,303,0,0.0,15.3,161384,2108,16385,27342,15730,54703,1.1
06f719086e0303c8edcc64f660cc7739de4dfdb5,7045,294,0,0.0,16.3,152263,1918,15289,26061,13909,53069,1.2
594e4e156730da0ec912d4f05883ca76eecf005e,7044,293,0,0.0,16.3,152248,1918,15288,26059,13903,53065,1.2
a025cc1446d38e8a195d23c59f81cb3e02f22769,7045,293,0,0.0,16.3,152248,1918,15288,26059,13903,53070,1.2
00653c39b0f90206c1e3357268b991fff6c78535,7045,293,0,0.0,16.3,152248,1918,15288,26059,13903,53070,1.2
b5bfacc12847c76303833372f4fdf6242c348f31,7045,293,0,0.0,16.3,152243,1918,15288,26057,13903,53070,1.2
171ed255a05ef82f47bc5bacd424019004e5bb49,7060,293,0,0.0,16.3,152224,1918,15288,26059,13904,53182,1.2
10ef042b697fb4d5d3b4280495eab13dee17fe4f,7060,293,0,0.0,16.3,152228,1918,15288,26059,13904,53182,1.2
754a686ac200d83506c3d9ac153a7a769f0f92fe,7060,293,0,0.0,16.3,152212,1918,15288,26059,13904,53182,1.2
21e75e02520d80ec8d1968130687a28e04ce3b9a,7060,293,0,0.0,16.3,152210,1918,15288,26059,13904,53182,1.2
572ee931016244fd1643b37005c9a7af85bc35a6,7259,304,0,0.0,15.3,161660,2112,16408,27375,15751,54785,1.1
870782e9d3ce6dac9fda6af366a21cfb0c52e824,7262,304,0,0.0,15.3,161644,2112,16405,27375,15750,54790,1.1
9a20383885fad3f4a39ab23d37d20c55f533532d,7245,303,0,0.0,15.3,161404,2108,16391,27344,15728,54708,1.1
80d0c99aa5c4a1237a84097e64b4bb5252cd7210,7246,303,0,0.0,15.3,161384,2108,16389,27344,15725,54708,1.1
790de7467e40c12cf4bff209a2218e16841fbc34,7261,304,0,0.0,15.3,161643,2112,16405,27375,15748,54785,1.1
dea95071c1a2dfde3318ea66c9844c416d8610e3,7260,304,0,0.0,15.3,161638,2112,16402,27373,15752,54780,1.1
9c2bae14e38c08e608a1bf9092f4bf372b28b740,7247,303,0,0.0,15.3,161389,2108,16388,27344,15726,54708,1.1
2a93324e3b671d4a00f9510ec2c1b83298da96de,7247,303,0,0.0,15.3,161383,2108,16388,27341,15727,54708,1.1
d9cc75f65c2b61e66746ce462087c6e8e7692f12,7247,303,0,0.0,15.3,161383,2108,16388,27341,15727,54708,1.1
ffd98a559ed5ee7e2b897c5ac9ce059ab2a01676,7246,303,0,0.0,15.3,161384,2108,16385,27342,15735,54703,1.1
4efee131e79e95498b0d26140a9bc29dbddc8aee,7246,303,0,0.0,15.3,161384,2109,16385,27342,15730,54703,1.1
3d5f3589f0958249c8ed31700da83a38689c5328,7249,301,0,0.0,15.3,161369,2110,16375,27330,15683,54733,1.1
52329719844abfd2cc84a8c8b37f78264b7dcfcd,7259,303,0,0.0,15.3,161523,2111,16394,27362,15750,54775,1.1
d6d0bec0c6733abb43f17f0a19d1d6419c81fa5b,7262,301,0,0.0,15.4,161508,2112,16384,27350,15703,54805,1.1
8be896e663812f9b981010295d47fa730af51428,7246,303,0,0.0,15.3,161384,2108,16385,27342,15730,54703,1.1
dd360f4f858922f9ca4c068ce8c07b9ba823a56b,7067,293,0,0.0,16.3,152206,1918,15288,26071,13904,53271,1.2
042327c2275e4be714c69c75be767a079a58968f,7249,301,0,0.0,15.3,161369,2109,16375,27330,15683,54733,1.1
2a30b22c9c0987a355358725e431f5c7b4ed8d8a,7067,293,0,0.0,16.3,152229,1918,15288,26071,13904,53271,1.2
4baa0aad39ff313be9037c2b1aaf34cac49ab6aa,7242,301,0,0.0,15.3,161230,2107,16365,27315,15676,54729,1.1
12e1532a725dd8704a72b61090a98edc9da3fcbc,7242,301,0,0.0,15.3,161140,2106,16352,27297,15673,54729,1.1
0e76eb000b92a8719413cd0eacabb70d4fb9f7a2,7236,301,0,0.0,15.4,160950,2104,16334,27266,15650,54676,1.1
9975bfc0e2f4026d297105563292ff18b013f976,7067,293,0,0.0,16.3,152225,1918,15288,26069,13904,53271,1.2
36e1a1c0acf1625fa16204f1b4eeb8f45abfbd81,7067,293,0,0.0,16.3,152223,1918,15288,26069,13904,53271,1.2
c8ca5b6d839f7759d09543a5a95e5082278d9860,7235,301,0,0.0,15.4,160637,2094,16287,27208,15554,54668,1.1
96786d8a9a61970a8793fa3990e14e6f31cc526b,7241,301,0,0.0,15.5,160469,2094,16271,27189,15535,54787,1.1
fd89c839447fdea828b7d0d248674281c45d019c,7231,301,0,0.0,15.4,159473,2058,16213,27132,15383,54690,1.1
733473f66c7dee733dafc4c8c912f866680cf69f,7229,301,0,0.0,15.4,159446,2057,16214,27129,15379,54670,1.1
a927b4a3321b29fd52b80f14c474f937ae4f0d12,7221,300,0,0.0,15.4,159342,2052,16203,27109,15399,54621,1.1
ade0caf3e2587141b842bcc278e928d8f25dc07d,7218,300,0,0.0,15.5,159190,2052,16188,27092,15381,54606,1.1
f2296bedde4cbc50d040b1033bd7da48b388071b,7224,300,0,0.0,15.5,159322,2052,16202,27107,15398,54665,1.1
9fdbad3537060dae8d221af3d4ffdae4c77ed7f2,7218,301,0,0.0,15.5,159186,2052,16180,27081,15370,54631,1.1
a80f6fc61863abc501b4922306df86569d5e7e71,7230,300,0,0.0,15.5,159411,2055,16211,27123,15381,54692,1.1
591e45a36e597d12a7fa09ca5687f00af035c058,7230,300,0,0.0,15.5,159411,2055,16211,27124,15381,54692,1.1
932cace7a7b9b714dc15eb3bec9a42b4b0325ba3,7228,300,0,0.0,15.5,159393,2055,16210,27125,15378,54682,1.1
eb62f48a3f5e25c8b686ec2a9a8fe80a7f2d0f94,7221,300,0,0.0,15.5,159170,2052,16187,27090,15380,54650,1.1
705ee975717e5e5dacfc9f8db8c02abb74e66e14,7228,300,0,0.0,15.5,159378,2055,16209,27122,15379,54682,1.1
b2f330717c19dc3cb7e3df589694d986182163ae,7224,301,0,0.0,15.5,159379,2055,16202,27111,15369,54663,1.1
0c33f3908bf63c12c9394aa85a3edf09998abb32,7221,300,0,0.0,15.5,159171,2052,16187,27092,15379,54650,1.1
4549e02caa246941de9a718f147227b308e2cb3e,7227,301,0,0.0,15.5,159361,2055,16201,27107,15369,54678,1.1
2eaa132b20eae50f18e391a7418ec24f4cff439e,7217,301,0,0.0,15.5,159180,2052,16180,27081,15369,54631,1.1
e9a9e4711ea7b82f4c3a164c37059570ab391aaf,7217,301,0,0.0,15.5,159121,2047,16164,27059,15348,54647,1.1
a12a5398850dac857c1021fa751801f993035287,7214,301,0,0.0,15.5,159055,2047,16157,27048,15349,54635,1.1
897709b57c0a5edae3b3a1439d42116ea63df5b9,7214,301,0,0.0,15.5,159050,2047,16157,27045,15349,54635,1.1
6136eea12a60e1c4dc84255f6aa23390a61cab01,7067,293,0,0.0,16.3,152218,1918,15288,26069,13904,53271,1.2
a09ba30001b6e9e39d68746fac1d39a6a0701014,7212,301,0,0.0,15.5,159056,2050,16158,27051,15362,54631,1.1
8b31781333d12f7fb61974a325ae67cdf88de09f,7169,302,0,0.0,15.5,159233,2049,16142,27193,15364,54363,1.1
b0064d78a3b929eb3b25e0de9055412cb61f48ce,7067,293,0,0.0,16.3,152215,1918,15288,26068,13904,53271,1.2
a1d05505086ee1a937a552f7831e1445dd26f9d7,7067,293,0,0.0,16.3,152215,1918,15288,26068,13904,53271,1.2
165d975dec620516768832e883b99bd3ce87d17a,7067,293,0,0.0,16.3,152223,1918,15288,26068,13904,53272,1.2
35e3aea062be8914a9bdd3c95ba001cce75e28ed,7067,293,0,0.0,16.3,152223,1918,15288,26068,13904,53272,1.2
446dfb9b4cc2aaa708306b7e668b7c3cd8ce668e,7207,301,0,0.0,15.5,158940,2044,16143,27033,15348,54600,1.1
bdaacbc17d8f189c4ebbb34129883e1d0552dfcf,7207,301,0,0.0,15.5,158940,2044,16143,27033,15348,54600,1.1
48c1cc4bfebcf3a66e4143862e87581ab6615d43,7207,301,0,0.0,15.5,158944,2044,16143,27033,15348,54600,1.1
05ce0879067ff6010362049aed81b5f3def89c4f,7207,301,0,0.0,15.5,158799,2043,16131,27007,15348,54600,1.1
2245cf70bc89c229a387fd9aa59339bdb947f8d6,7164,302,0,0.0,15.6,159117,2043,16127,27175,15350,54332,1.1
4a3f8ab3994e34413f479cc582d13bce9b5bad61,7162,302,0,0.0,15.6,159080,2044,16126,27169,15353,54327,1.1
b7b34b6c475912c4c805b389954fd897bdd9f769,7172,302,0,0.0,15.6,158799,2040,16076,27115,15347,54371,1.1
550b40461197fbd9d1e6dc7ba5cb6ade8d7be77f,7165,305,0,0.0,15.6,159021,2042,16117,27158,15340,54342,1.1
03173f82e5f4630d28747b5b6764e0de50c8d1c2,7278,304,0,0.0,15.9,158818,2040,16081,27071,15221,55196,1.2
d7ed829fe79849fa5805e4c8001e25822534c034,7170,302,0,0.0,15.6,158762,2041,16075,27109,15350,54366,1.1
e7ce16d9923326605d16677c24a2c480c7ee30c4,7133,299,0,0.0,13.4,156010,2041,15717,26470,15058,54655,1.2
1bcd9217376d28650a60080efb9ce7eab849740f,7259,302,0,0.0,15.6,158384,2034,16041,27036,15239,55004,1.2
4acec50c8afb95544b08a6dbdda743264af69909,7067,293,0,0.0,16.3,152222,1918,15288,26067,13904,53272,1.2
d56eaa8ac9e8eaab69e42124ae82bd7de42b8d74,7067,293,0,0.0,16.3,152222,1918,15288,26067,13904,53272,1.2
1b2e6dcae46ba61874df21d17a127d65de4727e3,7067,293,0,0.0,16.3,152222,1918,15288,26067,13904,53272,1.2
62e194a124105415b5ee29be7e92d1338c6240d9,7067,293,0,0.0,16.3,152221,1918,15288,26067,13904,53272,1.2
87703adb16a354456e89724b2ec6dd9e3d02de9c,7067,293,0,0.0,16.3,152221,1918,15288,26067,13904,53272,1.2
2c92916d631b6784a491e756aa0c54db546af65d,7067,293,0,0.0,16.3,152221,1918,15288,26067,13904,53272,1.2
9bf51e5ec1c41a7febfad3fc28579237e849be9d,7067,293,0,0.0,16.3,152221,1918,15288,26067,13904,53272,1.2
f65816db6f32c6f7e466de8906c4ab49b9ff74d1,7067,293,0,0.0,16.3,152221,1918,15288,26067,13904,53272,1.2
a8785e95a04776755fbb0744a8f822fda42cbafd,7067,293,0,0.0,16.3,152221,1918,15288,26067,13904,53272,1.2
1173b400949ceccc76182f7df9b39d35290d9148,7066,293,0,0.0,16.4,152182,1918,15282,26060,13903,53264,1.2
5b38331036746f8c6740872eda05bff3e2c701ea,7066,293,0,0.0,16.4,152173,1918,15282,26056,13903,53264,1.2
65a014075c03c70bc4da5cfbce4db925dcf80021,7066,293,0,0.0,16.4,152172,1918,15282,26056,13903,53264,1.2
c8dbd7d83527e91588d541316ba4a75791f40dec,7068,293,0,0.0,16.4,152167,1918,15282,26055,13903,53271,1.2
7e3b19edb5c530e0c17b4446bb118223f8e778d5,7068,293,0,0.0,16.4,152167,1918,15282,26055,13903,53271,1.2
f490df87de45b57be8c224581a8a1a7dd9a20946,7291,301,0,0.0,15.9,158564,2039,16039,27022,15233,55298,1.2
c3132b8343de5ba8ce289822a633c32de79c2799,7068,293,0,0.0,16.4,152152,1918,15282,26051,13901,53271,1.2
25ec31ea169260712193e2bfba375637c6d4b1bf,7068,294,0,0.0,16.4,152159,1918,15282,26051,13917,53271,1.2
5d299aff2f31e1373c7e32a8ae37a2238c725267,7069,293,0,0.0,16.4,152124,1918,15279,26048,13918,53324,1.2
87e88e28df5bb13f5f94dafdbfa72e4f93a83259,7073,293,0,0.0,16.4,152124,1918,15279,26048,13918,53344,1.2
df348001842a61e349293f60340206e218d194d4,7085,293,0,0.0,16.6,152723,1931,15320,26096,13990,53419,1.2
56c931eae3360f6f68adb7295279ed00fce2a7f6,7290,301,0,0.0,15.9,158567,2039,16039,27024,15230,55295,1.2
19c5babb97da3642dd8e02c25649e2e192d0f7ad,7289,301,0,0.0,15.9,158548,2039,16037,27020,15231,55285,1.2
c5dd1ea581622f03038255a43a4f808707afe5f2,7238,293,0,0.0,15.9,158562,2040,16144,27083,15114,54562,1.1
758b49f1e83cc71c732cb683b623153f57ce1112,7239,293,0,0.0,15.9,158553,2040,16144,27083,15114,54562,1.1
2691784703031158e712a751662e4bc48c94de71,7140,280,0,0.0,13.9,153780,2019,15458,26176,14836,53899,1.2
f2af6fdbf671fb8fa472f44f841f40e369f84857,7140,280,0,0.0,13.9,153649,2019,15452,26160,14839,53889,1.2
d4904d4c3f1303042a4a88a63669b2be3d36de19,7085,293,0,0.0,16.6,152723,1931,15320,26096,13989,53419,1.2
66684f6f4c71b3a9f1c2e07fc4a4e65ffac981ae,7083,293,0,0.0,16.6,152717,1931,15319,26093,13989,53390,1.2
24e851ec85bbcc5d3ccb9abbca857e97310cb487,7083,293,0,0.0,16.6,152684,1931,15319,26093,13989,53390,1.2
5f938bfcc991e8f85b10347c13d4e152549afc11,7084,293,0,0.0,16.6,152683,1931,15318,26093,13989,53395,1.2
a5e3f5460af0536549338a3be94d3a21710a73f4,7084,293,0,0.0,16.6,152682,1931,15318,26093,13989,53395,1.2
443b6ff49f5ee0670c10e559c8adb30ac6206bc2,7050,276,0,0.0,16.6,151900,1930,15219,25954,13956,53137,1.2
1aae6956dcca2b9d4982d8ec107dbf4ae2481fda,7050,276,0,0.0,16.6,151899,1930,15219,25954,13956,53137,1.2
764b8dffccf75926d692d45c18fe2eb498a369dc,7128,272,0,0.0,13.9,153949,2020,15573,26260,14706,53781,1.2
9960d231842806767a683f24ae5aafb58eeb5075,7050,276,0,0.0,16.6,151898,1930,15219,25954,13956,53137,1.2
894651a2fe28f0a33f23b28cd1090698197c9874,7067,276,0,0.0,16.6,151880,1930,15219,25954,13956,53161,1.2
9b1e78b0465dc0dd5ea2a75491546d0507b645b0,7067,276,0,0.0,16.6,151880,1930,15219,25954,13956,53161,1.2
b89f1fbc731a7feaa2b1d394069e76f920744e0f,7067,276,0,0.0,16.6,151870,1930,15219,25952,13956,53153,1.2
8e624056196a2c5394fb047b1f6a69b7d99bd51d,7067,276,0,0.0,16.6,151870,1930,15219,25952,13956,53153,1.2
d7d4d67e12b0e59fc671a6dde62cfb29c3afa24f,6384,256,0,0.0,14.1,135149,1821,13247,22815,12875,48624,1.2
8a50b2f7830ba720dfba0cb29a7660cfb4ffba23,7067,276,0,0.0,16.6,151870,1930,15219,25952,13956,53153,1.2
0f85bbd66e3592029cf67ddb6d3242092417307e,7069,276,0,0.0,16.6,151880,1930,15219,25953,13956,53173,1.2
efd44e19470843139d89fa5bd510b401d90e721b,7069,276,0,0.0,16.6,151870,1930,15218,25952,13956,53173,1.2
b4afeb982b943ca8c6bbd261302a9e161c2e98a9,7129,272,0,0.0,13.9,153912,2020,15569,26254,14701,53786,1.2
e496ca529945e25c7555a1d72a4cf08f54b41764,7057,276,0,0.0,16.5,151690,1929,15174,25913,13953,53121,1.2
18357d68559abf8557da42ab3c73e8add60161ef,7057,276,0,0.0,16.5,151690,1929,15174,25913,13953,53121,1.2
5c88dcb229d3de614dc8b508168bbbff1e5ab7f6,7057,276,0,0.0,16.5,151685,1929,15174,25913,13952,53121,1.2
d727461bf004cdaeb9f645cf5b071c7cf666e9c7,7057,276,0,0.0,16.5,151689,1929,15174,25913,13952,53121,1.2
e3c9bed84b7ebab124009ebbe4565fd6020b2822,6963,269,0,0.0,14.5,148509,1920,14792,25296,13700,52315,1.2
85b96e2803a730be6953b72c45e919e73a1bab10,6963,269,0,0.0,14.5,148507,1920,14792,25295,13700,52315,1.2
fba25d271fe4672a5dceef288f4e1cf2ea923521,6963,269,0,0.0,14.5,148499,1920,14792,25295,13700,52315,1.2
63d33d1fbc1258f72b73e169eb90bd41ac0da44c,6962,269,0,0.0,14.5,148475,1920,14789,25286,13700,52310,1.2
22670b23a5e029d69e42dfcf5130d3cc7c0af848,6962,269,0,0.0,14.5,148475,1920,14789,25286,13700,52310,1.2
d663ad45b1eed609308d098a2cd616474eefaa7e,6962,269,0,0.0,14.5,148475,1920,14789,25286,13689,52310,1.2
77a69e0da9ea972b5b66da300e6c4116b75a9347,6963,269,0,0.0,14.5,148475,1920,14789,25286,13689,52312,1.2
82378a1340f74e6600dfa9b7852f5fad0c531507,6963,269,0,0.0,14.5,148478,1920,14789,25286,13689,52316,1.2
363cd0c36bac074db1e2a00c368b57e5d2f22891,6963,269,0,0.0,14.5,148472,1920,14789,25285,13689,52316,1.2
aab3a050cccdfdd0dad1ae3d3a73912a6838761c,6963,269,0,0.0,14.5,148458,1920,14788,25282,13689,52314,1.2
214ec1fe8f3219b082ae4bf1fec8016895064415,6963,269,0,0.0,14.5,148445,1920,14788,25282,13687,52314,1.2
68f951190065a293e822b95ddb26892d4bd0a6f6,6963,269,0,0.0,14.5,148442,1920,14788,25282,13687,52314,1.2
05e44db43c829a7aea6cfc36ff522b981964f0ee,6384,256,0,0.0,14.1,135143,1821,13245,22813,12874,48624,1.2
843e2ee35b7918477989f07ca6ca7c7a418578e8,6963,269,0,0.0,14.5,148442,1920,14788,25282,13687,52314,1.2
a88b1e295b63b27b194fea42d13f1720f3ba43a8,6962,269,0,0.0,14.5,148427,1920,14788,25282,13687,52284,1.2
668378fc99594b15563e83d4eb4d25b185827997,6962,269,0,0.0,14.5,148427,1920,14788,25282,13687,52284,1.2
39b6b0c83bd198a3602ad10fd87a4f7bf57fdfb9,6962,269,0,0.0,14.5,148427,1920,14788,25282,13687,52284,1.2
c304bf356c2ed9b228d017b289475aa7f7940eba,6962,269,0,0.0,14.5,148425,1920,14788,25282,13687,52284,1.2
d20dc68f4281f746ab24dcf39a47ad7728b4ac12,6962,269,0,0.0,14.5,148424,1920,14788,25282,13687,52284,1.2
1b4586a6b0019681b5f88a11f2b62e7024a27bec,7056,276,0,0.0,16.5,151604,1929,15170,25899,13939,53090,1.2
a5f60906665c2a7bf1ab4d9e2a18257bc17a0545,7056,276,0,0.0,16.5,151604,1929,15170,25900,13939,53090,1.2
4676d22e3b7e56fa336d9cfaafed2d8c69270de4,7044,276,0,0.0,16.6,151400,1926,15145,25874,13938,53002,1.2
cfbe5af378381681661bafaf1d11dc54754ccba7,7042,276,0,0.0,16.6,151353,1926,15145,25879,13941,52988,1.2
68112e404043536e52104cd35f7cf253d56610cc,7126,272,0,0.0,13.9,153880,2020,15569,26253,14695,53764,1.2
9632c407d3d1d91fdc5521f0211bd77b0b1c8661,6962,269,0,0.0,14.5,148424,1920,14788,25282,13687,52284,1.2
d71e5e7636f614190942d1bb054d35560417a20b,7054,276,0,0.0,16.6,151560,1929,15170,25906,13942,53076,1.2
5d82371e8a99b9e532d1fcddb2c4cbed71dbdca3,7129,272,0,0.0,13.9,153806,2020,15567,26243,14719,53771,1.2
5bbc1df8d3bd2d6b3e008a3ef2334f8e9e676b38,7042,276,0,0.0,16.6,151356,1926,15145,25880,13941,52988,1.2
fe562c3feeb2261b06b4c391e2077c2fc78d1a5d,7034,275,0,0.0,16.6,151277,1925,15137,25872,13939,52845,1.2
b718bb0417e5a931376717ef8c4b885eaece45f8,7129,272,0,0.0,13.9,153806,2020,15567,26243,14719,53771,1.2
5eec017be7b418a11c714ca945b891067b5cdaeb,7129,272,0,0.0,13.9,153806,2020,15567,26243,14719,53771,1.2
f3142180310fc91d2d563a0e20f350b294bd622a,6962,269,0,0.0,14.5,148424,1920,14788,25283,13687,52284,1.2
ddd7e43d172b5153758413ab1ea55e5fcac64323,7068,277,0,0.0,13.9,154017,2024,15572,26286,14774,53743,1.2
c3caf8f4d8ac9841c39211c7110fd491e5065d06,6962,269,0,0.0,14.5,148424,1920,14788,25283,13687,52284,1.2
0bd5a295295291e245ad9202362f25d4edcd6710,7067,277,0,0.0,13.9,154003,2022,15571,26285,14797,53723,1.2
4365160c690c01741d3a66363e009e011bbf35d8,7034,275,0,0.0,16.6,151277,1925,15137,25872,13939,52845,1.2
6e20848a72b068461ef10606ee6b8c4221cd696c,7034,275,0,0.0,16.6,151273,1925,15137,25871,13916,52845,1.2
8658fee767f41acdcf9cd9ff1698195fdf7521aa,7034,275,0,0.0,16.6,151265,1925,15137,25870,13916,52839,1.2
6edcc36aa348dcd167c3e39d1854d366e2b0a1a1,7027,275,0,0.0,16.6,151236,1924,15134,25866,13916,52799,1.2
519df676329c87af23e285a448a94dc734b6094c,7070,277,0,0.0,13.9,154013,2024,15572,26286,14774,53747,1.2
3be09d76f3adbf4f4b5e96e0c709710204e18b80,6962,269,0,0.0,14.5,148424,1920,14788,25283,13687,52284,1.2
6466e9762eceb74761a1d88a351398f67597ce06,7027,275,0,0.0,16.6,151236,1924,15134,25866,13916,52799,1.2
0e381aafb244a9af30a99d291143fcb3e19a2ec7,7027,275,0,0.0,16.6,151236,1924,15134,25866,13916,52799,1.2
46215d20b785b8809a7a741203c5398e711675db,7027,275,0,0.0,16.6,151236,1924,15134,25866,13916,52799,1.2
208fafb276ff0b037763de43236f836c5fb2650c,6961,269,0,0.0,14.5,148422,1920,14788,25283,13687,52282,1.2
a97d378964f5313f6c1e54895ee91e839a6e75b9,7027,275,0,0.0,16.6,151236,1924,15134,25866,13916,52799,1.2
e3e5460e4e2d7d26a4e2b66e280c668ecbfbc86d,7027,275,0,0.0,16.6,151236,1924,15134,25866,13916,52799,1.2
f456745423138c0a6db89a4f4c1b1e4ba26bc51d,7027,275,0,0.0,16.6,151236,1924,15134,25866,13916,52799,1.2
2497dcf1924335071d2e0f2339fa8ab4a3c34b71,7024,274,0,0.0,16.6,151198,1923,15130,25865,13914,52779,1.2
6667a6f7ff44131f74d3af84326a0b645f1782cc,7024,274,0,0.0,16.6,151184,1923,15129,25864,13914,52779,1.2
c4e94958fd886994d2dfb78f28f0a77c52a5e7e7,7024,274,0,0.0,16.6,151184,1923,15129,25864,13914,52779,1.2
c2b272ad4cd11e54572bda331f6a6fbb97b00ef5,7007,273,0,0.0,16.7,151033,1923,15121,25841,13913,52556,1.2
1c626787bb4eadb51c9ed72490e233cc774ce936,6384,256,0,0.0,14.1,135139,1821,13245,22813,12874,48624,1.2
1bf5fceb13e6332c83332a6d991eebcedb60666b,7012,273,0,0.0,16.7,151033,1923,15121,25839,13943,52590,1.2
4c4b931ebfbfae7aa551342cf0f48c270dfebadd,7012,273,0,0.0,16.7,151034,1923,15121,25839,13943,52590,1.2
b30b0158e99992db3a233a1ff7107bdbb9fb3be8,6962,269,0,0.0,14.5,148422,1920,14788,25284,13687,52288,1.2
a42fb1535d45fe372e21515f4941002423c22fb5,7005,273,0,0.0,16.7,150704,1921,15085,25775,13894,52531,1.2
5b7d2a3965dcba9639a78b15e0de96926cbe1167,6956,269,0,0.0,14.5,148374,1919,14779,25280,13687,52258,1.2
8baf92966effd459e325887ea32ce0ca9e6d149f,6955,269,0,0.0,14.5,148317,1918,14771,25272,13686,52243,1.2
9b14464c1717549a31f94ca2a532167c1b9f9372,7005,273,0,0.0,16.7,150704,1921,15085,25775,13894,52531,1.2
3d01797afd5616cea1b13e88544c5f9312ba3c70,6955,269,0,0.0,14.5,148317,1918,14771,25272,13686,52243,1.2
1956f2d621a1b103f606cca36ccb6ac7d631d051,7005,273,0,0.0,16.7,150640,1921,15085,25775,13894,52531,1.2
a229d87b9df989038cab060871cdbc8de92d3f78,6950,269,0,0.0,14.5,148215,1917,14763,25256,13686,52195,1.2
e5fe041812285869d5ab73516dd424338473bcf2,7004,273,0,0.0,16.7,150630,1921,15085,25773,13892,52514,1.2
cfba520104517b1570bce131808f3977b17326dc,6950,269,0,0.0,14.5,148215,1917,14763,25257,13686,52196,1.2
60ca9f4826ebb84ff41737c2ba2b60484eedc0f9,7004,273,0,0.0,16.7,150632,1921,15085,25773,13892,52514,1.2
d66a2fa83270a8404df2e1ffbeb6e4799d697c49,7004,273,0,0.0,16.7,150632,1921,15085,25773,13892,52514,1.2
69a0483c949b3d9ea384264b9f89539674cdef13,7053,274,0,0.0,16.9,151144,1922,15121,25879,13955,52771,1.2
9b7c6975a4f8298d3991ee73635eeecc026107cc,6971,271,0,0.0,14.3,148437,1920,14779,25297,13760,52345,1.2
b5408b752631644d5934971f4ba11d165c776536,6969,271,0,0.0,14.3,148421,1920,14779,25295,13752,52335,1.2
e0d3de335d0f258d84405b10d4f875c29384ec03,6969,271,0,0.0,14.4,148400,1918,14778,25293,13752,52335,1.2
024651d70ae965615291112969a69c75ada6e2cf,6969,271,0,0.0,14.4,148406,1918,14778,25293,13754,52344,1.2
52bef8117b3b44dcb25df6f95914f94776a0cc73,6950,269,0,0.0,14.5,148220,1917,14763,25257,13686,52196,1.2
a97048029474443587b53bd83f9bf229b5d960fb,6950,269,0,0.0,14.5,148221,1917,14763,25256,13686,52196,1.2
1a9ddd866658f6ccae056e14face4152551de17e,6950,269,0,0.0,14.5,148221,1917,14763,25256,13686,52196,1.2
792b487125824cfafb80b634e7e923a90e33b224,6950,269,0,0.0,14.5,148221,1917,14763,25256,13686,52196,1.2
27789cef6b3bf04ffa60140a4fdd3eaaf0358214,6969,271,0,0.0,14.4,148401,1918,14778,25293,13754,52344,1.2
5008e0f2acd90a70590b0b9d8c40e5904d5dfcf8,6969,271,0,0.0,14.4,148365,1917,14778,25293,13741,52344,1.2
13c01efd12340f1bf065c6b1ca329c63e384bf65,7069,277,0,0.0,13.9,153991,2022,15569,26283,14797,53727,1.2
acae8d99e0301520cade337ddb5782d994c9a5d0,7010,273,0,0.0,14.5,148628,1919,14851,25399,13769,52635,1.2
e1ce4bc64d27256826a7d25737956be7f5633186,6969,271,0,0.0,14.4,148343,1917,14777,25287,13741,52344,1.2
6256ec303d21785728f2464009ba2380d6b18eb7,6958,271,0,0.0,14.5,148302,1917,14775,25279,13708,52261,1.2
64aea16c0eceb9e3cf2576259c36f415259a3ded,7010,273,0,0.0,14.5,148595,1919,14845,25392,13769,52647,1.2
ee77897caf6ea9f9bb19e6d6ae4af771d39178ee,6963,271,0,0.0,14.5,148284,1917,14775,25275,13704,52264,1.2
5434a52edebab138290c2f525cdeabff4e5caa54,7010,273,0,0.0,14.5,148606,1919,14849,25396,13769,52647,1.2
8534f48f61bfa0134a0eacf042a4f3269f779f0e,7006,273,0,0.0,14.5,148581,1919,14839,25389,13772,52626,1.2
6f638607b0f5827c077b60b562ecc22fc06c656b,6952,269,0,0.0,14.5,148158,1914,14758,25254,13688,52194,1.2
6b7d11837a1e28f7c6e537d046778ffaf1c4ea95,7026,273,0,0.0,14.5,148574,1919,14840,25388,13773,52726,1.2
e3c35f23c20fcff06aaa83614dd27790d2b6aefe,6952,269,0,0.0,14.5,148155,1914,14758,25254,13688,52194,1.2
a1e4757f36bc4e88b4ff4b998bb718e62e9b19f4,6966,269,0,0.0,14.5,148107,1914,14757,25267,13687,52270,1.2
a2f0d9a20d8989fa3fe5d48c9899ad1394e296d3,6966,269,0,0.0,14.5,148102,1914,14757,25269,13687,52270,1.2
18773aa4d0925693839be7f53c0eee27697ebc1d,6965,269,0,0.0,14.5,148090,1914,14756,25267,13686,52269,1.2
7285ce9bf2ed8ec56d06fb0b3c7b0f1d7aa81192,6950,269,0,0.0,14.5,148138,1914,14757,25254,13686,52196,1.2
bfa52b2462da55ebb3732669cdd2b558120e89ae,6962,269,0,0.0,14.5,148138,1914,14757,25254,13684,52286,1.2
fa619c9842113ca320e0f72050987f77a6c7f92f,6977,269,0,0.0,14.5,148090,1914,14756,25267,13684,52359,1.2
60c9d9dbbc8db2dccc019df82d7a9194d4ccbdfa,6962,269,0,0.0,14.5,148122,1914,14756,25252,13684,52282,1.2
81e61cc5c3d83b716ca2e712ccdc444c0fff208a,6962,269,0,0.0,14.5,148122,1914,14756,25252,13684,52282,1.2
041a6addc185fd2ec948fb6e007cb9cced09646f,6962,269,0,0.0,14.5,148090,1914,14756,25252,13684,52282,1.2
bc330fcc33db8a503a94feb5569973d41b93f280,6977,269,0,0.0,14.5,148090,1914,14756,25267,13684,52359,1.2
5fb8dc07a85faf7c31bd8d2cf84c2d598784d1e9,6384,256,0,0.0,14.1,135131,1821,13244,22810,12871,48624,1.2
333cc2f733bdecf0fca95c68004a65b4a3b0e32b,7105,273,0,0.0,13.9,153640,2024,15473,26175,14796,53542,1.2
8f6d5954c5649782ce46d79d60c0c0826b6a3160,6384,256,0,0.0,14.1,135131,1821,13244,22810,12870,48624,1.2
6f3a05ca820dc6e3dab127cd9a5daa375709347a,7026,273,0,0.0,14.5,148606,1919,14846,25395,13775,52714,1.2
dbb2499d1f2e52f0ff84c1b37b71ef4bacbc439d,6977,270,0,0.0,14.5,148089,1914,14756,25267,13684,52359,1.2
701f921e86bbec44a95ceb06bc32fdac05c070d7,7023,273,0,0.0,14.5,148619,1919,14846,25402,13762,52689,1.2
c32056c51d17df8747f500e4f3c5d7533f50fc76,7022,273,0,0.0,14.5,148636,1919,14846,25406,13746,52684,1.2
b36ec4a89b073751d8ac521ee5e017d1043222bf,7023,273,0,0.0,14.5,148632,1919,14845,25405,13750,52689,1.2
3acf5b8af129f58b31bcdae876ce4c73f520e161,7022,273,0,0.0,14.5,148636,1919,14846,25406,13746,52684,1.2
76d65620f1daca9526111dc106909baecbbff5a5,6977,270,0,0.0,14.5,148158,1914,14756,25267,13684,52359,1.2
78aea48cd710fc797b69c4eb2176f72554be3fd7,6977,270,0,0.0,14.5,148158,1914,14756,25267,13684,52359,1.2
e412157d62614f567f2d0f68441293b9cd46c7da,6977,270,0,0.0,14.5,148157,1914,14756,25267,13684,52359,1.2
d1a50ee1d7c080023ca0c255b76c96d5ee1ce696,7022,273,0,0.0,14.5,148636,1919,14846,25406,13746,52684,1.2
5d32b86f2af54dbe71f5842f75f552f7465937dc,7022,273,0,0.0,14.5,148636,1919,14846,25406,13746,52684,1.2
8f9a05a95d422ecb72015ff30e3e45e605cc5396,6977,270,0,0.0,14.5,148155,1914,14756,25267,13684,52359,1.2
69ebea020207c2e906afe581a06fcf0c57151edd,7022,273,0,0.0,14.5,148636,1919,14846,25406,13746,52684,1.2
b37347bc706faac057e982d5d1a594af22e52fd4,7022,273,0,0.0,14.5,148636,1919,14846,25406,13746,52684,1.2
b2dbc5ef5da92e3ee5eba06d64a8e00446dd65c7,7002,273,0,0.0,14.5,148643,1919,14845,25407,13745,52584,1.2
356a2f5df25c9ec647447b9e6bdcb9a3395688c3,7022,273,0,0.0,14.5,148636,1919,14846,25406,13746,52684,1.2
276c0a3e57453d575688a496c0da0cc3d5705aa2,7002,273,0,0.0,14.5,148643,1919,14845,25407,13745,52584,1.2
5cab5d36d4573bd47180e8ee27212031e1d8ec08,7001,273,0,0.0,14.5,148637,1919,14845,25407,13745,52579,1.2
34e787119303341505a008838ca0d14b14da3284,7001,273,0,0.0,14.5,148656,1919,14841,25400,13746,52574,1.2
4c358907023a7f055cff769549b8030ed1a926fb,7001,273,0,0.0,14.5,148658,1919,14841,25400,13746,52574,1.2
faec551df75cb22c65970c0d83d446e306184926,7001,273,0,0.0,14.5,148649,1919,14840,25396,13746,52574,1.2
086949c8fb2204bfa51e989b1fb7b8ccc6a3bc39,7001,273,0,0.0,14.5,148657,1919,14840,25396,13746,52574,1.2
d3a51664364471a4e54aeaa932546935e5bc99df,6999,273,0,0.0,14.5,148657,1919,14840,25396,13746,52514,1.2
b20f72e1051ce4d837232729380aec3283ca4fb2,6975,270,0,0.0,14.5,148169,1914,14758,25273,13668,52356,1.2
0b275651aa461dd241b77eaead7fd48fb656de47,6998,273,0,0.0,14.5,148579,1919,14834,25370,13748,52501,1.2
5cc3821438e4f9bcf3a8503ba08e9a0008ef0f4c,6975,270,0,0.0,14.5,148170,1914,14758,25273,13668,52356,1.2
b5a078f186fd2e7f27a3d8c2af1bce3ff2e88e80,6994,272,0,0.0,14.5,148485,1919,14825,25345,13746,52457,1.2
d76748880003613ad8f1c7705c1eab8ef8ac2f1b,6973,271,0,0.0,14.5,148183,1914,14774,25285,13679,52305,1.2
f5bd795fbd598a0ffd0b8d389747742c96d53d6a,6976,270,0,0.0,14.5,148120,1914,14758,25266,13661,52352,1.2
f7bdd5e1c36b5f345b3f0aecae2d2f331f7a7e47,6975,270,0,0.0,14.5,148112,1914,14757,25264,13661,52350,1.2
fc1378f604cd95b8a4b455912d0f154faa90b8f2,6975,270,0,0.0,14.5,148127,1914,14757,25268,13661,52356,1.2
346630e4132c9e45c547d9a2554c2b7702dabfad,6375,257,0,0.0,14.1,135131,1821,13244,22810,12870,48454,1.2
e2965c2e1376d8ca597dbb60d55ea06f6ea0ed2f,6975,270,0,0.0,14.5,148134,1914,14757,25270,13661,52356,1.2
8f783fad911edea9b0a7a50ffad94f26f7499af7,6975,270,0,0.0,14.5,148134,1914,14757,25270,13661,52356,1.2
847990662db849f5abf0c154e7a4b474be501691,6968,270,0,0.0,14.5,147978,1911,14743,25255,13641,52282,1.2
492f7601ce31a475674f54dccfb5d6eff2e3210f,6968,271,0,0.0,14.5,147987,1911,14743,25255,13641,52282,1.2
85dd59cd7323160169634ca86708fc3cd9dbea1e,6968,271,0,0.0,14.5,147987,1911,14743,25255,13596,52282,1.2
3fec277f962ddcac7f1962f23e96a917893e3f00,6968,271,0,0.0,14.5,147987,1911,14743,25255,13596,52282,1.2
7f7a28987853aa511ba18ab3647c34187e88230f,6968,271,0,0.0,14.5,147981,1911,14743,25253,13596,52282,1.2
177f71b9f52c8a5896d91089bc0260a66d9611bd,6968,271,0,0.0,14.5,147988,1911,14743,25255,13596,52282,1.2
4b97a0ba8b5edcedb37a320e00cd5bc36f304f90,6968,271,0,0.0,14.5,147987,1911,14743,25255,13596,52282,1.2
21cfe1163d4fa07c3cb22b8d12ea149f6c87a701,6970,271,0,0.0,14.5,147956,1911,14743,25255,13596,52286,1.2
61ab3209b230cb2171945cdf8326a49d942cabd7,6970,271,0,0.0,14.5,147956,1911,14743,25255,13596,52286,1.2
28bea9c1871f65ce98a47bff9b7dd7afa710e338,6970,271,0,0.0,14.5,147956,1911,14743,25255,13596,52286,1.2
3dd261a4362332533dbc5fcac12151c8e334c362,6970,271,0,0.0,14.5,147959,1911,14743,25256,13596,52287,1.2
18eb69e96475c05be9bb8b5d7a0c7bcdafa97405,6963,272,0,0.0,14.5,147973,1911,14743,25256,13597,52252,1.2
079c577740d3638dde901a9095bab1682e424cf0,6965,272,0,0.0,14.5,147975,1911,14743,25256,13597,52272,1.2
9559c4ef8a629f73c8bed620006c9d5a3b924cbc,6963,272,0,0.0,14.5,147961,1911,14743,25254,13597,52252,1.2
9168543d855f287720fcd257f68ee0acccb95170,6963,272,0,0.0,14.5,147968,1911,14743,25256,13597,52252,1.2
c612da2c53300c41532eac1c86db06798994215c,6950,272,0,0.0,14.5,148026,1911,14743,25258,13608,52138,1.2
cf1a09d3c381607585def4a7bb213496efea655b,6950,272,0,0.0,14.5,148019,1911,14743,25256,13608,52138,1.2
a8ca64c8aae3e4b1d26de833f59f61080b3276e4,6950,272,0,0.0,14.5,148026,1911,14743,25258,13608,52138,1.2
c14605e15600e6817e12db07826ca896420f65d3,6950,272,0,0.0,14.5,147996,1911,14743,25258,13608,52138,1.2
11be0c56cfbb030f297a25af0341f12b1b88c778,6950,272,0,0.0,14.5,147996,1911,14743,25258,13608,52138,1.2
4c01c5ee1a8a7bc4c034d819f411b289b1507ea9,6950,272,0,0.0,14.5,147989,1911,14743,25256,13608,52138,1.2
543a52abc0a86efad59f0f97f32de282321a4ab5,6950,272,0,0.0,14.5,147987,1911,14742,25255,13608,52138,1.2
92cafe962d8fd3df034c16629954425f4640f343,6950,272,0,0.0,14.5,147987,1911,14742,25255,13608,52138,1.2
5ba55c03600a9aeeab63c69e2371102a34198510,6925,272,0,0.0,14.6,147439,1906,14699,25161,13577,52055,1.2
ccb990f54228f9a3315c92e09376eef6ba30cc5a,6925,272,0,0.0,14.6,147417,1906,14694,25157,13575,52067,1.2
8321c8f8a3a0fafd66d4a2ffc58deacbfdf34c55,6913,272,0,0.0,14.6,147390,1906,14688,25151,13575,51977,1.2
779fc27255b30c07164b2db6978c71e7fea0b82f,6911,271,0,0.0,14.6,147376,1906,14688,25149,13571,51942,1.2
13e876e40caa0ba658c8204cb2ca9b6321ad8bfa,6911,271,0,0.0,14.6,147375,1906,14688,25150,13572,51942,1.2
1a66206e5ed3086fc52fab57263b4afe4b6ad8d5,6910,271,0,0.0,14.6,147376,1906,14688,25150,13568,51937,1.2
58c147410f284711bf2d350d79e2f8f7bd360b5e,6910,271,0,0.0,14.6,147375,1906,14688,25150,13567,51937,1.2
ad09f7a8717b89c676a8c8e8ba2b19ba9cb02e3a,6375,257,0,0.0,14.1,135131,1821,13244,22810,12870,48454,1.2
5285952a2ab80780133b4f9b1a9bb308ac9978a0,6379,257,0,0.0,14.1,135123,1821,13243,22808,12878,48474,1.2
ebafc18c4dd3d8fc0f6bd399a56068af67958091,6910,271,0,0.0,14.6,147372,1906,14687,25149,13567,51937,1.2
df084addc804ef727ae9f1959b10f88ffd5a0ddc,6909,271,0,0.0,14.6,147366,1906,14687,25146,13567,51932,1.2
a7f56a36be1408602b4b31baaf7947ee9bba5985,6891,273,0,0.0,14.5,147213,1908,14637,25086,13611,51856,1.2
52cbfc9a677a8c17b986fc7e1d823ed0c63a6998,6888,273,0,0.0,14.5,147162,1908,14633,25079,13610,51835,1.2
3fc69095cfa6d1acb604260f843627bc61abf6a3,6886,272,0,0.0,14.6,146945,1905,14618,25034,13547,51867,1.2
956d28b11ecda2b4aa3c76481c95f06fc3833210,6886,272,0,0.0,14.6,146945,1905,14618,25034,13547,51867,1.2
0d0ad0ab6407fca9ca22b10fb6edb96eaea97992,6886,272,0,0.0,14.6,146910,1905,14618,25034,13547,51867,1.2
4b796220a5d43b4793b8e7a9d2d4d43f0be77d64,6379,257,0,0.0,14.1,135124,1821,13243,22808,12878,48474,1.2
2484877189c89e12c0ff67504838b702153aa016,6375,257,0,0.0,14.1,135129,1821,13243,22808,12871,48454,1.2
fcef1a18418969df75a53f5df429b251a1a5d752,6375,258,0,0.0,14.1,135134,1821,13243,22808,12871,48454,1.2
d0d1a65e16cee5f18fc181a349add143adeb57a8,6887,272,0,0.0,14.6,146904,1906,14618,25034,13548,51877,1.2
23903ba32aa3dd4878263e93e3267cfc8a7e0f26,6887,272,0,0.0,14.6,146904,1906,14618,25034,13548,51877,1.2
13f32380f85778826a3deef93a517bf781f126cb,6885,272,0,0.0,14.6,146898,1904,14618,25034,13548,51857,1.2
bfb60773d8dd6ff15a1510986423ea64cb23e6fc,6886,272,0,0.0,14.6,146878,1904,14615,25039,13512,51874,1.2
86462778281953b3b4602dbccb456fab65bd7c32,6884,272,0,0.0,14.6,146878,1904,14615,25039,13510,51874,1.2
8456a11a492b33270435dba8d01417cb35025289,6866,272,0,0.0,14.6,146568,1900,14536,24946,13504,51745,1.2
873432056b9a93d51bd678b501739d234e3869a6,6866,272,0,0.0,14.6,146569,1900,14536,24946,13505,51745,1.2
086fdcb9c455edf36be59c529803fe0d179a6e27,6362,255,0,0.0,14.1,134834,1816,13194,22749,12806,48412,1.2
8b780cc8100f8b8698c505b50d49a42713c798b7,6861,272,0,0.0,14.6,146487,1897,14520,24930,13498,51720,1.2
228cad5ef439b7db6fe62566dcd158ce0a127b4b,6861,272,0,0.0,14.6,146481,1897,14520,24930,13496,51720,1.2
4ef74fa9c612975fb86e486ae0206eda81a02e3d,6860,272,0,0.0,14.6,146480,1896,14520,24930,13496,51710,1.2
1798fed5c2a33908b5997e7733095354c2d19ab4,6861,272,0,0.0,14.6,146465,1896,14520,24930,13496,51718,1.2
85e595e29a7f6b8f4bcef2ca71fb89edb75de4c5,6861,272,0,0.0,14.6,146458,1896,14519,24928,13496,51718,1.2
310bf91b38a2e1cafe64733d5bdf88ca3c9e4877,6857,272,0,0.0,14.6,146448,1892,14519,24928,13504,51678,1.2
effc2ef9f2c061ddcee3782da811a6fc7331855d,6856,272,0,0.0,14.6,146450,1892,14519,24928,13504,51673,1.2
cdce2b278364c6391a07e35bca8dd5750529a63e,6855,272,0,0.0,14.6,146452,1892,14519,24928,13504,51668,1.2
4f9d8960665ae1e8cfae1f398c6017d6def5593f,6855,272,0,0.0,14.6,146450,1892,14519,24928,13504,51668,1.2
ae669ead2ea075360742d70c9b3b026904a3eb90,6853,272,0,0.0,14.6,146415,1892,14517,24920,13502,51608,1.2
789775b3ae35d673028dd99e5251e92334ff14c3,6852,272,0,0.0,14.6,146387,1891,14517,24920,13502,51598,1.2
0b380e32807e51ad9f6b61f27556915a184f9681,6852,272,0,0.0,14.6,146401,1891,14517,24924,13503,51606,1.2
d24d61401b4d504ba1267e26e26dc575b0080e2b,6852,272,0,0.0,14.6,146402,1891,14517,24924,13503,51606,1.2
6ca5a10c43196dbb87211022f274ce5590685fe9,6856,272,0,0.0,14.6,146364,1892,14517,24924,13526,51626,1.2
d77a009a859e62b6a9a68266059b61376549528e,6856,272,0,0.0,14.6,146366,1892,14517,24924,13528,51626,1.2
175eab1b83e90d0d95961d38d4713a7add82ad48,6844,271,0,0.0,14.6,145996,1886,14490,24882,13497,51554,1.2
7de8abb515ffa77ec07a90255afe3d62a648b303,6765,272,0,0.0,14.6,145771,1881,14472,24861,13476,51379,1.2
e69086400c188154bd1ac9592df2f7a077d08769,6763,272,0,0.0,14.6,145750,1881,14472,24861,13489,51349,1.2
805f7c764d2f82607c61a94cea1bb37f0062f3b5,6763,270,0,0.0,14.6,145690,1880,14462,24842,13483,51346,1.2
fe3d34588348122c2cb5af36541251b51d67e751,6765,271,0,0.0,14.6,145698,1880,14462,24842,13510,51350,1.2
6a3f4c75bd99a50e23d447174170c5867c17821f,6765,271,0,0.0,14.6,145654,1880,14462,24842,13522,51345,1.2
309b69432800cf5ecb342fef8f6484c849739bd6,6771,270,0,0.0,14.6,145303,1880,14462,24842,13531,51389,1.2
a1e5c8e76d30e1a8ed7e43c87a94077d0b87c9a8,6771,270,0,0.0,14.6,145317,1880,14462,24845,13531,51389,1.2
8e3675ef06d085aa1538de82cb8337a146dc76e4,6790,269,0,0.0,14.7,145306,1880,14462,24845,13531,51484,1.2
21e64919c702eb1b2aefa557c25711af3f1612ef,6794,269,0,0.0,14.7,145300,1880,14462,24845,13531,51492,1.2
6a1dd65088d92af401106dcacf2a3b44b0cbaff1,6362,255,0,0.0,14.1,134827,1816,13194,22749,12804,48412,1.2
951ad3687adf286e6d483ee833ecfb1e8151d669,6794,269,0,0.0,14.7,145238,1880,14462,24845,13531,51492,1.2
30c3c2f43190e736bf2564160509b36b3a21a8de,6785,268,0,0.0,14.7,145044,1877,14462,24845,13488,51435,1.2
d5c517607b5bb5360c56b8d619799b2795594040,6776,268,0,0.0,14.7,144840,1871,14462,24845,13467,51363,1.2
09d8a6ea6ed58a331115bfb5b93bda1647229e6e,6773,268,0,0.0,14.7,144828,1869,14462,24845,13441,51343,1.2
f95e29a0e049046b066eec7e84643315dce5c0fb,6773,268,0,0.0,14.7,144826,1869,14462,24845,13441,51343,1.2
5fd41d7b27b8bfa4230df2dc48c7c0d57b0ef98c,6773,268,0,0.0,14.7,144826,1869,14462,24845,13441,51343,1.2
455d29a224bbd0a21ee1fcd42ae48114de72883f,6788,269,0,0.0,14.7,144485,1865,14433,24802,13407,50815,1.2
f2bed88616b644d87f939f002be426c1fa3718bc,6788,269,0,0.0,14.7,144482,1865,14433,24800,13406,50815,1.2
fbc0320e10246491be630041d1f6fd63eef4bccd,6724,264,0,0.0,14.8,141409,1857,14051,24161,13195,50707,1.2
392fcbfd1a51418c92dce096b2d466c5890b9a17,6724,264,0,0.0,14.8,141729,1857,14051,24161,13195,50707,1.2
d11f204592a3c130c0b86abb22da036b9f81aca1,6727,264,0,0.0,14.7,142129,1867,14058,24168,13282,50737,1.2
ceb930e00f9458941ce1c658b323659aee94dbdc,6727,264,0,0.0,14.7,142129,1867,14058,24168,13282,50737,1.2
77df9d7bd23f6fdeb41f8e4f81ce13a95abe5ed7,6727,264,0,0.0,14.7,142121,1867,14057,24163,13276,50723,1.2
c98abb2f95d90bffb3ee40690c2a290f62905c63,6247,267,0,0.0,13.7,136989,1860,13350,22979,13045,47990,1.2
b30bddb464344bdefad4034d06ed1ddba5d00aef,6215,265,0,0.0,13.8,136188,1837,13249,22870,12999,47594,1.2
4007cd4a0239823951624cf559f7df7666dcedd2,6215,265,0,0.0,13.8,136188,1837,13249,22870,12999,47594,1.2
89f6d6d262ec7c26f85988405c7a9a464202a461,6215,265,0,0.0,13.8,136188,1837,13249,22870,12999,47594,1.2
a206dde6cd65d4273adfd6c84dd3be711c3b5a5d,6215,265,0,0.0,13.8,136170,1837,13249,22870,12999,47594,1.2
74a491ba4304c5ea07bd0016ab6c135b80abd651,6215,265,0,0.0,13.8,136150,1837,13249,22870,12998,47594,1.2
ff50a292a04eb174464600012257db541730ef2a,6214,265,0,0.0,13.9,135912,1832,13235,22855,12955,47612,1.2
5ce7ed3535b42b62b278ce132e8a5cc81065f7bf,6209,264,0,0.0,13.9,135913,1832,13237,22853,12956,47568,1.2
70edcf80e95f73390ece1527e982e1e9fa04037b,6209,264,0,0.0,13.9,135894,1832,13236,22850,12957,47568,1.2
667f2271b3c93f0c4f321368e32eb37a62d1fe0c,6209,264,0,0.0,13.9,135886,1832,13236,22850,12957,47568,1.2
78c75093f588b3ec3659fd426da774c392e5b10b,6211,264,0,0.0,13.9,135886,1832,13236,22850,12957,47572,1.2
e2f3346d9d1dff2bf6bf3ac2802e83d46b9923c0,6205,263,0,0.0,13.9,135408,1825,13213,22806,12906,47534,1.2
e18904832791e878e7e3362a1d7280a7c0481f0f,6204,263,0,0.0,13.9,135410,1825,13211,22804,12906,47529,1.2
d54633edf0c396f8a18b17d6ba6970de436c6964,6204,263,0,0.0,13.9,135409,1825,13211,22804,12906,47529,1.2
72fe93bf22c1f7db88b5d083c9570b27e1032542,6200,261,0,0.0,13.9,135329,1822,13192,22781,12861,47487,1.2
86b1a9862c97f8857eb73022481082fd429df023,6201,261,0,0.0,13.9,135329,1822,13192,22782,12861,47492,1.2
efa83324ddd86080422eeb91b907b121dd11a347,6203,261,0,0.0,13.9,135327,1822,13192,22782,12862,47493,1.2
b8d9f76af68746788df39bbbbf6cb18f10c89a7c,6200,261,0,0.0,14.0,135206,1821,13184,22769,12860,47463,1.2
ebe3e424579d5986bf4cbb518ca6a4ff28f9a257,6200,261,0,0.0,14.0,135206,1821,13184,22769,12860,47463,1.2
2d0c07d84dac9c6750d307d3a4ec47c4c88c1fef,6362,255,0,0.0,14.1,134826,1816,13194,22748,12804,48412,1.2
7d83fde30e3864f7115c2650f77ee2e28bcdb051,6200,261,0,0.0,14.0,135188,1821,13186,22762,12862,47410,1.2
793bf8244411c33b675e08f1499122bc82654d44,6198,261,0,0.0,14.0,135162,1821,13186,22762,12861,47360,1.2
083605ad06dbccc7d833ff7dc84a62b736df44b5,6197,261,0,0.0,14.0,135131,1821,13184,22756,12861,47352,1.2
d2be44d672a70eb2efd22bebf49f5885c7866da8,6197,261,0,0.0,14.0,135126,1821,13184,22754,12861,47352,1.2
9ce0676908adbb5d073727c47b5a32dda153230e,6197,261,0,0.0,14.0,135114,1821,13184,22753,12861,47352,1.2
0eb94feeb4d473c22477c2f8908c97ca9d9cb70f,6193,260,0,0.0,14.0,135138,1821,13183,22760,12859,47324,1.2
efb9c89a0b117ac9112dfdca72924ba9faee4dcd,6362,255,0,0.0,14.1,134826,1816,13194,22748,12798,48412,1.2
f20729c05c017fdc40866a6e89637fd199a8a3f0,6362,255,0,0.0,14.1,134826,1816,13194,22748,12793,48412,1.2
9b11b7ac89c0d897220bc9b42b3e5e9c3eb708f2,6362,255,0,0.0,14.1,134826,1816,13194,22748,12793,48412,1.2
948d31c57fcc43b9974b7730f5031b09541a51ca,6193,260,0,0.0,14.0,135138,1821,13183,22760,12859,47324,1.2
f692c4ddfaa58a99d294c3be77246d0f99bf022e,6361,255,0,0.0,14.1,134826,1816,13194,22748,12781,48412,1.2
a95358d7393ce5565e59318815ea3106c6336542,6361,255,0,0.0,14.1,134826,1816,13194,22748,12781,48412,1.2
ed8a36bf695537040acd4bd5ed17bebab3ff5a92,6361,255,0,0.0,14.1,134818,1816,13192,22746,12781,48412,1.2
ddcdb299f0d8d4029c28b9ea94cb5bafb3924cfd,6361,255,0,0.0,14.1,134818,1816,13192,22746,12781,48412,1.2
15ba5c7eaa0dd4791dc0ff9bf1cfcbd56d00d992,6193,260,0,0.0,14.0,135094,1820,13177,22754,12858,47324,1.2
875a665104b9ad5f7daf73bfca899cd81271dd12,6364,255,0,0.0,14.1,134785,1815,13192,22742,12772,48415,1.2
4c96814185825a961c2b4010096ed9f54f4fd8a5,6191,260,0,0.0,14.0,135097,1820,13177,22755,12859,47304,1.2
13c157176a46d239db00303b3bb657dc686d03b4,6191,260,0,0.0,14.0,135097,1820,13177,22755,12859,47304,1.2
3a5f9054fa60d7cdb13034290dcbffddecff669d,6363,255,0,0.0,14.1,134715,1815,13181,22729,12772,48410,1.2
43f2a2a58662c4480c7bd8ade9ef59d043b43496,6191,260,0,0.0,14.0,135097,1820,13177,22755,12859,47304,1.2
b7e4f3842f39f978bfa49dcee61d7d590b765760,6191,260,0,0.0,14.0,135097,1820,13177,22755,12859,47304,1.2
5e77e591dd410fdb824959c2d8025bdd6bb07000,6191,260,0,0.0,14.0,135093,1820,13177,22755,12859,47304,1.2
201795bd5c4dcc5e711c4c129029cb6339fb56b7,6191,260,0,0.0,14.0,135083,1820,13177,22754,12858,47304,1.2
1706807a1c9221fb13a24a8b318a56c699eea67d,6191,260,0,0.0,14.0,135083,1820,13177,22754,12858,47304,1.2
a0f34086f2c7444fd4bcdf72f7ab577ec2e25fa6,6185,258,0,0.0,13.9,134637,1813,13110,22672,12845,47239,1.2
59dab14cebc4d738ac789c9d11e426d955241922,6185,258,0,0.0,13.9,134637,1813,13110,22672,12845,47239,1.2
47d3cbcdb4a0f6049590156512e4d6c45276c2d1,6185,258,0,0.0,13.9,134637,1813,13110,22672,12833,47239,1.2
84d355fb1b553c7c5f01357069b13d434f60e53c,6185,258,0,0.0,13.9,134547,1813,13110,22672,12833,47239,1.2
fa8aabfd3a6977d027751a37041c1139369bbbcb,6204,259,0,0.0,13.9,134553,1813,13110,22673,12828,47278,1.2
b26604ffb470b043bd9dbd215617ff94e59aa298,6205,259,0,0.0,13.9,134387,1813,13110,22673,12828,47283,1.2
68e5522a64a422ebedfe3ad216247bbb4dbe5a79,6363,255,0,0.0,14.1,134715,1815,13181,22729,12772,48410,1.2
b48a04521646c82f93eaeb0386bf55ef7998ee6b,6166,255,0,0.0,13.9,134017,1811,13095,22618,12821,46818,1.2
003e400b6f9d3d35d264a4aaa6e665ff7a9c237b,6166,255,0,0.0,13.9,134018,1811,13095,22618,12818,46818,1.2
af8ad8f0c9ef3b90e75c9add1d592c93574f06d9,6363,255,0,0.0,14.1,134408,1812,13181,22729,12726,48410,1.2
b70b3eac9ec3323b64ac9596982a09affc01989d,6166,255,0,0.0,13.9,134018,1811,13095,22618,12818,46818,1.2
2d2be07a711a4f96b6e45e464886b276b3c49556,6166,255,0,0.0,13.9,134003,1811,13095,22618,12818,46818,1.2
a378a019949d5989e3e8a54e0e02b8a9f68745be,6166,255,0,0.0,13.9,133993,1811,13093,22616,12818,46818,1.2
72020dfb380ea4081d26f5c7527fb4d4320d4908,6166,255,0,0.0,13.9,133993,1811,13093,22616,12818,46818,1.2
288c1a582c819c2c70f58ef41840915b5c407e7a,6162,255,0,0.0,14.0,133589,1805,13045,22564,12805,46810,1.2
2bfe25ebf2acebeb67c1d47aea21c3171a3798cd,6162,254,0,0.0,13.9,133306,1800,13024,22533,12793,46810,1.2
4e5af753e4c4ab9adcf4e452c765207c3165d74e,6181,254,0,0.0,14.0,133314,1800,13024,22534,12793,46853,1.2
fb5d96de60716a0ea7fbd5eb41731b4d67e3a803,6181,254,0,0.0,14.0,133314,1800,13024,22534,12793,46853,1.2
6feaf5787f91d5d0b44eb0a69954a3bf6a71ee03,6181,254,0,0.0,14.0,133314,1800,13024,22534,12793,46853,1.2
2be39f0484f95003130612fc08a6e11618975dfb,6182,254,0,0.0,14.0,133315,1800,13024,22534,12793,46854,1.2
844534959833f5ca1653cbe0f9ab81dc576cec01,6182,254,0,0.0,14.0,133315,1800,13024,22534,12793,46854,1.2
4dc0612cb64eae2afe2ac0493d44723769556326,6194,254,0,0.0,13.9,133357,1800,13024,22537,12793,46884,1.2
6d3e765adbc3c9236073c1dbc824971a3d2517db,6194,254,0,0.0,13.9,133358,1800,13024,22537,12793,46884,1.2
f932d7b453d925b7d29c35130debf41707e77957,6194,254,0,0.0,13.9,133358,1800,13024,22537,12793,46884,1.2
1df4a21d315421f0f9f101a6bfd6ab8811853e74,6194,254,0,0.0,14.0,133353,1800,13024,22537,12793,46884,1.2
3b145c75880b25343b67a0ae242f27322db9ba18,6191,254,0,0.0,14.0,133331,1800,13020,22530,12786,46860,1.2
90ffbc2dddba5893a3dd84e38936cb92d2d1f7fc,6191,254,0,0.0,14.0,133331,1800,13020,22530,12786,46860,1.2
f31fec5c22442ec86018cf4b111544c2456f8e91,6191,253,0,0.0,14.0,133288,1799,13014,22524,12786,46860,1.2
91554bc84b8a1f022f6430a8767739673ac60449,6191,253,0,0.0,14.0,133308,1799,13014,22524,12786,46860,1.2
fca31c45f47da0dbc1cf0a85ad5d87b2384a5c36,6343,257,0,0.0,14.2,134208,1813,13111,22653,12785,48367,1.2
e8d85386bc7869d3a6e5b27c12ec7784c74bc2d6,6191,253,0,0.0,14.0,133308,1799,13014,22524,12774,46860,1.2
ab27a398bcf17f5a5928ece4db9d5e75c378e38c,6191,253,0,0.0,14.0,133304,1799,13014,22524,12772,46860,1.2
1d74c6027ad6aa8b9cf1bb43998aaffdab1ffa89,6206,253,0,0.0,14.0,133304,1799,13014,22524,12772,47020,1.2
c11df9363e9ebe76feee9b7ccfc40ddd61d9bd1c,6336,257,0,0.0,14.1,134157,1813,13110,22635,12790,48348,1.2
fb0fd60fab7c62d8975fc7ac6bde93cb6bb2e6e2,6206,253,0,0.0,14.0,133304,1799,13014,22524,12772,47020,1.2
d6fdd259ae8ed3ba82c671765859740eb4b642b5,6206,253,0,0.0,14.0,133277,1799,13014,22524,12758,47020,1.2
a6c88357cfdc9816bc34bf3c18e263894996779e,6336,257,0,0.0,14.1,134157,1813,13110,22635,12790,48348,1.2
7126efe5b588840818f70be2a1aedc1836a0f5c6,6206,253,0,0.0,14.0,133277,1799,13014,22524,12758,47020,1.2
91101cf741933c669ede6ded8009b21881bd9b44,6205,253,0,0.0,14.0,133247,1798,13011,22520,12758,47015,1.2
2604618095e0aeec06b616dda105f61bdd3757d8,6205,253,0,0.0,14.0,133245,1798,13011,22520,12758,47015,1.2
5f641a9452e05b4be4716ba07be9738a5ae5c9a6,6336,257,0,0.0,14.1,134152,1813,13110,22635,12790,48348,1.2
897b80de3840c0bc9d9928dc1fb3f28ca8d78cc7,6296,234,0,0.0,14.2,124200,1717,11991,21183,11789,47196,1.3
fa45fd37f56e8772d4ee3ffb35415a173cd7cc49,6336,257,0,0.0,14.1,134152,1813,13110,22635,12790,48348,1.2
8ae722b1512ae6326bb865a846330b83217674a7,6336,257,0,0.0,14.1,134152,1813,13110,22635,12790,48348,1.2
ad72159b0e3ff641e3a08754297c81278b94d94e,6336,257,0,0.0,14.1,134144,1813,13110,22632,12789,48348,1.2
c1be6c61605c76c7656bde921b2a3505ebd8db1e,6247,252,0,0.0,14.1,132447,1785,12957,22408,12640,47110,1.2
e6f473bfb1af53fb2d71ebc653a83af9e394c9ac,6247,252,0,0.0,14.1,132446,1785,12957,22408,12640,47110,1.2
e256320265b4aeee49c00a6fa49fdccc1c7e35f3,6336,257,0,0.0,14.1,134145,1813,13110,22632,12789,48348,1.2
6e4ff91dfca4395a8d1b180f40f632e97acf779d,6336,257,0,0.0,14.1,134134,1813,13107,22629,12789,48348,1.2
da69a9c8db15b6047cb80ed3d2251215784dcb0e,6251,252,0,0.0,14.1,132417,1785,12951,22405,12640,47112,1.2
ad5f9f909e6282381499e63070c6175014c81935,6230,252,0,0.0,14.1,131976,1780,12915,22332,12571,46977,1.2
02cca0976f68db240867c7016d1a58b35cfd4a4b,6230,252,0,0.0,14.1,131978,1780,12915,22333,12571,46977,1.2
b9bf4a265651abf24837e080cc21b63bc9f7394e,6296,234,0,0.0,14.2,124200,1717,11991,21183,11789,47196,1.3
660624ce9ad3ef1ca95fc3b6a88bf7b94dfa7628,6247,234,0,0.0,14.1,123903,1715,11975,21147,11786,46620,1.3
32d59f7f22b0e61617c7e49dde3b6aa5ba41523b,6230,252,0,0.0,14.1,131978,1780,12915,22333,12571,46977,1.2
dd5ec5c9b6a11caaf2e562f790a825e01ccb6d20,6228,252,0,0.0,14.1,131915,1779,12909,22321,12567,46961,1.2
79f0b7cc1f64ec88dd8e3db78ba9d37e7e4f1bc8,6228,252,0,0.0,14.1,131915,1779,12909,22321,12567,46961,1.2
bc67770d64f69c87de7f8b0be3e7f44bd28487e7,6228,252,0,0.0,14.1,131915,1779,12909,22321,12567,46963,1.2
a36cc7520e0150d07d30e8baa0c61d5f9f11e6ed,6151,253,0,0.0,14.0,132747,1792,12963,22434,12699,46295,1.2
a162d3e662356bdea7395f16baaf6c58985bb680,6151,253,0,0.0,14.0,132750,1792,12963,22434,12699,46295,1.2
f1babd9d194de0fc3f263bfd3116bf8137124152,6151,253,0,0.0,13.9,132767,1792,12963,22434,12699,46295,1.2
f19dd0e38f93e20383d325150c1d764bba07d637,6151,253,0,0.0,14.0,132750,1792,12963,22434,12699,46295,1.2
9941995cfa2e323ba52d3c51a2dfed9013fd93d7,6151,253,0,0.0,14.0,132747,1792,12963,22434,12699,46295,1.2
a3454a98eb327b4fab5f36e065b5229de18dd832,6151,253,0,0.0,14.0,132747,1792,12963,22434,12699,46295,1.2
b6fce1450279338edad35e8e9810cd74a8708f70,6151,253,0,0.0,14.0,132750,1792,12963,22434,12699,46295,1.2
cf23d612f9ba3f1c508071b420260eb695a787d8,6151,253,0,0.0,13.9,132767,1792,12963,22434,12699,46295,1.2
b2bfbc76d13106a3211f5af1713ba50848560060,6151,253,0,0.0,13.9,132765,1792,12963,22434,12699,46295,1.2
7fefb8145c2afb98bb8fa32b8e84b05f6b7319e0,6233,252,0,0.0,14.1,131924,1779,12909,22322,12567,46990,1.2
fcdf9c8ce71c26e28d23066a33eb4116a73d7d5a,6175,249,0,0.0,13.9,132332,1787,12928,22377,12655,46697,1.2
868f02dde2868d8944ee7ecafb73bc1f88cbf6d7,6216,250,0,0.0,14.0,131645,1776,12884,22289,12556,46807,1.2
a894213c7e7fa17f3c10fba7f7171c12521fc6a1,6216,250,0,0.0,14.0,131645,1776,12884,22289,12556,46807,1.2
b0c713384333c3e49cde3c08df7550a5f49a961e,6213,249,0,0.0,14.0,131607,1776,12883,22282,12555,46765,1.2
91b8a7b034cbdd015d50f5fae1ed1e33844ce6db,6213,249,0,0.0,14.0,131603,1776,12883,22281,12555,46765,1.2
41a89586cc8fa463c7f2e63bab2ef5c315c23a7f,6208,249,0,0.0,14.1,131487,1774,12874,22264,12523,46722,1.2
8362688704eca1f282e5449aa0854ff1b1de608b,6213,249,0,0.0,14.0,131603,1776,12883,22281,12555,46765,1.2
5e6cbbe56820206b5d6a54eff8fdaaedab335840,6213,249,0,0.0,14.0,131603,1776,12883,22281,12555,46765,1.2
bce2f44ae3854cdc540556f7181af78ba53687d8,6208,249,0,0.0,14.1,131491,1774,12874,22265,12523,46722,1.2
cb11ce0b77983fe26d760ca39c5333747202a366,6209,249,0,0.0,14.1,131506,1774,12875,22266,12531,46744,1.2
39c477c27bfbfb985624a41f20ea46d5f3929e4f,6208,249,0,0.0,14.1,131487,1774,12874,22264,12523,46722,1.2
883f03f26d2693d64a7f3e2e5db6a85287ec9f11,6208,249,0,0.0,14.1,131487,1774,12874,22264,12523,46722,1.2
90466a557829bcb8c03383632546b2bffa02177d,6208,249,0,0.0,14.1,131487,1774,12874,22264,12523,46722,1.2
a8112d26d0290205b8d4f1d84468c4f94b34454a,6209,249,0,0.0,14.1,131506,1774,12875,22266,12531,46744,1.2
e402e38ba947a0f9796c23f91c49d783ad94d93a,6209,249,0,0.0,14.1,131507,1774,12875,22266,12529,46744,1.2
1d6845c0fbb582461ce98e78875f31264156a468,6208,249,0,0.0,14.1,131492,1774,12874,22264,12526,46722,1.2
4fed5fd922e42203c8b328a76bf6d7d66bb44ff2,6208,249,0,0.0,14.1,131487,1774,12874,22264,12523,46722,1.2
70898ef7313d90e2b839f023cc3b9363b20f806e,6208,249,0,0.0,14.1,131487,1774,12874,22264,12523,46722,1.2
ed5fea6908710ce6ccf997c7980c86e20e12be8e,6208,249,0,0.0,14.1,131487,1774,12874,22264,12523,46722,1.2
32b5757b4bb10ba62f6cd19506d3b363f004c63a,6208,249,0,0.0,14.1,131483,1774,12874,22264,12523,46722,1.2
0be59dd7eee6838ed0e85e5acef5bf70c2936e38,6208,249,0,0.0,14.1,131483,1774,12874,22264,12523,46722,1.2
90899c94924dc9757b3283038a9580827f3a91b5,6208,249,0,0.0,14.1,131483,1774,12874,22264,12523,46722,1.2
d4050ccdb427d8c774b2157339a11072572e69b8,6208,249,0,0.0,14.1,131483,1774,12874,22264,12523,46722,1.2
9598cd09607b2dbe660ae16f4a95c79e107907a8,6208,249,0,0.0,14.1,131483,1774,12874,22264,12523,46722,1.2
0c2232f3917eba133a8b9afe0808375a2dc4dc64,6208,249,0,0.0,14.1,131483,1774,12874,22264,12523,46722,1.2
2cfc2b322fa830816076de07a62992dc8c4f5d4c,6147,247,0,0.0,14.1,131736,1778,12896,22287,12523,46588,1.2
08d5f15a4cb5ea014eb817b1b1106c8fae449998,6147,247,0,0.0,14.1,131736,1778,12896,22287,12523,46588,1.2
e4bfb3d0e78ec903792f34cdd71017819584203b,6147,247,0,0.0,14.1,131737,1778,12896,22288,12512,46573,1.2
ea3fbc822a813428367c44b6f4bdb0e51b8429b1,6212,248,0,0.0,14.1,131531,1776,12861,22264,12499,46793,1.2
bf3b423dc5635511000fbd2dcae1b955fbd87d67,6162,242,0,0.0,14.0,132032,1791,12958,22395,12742,46446,1.2
9ee2f230361a9bdbd5044d925fc856c5190c2e4b,6162,242,0,0.0,14.0,132023,1791,12958,22395,12742,46446,1.2
dc0470106f2eb595fb0c60964e5eb440f59d6909,6162,242,0,0.0,14.0,132023,1791,12958,22395,12742,46446,1.2
1f193b995290824632814c8bb54ca74b2c34a3d5,6162,242,0,0.0,14.0,132023,1791,12958,22395,12742,46446,1.2
fed47bf0a864f0922c5086e3d10b37acec563f3d,6162,242,0,0.0,14.0,132023,1791,12958,22395,12742,46446,1.2
5f19335477a9ea4eb0af0dd0bdbe068b4e309edd,6159,242,0,0.0,14.0,131981,1790,12948,22386,12740,46415,1.2
6272691ca6ef10b3db4f1fb6ac3611d5c125f88f,6159,241,0,0.0,14.0,131927,1790,12948,22382,12765,46414,1.2
c65b589fc2b5cebed0138386f8e62e3c2528691e,6246,234,0,0.0,14.1,123889,1715,11972,21144,11786,46610,1.3
1ee4d847252a9aa3458409a25ac72b49b4a36fd1,6159,241,0,0.0,14.0,131927,1790,12948,22382,12765,46414,1.2
096d1dae2adc86be71076a53c1ded690cc5b4997,6159,241,0,0.0,14.0,131927,1790,12948,22382,12765,46414,1.2
10ec77fb502536b492aed620b66a74a0c25dd37e,6142,238,0,0.0,14.2,129918,1769,12781,22035,12447,46241,1.2
b7ca86b81c16f18d3d8714391929148583d9e1b6,6145,238,0,0.0,14.3,129381,1760,12735,21958,12394,46245,1.2
42646d7f36dd0394a10b77e0175be430067f943f,6145,238,0,0.0,14.3,129381,1760,12735,21958,12394,46245,1.2
b8827f9ef2d1a260c32f7fa0f74d1a36f1a17d58,6017,236,0,0.0,14.1,124984,1723,12129,21266,12130,44926,1.2
a8b28cf33652387887c12474ad3881134b7e7f79,6017,236,0,0.0,14.1,124979,1723,12129,21265,12130,44924,1.2
172d69472fab2049ff0e7f019efcfe77c4378c27,6017,236,0,0.0,14.1,124952,1722,12125,21260,12130,44924,1.2
319a766be5c01e4e152719188c402278db9d188e,6017,236,0,0.0,14.1,124932,1722,12120,21254,12122,44936,1.2
020697b0a0eb19dc0cafeb84012a4c25b17c85e6,6009,234,0,0.0,14.1,124617,1720,12098,21177,12108,44844,1.2
2e660dfef7282b43bc58113df39e61b7a79bdf0e,6247,234,0,0.0,14.1,123889,1715,11972,21144,11791,46620,1.3
d414c7b53f6d6184687a057bdfcc5869a3af294f,6009,234,0,0.0,14.1,124616,1720,12098,21177,12105,44844,1.2
fe049b8ddd29cd4539d9603bdc680f1e43a7d784,6010,235,0,0.0,14.1,124618,1720,12098,21177,12105,44859,1.2
af8cbe5496a0b5fe318441c04355a575ed752d55,6024,235,0,0.0,14.2,124204,1718,12051,21092,12095,44863,1.2
1420698acd59c4af5d746a58a2a46fadcf292b8c,6024,235,0,0.0,14.2,124225,1721,12051,21092,12098,44863,1.2
6a7028446bcd76ec75c742ab283c7dc5675144e7,6024,235,0,0.0,14.2,124133,1719,12051,21092,12056,44863,1.2
25f2d4c900b545ae32a61333637a5a2c375a05ba,6024,235,0,0.0,14.2,124133,1719,12051,21092,12056,44863,1.2
8f7b0c35938f12db8b075db87f9eeefb26c951d2,6024,235,0,0.0,14.2,124129,1719,12051,21092,12056,44863,1.2
bb85d071beafc9f4f8c2e8c60493d33c95362a24,6024,235,0,0.0,14.2,124128,1719,12051,21092,12056,44863,1.2
e8d645b254c5fe8d786000473d62a5dcc2bebddc,6024,235,0,0.0,14.2,124127,1719,12051,21092,12055,44863,1.2
8c934c9c8bb979a731f02638bdb7c1641d70bf73,6022,235,0,0.0,14.2,124071,1719,12047,21079,12055,44859,1.2
bef8f6d9013c9f086327939e0c39fe102f47dfbd,6023,235,0,0.0,14.2,124090,1719,12049,21089,12053,44864,1.2
e1cb03bac5d295c3e1140a02fccd5a8c7384cec9,6164,230,0,0.0,14.2,122664,1697,11883,20990,11664,46007,1.3
0355cd335d8b4935153ec43069ee769f99298b6a,6023,235,0,0.0,14.2,124091,1719,12049,21089,12053,44864,1.2
52c549e70f3685e860495f67c998456532be41ea,6023,235,0,0.0,14.2,124091,1719,12049,21089,12053,44864,1.2
b149378a212c72867afe10684c1505305103f5cb,6168,230,0,0.0,14.2,122643,1696,11879,20984,11663,46057,1.3
5434ab74c724e4ed0f4b7dab11e6758a0a9c48d8,6023,235,0,0.0,14.2,124091,1719,12049,21089,12053,44864,1.2
e76a37720978981f40e07b40d9156562fa7d0df6,6023,235,0,0.0,14.2,124089,1719,12049,21090,12053,44864,1.2
ade0cd70243416fadb0a4a52ad4e8df191738f92,6168,230,0,0.0,14.2,122641,1696,11879,20982,11663,46057,1.3
4aaa542e84b716fa40f7d0df4e1b222c5092b20b,6023,235,0,0.0,14.2,124085,1719,12049,21089,12053,44864,1.2
6034ceb21af7c34ef1778dad9a41b6ffa67667b6,6023,235,0,0.0,14.2,124103,1719,12047,21096,12051,44917,1.2
05a98f3214d35ba13978bc88988d5a83864b8cd7,6023,235,0,0.0,14.2,124102,1719,12047,21096,12051,44917,1.2
e89b3f2728248242e38e70627d761be776ef03ec,6021,235,0,0.0,14.2,124085,1719,12046,21093,12051,44907,1.2
6b589f0d5aa7f414b62cdd5765a914e071ccd628,6021,235,0,0.0,14.2,124085,1719,12046,21093,12051,44907,1.2
adf4700165ec13adcc377a946beed8d11b72317f,6021,235,0,0.0,14.2,124081,1719,12046,21092,12051,44907,1.2
b4755a061f493b97d4b602d19e6b1244454e57b5,6166,230,0,0.0,14.2,122575,1692,11872,20972,11656,46042,1.3
f71a95bc66ce35aaedb4f3403363327230582481,6166,230,0,0.0,14.2,122575,1692,11872,20972,11653,46047,1.3
43e92d3ae519b2134601f9c7d70fede4d5e07bb7,6021,235,0,0.0,14.2,124081,1719,12046,21092,12051,44907,1.2
44348f4a8e434250f5802c8920e01a716001a7b6,6022,235,0,0.0,14.2,124080,1719,12046,21092,12051,44908,1.2
dd7d3ee3f25be3df64b2c07db1ba3181e8ce5f57,6024,235,0,0.0,14.2,124087,1719,12046,21093,12051,44910,1.2
55285a1ea75392fa960c96aaf6f02457f08b7df8,6024,235,0,0.0,14.2,124078,1719,12046,21092,12051,44910,1.2
a40c2f851c1fd7119e2803d5b93062e3f3b456dc,6025,235,0,0.0,14.2,124068,1718,12045,21091,12051,44920,1.2
112ad0c8c99f0409334e5c2e02bbd091e329a5d8,6025,235,0,0.0,14.2,124068,1718,12045,21091,12051,44920,1.2
a3629863f36bd7c58e49bf0910a9cdff46f055f5,6025,235,0,0.0,14.2,124061,1718,12045,21088,12051,44920,1.2
f415fda0347e4ea6f75a1e62d05b8d560b051670,6025,235,0,0.0,14.2,124061,1718,12045,21088,12051,44920,1.2
e918fa4632ee02aff4ef105e0389d42153a3061f,6025,235,0,0.0,14.2,124057,1718,12045,21088,12051,44920,1.2
aadf57d1168e0582793cbd1698b2f067b60cdf91,6025,235,0,0.0,14.2,124057,1718,12045,21088,12051,44920,1.2
717c15e6581dc818552ef9bdf4cb6961d9b234da,6024,235,0,0.0,14.2,124057,1718,12045,21088,12051,44910,1.2
7c236ca8f74e6797dac4d432a37294ee8a4529d5,6025,235,0,0.0,14.2,124055,1718,12045,21088,12051,44920,1.2
ea71f0dea6312ad3b3883141d93e5d9fa1022e55,6032,235,0,0.0,14.2,124043,1718,12045,21084,12052,44930,1.2
9031a4c20455ba16a63233f10783a55915afcd9b,6156,230,0,0.0,14.2,122564,1692,11870,20970,11646,45954,1.2
813fed53e8da58beb48bae9ed602f133abb3f747,6033,235,0,0.0,14.2,124034,1718,12043,21081,12045,44929,1.2
2b12c1661469a693a4df7b617d85a1e9e4d3e84e,6033,235,0,0.0,14.2,124034,1718,12043,21081,12045,44929,1.2
d33784d3c887aefd647e24a9e46f58be8ad4f02a,6033,235,0,0.0,14.2,124044,1718,12043,21081,12045,44920,1.2
9c049f6207fd444401da076e558996037db40745,6033,235,0,0.0,14.2,124044,1718,12043,21081,12045,44920,1.2
e72e0b2938cc849fac465487406ba3c9c54ed823,6034,235,0,0.0,14.2,124048,1718,12042,21083,12038,44940,1.2
bd6e5f101ba5ddaa6bd4f153d694bf7dcf0c19d0,6047,235,0,0.0,14.2,124050,1718,12041,21083,12038,44967,1.2
ff0ce37c46523e9d0dfa13748fca339e68edc027,6047,235,0,0.0,14.2,124049,1718,12041,21083,12038,44967,1.2
6058846d64d8e95c933baf426d624f2093ef97f9,6048,235,0,0.0,14.2,124049,1718,12041,21083,12037,44977,1.2
6f28ff45833cfc51d1e2ee2ccfa723613128125d,6047,235,0,0.0,14.2,124049,1718,12041,21083,12037,44967,1.2
cad253a0d745204c617df007cd8239305a53173f,6048,235,0,0.0,14.2,124049,1718,12041,21083,12037,44977,1.2
10912c811598285c62f7c0f28530732dd1115e5b,6047,235,0,0.0,14.2,124049,1718,12041,21083,12037,44967,1.2
fa2316eb29843439ae9097df2bd4f865ac88d538,6048,235,0,0.0,14.2,124046,1718,12040,21082,12036,44968,1.2
36c75d7ce4895ec0aa856ae6ddaeda7de9b3a402,6049,235,0,0.0,14.2,124045,1718,12040,21082,12036,44978,1.2
8a02f9a8df433c760bf173439a003807eb31de59,6047,235,0,0.0,14.2,124028,1718,12039,21081,12035,44967,1.2
b757e19f494cf8bdd18ed9bd7672733e7e41f2d6,6048,235,0,0.0,14.2,124022,1718,12037,21079,12025,44982,1.2
caac0b573c8f87d0147983c149d5f7d96db2b20c,6049,235,0,0.0,14.2,124022,1718,12037,21079,12025,44974,1.2
7a53a1b3b9acb381aa415251c6419290cd51c31e,6050,235,0,0.0,14.2,124022,1718,12037,21079,12025,44984,1.2
e9e176b1f11f106fbf96da6d8fc8d520871e63bb,6053,235,0,0.0,14.2,123958,1717,12019,21058,12005,45006,1.2
b2901f5cb4f5adf1326951c62095d4a2ce2c971c,6056,236,0,0.0,14.2,123912,1716,11998,21043,11976,45160,1.2
ba282a867f25be6255320088e1519a572e01e04c,6056,236,0,0.0,14.2,123912,1716,11998,21043,11972,45160,1.2
bccac78e9f1473469e97bebccd516fafaab7e8a1,6057,236,0,0.0,14.2,123913,1716,11998,21043,11972,45162,1.2
5ab31388171a41727e5678bf48e7c3ea84edd96b,6056,236,0,0.0,14.2,123927,1716,11999,21048,11972,45157,1.2
1a88b32800a3a6310e44b5f11f2409e37c9878ae,6057,236,0,0.0,14.2,123939,1716,11999,21048,11993,45162,1.2
d2b5914c359758d7339e028938bc62cad1183c0b,6057,236,0,0.0,14.2,123940,1716,11999,21048,11993,45162,1.2
c2c9de9d1206aebb3026a740d32cabea1677164c,6058,236,0,0.0,14.2,123946,1716,11999,21048,11993,45167,1.2
1ecf2dda4195ff00b2dadd98a7c12df6f362a731,6056,236,0,0.0,14.2,123861,1716,11989,21025,11948,45178,1.2
e692d8a87af4c995d1824dfaa10f12daf57be2cb,6050,236,0,0.0,14.2,123809,1716,11988,21019,11949,45061,1.2
dcee618463696494e1748b40e8d58e6e1f5ed19d,6051,236,0,0.0,14.2,123806,1716,11987,21018,11949,45071,1.2
5146f6d65d62eda5db67273e17f3de61af5e67b1,6051,234,0,0.0,14.2,123796,1716,11982,21020,11950,45090,1.2
99771a4ffee6b470d1baca912b87dbe4b75edb55,6051,234,0,0.0,14.2,123782,1716,11977,21016,11938,45107,1.2
b09a150d3d54590c2203d5c7da25ff925a9521dc,6050,233,0,0.0,14.3,123685,1715,11954,20992,11891,45133,1.2
dbab8c5ba78fd7c0afadc9154b7b445b19a8cf64,6051,233,0,0.0,14.3,123685,1715,11954,20992,11891,45143,1.2
ea459212218696808fbf6cbbd579e31f748eec17,6050,233,0,0.0,14.3,123696,1715,11954,20992,11891,45133,1.2
713a3ea96ded46ec54571a55d3370420f1e12455,6061,234,0,0.0,14.3,123718,1715,11953,20995,11889,45196,1.2
5d7b25a22cdf0f4d60dce445f454014a62bd71ee,6062,234,0,0.0,14.3,123754,1715,11953,20995,11891,45206,1.2
2a91684355476e57496e1158ee7e9eaee884969a,6064,234,0,0.0,14.3,123756,1715,11950,20993,11886,45207,1.2
9b89d41bc83b5aa5bd435ce6b15b1c061b0f8012,6064,234,0,0.0,14.3,123756,1715,11950,20993,11886,45207,1.2
93a8ee0789e46ab3f8721ecd7df33b4c84df1a91,6068,234,0,0.0,14.2,123887,1717,11962,21012,11959,45278,1.2
342f37a38481ac32925a3d1de5c70b2578ddfd74,6067,234,0,0.0,14.2,123896,1717,11965,21015,11959,45268,1.2
35f1914782c11283a7c36efb44a8d71729b34124,6067,234,0,0.0,14.2,123899,1717,11965,21015,11959,45268,1.2
663738f966d919c4110bc0ad5ff7eb7fe507aa4c,6067,234,0,0.0,14.2,123898,1717,11964,21013,11959,45259,1.2
7826f27af5c02a443ca7a9ceba3f7f05bccb8915,6076,235,0,0.0,14.2,123927,1716,11961,21024,11970,45321,1.2
dd2e16b6ddcc6aa545b9021370ae0855ae0647f8,6076,235,0,0.0,14.2,123927,1716,11961,21024,11970,45321,1.2
19c1af845d51f3537d95ed645e1a7388a7989aa1,6077,235,0,0.0,14.2,123928,1716,11960,21023,11972,45317,1.2
fd16a2b8124c7e9c6618657d5241936ee185e0dd,6078,235,0,0.0,14.2,123928,1716,11960,21023,11972,45327,1.2
a074319c4e05fe1f84495e1095b115acdb89c17a,6091,235,0,0.0,14.2,124027,1716,11960,21029,11972,45519,1.2
47abf6c8a95feac962d4591f15158b0573decc70,6092,235,0,0.0,14.2,124027,1716,11960,21029,11972,45529,1.2
1efa457d540d0dd1e9b49c9fd1bf5ff71abc9b28,6091,235,0,0.0,14.2,124026,1716,11960,21031,11972,45521,1.2
d7e95b4aec03a000e6a21203487c055ce440bc75,6091,235,0,0.0,14.2,124026,1716,11960,21031,11972,45521,1.2
58e35b29444b62ba35e2b8050ccea589377f243b,6092,235,0,0.0,14.2,124027,1716,11960,21031,11972,45531,1.2
7f262f960b830db3b80d35451f259430ae56b1c8,6091,235,0,0.0,14.2,124006,1716,11959,21028,11983,45512,1.2
7b529a31d1d0f68936b5f4f558e8c1d550c17956,6091,235,0,0.0,14.2,124006,1716,11959,21028,11983,45512,1.2
1f02113adc9001ed780f78464748371eecff3087,6091,235,0,0.0,14.2,124006,1716,11959,21028,11983,45512,1.2
f5b6d2aa94591ef446a4c81b438fb501d5feaa8e,6086,235,0,0.0,14.2,123962,1716,11956,21017,11970,45462,1.2
df9f998e32e1d366f14e69170108d128109e4dc0,6094,239,0,0.0,14.2,123964,1716,11956,21017,11970,45493,1.2
95fc75a05fbbdc23319e49dc9fd54084def3bb92,6094,239,0,0.0,14.2,123968,1716,11956,21018,11970,45501,1.2
2308a36475621f337bef056e40f9b9454c972b19,6093,239,0,0.0,14.2,123963,1716,11956,21017,11969,45496,1.2
21046c85ea960c754d1f695530bff1a4b0aaa729,6092,239,0,0.0,14.2,123969,1716,11957,21018,11969,45486,1.2
2300fca22f4534b11ecaed3a7ba4e5a8de82773f,6093,239,0,0.0,14.2,123969,1716,11957,21018,11969,45496,1.2
c8cf56bb75a9eda4aef8a649acfbb639e9ff9e1f,6094,239,0,0.0,14.2,123970,1716,11957,21019,11969,45497,1.2
6dcd5938c30cb3994f08c3ea93089473234500ca,6094,239,0,0.0,14.2,123970,1716,11957,21019,11969,45497,1.2
a6d55faf75bd77e9b6b0ccdf6290da11e1f4b619,6094,239,0,0.0,14.2,123971,1716,11957,21019,11969,45497,1.2
ed8bb74dfa2462bbfad3763a28140b878d7730dd,6094,239,0,0.0,14.2,123968,1716,11956,21018,11969,45497,1.2
26f010d8c9b0ed9df5a08f8ae71ddefa731f1663,6095,239,0,0.0,14.2,123975,1716,11956,21020,11969,45517,1.2
5a67a19280e59aa0f1a1d767dce4b73e6d320e70,6104,240,0,0.0,14.2,123993,1716,11956,21024,11969,45532,1.2
ece58a88d49e56ad381fc5ec7dcf8a68802900d3,6104,240,0,0.0,14.2,123993,1716,11956,21024,11969,45532,1.2
e3aac2dd2ab9f09d2a27fdf9f2e6cccb1a34bf7f,6104,240,0,0.0,14.2,123993,1716,11956,21024,11969,45532,1.2
15faa9bb36a09481467a6ee4d94bdc5d6c2d6a23,6104,240,0,0.0,14.2,123985,1716,11956,21024,11967,45532,1.2
9cdb2f0882c95272ab8e76698acdd0a6ae9d35be,6103,240,0,0.0,14.2,123974,1716,11956,21024,11963,45522,1.2
6a87dc559cfa6aafd59097e7359634bf4fdbdc5c,6105,240,0,0.0,14.2,123963,1716,11956,21024,11963,45532,1.2
4fbdc4ff7e628b1132ed8b3e87246a0825d7cba9,6128,237,0,0.0,14.2,123987,1716,11955,21025,11949,45590,1.2
c72708bfb63fcbcad67a335a46a4a7e5f097f5e2,6128,237,0,0.0,14.2,123986,1716,11955,21025,11948,45581,1.2
faf398371059c02edcd4e83998cc0fc73935114a,6129,237,0,0.0,14.2,123985,1716,11955,21025,11948,45591,1.2
21a608c8ba580e6ae8aee66d733bd950243862df,6129,237,0,0.0,14.2,123989,1716,11955,21026,11948,45592,1.2
4d78772fc8c20c8404406444b32d6a9aed92204f,6128,237,0,0.0,14.2,123989,1716,11955,21026,11948,45582,1.2
33f1726713a4c5f2ce5880613acf2320ae2a4502,6128,237,0,0.0,14.2,123972,1716,11954,21022,11948,45582,1.2
e07038b00e057bb3cd6989252534b581039916f9,6128,237,0,0.0,14.2,123980,1716,11954,21022,11948,45582,1.2
babf0d13b67a721a73247cba0919157fd04491ef,6129,237,0,0.0,14.2,123984,1716,11955,21023,11949,45582,1.2
b4aa5150c8a94ff0b9461c5b124e8c9eb5594b91,6129,237,0,0.0,14.2,123984,1716,11955,21023,11947,45582,1.2
d27fb1f5aa46706a52f63b336932dc24ab95b82f,6129,237,0,0.0,14.2,123987,1716,11955,21023,11947,45582,1.2
0642b3e0bd3b4e39614e2faf5273fa16643159b5,6129,237,0,0.0,14.2,123967,1716,11953,21020,11946,45583,1.2
bfdde7e64bdbaedb78617ab6df23af6251a3747d,6129,237,0,0.0,14.2,123941,1716,11951,21010,11940,45567,1.2
d3b2439e5cc1da55603fa1a386ae0dc8315812c7,6129,237,0,0.0,14.2,123941,1716,11951,21010,11940,45567,1.2
5c75eb266fa377b4b18b0ca55483180b331376d3,6129,237,0,0.0,14.3,123941,1716,11951,21010,11942,45567,1.2
4527b7dcc5ee7e47a83bf0518dd0d63dbb0cb377,6129,237,0,0.0,14.3,123944,1716,11951,21010,11942,45567,1.2
132c20b0831c79a63374af4cce9cd6a10c659413,6129,237,0,0.0,14.3,123945,1716,11951,21010,11942,45567,1.2
d688d92498f88a5ecb9fb579dce9e2788977cf7b,6129,237,0,0.0,14.3,123943,1716,11951,21010,11942,45567,1.2
971d6d9050a5e9d2de6f253d3b3c639825fc65bc,6129,237,0,0.0,14.3,123935,1716,11951,21010,11942,45567,1.2
f0f124d7c1eff79f7b2645fe2fa02fdb13677ce9,6129,237,0,0.0,14.3,123935,1716,11951,21010,11942,45567,1.2
04bcfe2199d4b009393d53a799ac4834dde5ae58,6129,237,0,0.0,14.3,123935,1716,11951,21010,11942,45567,1.2
68fa9c189d5a260260fb411a7ad7e8e035475b8a,6129,237,0,0.0,14.0,123934,1716,11951,21010,11942,45567,1.2
d75ce73e94bf85acfbc284e9139d9f64c8cf99c6,6129,237,0,0.0,14.0,123935,1716,11951,21010,11942,45567,1.2
73d9cd3435a8e3e2eb6cdc7239d7d8dabe4dd1a0,6145,232,0,0.0,14.3,123294,1710,11924,21009,11851,45343,1.2
215ed36641fbe7561538be4038db44163fa6e5fd,6066,229,0,0.0,14.3,122264,1690,11788,20799,11634,45129,1.2
0f860003e38896a7f3620bf7a8d525973b40ac9e,6069,229,0,0.0,14.4,122246,1690,11785,20800,11634,45149,1.2
9f3ac611eff6f3918fd9e367a90f76d0ee9cc609,6080,229,0,0.0,14.4,122256,1690,11784,20800,11635,45202,1.2
d2b62d3c746ffeac30e638514ae2b05c2a008fef,6145,232,0,0.0,14.3,123294,1710,11924,21009,11851,45343,1.2
614bcebc01336ee5047a98f96b28915680c0399c,6145,232,0,0.0,14.3,123294,1710,11924,21009,11851,45343,1.2
dbc1f79effa1bd6c6c32c4e101ee13c6a78c04d5,6145,232,0,0.0,14.3,123294,1710,11924,21009,11851,45343,1.2
0a2b9bfe7c390529f3f39228879ac848e154e813,6145,232,0,0.0,14.3,123332,1710,11924,21009,11851,45343,1.2
e18ec0d19092d2aa70a0bf3611edf917d85ce67c,6077,229,0,0.0,14.4,122257,1689,11784,20801,11635,45176,1.2
d4706794dd56ac884cf0afa4f0a17d010ff38f1a,6145,232,0,0.0,14.3,123291,1710,11924,21009,11851,45343,1.2
ca84f6c8d9244fd45f29075ad0eff9bbd0e281ad,6077,228,0,0.0,14.4,122188,1687,11781,20792,11633,45181,1.2
bcb6eeec1d978d6d572ebec875d34dc64aeb5121,6083,228,0,0.0,14.4,122191,1687,11781,20793,11633,45192,1.2
cb599135f99d20372d1c227814326df8995b37fc,6083,228,0,0.0,14.4,122196,1687,11781,20793,11633,45183,1.2
576a4139adf8185f01c3c722742dbd980ea75fbe,6083,228,0,0.0,14.4,122196,1687,11781,20793,11633,45183,1.2
2134b891725c0545dc3bceec56ceaf7b25e28526,6083,229,0,0.0,14.4,122196,1687,11781,20794,11628,45184,1.2
5f62633ec88cf2c43622d2841d6a094d4f5c366e,6145,232,0,0.0,14.3,123291,1710,11924,21009,11851,45343,1.2
de4f91b68940874f29df5c6df73c1adc456f0961,6145,232,0,0.0,14.3,123291,1710,11924,21009,11851,45343,1.2
e4f39a3a11061515856cec8767193f9b88ff979e,6145,232,0,0.0,14.3,123291,1710,11924,21009,11851,45343,1.2
1c78148ccfdbc5e24773876a69ff29a45b825153,6145,232,0,0.0,14.3,123291,1710,11924,21009,11851,45343,1.2
477ef978b0f285789e148178c21695c24d055504,6145,232,0,0.0,14.3,123329,1710,11924,21009,11851,45343,1.2
fda71e764be730508a421f884456414b451f78ee,6145,232,0,0.0,14.3,123328,1710,11924,21009,11851,45343,1.2
44b4e4242f5f9ae34c058de4edcea19b29973c3a,6083,229,0,0.0,14.4,122196,1687,11781,20794,11629,45184,1.2
6675c82a32e144bdfc350f2b294a9450b592c44b,6145,232,0,0.0,14.3,123328,1710,11924,21009,11851,45343,1.2
9f6b8c80e1f6ee012d05e41697ddd7415b98d53f,6144,232,0,0.0,14.3,123313,1710,11923,21006,11851,45333,1.2
d98b24cf012f0eeb93cd9716817992a240d0fb1d,6145,232,0,0.0,14.3,123313,1710,11923,21006,11851,45343,1.2
de3014d54baa8c287534d344e4d07fa6e8e3cd30,6145,232,0,0.0,14.3,123316,1710,11923,21006,11851,45343,1.2
e73624c1596c0da8ffa9ccba63f041fde95f14dc,6145,232,0,0.0,14.3,123316,1710,11923,21006,11851,45343,1.2
78accf78c2273d3d80ee9eba38a385d61e8fd8c7,6144,232,0,0.0,14.3,123316,1710,11923,21006,11851,45333,1.2
16fbc932e65501cdd1cba8b6d411f874a770cfb9,6144,232,0,0.0,14.3,123313,1710,11923,21006,11851,45333,1.2
f770b7c59d8a80dd586cd415a20f6bff4f5a8f93,6087,229,0,0.0,14.4,122206,1687,11781,20795,11627,45219,1.2
a8e1d26e8dfe5bddc6367c358d80fa3c6349ad32,6087,229,0,0.0,14.4,122206,1687,11781,20795,11627,45219,1.2
e24e568756a0dba75d565a16039635f0cd6759e5,6127,230,0,0.0,14.2,122250,1691,11840,20898,11625,45609,1.2
8c2fbc8ce688c44c6abca32d436f655204dad397,6128,230,0,0.0,14.2,122241,1691,11836,20896,11625,45619,1.2
43d74b35b910b202a1f1d0e340145cbd043ad983,6127,229,0,0.0,14.2,122140,1688,11825,20876,11629,45589,1.2
458a4504dc9e98792da83566959191f67280107a,6086,229,0,0.0,14.4,122208,1687,11781,20795,11627,45209,1.2
416c57529f81f8d8df27e46c0e60501daeb5e867,6087,229,0,0.0,14.4,122197,1687,11779,20794,11627,45219,1.2
66afe965280373142e64fe969c434740a92a373e,6086,226,0,0.0,14.4,122127,1687,11777,21019,11626,45272,1.2
5acb4bf8686a6c315d8f2f3754f3635909208ab4,6087,226,0,0.0,14.4,122125,1687,11776,21018,11626,45287,1.2
a27c5a7ea91e5ec2e6547b0b3e916c389627160e,6127,229,0,0.0,14.2,122137,1688,11825,20876,11629,45589,1.2
3c38f20a6736e8f5e9679383d7c1f5da80f54795,6148,229,0,0.0,14.2,122410,1689,11833,20935,11641,45847,1.2
1e1a5ecd99b87ab575b3f5b1d2d9ecbc4183cce8,6125,229,0,0.0,14.2,122123,1688,11824,20868,11618,45574,1.2
f73e8cc3f589f47d858b2b21f43fd2c98701f027,6147,229,0,0.0,14.2,122410,1689,11833,20935,11641,45837,1.2
a93e96c15f225fdad11f2135b27c6944c8a189a2,6147,229,0,0.0,14.2,122410,1689,11833,20935,11641,45837,1.2
0e0fbd5db890a6f976d7e45e6af3516efc2aa076,6148,229,0,0.0,14.2,122410,1689,11833,20935,11641,45847,1.2
a15126272b85d718e499f8b5ea52b999730ffa67,6094,226,0,0.0,14.4,122125,1687,11776,21018,11626,45313,1.2
f76ae2165018ca78cbb9286fe9bd4869bc2dbeb6,6134,229,0,0.0,14.2,122332,1687,11826,20921,11619,45707,1.2
de204cf1879922ae64e2622e97aa36d690ab8a24,6087,226,0,0.0,14.3,121985,1685,11769,20987,11631,45352,1.2
e1f4466c389c3831b1de6cb4ce8e3adcbd8491e6,6088,225,0,0.0,14.3,121985,1685,11769,20986,11631,45344,1.2
505b41d99b124908e7dc0d53d688526091d794f9,6089,226,0,0.0,14.3,121990,1685,11769,20987,11631,45358,1.2
5caa422add46efa9b6de8c0e763e1ccecbcbfacd,6088,226,0,0.0,14.3,121984,1685,11769,20987,11631,45348,1.2
2f743547991ddf8e2b28a454f9670c0536d92297,6134,229,0,0.0,14.2,122332,1687,11826,20921,11619,45707,1.2
8e838d5db2d9fb7169b084dd06254a93847c79d2,6133,229,0,0.0,14.2,122332,1687,11826,20921,11619,45697,1.2
67df8848dcb00f2e8e60cb4f195794cba45d9a68,6119,229,0,0.0,14.2,122064,1685,11803,20885,11575,45515,1.2
bb1851277b7868c897773e9c0e7ae70c57faa45b,6088,226,0,0.0,14.3,121984,1685,11769,20987,11631,45348,1.2
347f154b7ffe83c3d652c4bf7af6df66cd935864,6088,226,0,0.0,14.3,121984,1685,11769,20987,11631,45348,1.2
a8af5ce028e7c950b0670567dff9d0b0de5f9d25,6119,229,0,0.0,14.2,122064,1685,11803,20885,11575,45515,1.2
031c01199bba324f0a1acb80f7660403a8686122,6122,229,0,0.0,14.2,122080,1685,11806,20887,11578,45530,1.2
5298afdf401185876edd49b0ad5755f8f618e4cb,6122,229,0,0.0,14.2,122079,1685,11806,20887,11578,45530,1.2
747b8049192527bdc6512f659efc044a100bb8f6,6091,226,0,0.0,14.3,121979,1685,11769,20987,11628,45362,1.2
b725826cb6559eb670de67385bc3074b5ede5c97,6122,229,0,0.0,14.2,122079,1685,11806,20886,11546,45530,1.2
1db53cf4731bc99d5dd64cf13d5584703aafda11,6121,229,0,0.0,14.2,122073,1685,11806,20886,11546,45520,1.2
1f2122e6b77c7816d34e67e99dcdd1606e226902,6122,229,0,0.0,14.2,122073,1685,11806,20885,11546,45529,1.2
c89807ead3ce4ad58461e72ad9aef8ec75e638c3,6122,229,0,0.0,14.2,122073,1685,11806,20885,11546,45529,1.2
41c8ae49c2f32e5b1d86a9abaabdf3dd8f167dd4,6122,229,0,0.0,14.3,122076,1685,11806,20886,11546,45529,1.2
db0c0a8c74ab7d94c6e983658c91659e7b87913c,6121,229,0,0.0,14.3,122076,1685,11806,20886,11547,45519,1.2
178282cde855ef6a17edcea117226ce3e08b838e,6121,229,0,0.0,14.3,122076,1685,11806,20886,11547,45519,1.2
39583d4de2e0f1398ad1b99e8d31a3c97fb2b8dd,6121,229,0,0.0,14.3,122076,1685,11806,20886,11547,45519,1.2
1eebe747b44e072b3b29c25d2b5944c856d6953a,6121,229,0,0.0,14.3,122073,1685,11806,20884,11546,45529,1.2
c679d0b9d4b998690818984222e189d3f92dc58d,6119,225,0,0.0,14.3,122041,1684,11804,20877,11545,45509,1.2
c4e9b9de2dd96b2cc13816b08662f1235463070e,6121,229,0,0.0,14.3,122047,1685,11803,20884,11546,45529,1.2
a02f7a689434fe37dd11fe54ca353989f878848d,6118,225,0,0.0,14.3,122033,1684,11804,20876,11545,45499,1.2
1b6bbf14c004ab984862c106362b1768ee2d9a09,6118,225,0,0.0,14.3,122042,1684,11804,20877,11546,45499,1.2
21e0227a44f7bb97c15d70d9da540a9953ee05b2,6119,225,0,0.0,14.3,122024,1684,11801,20878,11546,45509,1.2
460c3a17568ff31f994646558a48c2d0e7b37bd4,6123,229,0,0.0,14.3,122074,1686,11807,20893,11549,45529,1.2
f4e96a4bb20c6b9a8286323ba5ea796f36f84181,6104,224,0,0.0,14.3,121716,1685,11771,20817,11623,45523,1.2
176a86b50cc2b74af5c81fc0ba70fc4106a6947c,6103,224,0,0.0,14.3,121648,1684,11762,20808,11620,45475,1.2
5a87918386817bcf638013f3143e47a8c2e59ad3,6118,225,0,0.0,14.3,122022,1684,11801,20878,11546,45499,1.2
2cbc83f144d0346c440ffd5b88933c941a6a792c,6118,225,0,0.0,14.3,122053,1685,11805,20887,11547,45499,1.2
fb5f1af5634585a37bd2798327f0370f88755e4c,6101,224,0,0.0,14.3,121654,1684,11762,20808,11620,45461,1.2
d1aa4da6260e3df1c41e7e8612874f417ac2c0de,6118,225,0,0.0,14.3,122045,1685,11805,20886,11546,45499,1.2
bcf474dff5a49e0ca7dbe1212db1078d8a2c593b,6120,225,0,0.0,14.3,122041,1685,11805,20886,11548,45499,1.2
e6325048846efbc3d121e6f40fe13f652e0fe32d,6120,225,0,0.0,14.3,122042,1685,11805,20886,11548,45499,1.2
b399df7d1b69d38ed6ce8f74767d962551c52cfc,6101,224,0,0.0,14.3,121652,1684,11762,20808,11620,45471,1.2
e095bd9bab6c9527ee4da7031f49575651af1696,6120,225,0,0.0,14.3,122024,1685,11802,20883,11548,45499,1.2
d4532c6f8ffcb51f85280a94fe4ee7b2938074a0,6101,224,0,0.0,14.3,121652,1684,11762,20808,11548,45471,1.2
a66784ae12123dbc706e63452fbde74763fc848a,6121,225,0,0.0,14.3,122006,1685,11802,20883,11548,45509,1.2
824aaf9b5efa96b03cf71314263059fcd317288a,6120,225,0,0.0,14.3,121982,1685,11802,20875,11548,45499,1.2
b9c8bb831d5be17291ca076b47b14671c4ebdff5,6121,225,0,0.0,14.3,121949,1685,11796,20869,11550,45509,1.2
0fba21ca47623fd73182b3f1600f4e2e491d0c17,6123,225,0,0.0,14.3,121947,1685,11796,20875,11551,45521,1.2
ff5d2ff0a67e0625e9118dc7afb82891ca9702bc,6120,223,0,0.0,14.3,121921,1685,11795,20864,11551,45487,1.2
9111b3c05bcd79798571f53d6fbba4c1e525d886,6122,223,0,0.0,14.3,121924,1685,11795,20865,11551,45497,1.2
9c9f7f14fab2455848492cfc7702533737e7fadf,6124,223,0,0.0,14.3,121910,1685,11793,20863,11551,45511,1.2
90030e77676a2a4db262094877bd7b01479f1097,6126,223,0,0.0,14.3,121874,1685,11786,20856,11549,45526,1.2
e6b340d8dc2a3290d70895ace47c96df2c442f72,6126,223,0,0.0,14.3,121856,1685,11785,20855,11548,45526,1.2
daab283c6308597b166ace8023a37831b0da0068,6124,223,0,0.0,14.3,121855,1685,11785,20855,11547,45516,1.2
ec8a5b929a7d3b53526847e0eba9ea542ca25f9c,6125,223,0,0.0,14.3,121789,1684,11783,20852,11546,45526,1.2
5c971c161a15c68ba6cdf137f9ae6cb8e7ff915a,6119,223,0,0.0,14.3,121638,1684,11756,20791,11519,45508,1.2
ddb518de3ab3b54ec4b6a8a52db6cde1b3f58262,6119,223,0,0.0,14.3,121637,1684,11756,20791,11518,45518,1.2
f36bed947210a8d675e73374b6ff32a1ac46798d,6101,224,0,0.0,14.3,121649,1684,11762,20811,11548,45471,1.2
ba27bc5352bb0c069b446f1f60bd37c2d816820f,6109,224,0,0.0,14.3,121643,1684,11762,20811,11548,45516,1.2
de76413dbe8cd10dc02451e53f8c399e5e41b484,6108,224,0,0.0,14.3,121609,1684,11761,20809,11545,45512,1.2
4b2b673ba346ae34a5c556f043321c4b987efedd,6119,223,0,0.0,14.3,121627,1683,11755,20790,11518,45518,1.2
f081421e33d38170788cc66eab7974577a27172b,6108,224,0,0.0,14.3,121609,1684,11761,20809,11545,45512,1.2
83b54a8ed93b6ff34443084ec0f238c625621611,6125,223,0,0.0,14.3,121785,1684,11782,20851,11544,45526,1.2
3d7f7f5e827b613a327f080d240fc44c53d29cae,6119,223,0,0.0,14.3,121571,1683,11754,20788,11517,45518,1.2
2147d90679bdaf56f515bc8bae08fcc301771022,6129,223,0,0.0,14.3,121832,1685,11789,20872,11570,45552,1.2
b6f437d84b1dddcc964c14a5483340176bf8d07a,6122,224,0,0.0,14.3,121623,1684,11761,20809,11542,45539,1.2
e981dca7013c8f1f037c09dbc34925009bba5372,6130,223,0,0.0,14.3,121821,1685,11788,20871,11570,45562,1.2
8056746f89d4e725d0b2184a46ea9e8be6980cc2,6130,223,0,0.0,14.3,121825,1685,11788,20871,11570,45562,1.2
ac5afe32e9e2a580292998625f9ff9f9765a8b1f,6121,224,0,0.0,14.3,121622,1684,11761,20809,11542,45529,1.2
3bf77abd86e7d51c74df307c4608b0294d89ca57,6142,225,0,0.0,14.4,121487,1673,11810,20890,11355,45636,1.3
427e2d237aca9cb0fca83b3e17c6bdb1bc2abf86,6121,224,0,0.0,14.3,121618,1684,11761,20809,11542,45529,1.2
6aad8dae077f47efb4c10da92b2a9605bb677e09,6140,225,0,0.0,14.4,121472,1673,11810,20882,11355,45616,1.3
b7857f930354e2fdce74e613b4b0e5ebf3f42acc,6121,224,0,0.0,14.3,121618,1684,11761,20809,11518,45529,1.2
0d04cfdcfae73f9a97340010558ff3339bf192ee,6123,224,0,0.0,14.3,121625,1684,11762,20814,11522,45541,1.2
c509f1b1fe7cf0327174022594c2afce16e6d84c,6123,224,0,0.0,14.3,121625,1684,11762,20814,11522,45541,1.2
66fbb3c3bb7af4fe092722c0ce3f5d73dbd16d6f,6142,225,0,0.0,14.4,121480,1673,11810,20884,11355,45631,1.3
95ebfe8b5a93942d3c3928ad5e9cd4709c76886a,6136,225,0,0.0,14.4,121436,1673,11807,20874,11354,45606,1.3
e172b29ffc80b0c4f2cffcc232555b1ab49c689f,6123,224,0,0.0,14.3,121625,1684,11762,20814,11522,45541,1.2
1b8d952935373ef3897add35b9572b006d3dbfaa,6126,223,0,0.0,14.4,121625,1684,11761,20813,11424,45579,1.2
d41408e23f9f0b26f19a7c3e8f8bcfb5e9aaed1f,6129,223,0,0.0,14.4,121601,1684,11755,20814,11416,45629,1.3
d4d6dbfa361173fbaa7240efbfec6ba248ca0f31,6124,225,0,0.0,14.5,121193,1670,11747,20807,11302,45599,1.3
04aae2a66ea56b9aaba131c373bd645a648d9c76,6124,225,0,0.0,14.5,121193,1670,11747,20807,11302,45599,1.3
e8bcdb0661e6c8a40ae993dd617c26df43e48599,6130,225,0,0.0,14.5,121180,1670,11747,20807,11302,45609,1.3
58efafe67ec6cd1dd576448d07a94a68ad518300,6130,225,0,0.0,14.5,121214,1671,11750,20812,11306,45599,1.3
4ad3c9146b818d0f3460d66c3cbf57ff19208a94,6129,225,0,0.0,14.4,121418,1673,11799,20858,11327,45546,1.3
93a72acf23708d7713821e943877e7c566bc40b1,6134,225,0,0.0,14.4,121266,1673,11777,20822,11327,45628,1.3
ee53c0a13ee229758d7285d45cfb93eb23adae6c,6133,225,0,0.0,14.4,121266,1672,11777,20822,11327,45618,1.3
1bc1312c300ffa17713a665032d2154b12f91424,6133,225,0,0.0,14.4,121266,1672,11777,20822,11327,45618,1.3
612ba397449f9dc678b0786a9dc224f85d4f4583,6135,225,0,0.0,14.4,121300,1673,11780,20827,11331,45628,1.3
9396ace4fc00ca8f2e331b49ddabcb1e138e9e1c,6133,225,0,0.0,14.4,121261,1672,11775,20821,11327,45621,1.3
bdb78b8e1f0a63d7899e4637a8f589d75c3f3fdb,6133,225,0,0.0,14.4,121295,1673,11778,20826,11331,45611,1.3
00051662b1c1e07eb11c88ffa754491597475e90,6134,225,0,0.0,14.4,121295,1673,11778,20826,11331,45621,1.3
46073c79a8db11b2be8c356b39263ee2f6f8c9d7,6134,225,0,0.0,14.4,121295,1673,11778,20826,11331,45621,1.3
383a37e156154dca1ea7be3818ed615406f21c31,6133,225,0,0.0,14.4,121298,1673,11778,20827,11331,45614,1.3
8da7cb588bbf7b3a01dc39377e024febca2843de,6141,225,0,0.0,14.4,121279,1673,11778,20832,11327,45637,1.3
b9a03a92434c5f2a8c1047de7600a9f43d09bbf8,6143,225,0,0.0,14.5,121249,1672,11774,20836,11323,45671,1.3
f99f0158f1206ab5cadc1dfac1b373ebee25ebbd,6143,225,0,0.0,14.5,121249,1672,11774,20836,11323,45671,1.3
50afb8775cb78acf1592516f31143afc2b6e7e38,6144,225,0,0.0,14.5,121283,1673,11777,20841,11327,45671,1.3
5c54c6837876b7daf0c55d9f9cafde109baa1a5d,6144,225,0,0.0,14.5,121283,1673,11777,20841,11327,45671,1.3
09cbf8f616876b205b11aee942d90cc43f55c904,6152,225,0,0.0,14.5,121323,1673,11778,20865,11333,45708,1.3
2fbdecf823fcd6b05d43a12e6fee585cd599b640,6153,225,0,0.0,14.5,121323,1673,11778,20865,11333,45718,1.3
cd560698d24aa521ba1b0b45a0ce725308da5af5,6154,225,0,0.0,14.5,121315,1673,11778,20863,11333,45723,1.3
5ea4fa531f9ec5ae446d4cb1ef2417b53712bd46,6157,223,0,0.0,14.4,121393,1674,11782,20873,11333,45749,1.3
ca7d64173c6d63dd4cbd82ca208bdb036a0e167e,6154,223,0,0.0,14.5,121285,1673,11768,20859,11333,45734,1.3
70b8d0cdaf804925d39cf265642b6b656c09161b,6154,223,0,0.0,14.5,121288,1673,11768,20859,11333,45734,1.3
d0033d1f977ee32d722b2c26d8ea260d0f5325ec,6154,223,0,0.0,14.5,121286,1673,11768,20859,11334,45734,1.3
5cfb963ca6fa972c7965686dc4919e0783b5bcd8,6154,223,0,0.0,14.5,121284,1673,11768,20859,11334,45734,1.3
7aa0717124704db8aede882d815eb39c421dbdf5,6162,223,0,0.0,14.5,121348,1674,11780,20873,11377,45781,1.3
c255ad696fc400562c9691c93d4245fae0f53a79,6153,223,0,0.0,14.5,121284,1673,11768,20859,11334,45724,1.3
9c0e3efd1ec1a6ebea2f2ca5650c47a813602d97,6153,223,0,0.0,14.5,121284,1673,11768,20859,11334,45724,1.3
0b700a7626c01c9e1646bd9e398a0d4ab1d6074a,6154,223,0,0.0,14.5,121309,1673,11771,20867,11332,45731,1.3
dc1dec50d66d251c615a47374c754a02bc96c320,6154,223,0,0.0,14.5,121317,1673,11773,20869,11332,45731,1.3
4cf3e38673b23fda697b900678005b9c2cad270f,6154,223,0,0.0,14.5,121315,1673,11773,20868,11332,45731,1.3
c18b1cfb465181b0a446eb37cb12e5a4eab1d617,6154,223,0,0.0,14.5,121311,1673,11773,20868,11332,45731,1.3
0282a4203b3ad02923b1977e38b5f1d6bfb019c8,6154,223,0,0.0,14.5,121311,1673,11773,20868,11332,45731,1.3
cdee4a20623fefb64433325a8fc112ccc73c0294,6156,223,0,0.0,14.5,121312,1673,11773,20868,11366,45736,1.3
b4dd0cfd63b59a25044f1b91fd5fa4e4d0de271b,6162,223,0,0.0,14.5,121348,1674,11780,20873,11377,45781,1.3
59cbe69f281d2aff7aebb65bcb3d2c3a11872d32,6162,223,0,0.0,14.5,121347,1674,11780,20873,11376,45789,1.3
ab497bc719a5ca632481466ac907085cde5b84b9,6162,223,0,0.0,14.5,121346,1674,11780,20873,11372,45789,1.3
df7bc596ba53153932c754548b962c4e16070d35,6168,223,0,0.0,14.4,121378,1675,11786,20885,11376,45841,1.3
bfed246d8e45bbec39e65612b593f6592b9bc347,6168,223,0,0.0,14.4,121378,1675,11786,20885,11376,45829,1.3
86982cff8c342e5fc648e2ef8a22ef11d43bbd9c,6167,223,0,0.0,14.4,121379,1675,11786,20885,11376,45819,1.3
64d6ac8060ccea8aa04e21311ae13ac137ec4396,6167,223,0,0.0,14.4,121378,1675,11786,20885,11376,45819,1.3
c84511c6a7a6665dcf03e1dd06cdf077c13c008a,6171,223,0,0.0,14.4,121387,1675,11786,20891,11383,45851,1.3
77891b4dc13ef73c161950b555cfeecfab71bcba,6173,223,0,0.0,14.4,121401,1677,11788,20894,11390,45856,1.3
7d3c6bc0aa379d05013172f11e38c0b301049b41,6174,223,0,0.0,14.4,121439,1677,11796,20902,11404,45871,1.3
e3f577377e18778184f8954a03312545cf8fcfaf,6174,223,0,0.0,14.4,121439,1677,11796,20902,11404,45871,1.3
ddf0cbaf2bec5d9a0844a1cff791113e017392a4,6174,223,0,0.0,14.4,121440,1677,11796,20902,11404,45871,1.3
2a763b993c4308d5e154364d8ab47d7ef38b171d,6171,223,0,0.0,14.4,121397,1677,11788,20895,11394,45846,1.3
669705c7d3fa69244cb3301af0f2cd1360609857,6171,223,0,0.0,14.4,121402,1678,11788,20895,11395,45846,1.3
2e73d45445e0b9af27a82718d14e5a2ef64595be,6171,222,0,0.0,14.4,121379,1678,11788,20886,11390,45857,1.3
b88bf3af685fad81494e0501bcba9dc09554e6b1,6171,223,0,0.0,14.5,121307,1678,11785,20879,11389,45852,1.3
c20164ef1d3ef92ce8db15fc0cc27fc3c059857a,6171,223,0,0.0,14.5,121305,1678,11785,20879,11389,45852,1.3
9897aa3d7273e3eb96910cfdc09709a77cae50b0,6173,223,0,0.0,14.5,121306,1678,11785,20879,11389,45873,1.3
96dffe353ef3c9cdf938bf81d38fd9f19cd17f1a,6173,223,0,0.0,14.5,121306,1678,11785,20879,11389,45873,1.3
411abe9026ea4d6b8c9e73515947c3a520411656,6173,223,0,0.0,14.4,121325,1678,11787,20884,11387,45873,1.3
a35f9420fb13d37e7a136e47ea0bfe5a4cf83550,6174,223,0,0.0,14.4,121325,1678,11787,20884,11387,45883,1.3
cedba72024848fa3ceae1d1e6f89e6960b284fb5,5855,206,0,0.0,15.0,113677,1557,10932,19499,10568,43807,1.3
ac31d4f5217f383574984e05b035c2e0968d675f,6174,223,0,0.0,14.4,121325,1678,11787,20884,11387,45883,1.3
b1324511d13aad36d14adee7bce71cdbe65a872a,6173,223,0,0.0,14.4,121328,1678,11787,20884,11387,45873,1.3
5184416bc7c87f5a6960f29823a071bc1ae826a4,6173,223,0,0.0,14.4,121327,1678,11787,20884,11387,45873,1.3
4bd2ed4979920bef7e04328b5711c662190a4f1a,6124,216,0,0.0,14.5,120542,1666,11693,20761,11064,45916,1.3
678cdb4184b9397c70b94e1b696cf11bcf16b1e5,6123,216,0,0.0,14.5,120542,1666,11693,20761,11064,45906,1.3
69e72041943f247360249ba191ac1217217f43a5,5857,206,0,0.0,15.0,113678,1557,10932,19499,10568,43828,1.3
3e6ae66fde6db2edb139e59d3c5530c9196b4144,5859,206,0,0.0,15.0,113627,1553,10902,19469,10563,43833,1.3
fae5fa83f27e287befb927652784b94bcd135a4c,5858,206,0,0.0,15.0,113611,1553,10901,19469,10563,43825,1.3
d962113622f0a4db5d6a0fa06cfb3055ba92805d,5859,206,0,0.0,15.0,113611,1553,10901,19469,10563,43835,1.3
fdc9202f9732292bd4661442df240f881118411d,6123,216,0,0.0,14.5,120560,1666,11693,20764,11065,45906,1.3
5c2293d770a717694d0cedf4ebf9c9b2223571d0,6123,216,0,0.0,14.5,120560,1666,11693,20764,11065,45906,1.3
275635e5b7f97e5c2130b18b81197907b5f027af,6123,216,0,0.0,14.5,120555,1666,11693,20764,11066,45906,1.3
1a068740a001da0a658c7839f107ae4aa03679e3,6124,216,0,0.0,14.5,120555,1666,11693,20764,11066,45916,1.3
5d690d93998dff12acd2c1be0fb8de63cc39b85a,5858,206,0,0.0,15.0,113611,1553,10901,19469,10563,43825,1.3
47213f461b632379d5107e9ad73d3c222adadeb4,6123,216,0,0.0,14.5,120544,1666,11694,20766,11065,45901,1.3
455943f4606caf88f6c1627e83c745d92f29813b,6123,216,0,0.0,14.5,120544,1666,11694,20766,11064,45911,1.3
859efeff747587c10cae4fdbfbf38719ec44e009,6123,216,0,0.0,14.5,120544,1666,11694,20766,11064,45911,1.3
df219f36aa27f6fd11c33a73af407b9e009485a7,5860,206,0,0.0,15.0,113611,1553,10901,19470,10563,43840,1.3
5b1b14de1ba3cd86f6494fb12d51085b264b3ec3,5851,206,0,0.0,15.0,113549,1552,10896,19465,10563,43763,1.3
c0b277c735d52e3cf667d0b3e1100fba7bbb41db,6123,216,0,0.0,14.5,120539,1666,11694,20763,11064,45911,1.3
67c871825d988a9295905a080f968a045fb86ea3,6123,216,0,0.0,14.5,120537,1666,11694,20763,11064,45911,1.3
e4acdf72f644c0f4f1adad0257615567ef2bb649,6123,218,0,0.0,14.5,120535,1666,11694,20764,11064,45909,1.3
83a75d3c19df598437cc622cbb7ec1daf0273a79,5851,206,0,0.0,15.0,113546,1552,10896,19464,10564,43763,1.3
c8c5b3d674fd88a67efdcb585c6fb2252f0794ee,5845,204,0,0.0,15.0,113485,1551,10894,19457,10556,43693,1.3
e6e7ea8b12d952a9ccb53e73ace18231effbf767,6123,217,0,0.0,14.5,120568,1666,11692,20767,11067,45905,1.3
fa41d6ff039b8951dd6e40aa47abf6bc69ee3e4a,5846,204,0,0.0,15.0,113473,1551,10894,19456,10556,43703,1.3
b3d44a6e63543f443d0ae26620a384f4e28f5c6d,5850,206,0,0.0,15.0,113507,1551,10896,19466,10566,43720,1.3
06488870268ef17e47992082254cb7f026b12291,5849,206,0,0.0,15.0,113507,1551,10896,19466,10566,43710,1.3
99632b38dbc87bc3e706985bd887a3e0aa329e42,5849,206,0,0.0,15.0,113507,1551,10896,19466,10501,43710,1.3
a5faea2232cc306d4243513038afdaac06f83497,5850,206,0,0.0,15.0,113507,1551,10896,19466,10501,43720,1.3
f92f00f8d9e2f0e49100f15beb7e2e4a589a840e,5848,206,0,0.0,15.0,113504,1551,10895,19465,10501,43720,1.3
e86b89c49dabc23ab3d84c6317309ded3342aef8,6119,217,0,0.0,14.5,120528,1665,11683,20759,11066,45850,1.3
e4257677e9b276c8e73c01b246f6617cc92af1d7,6121,217,0,0.0,14.5,120528,1665,11683,20759,11066,45865,1.3
0a2aab8c59d43486bb497c09a1b44c986db4fe78,6120,215,0,0.0,14.5,120501,1667,11682,20753,11086,45846,1.3
6007fd30a80b2fa0a68c1dc0a263f125ed0dfb95,6120,215,0,0.0,14.5,120494,1667,11682,20758,11085,45846,1.3
c94ac7acfb4151e0d40ad4666f369ad47b690099,6121,216,0,0.0,14.5,120351,1667,11665,20707,11086,45800,1.3
c55845916b0ffe4d88d829f359b4bef51a9757ad,6129,215,0,0.0,14.5,120542,1662,11670,20782,11061,45823,1.3
31de87008a33129d82236cfbf107fdf50cb477ad,5848,206,0,0.0,15.0,113502,1551,10895,19465,10485,43722,1.3
f5be817c0077c85c0d9ecc0026d0fd396684a03a,5848,206,0,0.0,15.0,113502,1551,10895,19465,10485,43722,1.3
2fad342ce1bd6afe683b001d063c82fb89237b48,5848,206,0,0.0,15.0,113502,1551,10895,19465,10485,43722,1.3
1eb3067db3948fe5eb40697d93389fec5b900a0c,5848,206,0,0.0,15.0,113502,1551,10895,19465,10485,43722,1.3
afcb9f2b8dc3bde308750d8ca832c3d8183b2c42,5846,201,0,0.0,14.9,113408,1551,10892,19456,10481,43736,1.3
b8c3e8445524a78fda3e7823893a4ef8415d7fa3,5846,201,0,0.0,14.9,113408,1551,10892,19456,10481,43736,1.3
227a1699ac041b9e99e31ba3dfcff5d2307ee77b,5846,201,0,0.0,14.9,113398,1551,10892,19455,10475,43736,1.3
6c9f74c090475b8f40eb5e92047a61ab589553cd,5846,201,0,0.0,14.9,113398,1551,10892,19455,10475,43736,1.3
61eff598674e51046220a8cf3f5de4840792c48c,5851,201,0,0.0,14.9,113397,1551,10892,19455,10475,43763,1.3
9d4b6cbaae3adce765b0b1dba6a50a92e504c7b1,5853,201,0,0.0,15.0,113397,1551,10892,19455,10475,43767,1.3
ce4defa5a0b83af9fcc40bb063c2c2b5c81c8d28,5854,199,0,0.0,15.0,113234,1551,10890,19422,10479,43708,1.3
0599f7da8bfeea08de0b5d2c7699a10a3c62b8ac,5875,199,0,0.0,15.0,113116,1545,10859,19399,10474,44060,1.3
d32ff6065ea7e90c023ad514545a33d525b50e71,5880,199,0,0.0,15.0,113160,1545,10859,19407,10474,44085,1.3
acfc86f1ad036f0e0198a04b4cb7bcf9608045f2,5879,199,0,0.0,15.0,113160,1545,10859,19407,10475,44075,1.3
6f6ef6c9f2100e6d9a69c0337601d766f5587dea,5881,199,0,0.0,15.0,113060,1545,10852,19392,10468,44059,1.3
795a84005fb86a6fc3649810807624e39e3bdd5c,5881,199,0,0.0,15.0,113066,1545,10852,19392,10467,44063,1.3
a03d4877a54d8474d351f9e355d42affef7f73c0,5881,199,0,0.0,15.0,113062,1545,10852,19391,10467,44060,1.3
e508ad467f94e853885fdf47a74d312eb5c6001b,5881,199,0,0.0,15.0,113038,1545,10850,19388,10468,44029,1.3
368a59ed8560e36de7255231297a39fc194b60bf,5881,199,0,0.0,15.0,113023,1545,10850,19388,10468,44029,1.3
aa5637e85fb23d453ac226ec2622269c9993ace3,6129,217,0,0.0,14.5,120528,1660,11663,20774,11013,45807,1.3
dabd428a2e91ed4a630d6a43af392da44c19d3d4,5881,199,0,0.0,15.0,113025,1545,10850,19388,10468,44025,1.3
437c6ce220eb294534420ad366a1b43de5cf0ebb,5879,199,0,0.0,15.0,113012,1545,10849,19385,10466,44015,1.3
38c2151857ca5af1adbf739b82768ac2514824a5,5882,199,0,0.0,15.0,113011,1545,10849,19384,10466,44045,1.3
d4d827e11c7ac832ec60e087f92f30f93fa1d478,5880,199,0,0.0,15.0,113006,1545,10848,19383,10466,44030,1.3
bb3216d8586db05606ca27edf2a16a4ac80740ad,6129,217,0,0.0,14.5,120518,1660,11663,20774,11013,45807,1.3
833ba033ccb3cd2a573776637c6db9d154d9f5ba,5879,199,0,0.0,15.0,113009,1545,10848,19383,10466,44020,1.3
c2a4c8d2477636d22030522786c42d6410da3373,5881,199,0,0.0,15.0,113013,1545,10848,19383,10466,44040,1.3
fe456d9661947b1e0633a59b98a12d1ce8d4a152,5880,199,0,0.0,15.0,113002,1545,10846,19377,10462,44030,1.3
3a05378a2f9f1d183c33882c585a9d2a90445ef8,5880,199,0,0.0,15.0,113002,1545,10846,19377,10462,44030,1.3
69901348b194c476a50665d34c600816c9273966,5880,199,0,0.0,15.0,112977,1545,10845,19372,10462,44024,1.3
107a0cc11ac8fa38986025bb7adec700d5c65482,5882,199,0,0.0,15.0,112983,1545,10845,19374,10464,44046,1.3
f3e8be7e95576c4d835caab02ded331d2b6d2c5f,5882,199,0,0.0,15.0,112983,1545,10845,19374,10464,44046,1.3
e16e78ff18997d595139a6561bea005e043fd568,5880,199,0,0.0,15.0,112958,1545,10844,19373,10464,44031,1.3
5b000a389c92778c92931cae3bbe604ea797e0b7,5879,199,0,0.0,15.0,112957,1545,10844,19373,10250,44021,1.3
ea71adbf2a9526e3091b5c15d59e5e4b8872ca81,5883,199,0,0.0,15.0,112935,1545,10840,19374,10245,44046,1.3
743da200f607124e5c0b40d55bfe57f2fbc3084f,5886,199,0,0.0,15.0,112942,1545,10840,19382,10246,44074,1.3
8a8650f4834501b2a891c4bda85c6a4e42b08cc8,5885,199,0,0.0,15.0,112941,1545,10840,19382,10249,44064,1.3
48e482e0e71c93be9d8c576c842123bb30363fc8,5886,199,0,0.0,15.0,112938,1545,10840,19382,10249,44074,1.3
628ad777b963fb450873a5fd38eebf99002bbc68,6133,215,0,0.0,14.5,120553,1662,11671,20782,11015,45842,1.3
216e75063002ca3d8c45e441c3f3c353aa21a5a4,5886,199,0,0.0,15.0,112915,1545,10836,19378,10249,44074,1.3
63bf28da8c173f474a5643ca716876db2d3aae9a,5886,199,0,0.0,15.0,112923,1545,10836,19379,10249,44074,1.3
2847b3c41c35f28a158d391c492d077206bd0b09,5886,199,0,0.0,15.0,112923,1545,10836,19379,10249,44074,1.3
585b3a5c4cee72dc0a597cef22bce83cd2df2d52,5886,199,0,0.0,15.0,112923,1545,10836,19379,10241,44074,1.3
0d3c0dacb32a29d11c4762ab70d9832449e17e86,5886,199,0,0.0,15.0,112921,1545,10836,19379,10241,44074,1.3
e0bd630e8adb61a9085a2cc3eb1302fcba9a47fd,6133,215,0,0.0,14.5,120554,1662,11671,20782,11015,45842,1.3
85eb412d86166f21b59b5a308f521f5aa5bc9991,6132,215,0,0.0,14.5,120554,1662,11671,20782,11015,45827,1.3
d40beeb834f2fdd87d2b964eac263de23280738b,6132,215,0,0.0,14.5,120554,1662,11671,20782,11015,45827,1.3
5a9406c66d0ae1aabc1a83c1821f070ec823aa8b,6132,215,0,0.0,14.5,120554,1662,11671,20782,11017,45827,1.3
e8af04d9ef58dd6e6485995fafe40095a3ce7d77,6132,215,0,0.0,14.5,120554,1662,11671,20782,11017,45827,1.3
1f751a602654f52d1ea86488a66d56c2a8faced6,5886,199,0,0.0,15.0,112914,1545,10836,19378,10241,44074,1.3
b01e251a541fb73c41fcc3e458efbf65c36fdde7,5888,199,0,0.0,15.0,112914,1545,10836,19378,10241,44104,1.3
d0f7c05abb54f02584587a41d19636c35d3d9ab2,6132,215,0,0.0,14.5,120496,1662,11662,20770,11034,45838,1.3
2b01e0cd0c0796b6eda44555672bc62312764d83,5870,199,0,0.0,15.0,112875,1545,10834,19376,10242,43991,1.3
32140d44b72c142ecf046a4e6f01eedad32881a8,6130,215,0,0.0,14.5,120496,1662,11666,20772,11033,45813,1.3
dfdd424da40369019db2b75af3c3c16f2d492527,5871,199,0,0.0,15.0,112882,1545,10834,19378,10242,43998,1.3
6081c9ec71109e932afeb52aceab4aca8463826e,6132,215,0,0.0,14.5,120491,1662,11662,20768,11033,45838,1.3
92c721b1dc3d0081a5d27c26d5d65567ef32f7c0,6132,215,0,0.0,14.5,120491,1662,11662,20768,11033,45838,1.3
25080d38ecc765e821f6cf2288884333911c9936,6132,215,0,0.0,14.5,120477,1662,11662,20763,11033,45838,1.3
7473662275afe8003a8208c1526bc662a2a8ac9d,6132,215,0,0.0,14.5,120477,1662,11662,20763,11033,45838,1.3
c2b34c81131a535a67c735fc890ba9a9764d36f6,6132,215,0,0.0,14.5,120476,1662,11662,20763,11033,45838,1.3
52a325d2cefd6027869277e52e92a29f2c12013d,6126,216,0,0.0,14.5,120416,1657,11649,20754,11044,45808,1.3
cc943d349fab2762b6d61495a2ac0b5daf6445d8,6131,216,0,0.0,14.5,120490,1662,11665,20768,11031,45820,1.3
00b15a44c61f88da69670b6f2f1357736eb8776e,6127,216,0,0.0,14.5,120411,1657,11645,20750,11044,45823,1.3
133d570801d963a8fdcafd0aae7980fe984e026b,6130,216,0,0.0,14.5,120490,1662,11665,20768,11031,45810,1.3
38a8fad488cc8a0d0d9b448f6f90357bd708271a,5871,199,0,0.0,15.0,112882,1545,10834,19378,10242,43998,1.3
8f9a76e0fb2866e6e388ac9b4b44ec8318ef9e18,6127,216,0,0.0,14.5,120411,1657,11645,20750,11044,45823,1.3
83a27e894a7975ff31cf2546cbe65cb3ebbb1d63,6127,216,0,0.0,14.5,120411,1657,11645,20750,11043,45833,1.3
14d1f97ae80a35fe65d9fced488a1fd8bac4f822,6126,216,0,0.0,14.5,120384,1657,11645,20750,11042,45823,1.3
abb62c8e8f1919cd32449fcb85d9574675a50323,6126,216,0,0.0,14.5,120384,1657,11645,20750,11042,45823,1.3
bc6a06c73ae60be7848c0149e8c31cd901d4a676,6127,216,0,0.0,14.5,120407,1657,11645,20749,11042,45833,1.3
7101b6b169c123a5ad4079a8429509da22b0f5d8,5871,199,0,0.0,15.0,112882,1545,10834,19378,10242,43998,1.3
719b5a3e9511dfb1c313d9d4fa6c3dcc2d37cc05,6127,216,0,0.0,14.5,120380,1657,11645,20749,11041,45833,1.3
8465e9a4887858004e3f766a0e3a5aa8e8b0903b,6127,216,0,0.0,14.5,120382,1657,11645,20749,11040,45833,1.3
a1b9e0ab4deae4b966b952c812fb6456355d9a2a,6126,216,0,0.0,14.5,120383,1657,11645,20749,11040,45823,1.3
4700f2c585d410c401cea9022ae95e55b8c2cc77,6126,216,0,0.0,14.5,120381,1657,11645,20749,11040,45823,1.3
23f0e52486e21ff8af15820fb9274ce93570b86c,6127,216,0,0.0,14.6,120352,1657,11643,20745,11040,45819,1.3
5aeb049ea3e67725377b4e6ed3936c5bc1289deb,6127,216,0,0.0,14.6,120338,1657,11642,20742,11040,45827,1.3
d39343e8b4ab6045a9c6580071553f1aaf37b507,5871,199,0,0.0,15.0,112882,1545,10834,19378,10242,43998,1.3
0fb3657c1445fe6d9ec226375421ef837d81e753,6126,216,0,0.0,14.6,120334,1657,11642,20741,11040,45817,1.3
d9e0b6464bd86aa3b916f894d53865f78671012b,6126,216,0,0.0,14.6,120305,1657,11642,20741,11040,45817,1.3
d4156cc6bd16a5c43a50ce423f37c44733aaaa97,6125,216,0,0.0,14.6,120310,1657,11642,20741,11035,45812,1.3
bc3086e7fb08a734b51082b6130a417e2a5dffd3,6154,218,0,0.0,14.6,120795,1662,11672,20797,11106,46000,1.3
6f618226c179f76cf921f4792df6878320917ef1,6154,218,0,0.0,14.6,120796,1662,11672,20797,11106,46000,1.3
b9ce4a490c642c15f70ee4f19c00af8ef1423c40,6152,218,0,0.0,14.6,120787,1659,11672,20797,11106,45995,1.3
46b3458564cd0387d50f26f566556917cb74b999,6129,217,0,0.0,14.6,120332,1652,11637,20749,11067,45840,1.3
3206dba956ae1d23fab1a2099ffd166974fe0ba9,5871,199,0,0.0,15.0,112881,1545,10834,19378,10242,43998,1.3
8d8aed20b1f516c28d7176669a7ffbb4d8a004c3,6111,217,0,0.0,14.6,120120,1652,11615,20725,11049,45570,1.3
8f40549726f4f09c79351278c169cf7d2b701afe,6109,217,0,0.0,14.6,120124,1652,11614,20724,11052,45560,1.3
a24289f244eafd46e0dc52e30377df485bfb69d0,6113,216,0,0.0,14.6,120145,1652,11616,20726,11056,45600,1.3
720784c41b89325316f35d8d3a3f3dbc773511f7,5872,199,0,0.0,15.0,112881,1545,10834,19378,10242,44008,1.3
da978fd3939a4b1cda07db413e8e5fea02fd96a7,6113,216,0,0.0,14.6,120145,1652,11616,20726,11056,45600,1.3
3dfa8d24e4c0ca6f39c5257c06c8524418a33229,6111,216,0,0.0,14.6,120125,1652,11613,20717,11047,45598,1.3
773d7f4474f9ff958fa51718c555f9ac5ffb23c3,6110,216,0,0.0,14.6,120125,1652,11615,20722,11046,45588,1.3
2d7b8c1f91be5eae057c3fd576e69d33809e6859,6110,216,0,0.0,14.6,120125,1652,11613,20716,11047,45588,1.3
1e28f7a49980ad5ef5d373ed11d004de7d7082aa,6109,216,0,0.0,14.6,120112,1652,11613,20718,11041,45588,1.3
1bebd2d28daa4573a0edecbf4b9d871827d5d9f0,6107,216,0,0.0,14.6,120105,1652,11612,20713,11037,45576,1.3
7adf11182f105e952a0cadf3d5b4941b4c62b057,6113,216,0,0.0,14.6,120106,1653,11612,20726,11046,45635,1.3
65e16405231dce43c510a1570da420b3ce117239,6107,216,0,0.0,14.6,120108,1652,11613,20714,11031,45576,1.3
607af9d0d0e0db8ec40bb6a8608333d37946b5b0,6111,216,0,0.0,14.6,120122,1653,11611,20725,11032,45612,1.3
28b3736e4553a8f41bb0413ad29caa388c36e519,6110,216,0,0.0,14.6,120103,1653,11610,20721,11032,45615,1.3
6a1b9ee657ad01f6786d609bf55f7fd7aecc2441,5872,199,0,0.0,15.0,112881,1545,10834,19378,10242,44008,1.3
6140bc2a653cc3066d15ceeff5a3f06962fb32ad,6112,216,0,0.0,14.6,120102,1653,11612,20722,11036,45633,1.3
9f02b97ee00b80ffdb501d8fd48c794e88388d32,6111,216,0,0.0,14.6,120114,1653,11616,20726,10962,45638,1.3
740b5aae832828d16e7bdeb871f430fb0810bb1c,6113,215,0,0.0,14.6,120117,1653,11617,20729,10964,45653,1.3
ecc34c247cfea3724cea64fde9433b25ebcf0fe9,6114,215,0,0.0,14.6,120117,1653,11617,20725,10964,45663,1.3
3845d78fafb6cb30ea96193c665ae1771e28751e,6114,215,0,0.0,14.6,120117,1653,11617,20725,10964,45663,1.3
701cf26d918f58095377d4682b0c5d13dce82895,6113,215,0,0.0,14.6,120111,1653,11616,20723,10963,45653,1.3
912498ab0830f9c7ae232fce58ed392489080ecc,6114,215,0,0.0,14.6,120109,1653,11616,20721,10963,45663,1.3
51146f726d38bc72b07547ddbf6de662976f2813,6108,216,0,0.0,14.6,120089,1653,11616,20721,10962,45610,1.3
1ab215efd189c47d64c66314997531e90369769d,6108,216,0,0.0,14.6,120078,1653,11616,20720,10962,45610,1.3
5ea6b33f2b270d83c37726750e1395f0972636c0,6111,216,0,0.0,14.6,120029,1652,11612,20688,10956,45641,1.3
0aebefec3d4653c5144e4e68e77049d7b1198b1d,5871,199,0,0.0,15.0,112875,1545,10834,19378,10242,44006,1.3
c880720724d27458475b638f9f70a0ebee5dd0b4,6112,216,0,0.0,14.6,120026,1652,11612,20688,10955,45651,1.3
026fa0b9f257d5186dadabf0a821a063f784ebd9,6109,216,0,0.0,14.6,120086,1652,11617,20722,10958,45655,1.3
a3215cba294e9d81b6670bb642caad352859dbbf,5871,199,0,0.0,15.0,112874,1545,10834,19378,10242,44006,1.3
0a4cce7a74944fba249bc40283ac3fb2903bb0a8,6108,216,0,0.0,14.6,120009,1652,11612,20688,10955,45628,1.3
6999c6a3eb6c038b2648645d68fcad3bd143b6a1,6101,216,0,0.0,14.6,120008,1652,11612,20688,10955,45583,1.3
9466425f51d182a003c609c4f12bf64ff8f95a1a,6106,216,0,0.0,14.6,120008,1652,11612,20688,10955,45573,1.3
b1a7622943abf7f56ef559343f073126ec4963fe,5871,199,0,0.0,15.0,112874,1545,10834,19378,10242,44006,1.3
3de0ec03db4e0794100f840b3f354ef7d6d838bc,5878,199,0,0.0,15.0,112882,1545,10834,19381,10242,44013,1.3
92e88251061863cda2606c7495d20fa44c8c6a32,6102,216,0,0.0,14.6,119999,1653,11612,20688,10952,45542,1.3
2e9e85a55a42c0212d1b7d4813e846eb7ff29bfb,6105,216,0,0.0,14.6,120005,1653,11612,20688,10952,45572,1.3
1a8e8b1a08809f0b6337cc1b74a9f869a7ec73eb,6104,216,0,0.0,14.6,119981,1653,11610,20674,10953,45546,1.3
e430443afd3944cae362bef6145a6049a2ef84f3,6105,216,0,0.0,14.6,119999,1653,11612,20687,10952,45572,1.3
453e323b4b955505b9c3ef10340f55ab8a3ca4a0,6104,216,0,0.0,14.6,119999,1653,11612,20689,10950,45569,1.3
a3f9a541c5752d449b38f360b1bcb6ae0876cd37,6104,216,0,0.0,14.6,119975,1653,11610,20673,10953,45546,1.3
dc23a343688adb1948503738b5d253678f5d59dd,6104,216,0,0.0,14.6,119975,1653,11610,20675,10951,45553,1.3
46a05803a8d6f59f95039a205318542d6270ce24,6103,216,0,0.0,14.6,119975,1653,11610,20675,10951,45543,1.3
5f0d8c8b370404e179852b8b7c49880b2fc3ed51,6103,216,0,0.0,14.6,119913,1653,11610,20675,10950,45548,1.3
0d0c955eee40528fd87d856c402724c103835607,6057,215,0,0.0,14.6,119913,1653,11610,20675,10950,44860,1.2
dbca54ca237b16e157ada4aa2b98eb29117fb2ba,6055,215,0,0.0,14.6,119904,1653,11611,20675,10947,44855,1.2
d11b8762ba3c99c42ffc863b8225a153595ec47f,6061,215,0,0.0,14.6,120135,1659,11627,20695,10971,44884,1.2
e3916ef64ade94129dc7866909ee4c2e237838cd,6069,216,0,0.0,14.7,119896,1658,11593,20675,10926,44976,1.3
21b4334dc9fd61907d2cb26f08c5eb26e05195e4,6061,216,0,0.0,14.7,119840,1656,11586,20668,10903,44901,1.2
29ef73f1b122768ddf446bdfb814e815aef3efc9,6065,216,0,0.0,14.7,119834,1658,11588,20653,10922,44954,1.3
38a65115a5bff24dd6c8dc78eb7655443be84a69,6064,214,0,0.0,14.7,119752,1658,11579,20632,10909,44941,1.3
042ab09db1940c73b5171b88b2cbb1607477af4d,5878,199,0,0.0,15.0,112882,1545,10834,19381,10242,44013,1.3
bff16ebe1fa6d73d64e1f90b5aacc3812eb40d90,6059,216,0,0.0,14.7,119796,1656,11583,20652,10899,44894,1.2
bdfc5007fa5cad80d22b5c0422e55c1fcb745dc4,5878,199,0,0.0,15.0,112882,1545,10834,19381,10242,44013,1.3
b7e8b1e02a11c4743de5ddd43550bf117ad0d34d,6058,216,0,0.0,14.7,119778,1656,11581,20646,10899,44889,1.2
b787ab7a09ecef95100000ce206d078dec282b9e,6058,216,0,0.0,14.7,119778,1656,11581,20646,10899,44889,1.2
60b13428a0d79af759dc0221b9c8b5dc96c7c7df,6058,216,0,0.0,14.7,119755,1656,11580,20641,10899,44888,1.2
e2f664f003a74a476aacc6424e34f6303e143dbe,6059,216,0,0.0,14.7,119778,1656,11581,20646,10899,44894,1.2
3d79fe0f20f64545cbd4b1c2e66039c04ea45aaa,6059,216,0,0.0,14.7,119755,1656,11580,20641,10899,44893,1.2
42fac3eae1cff284d873423f2fe3a0b8bdf582bb,6059,216,0,0.0,14.7,119750,1656,11580,20640,10899,44893,1.2
7f5fd469ee44cc2802194cbecde48d7d1fc920e4,6058,216,0,0.0,14.7,119750,1656,11580,20639,10898,44883,1.2
efacb58b71401002511c93fc78e0d7ac6d6511f2,5877,199,0,0.0,15.0,112878,1545,10834,19381,10242,44003,1.3
d8db928d0a080767fe7ad4a3398d17ec39ec9614,6057,214,0,0.0,14.7,119698,1656,11572,20625,10886,44876,1.2
ebb7dd720404aca6de6f8e3a8d4398120031b8a8,6055,214,0,0.0,14.7,119684,1656,11572,20620,10885,44854,1.2
708cdb5678256b0dfbafa87e086def4f22e352de,6056,214,0,0.0,14.7,119696,1656,11572,20625,10886,44866,1.2
117d48530672440bdb63ab68033f71a9535e1473,6057,214,0,0.0,14.7,119694,1656,11572,20625,10886,44876,1.2
dcbd3269863ce28856e1f441356d4cdc495d0159,5878,199,0,0.0,15.0,112877,1545,10834,19381,10242,44013,1.3
a7cf7373863498b2b01a560a3fe0cca78ad53f0a,5877,199,0,0.0,15.0,112862,1545,10833,19380,10242,44008,1.3
20a5efb5d11ca822b978a495b2e396b2dab313a5,5876,199,0,0.0,15.0,112862,1545,10833,19380,10242,43998,1.3
aa9f16e9eee8181b1619fd77c621d5fd57b27e82,5877,199,0,0.0,15.0,112859,1545,10833,19380,10242,44008,1.3
b0107e767651d066d68c3beaaca9736aed2292b8,5876,199,0,0.0,15.0,112853,1545,10832,19379,10242,43998,1.3
c5bc3bc4f91d9a2a14a1511d51387fa6015e67d9,5876,199,0,0.0,15.0,112852,1545,10832,19378,10242,43998,1.3
e3bd69375da34e97b8801c96e654ee507fa15dce,6055,214,0,0.0,14.7,119682,1656,11572,20620,10885,44854,1.2
1a88c22574cbb621bae5edadb2f2abd1cd9784d6,5875,199,0,0.0,15.0,112834,1545,10828,19374,10242,43998,1.3
546b1353c298462382776bc1563462a1ac7d8dbb,5878,199,0,0.0,15.1,112803,1545,10826,19368,10235,44028,1.3
d85550a5fdba7c75e666e5395454d93a0c82335e,6057,214,0,0.0,14.7,119695,1656,11572,20624,10886,44876,1.2
22599b9e9b00997ecdc06ad7719e8fa054944a93,6055,214,0,0.0,14.7,119682,1656,11572,20620,10885,44854,1.2
bc9cf99edb51e39c9bb89cd49a0611e7775dafb0,6088,201,0,0.0,14.5,119720,1674,11549,20570,10936,44961,1.3
072b51e0bafc0443731de0767867ac3d5f9498e8,6055,214,0,0.0,14.7,119629,1656,11567,20607,10885,44851,1.2
56b219316205a12b4ce95a82b10b527798df9e34,6055,214,0,0.0,14.7,119629,1656,11567,20607,10885,44851,1.2
aed0102f0a5a1d5d795bbe4589562d4346f41e70,5877,199,0,0.0,15.1,112803,1545,10826,19368,10235,44018,1.3
16f7a1efe95abed080081fbdbcf18bc9ec472b1b,5875,199,0,0.0,15.1,112758,1545,10822,19364,10234,44007,1.3
8f498c92de78ef8dda6740c1c99e0640e77ba120,5880,199,0,0.0,15.1,112709,1543,10813,19368,10201,44037,1.3
c064b0a71638e1f48ecda06532807bfe90a4a4e5,6055,214,0,0.0,14.7,119629,1656,11567,20607,10885,44851,1.2
9d37574390801d5570ff3b0b1c7aca6e00c2b914,6055,214,0,0.0,14.7,119629,1656,11567,20607,10885,44851,1.2
220c9da452acb0ae9aebc965bc00718989dad3fd,6054,214,0,0.0,14.7,119622,1656,11566,20606,10881,44841,1.2
4097405882e2d04b206a992ef685f8a312224a19,6087,201,0,0.0,14.5,119659,1674,11543,20551,10936,44948,1.3
6b4bae0c3e28af7fb04dd6f490e8a3b807f5e3f7,6087,201,0,0.0,14.5,119667,1674,11544,20557,10936,44948,1.3
4b68368c6e21cc4585439642e1abed6e39090f48,6095,201,0,0.0,14.4,119806,1674,11563,20578,10933,45028,1.3
90a913433ff1f2588976fbc4163ba7e9cb58f143,6086,201,0,0.0,14.5,119660,1674,11543,20556,10932,44938,1.3
2284ede0f14fae6212fac54a2e04a12534446da7,6089,201,0,0.0,14.5,119758,1674,11559,20574,10937,44938,1.3
505d15576cc90de4ed4b9b767c86663ad12697a3,5880,199,0,0.0,15.1,112703,1543,10812,19367,10201,44037,1.3
201d1f30111c19f7e31c2e3119ffed1863f68668,5984,199,0,0.0,15.2,112583,1543,10812,19367,10201,44562,1.3
0d51bc4751583cc31e7b65c5a79e335fa76aae89,6087,201,0,0.0,14.5,119657,1674,11543,20556,10936,44948,1.3
61bdd46bc4d6f428de7822f10202bcc29f9af621,5984,199,0,0.0,15.2,112583,1543,10812,19367,10200,44562,1.3
3cf801bb9d45524ae1e4692e04aeda2bcb5050dd,6082,201,0,0.0,14.5,119638,1674,11538,20551,10922,44904,1.3
a41930e551dd62e364cefedea4b89057d248a7e9,5992,200,0,0.0,15.1,112870,1551,10832,19397,10243,44616,1.3
b727c87e5bed3da67064103bf0841a7f5c17b89e,6082,201,0,0.0,14.5,119640,1674,11538,20550,10920,44904,1.3
65450f5b8fda19b4b807adc06f59e4ffbc344f0d,6085,201,0,0.0,14.5,119633,1674,11538,20550,10917,44938,1.3
8600ae45aa47fd6703f2b7364d6c04ab459f3150,6081,201,0,0.0,14.5,119622,1674,11537,20545,10916,44913,1.3
91f1ce824e48e1f37dbe224b767cff4e87d309d6,6004,205,0,0.0,14.0,115456,1607,11089,20064,10697,44347,1.3
80f909151177e03c5a9413f4e82a18829ad31bbd,6007,205,0,0.0,14.0,115467,1607,11089,20064,10697,44387,1.3
a45bfd4f3a92af11f8a13aee6439d5a32ae5c5fc,6085,200,0,0.0,14.6,118540,1645,11406,20345,10822,45556,1.3
d20a6aa5481b37392754429edfc0d150e0cc2b3e,6086,200,0,0.0,14.6,118545,1645,11406,20345,10826,45561,1.3
d423f551d945c86af33e56752b4e9356499db1a5,5982,209,0,0.0,14.1,114459,1580,10963,19874,10613,44425,1.3
033b58e6d4bded144aa9ab657878f4d10eef9b5c,5979,209,0,0.0,14.1,114407,1579,10960,19866,10603,44410,1.3
6f90215bd7c552ee1e2fa92d4845dfca45f51991,6007,205,0,0.0,14.0,115467,1607,11089,20064,10697,44387,1.3
a4db9793ea02dacc35c497def2db16ba26e30148,6006,205,0,0.0,14.0,115467,1607,11089,20064,10697,44377,1.3
10bca19ce11fa41840c2b60c3a3c70884719af61,6007,205,0,0.0,14.0,115467,1607,11089,20064,10697,44387,1.3
26f01c99bdeb7767a25afedaa74b5449c6663f85,6006,205,0,0.0,14.0,115473,1607,11090,20065,10697,44377,1.3
c21cc05ec9ff4f96f34af9027714bb525cd0edf5,6002,205,0,0.0,14.0,115388,1606,11077,20044,10690,44365,1.3
801eb7307f5bed71687e5b2741310bc13858344b,5992,200,0,0.0,15.1,112805,1548,10823,19387,10241,44611,1.3
e6e66894cb1dd94b8aeea4b69c4fd441b154436f,6011,205,0,0.0,14.0,115375,1606,11073,20050,10697,44432,1.3
93b1cf014af7cce13f12816ab7114881765d4471,5978,209,0,0.0,14.1,114385,1578,10958,19864,10603,44405,1.3
79812afd8bacad7c0a9075b7d008740f49b56685,5977,209,0,0.0,14.1,114383,1578,10958,19864,10600,44400,1.3
0a116aa957a81478234076997426cfb6296c2040,6073,201,0,0.0,14.6,118410,1643,11401,20335,10813,45461,1.3
4d0a36c435ca59bfcf909c0e76fa2ab024fb7408,5992,200,0,0.0,15.1,112816,1548,10823,19390,10241,44627,1.3
195c82dac4ceb54f82d8a83f5cd488fefe0751b7,5991,200,0,0.0,15.1,112794,1548,10822,19388,10241,44626,1.3
e94d74bd8795da53d9c5438f15399fc7c6471257,5991,200,0,0.0,15.1,112802,1548,10823,19394,10241,44626,1.3
596721d08a318b069684b753a22e1f04070d7a63,5990,200,0,0.0,15.1,112805,1548,10823,19394,10240,44616,1.3
9af1f1a971a776ba6c4cad6fb09d6d7caf5d4f95,6074,201,0,0.0,14.6,118472,1643,11401,20335,10813,45471,1.3
e1259519cbfcc07402bb634933cfaa1eecf09104,6071,201,0,0.0,14.6,118404,1643,11388,20320,10810,45465,1.3
36a1155bbed8cb31d2b6b4a10908fdef0acd02c9,6503,199,0,0.0,17.5,121009,1680,11845,21186,10824,47677,1.3
99a00ba72b53d6f740899ddb76c858b8f99683ac,5992,200,0,0.0,15.1,112745,1546,10810,19380,10224,44651,1.3
dba175aecd02d9916b55570b59f6ef2e9c11ce32,6002,200,0,0.0,15.2,112712,1548,10802,19362,10214,44796,1.3
a777aec3088909b9f2cfc2157aa03dd301f3f9f7,6003,200,0,0.0,15.2,112712,1548,10802,19362,10214,44797,1.3
46f95bfc5462a8d3bde36ed77370c0cd3d4e8219,6004,200,0,0.0,15.2,112684,1548,10802,19362,10219,44802,1.3
b8bc80bd4580dcf3b9dbd27a97fba210464f3ab1,6004,200,0,0.0,15.2,112684,1548,10802,19362,10220,44802,1.3
2a8986aea507b60245342b44ea11fb4f1b05e18f,6004,200,0,0.0,15.2,112684,1548,10802,19362,10220,44802,1.3
910b261a00066478f3e0d1dc8023771564981cfe,6530,199,0,0.0,17.4,121304,1697,11855,21221,10786,47925,1.3
ac013b1a658c6dd2e08a541054373f0265cec5fb,6003,200,0,0.0,15.2,112649,1548,10796,19358,10214,44827,1.3
8416db1f32d9e34e24c7acb732b928541a3ba3f8,5993,197,0,0.0,15.2,112453,1548,10776,19327,10202,44719,1.3
7286e23bb68cc8826f84eebd23d76717a2aaeea5,6523,199,0,0.0,17.5,121306,1694,11850,21214,10784,47912,1.3
4c51b0d885d732793e0ca80d166c59eb7c49be0d,5984,197,0,0.0,15.2,112124,1540,10742,19284,10189,44584,1.3
f1ea45112ff9e25de2d89948ec35da67afc79ea1,6482,197,0,0.0,17.6,120314,1669,11740,21035,10692,47783,1.3
ac13330434ee4f9b78065093ac11b53c85cf69b6,6484,199,0,0.0,17.6,120390,1669,11746,21044,10696,47737,1.3
8839c9b2067a6fb3cc53c9f76463370a0dbb9efa,6482,197,0,0.0,17.6,120314,1669,11740,21035,10692,47783,1.3
ca649e3282260dfbb35be350b73d05370bc9086c,6482,197,0,0.0,17.6,120314,1669,11740,21035,10692,47783,1.3
f2b6f07f5a0d70b2b3bd0368a34168a05819cd13,6483,199,0,0.0,17.6,120379,1669,11746,21042,10692,47717,1.3
2f9dcf1eb5916c5ae569599df867fa08b04845be,5995,197,0,0.0,15.2,112153,1542,10748,19294,10190,44670,1.3
413ed71defe34fe32d1489413ab7b48d1e9a715b,6482,197,0,0.0,17.6,120307,1669,11740,21034,10692,47773,1.3
de32524b044921be2c7087c1501c32bee9b15a73,6661,199,0,0.0,17.6,120311,1669,11740,21034,10692,48505,1.3
1e6800bea49698c6d27b0ab05a1ffb15edff634b,6661,199,0,0.0,17.6,120311,1669,11740,21034,10692,48505,1.3
6938d487a388cc8cd0a2bc8740fe9ee8d378767e,6484,199,0,0.0,17.6,120379,1669,11746,21042,10692,47727,1.3
dd950acaebb67aab19b2303a6ba11c6904d25194,5996,197,0,0.0,15.2,112154,1542,10748,19294,10189,44680,1.3
0a297833697074f4b090aceb944b8fd4c2e4576d,5992,197,0,0.0,15.2,111524,1542,10748,19294,10189,44598,1.3
604439a001d3cc3484cb1c09bf01fcd5f12e1c77,6483,199,0,0.0,17.6,120373,1669,11746,21042,10688,47717,1.3
37c22c7edcaf7cacc85d829f918b639e465537e2,6482,197,0,0.0,17.6,120303,1669,11740,21033,10688,47773,1.3
a97bf43e0e1f9958ffb4b483a624671f13eb29e2,6482,197,0,0.0,17.6,120303,1669,11740,21033,10688,47773,1.3
5194066035a8f2480b7cf1f0a491a3e9a36a2eec,6482,197,0,0.0,17.6,120303,1669,11740,21033,10688,47773,1.3
5e60beff91319ec11946d27558e65483f143b0cb,6661,199,0,0.0,17.6,120307,1669,11740,21033,10688,48509,1.3
c805c1dd36140097504e1850d3009089147366f8,5993,197,0,0.0,15.2,111524,1542,10748,19293,10189,44608,1.3
1646e6c733b03d34d73b20946e691a9123342137,5993,197,0,0.0,15.2,111524,1542,10748,19294,10189,44608,1.3
b7238372a2f65d03517693a0a99ce63e2c03cc42,6662,199,0,0.0,17.6,120307,1669,11740,21033,10688,48515,1.3
876b9d63e3c3b88686224ddb9736bff6321ff17b,5993,197,0,0.0,15.2,111531,1542,10750,19296,10189,44610,1.3
daf24b3177c2a0ac455725538ef59e07d5848786,6664,199,0,0.0,17.6,120124,1666,11733,21032,10634,48494,1.3
ffdb46b25ec01f9089466db1683865632a17306a,6666,199,0,0.0,17.6,120271,1669,11735,21034,10671,48515,1.3
9bd95634a003804c6b241960977a128a85901fb0,6665,199,0,0.0,17.6,120268,1669,11735,21034,10671,48505,1.3
97a5825bbf7cda882124755dcf7b5518455800d7,6666,199,0,0.0,17.6,120268,1669,11735,21034,10671,48515,1.3
e8da094255618a1665a9cd6397881a89bbc2a8a5,6666,199,0,0.0,17.6,120267,1669,11735,21034,10672,48505,1.3
97836c2224ac0a555d5ff34470fbac75f9717489,6665,199,0,0.0,17.6,120237,1669,11735,21034,10671,48505,1.3
123c66d9cce964ae8c6a3a84c6138e1a4b6424a4,6638,198,0,0.0,17.7,119596,1651,11670,20942,10595,48344,1.3
515f709c2bbf6a7f88c7a4575a2d79f4a875f483,6666,199,0,0.0,17.6,120143,1666,11735,21034,10635,48515,1.3
bfa179580358efdf3abb9aa89e78cdc2c8d05ed8,6666,199,0,0.0,17.6,120149,1666,11734,21033,10634,48515,1.3
aef5bb73b95215aabb0fe3844e866de93ed7defc,6665,199,0,0.0,17.6,120124,1666,11733,21032,10634,48500,1.3
10b2af462cfacc4b14c0ed2ad97bb12cbad851ab,6665,199,0,0.0,17.6,120124,1666,11733,21032,10634,48500,1.3
ab2b7361df36b20647460b1e4865f076de8c4bb7,6664,199,0,0.0,17.6,120014,1662,11727,21026,10623,48466,1.3
44fb07fa4f16322fbed14013c4c9f358f95b2e28,6665,199,0,0.0,17.6,120124,1666,11733,21032,10634,48500,1.3
91fddde79a718b3223b5caa421c4112bf5744f69,6547,198,0,0.0,17.7,118721,1638,11598,20848,10519,47816,1.3
d8282fe1b8075a453c7b44b4ae7982a4285df7b7,6545,198,0,0.0,17.7,118692,1637,11595,20845,10527,47804,1.3
393ffce5df5ac94a209914623d9a10bf94ef3b13,5993,197,0,0.0,15.2,111507,1542,10747,19293,10189,44612,1.3
695d9f8950877ca052235efd92efe7d556bde031,5988,197,0,0.0,15.3,111387,1542,10735,19265,10181,44590,1.3
a69bc0a1c1d01922d3818b61511fc34523e121ff,6664,199,0,0.0,17.6,120014,1662,11727,21026,10623,48466,1.3
1ef12208df62c7f23e13b0bd024955ea9f552f43,6666,199,0,0.0,17.6,120014,1662,11727,21026,10623,48482,1.3
8cafcab65dbb86a83e9ae3e09aba601af462c47d,5988,197,0,0.0,15.3,111348,1541,10732,19258,10174,44600,1.3
59dd98a06b6faf3d4e4a856d6b43f59b65da3d8f,6400,194,0,0.0,18.2,115648,1581,11251,20256,10248,46865,1.4
45b3ab4436b4763e1890ded0728137de95df699d,6665,199,0,0.0,17.6,120014,1662,11727,21026,10623,48472,1.3
1dc5d3566b1de36fe60af75c08423526528ef8ec,6400,194,0,0.0,18.2,115648,1581,11251,20256,10248,46865,1.4
462337f38d2dc8bbf091f35de1f290d9c586921a,6665,199,0,0.0,17.6,120014,1662,11727,21026,10623,48472,1.3
adb5b0e3ed2a785b83b5bb48b9fdb7e63fa5ae30,6666,199,0,0.0,17.6,120014,1662,11727,21026,10623,48482,1.3
d73831895bc8dc9e85d6818571d6fa17a27ba404,6416,194,0,0.0,18.2,115664,1581,11254,20259,10250,47060,1.4
d3469fde5038c71b7a69e44735e708c06bc720c2,6415,194,0,0.0,18.2,115678,1581,11258,20264,10250,47053,1.4
5e3415f04a6dde439e39855fd5228571c5f02545,6666,199,0,0.0,17.6,120014,1662,11727,21026,10623,48482,1.3
00513f852f6c96ee3608630a027d6660d3af38e3,6673,199,0,0.0,17.6,120057,1666,11730,21029,10630,48527,1.3
ccce69e75fd34a48f02899cb5a61c07742c17c43,6675,199,0,0.0,17.6,120066,1666,11730,21029,10582,48531,1.3
5a25e7dc0d7178df341ef5f18ee403a6d048796b,6416,194,0,0.0,18.2,115673,1581,11258,20263,10250,47063,1.4
8abd59029e7c0bc0973b492fd84a386b26661bc7,6422,194,0,0.0,18.2,115673,1581,11258,20261,10250,47069,1.4
d8ed9fe97cd10f64b7e2ffbf8d36c7a198b6f23b,6422,194,0,0.0,18.2,115673,1581,11258,20261,10250,47069,1.4
046bc3081f7a98d539f9fb1b9af375ad80868ea8,6422,194,0,0.0,18.2,115673,1581,11258,20261,10250,47069,1.4
3c34ee88fd79b5df0441320e53042b60a00bf76b,6423,194,0,0.0,18.2,115726,1583,11267,20271,10252,47071,1.4
9b7284f4d5c7f48e5d164670eb512d16987e5e25,6423,194,0,0.0,18.2,115688,1583,11267,20271,10252,47071,1.4
336ffd1db4a65fb77285674821e86e7b9274e944,6423,194,0,0.0,18.2,115688,1583,11267,20271,10252,47071,1.4
0dac06eeb4e26a85562b58d1b17db72c383f66dd,6659,198,0,0.0,17.6,119820,1664,11714,21008,10580,48345,1.3
be51a115dee9935b96e69d35c75ee158a63fd807,6653,198,0,0.0,17.6,119730,1662,11708,21003,10576,48314,1.3
040343b917a3989fe6fba30a6deddb8974a68bb5,6423,194,0,0.0,18.2,115676,1583,11266,20270,10252,47067,1.4
6edfb1da28d7bc880682e7c8c4748a7053afb429,6422,194,0,0.0,18.2,115677,1583,11266,20270,10250,47057,1.4
2faf5e71f8cdb732e0234359594c668f39d82157,6422,194,0,0.0,18.2,115677,1583,11266,20270,10250,47057,1.4
733a376396386f6cfab3f8ac8e30af2dfe7b2519,6414,194,0,0.0,18.2,115512,1583,11262,20254,10244,46971,1.4
cd7ba294b22a9b392030fe5c6ee06247fc7868c1,6413,194,0,0.0,18.2,115567,1583,11262,20255,10245,46978,1.4
00b718cbb214d82f6781c82b18c0c5c605940b98,6412,194,0,0.0,18.2,115567,1583,11262,20255,10245,46968,1.4
755bbf92741d4fcfed52bf314a5971a53c46b00c,6412,194,0,0.0,18.2,115567,1583,11262,20254,10244,46967,1.4
4fd352b6c3c4027c312b35b7b49ac82bf320f0ad,6414,194,0,0.0,18.2,115512,1583,11262,20254,10244,46971,1.4
0d20194cadada4f131395e9d0fff0a89ca2fe3bc,6415,194,0,0.0,18.2,115512,1583,11262,20254,10244,46981,1.4
84410f79602a561b26957dc5149f599efd44aa2b,6415,194,0,0.0,18.2,115514,1583,11262,20254,10244,46965,1.4
e6b0bc8a856abd7f2d7a2e0f06ccc78dc90e2e0a,6416,194,0,0.0,18.2,115514,1583,11262,20254,10244,46975,1.4
4776efba344514111a763ea871cd8149ca51a9ae,6419,194,0,0.0,18.2,115486,1583,11260,20248,10244,47004,1.4
18dee4e44df7a02cacb3070fda72e22d7078f910,6419,194,0,0.0,18.2,115471,1583,11258,20246,10244,46982,1.4
6f86a8e71dc6925e35e7fcb0e6c18ca879b13494,6420,194,0,0.0,18.1,115471,1583,11258,20247,10245,46984,1.4
b411a777b3d3111dcdea0cd6d88151b3358665b8,6599,199,0,0.0,17.7,119361,1654,11666,20977,10572,48061,1.3
9f6f0f5fadd14700359270cf3ba8f15fc33ea5db,6419,194,0,0.0,18.1,115381,1583,11258,20247,10245,46974,1.4
cd60e58e1a579749c89c6ac8ddb39f8e8e894ef5,6598,199,0,0.0,17.7,119340,1653,11663,20974,10566,48061,1.3
9135546c847edb3eb6d8abd3efd46f9ab702bd2e,6420,194,0,0.0,18.1,115381,1583,11258,20247,10245,46984,1.4
7ad0b84f34fc3c4ea052025793692c3c3ad84337,6419,194,0,0.0,18.1,115366,1583,11257,20246,10243,46974,1.4
7d3a6ab0c19b8182d8a8b0d907d0ed758e65c2a7,6419,194,0,0.0,18.1,115355,1583,11257,20242,10242,46966,1.4
bbe176feadbd5a779a8a132bb681589a08d57d66,6414,194,0,0.0,18.2,115335,1583,11256,20241,10241,46886,1.4
fe8380fe0541a34bb741f0c18448c75085caa98e,6414,193,0,0.0,18.2,115327,1583,11256,20240,10239,46886,1.4
6dc230864a8aebae948b371cad5a6a28bbd034c8,6575,198,0,0.0,17.7,119111,1649,11643,20947,10558,47890,1.3
10f08f2130c5323e8a93e298102103c344a2f5be,6408,193,0,0.0,18.2,115327,1583,11256,20240,10239,46811,1.4
cfd474d12f0ab4fa266ebd4d1b8c2bd2085eea07,6408,193,0,0.0,18.2,115327,1583,11256,20240,10239,46811,1.4
fbf4be9d9a17240dd126ad8124c17cc30a97374e,6409,193,0,0.0,18.2,115329,1583,11256,20241,10239,46821,1.4
bcc3e741b3524be9a369e605d32bedd45f690220,6408,193,0,0.0,18.2,115329,1583,11256,20241,10239,46811,1.4
917756ec51ee4976700460efb93d3b3f6a114380,6409,193,0,0.0,18.2,115329,1583,11256,20241,10239,46821,1.4
f8a93159bc7d12cff45ad8b031e63d2527d92722,6408,193,0,0.0,18.2,115328,1583,11256,20241,10239,46819,1.4
18e839d2a164cfdb929af0920d7bd54c0ed10436,6554,198,0,0.0,17.7,118611,1634,11592,20842,10508,47853,1.3
737f7a7ea67832d7f17517326fb2491d0a086dd7,6408,193,0,0.0,18.2,115328,1583,11256,20241,10239,46819,1.4
577eb77cce6cd0e52fe581e406f7d9b2e9a34a7c,6407,193,0,0.0,18.2,115328,1583,11256,20241,10239,46809,1.4
d695b5ebb4b021e01e7435590cb0938e791a449a,6554,198,0,0.0,17.7,118611,1634,11592,20842,10508,47853,1.3
98daa4317444a0a81e7e822041825b59da25e8f8,6554,198,0,0.0,17.7,118611,1634,11592,20842,10508,47853,1.3
f532ffdb55afab4fb7f68638a57bb9d4304149f5,6554,198,0,0.0,17.8,118559,1632,11589,20846,10515,47827,1.3
8254e3da52f2b08c37a9e0fcf399142bf8b5fe38,6554,198,0,0.0,17.8,118513,1632,11585,20840,10514,47827,1.3
1af724028fd5dd044ee0aebb02afc0ff28f9bdd1,6407,193,0,0.0,18.2,115328,1583,11256,20241,10239,46809,1.4
96eec3ddc42feacb9f749b75d6df97ba77c2b51b,6559,198,0,0.0,17.8,118528,1632,11586,20844,10513,47848,1.3
ffed96faa95ddb7ad349cb9c1408fb4d19566063,6407,193,0,0.0,18.2,115292,1583,11255,20234,10235,46798,1.4
e1e6978bec999562cff96fd8fbc9506b1047a7f5,6406,193,0,0.0,18.2,115290,1583,11255,20234,10235,46794,1.4
8c2f34e5cf0953905c64e3ff74907cf9b6ed6df2,6405,193,0,0.0,18.2,115290,1583,11255,20234,10235,46784,1.4
714951a5ed16c5bdd242646e50680a0007c4ca3b,6406,193,0,0.0,18.2,115290,1583,11255,20234,10235,46794,1.4
612e3acd1fc1c2b26f7e72c5a0b91f03e4a2a898,6510,194,0,0.0,17.8,117505,1617,11515,20678,10449,47583,1.3
3747cc36fada387a52363fc7dfc97a4c6c2b2670,6509,194,0,0.0,17.8,117518,1617,11515,20678,10435,47585,1.3
514fd4e647b804315a5afa1c14414103f2281e4b,6508,194,0,0.0,17.8,117520,1617,11515,20678,10432,47574,1.3
c9eb57fde2f3c06c6043bdd5eaf7051048001174,6508,194,0,0.0,17.8,117533,1617,11515,20678,10433,47574,1.3
0cb75dffc2a95ff76a597a711c348bc3cf037c53,6406,193,0,0.0,18.2,115290,1583,11255,20234,10235,46794,1.4
e18810baba0e2314f11a2c8c080cd58d9af446bf,6563,197,0,0.0,18.1,118754,1629,11619,20879,10488,47898,1.3
49f1caa69fb438d1fc9c8413da4a5bb517a63600,6406,193,0,0.0,18.2,115290,1583,11255,20234,10235,46794,1.4
e37319d3eaeeec9cf0d4b2c331e5c43b089eecf4,6506,194,0,0.0,17.8,117529,1617,11516,20677,10417,47569,1.3
51f0677c8eaca9a7d8a37e663a344e8b02543350,6506,194,0,0.0,17.8,117529,1617,11516,20677,10417,47569,1.3
038e87e69196613409722fc03e2f9737ea7b190c,6405,193,0,0.0,18.2,115279,1583,11254,20231,10235,46781,1.4
7e5f080a6aac65d5f80f8f651884652ad314234e,6407,193,0,0.0,18.2,115278,1583,11254,20231,10235,46801,1.4
5fcfbceea35208bad495cfe10dfa94bcb435fa01,6406,193,0,0.0,18.2,115278,1583,11254,20231,10235,46791,1.4
7edb71c06ee2208d0772331ad010b3147279d99d,6562,197,0,0.0,18.1,118735,1629,11615,20862,10488,47888,1.3
5ab51cffcf25856a550633ca8160f1eca0e8eb71,6506,194,0,0.0,17.8,117510,1617,11512,20660,10417,47569,1.3
4ef7f28d367d8f2066871575ab6d2d985f8f8928,6561,197,0,0.0,18.1,118727,1629,11613,20860,10488,47883,1.3
507f5bfc2967442a5b40b2f535c9f17cd5519ef0,6505,194,0,0.0,17.8,117502,1617,11510,20658,10417,47564,1.3
ca057cb003bd6ee89bf4022bbf678463dd8c6419,6505,194,0,0.0,17.8,117502,1617,11510,20659,10416,47565,1.3
7a86d61f863e0e6b6809241dfaed14a547702727,6504,194,0,0.0,17.8,117499,1617,11510,20657,10416,47555,1.3
685fb2c0584596644b24ede20b1d4336226104e0,6407,193,0,0.0,18.2,115278,1583,11254,20231,10235,46801,1.4
9611c2c01f54605ae7ca5594e944872f1c88d00f,6407,193,0,0.0,18.2,115278,1583,11254,20231,10235,46801,1.4
a5695af6873f3319644ed4d6b662054a76f6e2cf,6407,193,0,0.0,18.2,115278,1583,11254,20231,10235,46801,1.4
d93515a8b5910ae73e02006e07f035bc021f2118,6500,195,0,0.0,17.8,117479,1617,11507,20653,10411,47540,1.3
bab12d28b7089e9b7053b18e747cf49c3c9270d2,6558,198,0,0.0,18.1,118706,1629,11612,20855,10480,47879,1.3
cd13f628828e06d5da46bd55b2c105d68db3a616,6558,198,0,0.0,18.1,118707,1629,11612,20855,10480,47879,1.3
653f5e435a604012b75995ba79049ff52ebac84c,6557,198,0,0.0,18.1,118707,1629,11612,20855,10480,47869,1.3
1aa91381bd0799b4abc6e5a102423ffa2d7369d4,6557,198,0,0.0,18.1,118694,1629,11610,20854,10469,47869,1.3
f27c5a7383784188ecc6f6a04c414521279e1bfc,6557,198,0,0.0,18.1,118694,1629,11610,20854,10469,47869,1.3
00a3df818bb15c5249bb4db746d8866276ca4247,6407,193,0,0.0,18.2,115278,1583,11254,20231,10235,46801,1.4
75853a88698e2f83a1dae2ba028e4a2316eab326,6407,193,0,0.0,18.2,115278,1583,11254,20231,10235,46801,1.4
0242852fa294040724ed7dd3fb5e221e279cc517,6501,195,0,0.0,17.8,117481,1617,11509,20653,10409,47550,1.3
98021af0ca0a740a979e8afc1dfc9250051c32c9,6502,196,0,0.0,17.8,117236,1616,11478,20620,10408,47478,1.3
6f70f03f35643910f1d214a180573bee511e3368,6557,198,0,0.0,18.1,118685,1629,11612,20851,10480,47859,1.3
c0be5e536e13e686f0251f2d88d4d6bcfe9406bc,6502,196,0,0.0,17.8,117236,1616,11478,20620,10408,47478,1.3
927a7e5afa18358174d244ec09d89d18b81e4a74,6509,196,0,0.0,17.8,117295,1618,11484,20627,10410,47553,1.4
d3d60259dce9079b837505dfc353ac4b0612906c,6506,196,0,0.0,17.8,117287,1618,11484,20627,10409,47523,1.4
ec668207f36f522dbd2d9ad5d05930b516245d98,6535,198,0,0.0,18.2,118340,1626,11579,20777,10433,47648,1.3
d173e841c41704d13e7357eb5704764353384963,6406,193,0,0.0,18.2,115279,1583,11254,20231,10235,46791,1.4
ff36fb0d5ab175b8a90fd717692c9c49f934ef8a,6406,193,0,0.0,18.2,115279,1583,11254,20231,10235,46791,1.4
96cdf134c041f2f1f8a481ccb2c2faa338a1060f,6407,193,0,0.0,18.2,115254,1583,11254,20227,10235,46791,1.4
3bdc316511f9b5e2093875f7ded3f7da791edab7,6406,193,0,0.0,18.2,115254,1583,11254,20227,10235,46781,1.4
fd36193bd1dc01469fbe0662b2333b15d54e258b,6407,193,0,0.0,18.2,115254,1583,11254,20227,10235,46791,1.4
678b3fd1bbc1d29718d9ff8c3ae901b85227186c,6528,197,0,0.0,18.2,118316,1626,11581,20772,10570,47609,1.3
e572f15690481084d014ec661f27c30df05c22c3,6475,196,0,0.0,17.9,117114,1614,11476,20575,10363,47235,1.3
553b206da98263772b485c479e9a4d751053e929,6465,196,0,0.0,17.9,117023,1614,11467,20563,10326,47132,1.3
aaa875882b57ebf81351b37bc34e192ad2c39fda,6481,196,0,0.0,17.9,116891,1613,11445,20546,10362,47252,1.3
01ce1b3bf4ae94ef594ed96716d60f746ce33ac2,6475,196,0,0.0,17.9,116905,1613,11443,20546,10340,47222,1.3
7f926d9991ba69dba25b56925e4cc5ffcdf50afa,6473,196,0,0.0,17.9,116864,1613,11443,20553,10333,47184,1.3
2ba2dddfa95c12d8fb49b629addd67c8eb1ba0ac,6407,193,0,0.0,18.2,115256,1583,11254,20227,10235,46791,1.4
09863b66ba22d7d176273da7eda86ccf95c75160,6472,196,0,0.0,17.9,116800,1613,11436,20534,10325,47179,1.3
72e47d9de4a645801f9eb6fd7f88ed75dd3ee180,6473,196,0,0.0,17.9,116800,1613,11436,20534,10325,47189,1.3
87b4c1e78a361c8bff951374c4b7a143b89fab79,6473,196,0,0.0,17.9,116800,1613,11436,20534,10325,47189,1.3
103cdb391d81423e7951e4ac85d90303945bd4dd,6412,193,0,0.0,18.2,115255,1583,11254,20234,10236,46800,1.4
2ae2f582a155a8ab76ea3f599ad31548d4001fbb,6494,196,0,0.0,17.9,116962,1616,11443,20549,10321,47389,1.4
a3e45933431d1ca2771101f6e98fa342857b04af,6412,193,0,0.0,18.2,115253,1583,11254,20234,10236,46807,1.4
ff373a7db7645ea1b55bf84150d0326d1e999b78,6413,193,0,0.0,18.2,115026,1582,11225,20200,10235,46810,1.4
86d734722d7309fca22499a7b7ccd2a42570d3e2,6413,193,0,0.0,18.2,115013,1582,11223,20198,10234,46810,1.4
efc566c7968d5e119d46bbaf59bca8a5d272f7e7,6414,193,0,0.0,18.2,115019,1582,11223,20198,10234,46838,1.4
0e133c59ef53c3a92030881045b23e460e93ad1f,6494,196,0,0.0,17.9,116962,1616,11443,20548,10321,47393,1.4
5f8adf0f20c2e1823be64eb0bbe42d4ca38401d7,6493,196,0,0.0,18.0,116950,1616,11439,20546,10319,47383,1.4
b4db875f30a624e9f8a376189075c1ee59693837,6414,193,0,0.0,18.2,115019,1582,11223,20198,10234,46838,1.4
692dbdf82ecc6f81ee0d15816276bf8184d0bd3f,6414,193,0,0.0,18.2,115034,1582,11223,20198,10234,46838,1.4
3cd4603d0a7b8db8cfeb516e59d7b8cf3d091c25,6487,196,0,0.0,18.0,116850,1614,11425,20526,10315,47358,1.4
2b80c3e03be46d6a19f5c72978d3862bf55e3d13,6488,196,0,0.0,18.0,116854,1614,11424,20527,10315,47365,1.4
191cae18c3cf4ccf5081cd39c07f4a5846bfc064,6233,193,0,0.0,17.4,114122,1579,11163,20126,10033,44747,1.3
f720ccb965d490e6cc328af8d3e9820cb6eaf8f7,6232,193,0,0.0,17.4,114100,1579,11159,20117,10029,44762,1.3
c6fd6841b87cd74eb4efd82d4495b9230441935f,6414,193,0,0.0,18.2,115034,1582,11223,20198,10234,46838,1.4
53d34f7ad191495eecdb26b34ea787516792090e,6414,193,0,0.0,18.2,115034,1582,11223,20198,10234,46838,1.4
fcd1af81fd2fd6ad55c78f281d7b29feb10a006a,6416,192,0,0.0,18.2,115008,1582,11222,20193,10221,46840,1.4
7500033b9d22e2162c5ab614d3233eb43aaeebd5,6416,192,0,0.0,18.2,115008,1582,11222,20193,10221,46840,1.4
9c8f4e761951bfac0ad50e3bffe92824e5497a6d,6397,192,0,0.0,18.2,114777,1579,11206,20164,10209,46662,1.4
6d95c4d0b50446bdeb44d60128f56ada25f28f46,6397,192,0,0.0,18.2,114777,1579,11206,20164,10209,46662,1.4
e723ad3da5540b78bb7ccc31b0368ac110bbac45,6211,193,0,0.0,17.4,113601,1569,11081,20017,10019,44603,1.3
64f4adb5e6a71fd8d7cc9276ae6cf6963014b69a,6382,190,0,0.0,18.3,114130,1573,11148,20042,10010,46500,1.4
af2a538d3dfada0f719fc07e36919148d8d97c12,6383,190,0,0.0,18.3,114124,1573,11148,20042,10010,46510,1.4
b2ce7b2c10d57d232582a185d0877cc404b352ea,6383,190,0,0.0,18.3,114117,1573,11148,20042,10010,46510,1.4
e22ac38158becc11c4543ff9ff0bf930f79217d0,6380,190,0,0.0,18.3,113923,1571,11118,19994,10010,46492,1.4
8879afac2508cf7dd9eb37dac11e17b64ff6377a,6377,190,0,0.0,18.3,113879,1571,11115,19990,10005,46461,1.4
7277f5ed1826e3ff926e483af466c9bef16898e2,6375,190,0,0.0,18.3,113871,1571,11114,19991,9996,46444,1.4
3a267f86b47f93860754d4b1dc6f95db251c4d0a,6373,190,0,0.0,18.3,113866,1571,11114,19991,9996,46424,1.4
768f5f3975b6484f1e9b49d0f32de4009ae3b47f,6375,190,0,0.0,18.3,113854,1571,11114,19991,9994,46431,1.4
f2188d334cf2e91dbd62f84aeba025186738f4ea,6374,190,0,0.0,18.4,113884,1571,11114,19991,9936,46451,1.4
f364a44fa21c90120749de4335ce1cee4215536d,6373,190,0,0.0,18.4,113884,1571,11114,19991,9936,46441,1.4
92c566a381f44c685139a399aad21981bea71ea9,6374,190,0,0.0,18.4,113884,1571,11114,19991,9936,46451,1.4
049591f82683229834ebdcd9540b1393157a74ea,6356,198,0,0.0,18.3,113858,1571,11106,19980,9956,46293,1.4
1c16f78036b96582166c194d6142436399a1ce5a,6318,198,0,0.0,18.3,113793,1571,11102,19976,9947,45708,1.3
8beeb649f2941b6b5941895ebc3ef8ab260c1f9e,6312,190,0,0.0,18.4,113648,1571,11097,19954,9905,45668,1.3
e35084015b6af5b39fe8dca279202e81d59ce082,6309,190,0,0.0,18.3,113722,1573,11107,19960,10023,45616,1.3
3c5fe8bc9c5b10109fad29023fd3626db8f525a6,6309,190,0,0.0,18.4,113704,1573,11104,19954,10016,45607,1.3
c321bbe5ff2c0f6506d387b32a8cebdbd5099af0,6309,190,0,0.0,18.4,113702,1573,11104,19954,10016,45607,1.3
895a4dd690f8190a972e9d4ae370bf5b1c8700c7,6202,190,0,0.0,17.4,113289,1568,11061,19962,10001,44533,1.3
9f21b9f8461cd8422ecd590df6854b045162dd1b,6310,190,0,0.0,18.4,113707,1573,11104,19954,10016,45617,1.3
518c5961e69ac6f1a5e48b193dc52b55d208f5d7,6309,190,0,0.0,18.4,113685,1573,11102,19951,10011,45605,1.3
7345582e5c7bdb4df337a572718ec56ba4b97c87,6310,190,0,0.0,18.4,113681,1573,11102,19951,10011,45615,1.3
cee393c4d7ccf58b2914b78866447482490d991d,6310,190,0,0.0,18.4,113671,1573,11102,19951,10011,45615,1.3
e961c9018299afe072fa380f65320d5bd812822c,6357,190,0,0.0,18.4,113528,1572,11094,19941,9988,46255,1.4
547947a85719ec11eb43ee23773349c5f30ace27,6357,190,0,0.0,18.4,113528,1572,11094,19941,9988,46255,1.4
6ebc183173eef83d77208ae8a7f1cda2ccf3b977,6351,190,0,0.0,18.4,113524,1572,11094,19941,9986,46200,1.4
940e3553b0b94c1df23b79a2f523293251b20d6f,6349,190,0,0.0,18.4,113518,1572,11093,19939,9985,46187,1.4
5de6c76f063195dabd037601c158c533d0356582,6349,190,0,0.0,18.4,113518,1572,11093,19939,9985,46187,1.4
70e1e6220b82fd20611d7ec2624726442671bf95,6349,190,0,0.0,18.4,113518,1572,11093,19939,9985,46187,1.4
413a2a0288d0b0800234132aff9f7c5f3803b633,6170,190,0,0.0,17.6,112509,1552,10974,19820,9984,44330,1.3
c904589c3772970e8f3f30b450d8f8e03c5c626f,6169,190,0,0.0,17.6,112509,1552,10974,19820,9984,44320,1.3
584de00b4965c3e470686beafc659a9967b5bc78,6168,190,0,0.0,17.6,112443,1552,10969,19811,9958,44292,1.3
7cb044ca073c8fad442dfaaac17c3f33fb4717f4,6168,190,0,0.0,17.6,112443,1552,10969,19811,9958,44292,1.3
d62e15d95dd4439044478c73c6b274cebe7083ae,6169,190,0,0.0,17.6,112435,1552,10969,19808,9957,44299,1.3
2205aa76f9a18e7dee0df6b14f14d8c521e834ec,6163,190,0,0.0,17.6,112341,1547,10962,19798,9953,44251,1.3
adafee02ca2c9adf370d92a12fb3c8b4b60bca77,6164,190,0,0.0,17.6,112341,1547,10962,19798,9953,44261,1.3
83076fde62533da36c98d7f4f67b2f33e4f40515,6163,190,0,0.0,17.6,112341,1547,10962,19798,9953,44251,1.3
23275bd7dca84c74cc8c69860ab0512cecd8e457,6195,190,0,0.0,17.4,113183,1566,11051,19930,10000,44491,1.3
c061ec425880c3b8eb24a9e4fd8690a0e00a3e5a,6195,190,0,0.0,17.4,113175,1566,11051,19930,10000,44491,1.3
7f48cd0d4d133485c9910ca28ab3e1c632045afc,6194,190,0,0.0,17.4,113148,1566,11047,19926,9999,44481,1.3
971d80d55da692690135dead98f9ce2001023e60,6161,190,0,0.0,17.6,112302,1547,10961,19797,9951,44249,1.3
e90d95c0d9f1d0fecf411ccf9066d74c88442c6e,6157,190,0,0.0,17.6,112214,1547,10959,19789,9948,44200,1.3
ee7870c5a452629634345b36493bcc8848c6fa5f,6156,190,0,0.0,17.6,112162,1547,10957,19779,9943,44198,1.3
50b124f6fdb2cfa496501781fa905b200bcb59c5,6156,190,0,0.0,17.6,112153,1547,10957,19777,9943,44198,1.3
d0e628eb32e4f38ca10b0148de59ac8c587fceb7,6157,189,0,0.0,17.6,112135,1547,10957,19775,9940,44203,1.3
4d9ba1a5372b58ce3e5eb214b48a8c06755f912a,6157,189,0,0.0,17.6,112134,1547,10957,19775,9940,44203,1.3
3eae6246ee237e5d99a830b0443010f41cfc5c98,6157,189,0,0.0,17.6,112134,1547,10957,19775,9940,44203,1.3
ed4384a2e5ba4d047a3e73d666244b3f41521f5d,6156,189,0,0.0,17.6,112023,1541,10954,19772,9931,44195,1.3
eed3db38851242923a287114af811f84a13ef91b,6155,189,0,0.0,17.6,112023,1541,10954,19772,9931,44185,1.3
0b6e6f3a375d82aab1a1f17b034e666c63f61103,6155,189,0,0.0,17.6,111928,1541,10941,19759,9927,44180,1.3
2ec30bfd822283e2262cd8eded525736d6a62920,6155,189,0,0.0,17.6,111928,1541,10941,19759,9927,44180,1.3
e22d18cfe89adb321239d53647d372de743df095,6153,189,0,0.0,17.6,111906,1541,10940,19753,9926,44159,1.3
bb4ea54cfb691fb54daa39b779183ba7f768d468,6153,189,0,0.0,17.6,111907,1541,10940,19753,9926,44159,1.3
f6f0e84ebe7b5aeaca2bc4164b428435ff7ba9b3,6152,189,0,0.0,17.6,111907,1541,10940,19753,9902,44149,1.3
30f54e96b9a319118e4e02bfe9720280db53b0de,6152,189,0,0.0,17.6,111907,1541,10940,19753,9902,44149,1.3
588214b60870b6bb85d609bb9db8b4be9cbb322c,6153,189,0,0.0,17.6,111907,1541,10940,19753,9902,44159,1.3
0513b065a244c418cb68c6f69df392fc3a56ad41,6153,189,0,0.0,17.6,111907,1541,10940,19753,9902,44159,1.3
ad126d53bb220dc8c46fbf40cf763afa65c5145b,6152,189,0,0.0,17.6,111889,1541,10937,19750,9901,44149,1.3
040be91d3a35d713d4c8f6348555601761450f39,6155,190,0,0.0,17.6,111867,1541,10936,19749,9903,44159,1.3
da6556fee1146fe55313c9208b6f3b3b01e8d3d7,6155,190,0,0.0,17.6,111865,1541,10936,19749,9903,44159,1.3
cc56f4849e6fd20ef9557f493d63893c72fd0a56,6092,189,0,0.0,17.7,111338,1527,10882,19689,9895,43582,1.3
8116b102d59c6993dd757a9dc2222da040136816,6092,189,0,0.0,17.7,111338,1527,10882,19689,9895,43582,1.3
cd68437f67ed8cb7a1a0dccd49fb3266d4042220,6092,189,0,0.0,17.7,111338,1527,10882,19689,9895,43582,1.3
53644f70aeb269345121dd46e74a6490dbd223db,6093,189,0,0.0,17.6,111335,1527,10882,19689,9845,43592,1.3
ad7a9cc7d5196b42edfe95dca718fb5dbea39808,6092,189,0,0.0,17.6,111335,1527,10882,19689,9845,43582,1.3
98eaa4f80205508f88f7798f1236833e54bc97c4,6090,189,0,0.0,17.6,111332,1527,10882,19689,9796,43567,1.3
32b7c17d9ca001d4a35cc47b6626215808de0130,6093,189,0,0.0,17.7,111332,1527,10882,19689,9796,43573,1.3
c6880b23551e81c2c4b11b925002ff669cf65f7a,6094,189,0,0.0,17.7,111332,1527,10882,19689,9796,43572,1.3
f26e9fb872bb1e856aaf17ce20526f64cad9d51a,6095,189,0,0.0,17.7,111332,1527,10882,19689,9796,43582,1.3
c13809fa5dab74cc11cdc549de7293d27581116e,6094,189,0,0.0,17.7,111332,1527,10882,19689,9796,43572,1.3
f7ea7e7096f174cba6b081d41361e816698d042c,6095,189,0,0.0,17.7,111332,1527,10882,19689,9796,43582,1.3
9d906571f00047a2ed06be6cda565dd340e00e51,6095,189,0,0.0,17.7,111332,1527,10882,19689,9796,43582,1.3
bea020f801cc353a183fb09aaf5d039df91d49dd,6095,189,0,0.0,17.7,111332,1527,10882,19689,9796,43582,1.3
b055991b317f4e58d256721875a00c52fe415510,6094,189,0,0.0,17.7,111332,1527,10882,19689,9796,43580,1.3
2c36be62d3ecd1d8fc6526cfffc83e7630110589,6093,189,0,0.0,17.7,111322,1527,10881,19686,9795,43574,1.3
d2ae941502410fbbf937e654b25f1399eedd3fbf,6086,189,0,0.0,17.7,111052,1524,10834,19638,9763,43663,1.3
648d7f42a7c6861b47bc71cff9db430855d19ac0,6087,189,0,0.0,17.7,111052,1524,10834,19638,9763,43673,1.3
9b4a7f200fff7a93809f7546b457992ae9ac85fe,6086,189,0,0.0,17.7,111047,1524,10834,19636,9760,43673,1.3
e4a6a74d0e275d7d9f945b3ff0e0681574f827a4,6086,189,0,0.0,17.7,111047,1524,10834,19636,9760,43673,1.3
175c62ebcc4d07906844020684515411c3adbe6a,6086,189,0,0.0,17.7,111047,1524,10834,19636,9760,43673,1.3
026693c649afffbc0c0a047d08cde0230de99e99,6086,189,0,0.0,17.7,111047,1524,10834,19636,9760,43673,1.3
d2df156b9c8997a7fcffe748b63b55495484c803,6086,189,0,0.0,17.7,111047,1524,10834,19636,9760,43673,1.3
f0f8dbab204f69bdae72ba8b10dc9fd1349701e8,6058,189,0,0.0,17.7,111034,1524,10834,19636,9749,43448,1.3
137393c7a76e813f5108fd8e1e4a2ddb57207c38,6058,189,0,0.0,17.7,111034,1524,10834,19636,9749,43448,1.3
ef78bbdbf3f19df412e114b2fea878aa5d06de4d,6058,189,0,0.0,17.7,111034,1524,10834,19636,9749,43448,1.3
b36a6eea627f9854c909b3a9368ddb06fc6610e4,6054,189,0,0.0,17.7,111012,1524,10834,19636,9749,43416,1.3
9e5d3bf031e63569b39171490dc15f52ecaf6b0f,6053,189,0,0.0,17.7,111014,1524,10834,19636,9748,43411,1.3
bed691b449913fdee6293e0fd87bbd0a16e8a417,6016,191,0,0.0,17.9,110265,1506,10727,19480,9512,43181,1.3
9da66d436d86980dcbe97be7b6859761b03b15f8,6016,191,0,0.0,17.9,110267,1505,10728,19480,9512,43179,1.3
2877ef49a35eb88ceda496aad5886954d7524544,6017,191,0,0.0,17.9,110267,1505,10728,19480,9512,43189,1.3
6b5b4308c84acb979ff1cd0e46c327a84db1339c,6016,191,0,0.0,17.9,110267,1505,10728,19480,9512,43179,1.3
c2710393e01973bcdc549192e0d25a80272ccc27,6017,191,0,0.0,17.9,110267,1505,10728,19480,9512,43189,1.3
14ff83046f18080405fd823b4a3639d1f15398ed,5826,188,0,0.0,18.0,109630,1491,10692,19440,9505,42493,1.3
ae162a1acabf3ab683b223e7ec8a9d8dde5795f5,5827,188,0,0.0,18.0,109635,1491,10694,19442,9505,42498,1.3
f8cd9d9f509bd6e62e0ef180c637e5cac6e07cf2,5827,188,0,0.0,18.0,109635,1491,10694,19442,9505,42498,1.3
a1b301d50fcfe84fb6cb0ee01fa9b2c23b3c29d5,5827,188,0,0.0,18.0,109635,1491,10694,19442,9505,42498,1.3
534fd24def03216919ca5ba8160bf5e2350779d8,5828,188,0,0.0,18.0,109635,1491,10694,19442,9505,42508,1.3
7a48fac84b14ac6a21c1bdfc5958705dd8dda84d,5827,188,0,0.0,18.0,109505,1488,10687,19435,9505,42503,1.3
eee0be393926d87055d62b7fbeb288451b3c32c4,5827,188,0,0.0,18.0,109440,1487,10684,19432,9505,42503,1.3
f186f2bc167f151dc15e025c03cca6da8c11c464,5827,188,0,0.0,18.0,109440,1487,10684,19432,9505,42503,1.3
590bbb29b19ee3effdb707143186f10c935c83a4,5826,188,0,0.0,18.0,109378,1486,10678,19424,9504,42493,1.3
cc79b22e2b02276d0d016da25d8f4da8557ebb77,5822,188,0,0.0,18.0,109232,1481,10671,19414,9504,42457,1.3
705bf37cbb039f718e3b98718511526dfd2efd64,5823,188,0,0.0,18.0,109232,1481,10671,19414,9504,42467,1.3
d21d9942b37ad5baccf698b19a17b372c0c9557c,5818,188,0,0.0,18.0,109089,1477,10665,19407,9504,42426,1.3
99a01d5709b9b11b708101243bbb7293cf780f0e,5818,188,0,0.0,18.0,109089,1477,10665,19409,9504,42428,1.3
5c62d1c28ee48b985840d12122876ef08a6cbd26,5821,188,0,0.0,18.0,109091,1477,10665,19410,9495,42445,1.3
fe3825516830d0c75c79363e42ac711525ef34d1,5821,188,0,0.0,18.0,108969,1477,10665,19410,9495,42445,1.3
c0ca0422538187190f7c52f33f87cece4c0d657c,5821,188,0,0.0,18.0,108969,1477,10665,19410,9495,42445,1.3
9ee83e4c8b00b8a5440e6a8d1431697e8c12c0d7,5821,188,0,0.0,18.0,108893,1473,10660,19403,9495,42445,1.3
27e6fdb729a6362ae2a18a2b2b9e99ea13f12acb,5558,183,0,0.0,17.1,106145,1381,10148,18949,9335,40671,1.3
9758809b3ab9f78f076592a288ccc530c590fb6d,5549,183,0,0.0,17.1,105773,1375,10121,18911,9343,40510,1.3
e92a5536465f6a4255c36da3541caa77b0bb735b,5549,183,0,0.0,17.1,105773,1375,10121,18911,9344,40510,1.3
928292b1a1938dad96d3965e7f48da5dc0a09373,5549,183,0,0.0,17.1,105773,1375,10121,18911,9343,40510,1.3
08205284b8e107b61d4db9959dc760b78b1af1a5,5715,194,0,0.0,16.9,108385,1491,10288,19169,9861,42315,1.3
d2e5652cb057bd08bcd39d579bbde32f3f4823a9,5711,192,0,0.0,16.9,108084,1487,10237,19105,9835,42302,1.3
5a4c0768fd8989c1f82710a50a288e26fa69215a,5714,191,0,0.0,17.0,107817,1482,10206,19059,9820,42320,1.3
fc5f60c691ddc6879d8217a7b14cd1ba61ee2050,5708,191,0,0.0,17.0,107728,1480,10202,19055,9820,42270,1.3
3e9b66854c6f70b1dfa7dd19e689bd04ae0ecb41,5708,191,0,0.0,17.0,107727,1480,10202,19055,9820,42270,1.3
ab86c4572604cd4d4eecfa884af1c209cd3b84d6,5706,191,0,0.0,17.0,107569,1480,10190,19008,9687,42262,1.3
d36d63de638cec3eb1324fcf0180997edaf6becc,5706,191,0,0.0,17.0,107564,1480,10190,19007,9687,42262,1.3
a138004fbe91293145d43637b77e55924eb106e3,5697,191,0,0.0,17.0,107549,1480,10189,19003,9687,42221,1.3
624d3aea9c1f1f7759c71b00dd38a9bdb720cd8d,5697,191,0,0.0,17.0,107549,1480,10189,19003,9687,42221,1.3
70ec90dae80cf1c1537f0dd83f8a844a905ebbdb,5697,191,0,0.0,17.0,107549,1480,10189,19003,9687,42221,1.3
0c6346f21534a7505f79555a60a5dbaa72561a9e,5697,191,0,0.0,17.0,107547,1480,10188,19003,9687,42221,1.3
ec0c7bce5acd62313e0964140e744fd1f85807c7,5698,191,0,0.0,17.0,107548,1480,10188,19003,9687,42231,1.3
5d21088c93831e454d938c33d2a623726d06dbcb,5698,191,0,0.0,17.0,107549,1480,10188,19003,9687,42231,1.3
88aa3b5af42779009f30a1be7155aeca4db06d46,5697,191,0,0.0,17.0,107549,1480,10188,19003,9687,42221,1.3
8b55a0b31e1c7f9b7d6df5171865bbc11a4d8544,5697,191,0,0.0,17.0,107531,1480,10186,19001,9687,42213,1.3
c459f6c9afc43154fd9a9838f2dc96297dd0ce4d,5686,191,0,0.0,17.0,107357,1479,10164,18979,9687,42164,1.3
5916e8b1e853c74ed9d2b832f170756b35f478fb,5689,191,0,0.0,17.0,107304,1479,10159,18972,9672,42170,1.3
28266668d38424bf936e21d16e6f32c8750685b7,5690,191,0,0.0,17.0,107297,1479,10159,18972,9672,42180,1.3
58dab96da4430efd54e6c563011eb6a9b2dbb861,5689,191,0,0.0,17.0,107297,1479,10159,18972,9672,42170,1.3
f4974c69b5fedcb896259bcc06ee2e7e7c00111a,5685,186,0,0.0,17.1,107085,1472,10140,18944,9643,42054,1.3
71fda0a5fd305d923579161d6c4cdd972f187033,5668,186,0,0.0,17.1,106860,1472,10103,18912,9643,41879,1.3
04c26e6cb0f07d776769f2e53edd7ef92e078f77,6689,197,0,0.0,16.1,119962,1583,11041,22866,11491,48664,1.4
00c4201cf8d67db5fe0447ee1e183ad49f51f945,6686,197,0,0.0,16.1,119829,1579,11037,22864,11509,48638,1.4
6cab4ef1777f2f9d11d70848db2d3d4445603fa6,6674,197,0,0.0,16.1,119546,1577,11006,22836,11508,48555,1.4
86984e60617d6f450a03ff8fe82f8bd54f20428f,6673,197,0,0.0,16.1,119546,1577,11006,22836,11508,48545,1.4
82905e14da688d763d0d5c22b8e10ffc1aa77103,6673,197,0,0.0,16.1,119546,1577,11006,22836,11508,48545,1.4
e4ab9087531e2c97ea51e9e890c10d9c81fa9bc1,6668,197,0,0.0,16.1,119362,1574,10988,22818,11508,48495,1.4
d6faa92be1ccffe5bd1dbecb8cfb394c44895729,6668,197,0,0.0,16.1,119362,1574,10988,22818,11508,48495,1.4
5856d4f0631b65aa9adcd2e88c065bbc7a3a8ee2,6668,197,0,0.0,16.1,119362,1574,10988,22818,11508,48495,1.4
42ba20ed43331f0e3e1c4a4ea75fcb34f564b796,6670,197,0,0.0,16.2,119075,1571,10988,22818,11495,48505,1.4
7df5eb6a3b2da91f8b13a6c8eb36ea47f43f87ba,6670,197,0,0.0,16.2,119075,1571,10988,22818,11496,48505,1.4
a144d287bd68d77767b0a173e2cc355dd705cf9c,6670,197,0,0.0,16.2,119075,1571,10988,22818,11491,48505,1.4
f4c210b6d6846cc72f92997b52c3dd4c563347be,6673,197,0,0.0,16.2,119068,1571,10988,22818,11491,48525,1.4
e1171fa00df8afae0be22587e56142f906bc09e2,6672,197,0,0.0,16.2,119074,1571,10988,22818,11491,48520,1.4
e255f54be07c02b1031372aa2a6e8a83e94a60d6,6669,197,0,0.0,16.2,119041,1570,10986,22815,11489,48478,1.4
286fb12b011fd878b3d44ff6985e082e2141a164,6666,197,0,0.0,16.2,119082,1570,10986,22833,11490,48478,1.4
b7dde7236ff255cc51e087f025dc096dc0395a00,6665,197,0,0.0,16.2,119080,1570,10986,22833,11490,48468,1.4
301bc34f66f59d39a66fcc98962045cdf64b3e21,6653,196,0,0.0,16.1,118588,1562,10950,22789,11481,48330,1.4
e5063679abf2ae2dc028b91b02cb8c8d41251a3d,6649,196,0,0.0,16.2,118242,1553,10926,22765,11421,48319,1.4
5f5fecd68e209c79a7f9ac382b95296713c77bea,6650,196,0,0.0,16.2,117989,1546,10897,22743,11421,48296,1.4
1b553fd8112c5be291e1a2fedd4279554040d6d3,6643,195,0,0.0,16.2,117859,1545,10884,22713,11409,48255,1.4
fd7bab3cdf2650168e9eca625fd5311ffc7b1f5a,6644,195,0,0.0,16.3,117759,1543,10874,22701,11408,48265,1.4
900ab0b28ccce6e2fed4c2f73679a936282a349f,6642,194,0,0.0,16.3,117682,1541,10864,22690,11396,48245,1.4
61727e1e657f0ada93d2b4695791074e51a64ff8,6642,194,0,0.0,16.3,117680,1541,10864,22690,11395,48245,1.4
259c07228c9fe14285c7101e7e2d070acdbfa5ce,6651,195,0,0.0,16.2,117472,1534,10835,22658,11389,48419,1.4
22624508bbd30dd83b09b48303196d7dcd73c410,6630,195,0,0.0,16.2,117244,1529,10812,22635,11389,48125,1.4
db03f8c42b2cf33a9303233e31a4c9b8f88b836d,6619,194,0,0.0,16.2,117079,1525,10785,22613,11378,48018,1.4
0bf6910b672add6363004010ab6421158c7097dd,6619,194,0,0.0,16.2,117079,1525,10785,22613,11378,48018,1.4
47adfd047b2df5ab2f5ca9740e85676ce53066f9,6617,194,0,0.0,16.2,117077,1525,10785,22612,11378,48003,1.4
1e729afa0a6fd3bbf39a5713434d29ba7712b1cf,6617,194,0,0.0,16.2,117074,1525,10785,22612,11374,48003,1.4
5eeb240337ccfbc820d4bde023d8cf643f33d735,6952,201,0,0.0,18.6,115913,1469,10704,22884,11340,51731,1.5
9e003d67fc2e22a0bc05fb8cf9fc41c500bb117b,6952,201,0,0.0,18.6,115913,1469,10704,22884,11340,51731,1.5
c0f44e08794a66e9d0a216b3acbc14d77bedd9b0,6953,201,0,0.0,18.6,115911,1469,10704,22884,11340,51741,1.5
300f9c9fe1e4de8f14b494d8bf835b4e1ac6d5d6,6616,195,0,0.0,16.2,117068,1525,10785,22611,11374,48002,1.4
a6d8f1c5b20d30b3fe3206332d56bc6de1baa282,6616,195,0,0.0,16.2,117066,1525,10785,22611,11374,48002,1.4
aa63752ae52dea7e89296de633a89eeaa3587ca2,6616,195,0,0.0,16.2,117064,1525,10785,22611,11374,48002,1.4
d4d8a508c8baf8b2c32d2833c470bcd2f9b5bf3d,6952,201,0,0.0,18.6,115906,1469,10704,22884,11340,51731,1.5
b4705d0ea6f57d4446017017ad9e0b17d895b397,6952,201,0,0.0,18.6,115906,1469,10704,22884,11340,51731,1.5
63f63611ce7fd7f9082b9687f31a5772a30a2341,6952,201,0,0.0,18.6,115904,1469,10704,22884,11340,51731,1.5
81c3c0d0e24d2ff48b38adda6936fe912b27b066,6953,201,0,0.0,18.6,115896,1469,10704,22884,11340,51741,1.5
d11ddc05a71c86d174bb927f3a0af53487466257,6953,201,0,0.0,18.6,115895,1469,10704,22884,11340,51741,1.5
c968c092451e3cd3af4030cba20d7723c68b5e05,6953,201,0,0.0,18.6,115908,1469,10704,22884,11340,51741,1.5
b09e7a4854b50ef31b102d34678f0770d17982f6,6953,201,0,0.0,18.6,115907,1469,10704,22884,11340,51741,1.5
472e62c831163dc93093fdb56a4cc0183ec65778,6953,201,0,0.0,18.6,115901,1469,10704,22884,11340,51741,1.5
7c07339c55e9790eaed579a3aef93c51de45ab73,6952,201,0,0.0,18.7,114724,1468,10704,22884,11340,51731,1.5
d7b3eaffd9f710b1726120dd40d8b2a14d383525,6953,201,0,0.0,18.7,114722,1468,10704,22884,11340,51741,1.5
d03ff27bd0c2e77689bfe11f16f5e9276dc62081,6953,201,0,0.0,18.7,114703,1467,10704,22884,11328,51741,1.5
5a3b1553dda84dc6e73e918bb6e025764d8c9a63,6614,195,0,0.0,16.2,117036,1525,10783,22608,11374,47988,1.4
7c216278a9d9d50e9ea2f1d86356295839ea2a23,6614,195,0,0.0,16.3,115859,1524,10783,22608,11374,47988,1.4
2354c1612fe31d04d20abcda94506721de049264,6614,195,0,0.0,16.3,115859,1524,10783,22608,11374,47988,1.4
00b63119139f09462aa62f4d43c40c949cb785a0,6612,195,0,0.0,16.3,115859,1524,10783,22608,11374,47970,1.4
6db0cd152acc1abaff229029bae86aa1268a6af1,6612,195,0,0.0,16.3,115859,1524,10783,22608,11374,47970,1.4
3c55c802ac4553467d8fa109ac4601f4935d2766,6616,195,0,0.0,16.3,115859,1524,10783,22614,11374,47997,1.4
b48e8bac049e41e43e982b115e91c4f0c5a6775c,6625,195,0,0.0,16.3,115858,1524,10783,22616,11374,48008,1.4
48f34fe96883b43c185948080177d514460c70ae,6625,195,0,0.0,16.3,115845,1524,10782,22615,11373,47996,1.4
a45206c64f1e293bd164b4f489d9830e5b296112,6625,195,0,0.0,16.3,115845,1524,10782,22615,11373,47996,1.4
e201004e985f3ae43ee8c65baa16bcc0aecc0000,6625,195,0,0.0,16.4,115724,1520,10775,22604,11334,47975,1.4
0d00ef25a230f0f252045fa700ec007fb4c52c6b,6587,197,0,0.0,16.5,114125,1500,10643,22444,11327,47642,1.4
bc543c13a3659714e1f65c88f6c56ceaa713b798,6587,197,0,0.0,16.5,114135,1500,10644,22445,11327,47642,1.4
4a6c38d9e0e0f88d7b54fc494f6bf720831ad753,6586,197,0,0.0,16.5,114135,1500,10644,22445,11327,47632,1.4
a20eb738afe847e8753f283f81c7b68aebc31992,6586,197,0,0.0,16.5,114145,1500,10645,22448,11332,47632,1.4
9dd6c6f71f5104137e7778ca37bfcd4817653de2,6586,197,0,0.0,16.5,114141,1500,10645,22448,11332,47632,1.4
c1b686545cc1adaa1ff69c1493a094b751cad52f,6587,197,0,0.0,16.5,114141,1500,10645,22448,11328,47632,1.4
be9274554c515c193703eee0c5cba9bc8f75c6b3,6584,197,0,0.0,16.5,114001,1496,10635,22432,11288,47606,1.4
e20618a66fbe8106e1f1c813dec7c09d11a1ebb7,6587,197,0,0.0,16.5,114008,1496,10637,22434,11288,47631,1.4
2d7e18242f74ff66be81b3c35e68e5b5fb5fe95f,6625,195,0,0.0,16.4,115724,1520,10775,22604,11334,47975,1.4
36ba4c9b16834b58d84620e85ba428a2cab0da55,6625,195,0,0.0,16.4,115700,1520,10775,22604,11335,47975,1.4
59f2b8b2f23b15bbe3cf012cc0314ab077a291a9,6624,195,0,0.0,16.4,115693,1520,10775,22602,11335,47970,1.4
3d2a0f80464884dccffbfedb4c3b5126f792a22b,6626,195,0,0.0,16.4,115693,1520,10775,22602,11335,47985,1.4
3c6201cf1821d8e5f46573f6a2e204d7abfd9f18,6640,195,0,0.0,16.4,115402,1518,10736,22564,11333,47959,1.4
71366d6f284acdeafdf5c9dae52f21e8311c0cad,6640,199,0,0.0,16.4,115402,1518,10736,22564,11333,47959,1.4
5a9ea9373084613b6da4bf34861b1b8a013274b5,6632,199,0,0.0,16.4,115342,1517,10731,22557,11332,47936,1.4
ec87d96a1c0dbc7b76e68a67e1d94c34c93cfaaf,6954,201,0,0.0,18.7,114705,1467,10704,22884,11334,51746,1.5
f78f6d4fa2e600ec212371d5afdf4124fbfd46f0,6954,201,0,0.0,18.7,114705,1467,10704,22884,11334,51746,1.5
04eacfeac7e4e25d3c2f0a2de12fa05708ee6b59,6624,195,0,0.0,16.4,115057,1512,10717,22539,11331,47920,1.4
6f3fcabae5fc53bad69b65a20687d77e58ab0ee1,6624,195,0,0.0,16.4,115044,1512,10716,22536,11331,47913,1.4
938e52dad95af1286961374a1ae27c502b9a92f1,6604,195,0,0.0,16.4,114630,1507,10669,22448,11288,47758,1.4
a6401e64b5d29d58912f78892c05d9a42237e370,6954,201,0,0.0,18.7,114705,1467,10704,22884,11334,51746,1.5
afab04c53edab38d52275d2a198ea1aff7a4f41e,6954,201,0,0.0,18.7,114682,1467,10704,22884,11352,51741,1.5
a9c975c809e7b1b85335861de2bac2cb49e8a68d,6955,201,0,0.0,18.7,114682,1467,10704,22884,11352,51751,1.5
944d5208b46de46a509a8c3c0242b37fdee38c8e,6955,201,0,0.0,18.7,114682,1467,10704,22884,11352,51751,1.5
7c90490f3855d95e507ee9598b2caf8876208fc1,6954,201,0,0.0,18.7,114781,1467,10704,22884,11352,51741,1.5
ddc1ea4149d3e6879be21a55981f4ccb5ad14920,6955,201,0,0.0,18.7,114770,1467,10704,22884,11375,51751,1.5
a50328c116f9e59f1e5ee17dae5391b99af00c51,6598,195,0,0.0,16.5,114512,1503,10661,22440,11288,47715,1.4
2f0107c0549b79cb3abebafad04a5d371d7f1467,6598,195,0,0.0,16.4,114519,1503,10661,22446,11288,47715,1.4
322add3243aaa92f7d56cf68377ff065326337fa,6613,197,0,0.0,16.5,114579,1505,10673,22458,11290,47818,1.4
6912d9a14fe2c35dee306da9a8e953ba29d736da,6608,197,0,0.0,16.5,114383,1500,10657,22444,11290,47762,1.4
9c4017e9ba7ba170262f388ac159bcccb11ce209,6597,197,0,0.0,16.5,114181,1498,10648,22434,11290,47699,1.4
038b600b095d35d209e198dad3bed4e850f8296c,6596,197,0,0.0,16.5,114185,1498,10648,22434,11290,47689,1.4
203078981bb23517703e7bbb60925b8542bc8983,6595,197,0,0.0,16.5,114157,1498,10647,22428,11290,47683,1.4
d7047d1e3e47e2a8b8b25e9b53f543857ec6d205,6579,197,0,0.0,16.5,114000,1496,10636,22417,11290,47604,1.4
616f6290a2b4e33fe96b241a10a82568d192a57b,6579,197,0,0.0,16.5,113998,1496,10636,22417,11288,47604,1.4
b8a7a399507cac33ccc410528fab4d89fe393204,6580,197,0,0.0,16.5,113998,1496,10636,22418,11288,47615,1.4
a3b5d25d5ccdf9f94be108f2410161d93ed718e5,6579,197,0,0.0,16.5,114003,1496,10636,22420,11288,47611,1.4
3516df569777b2ec6fbe20f130f3c342caf3f476,6586,197,0,0.0,16.5,114004,1496,10636,22433,11288,47626,1.4
50895ff7f435a8e25e2b3ff5cf72f1aa9a82a4e8,6587,197,0,0.0,16.5,114004,1496,10636,22433,11288,47631,1.4
bb8e93ebceaaabe21806683277ca7824b81b9246,6586,197,0,0.0,16.5,114004,1496,10636,22433,11288,47621,1.4
b2eb070c9f1a6ba4dc8b2219690be73a471688b7,6955,201,0,0.0,18.7,114826,1467,10704,22884,11368,51751,1.5
f5de637fcc1b1cd2da222d8d4ce970cd2fa50dfe,6584,197,0,0.0,16.6,113869,1495,10617,22414,11288,47619,1.4
625c4458547ba0058a38afd7b5c53fc3d456eb8c,6955,201,0,0.0,18.7,114829,1467,10704,22884,11368,51751,1.5
1973f18282088d0160b25886780e840fde5d2af7,6954,201,0,0.0,18.7,114829,1467,10704,22884,11368,51741,1.5
bf58e49b222d992430713b2b720b48b30b12c387,6955,201,0,0.0,18.7,114448,1465,10704,22884,11327,51751,1.5
ca8883924466f0d3eeeac6b19e42ad228d6ae8ae,6556,197,0,0.0,16.4,113654,1494,10606,22387,11285,47537,1.4
6ec0225cfa9b45c8349d19019f965d5c52d40a09,6556,197,0,0.0,16.4,113653,1494,10606,22387,11285,47537,1.4
243e57130646c69c047910dd079f19cbadc57613,6498,197,0,0.0,16.6,112672,1478,10489,22270,11285,47324,1.4
3c7cd8f5f5ea3818d26b17d0b46986833a3fbc9c,6498,197,0,0.0,16.6,112672,1478,10489,22271,11285,47324,1.4
51e2e80158c1d2f10cf8c38ae533e8c09ef91e9a,6499,197,0,0.0,16.6,112672,1478,10489,22272,11285,47334,1.4
628f7e442ecbcdc70c550de08d09cfd273d9d6cc,6499,197,0,0.0,16.6,112672,1478,10489,22272,11285,47334,1.4
5adaa26b7a94c3ce1c84f59a677a1c3bd1f5c983,6499,197,0,0.0,16.6,112672,1478,10489,22273,11285,47334,1.4
63a2569a4c7e7545c5e6863047dfa31b932001c2,6499,197,0,0.0,16.6,112672,1478,10489,22273,11285,47334,1.4
6d52ddcdbe07d299049d1e2d4653b03c4b43972b,6499,197,0,0.0,16.6,112673,1478,10489,22274,11285,47334,1.4
0592e84a3c07b4451e81d2eecc0c51af384858d2,6500,197,0,0.0,16.6,112669,1478,10489,22277,11286,47348,1.4
04c93e8b98250230c4d22423372acd1c29e2c770,6500,197,0,0.0,16.6,112669,1478,10489,22277,11286,47348,1.4
e6b85fd2410aaba8a501306cf1af0726de4694f5,6500,197,0,0.0,16.6,112669,1478,10489,22277,11286,47348,1.4
04ffae08869dec8a69977c47ec78f778dcb03649,6484,197,0,0.0,16.6,112297,1473,10444,22232,11285,47295,1.4
db039c68d916ba74f03d87e61f667d689961a6bb,6484,197,0,0.0,16.6,112297,1473,10444,22232,11285,47295,1.4
9f7306f98e725ff6b1a5956813a68842bc9e9089,6467,194,0,0.0,16.7,111613,1462,10385,22165,11285,47148,1.4
903db35c605709806ef6a91831e5ea2a26a2e8a1,6470,193,0,0.0,16.7,111606,1461,10385,22165,11285,47098,1.4
6784375811518a200685e635ee51edc548629971,6475,193,0,0.0,16.7,111495,1457,10374,22155,11285,47131,1.4
46c6ccb32d6ba9ac79f5b7478d84537a468a0de4,6476,193,0,0.0,16.7,111711,1458,10407,22215,11285,47131,1.4
b9b98c83cf7e6e27caef3d7b65967f2e8394f762,6896,201,0,0.0,18.6,115155,1477,10824,23002,11327,49815,1.4
080e8ef3dd7e3736a9ed83fdb34127726a614677,6956,201,0,0.0,18.7,114318,1465,10698,22880,11326,51725,1.5
7f052f18fdd1356af0731df4850ab80a6b0f5f1b,6956,201,0,0.0,18.7,114318,1465,10698,22880,11323,51725,1.5
1503d6deee645c8b95362bfa2e8dd6cbcf8430e7,6955,201,0,0.0,18.7,114450,1465,10704,22884,11327,51751,1.5
9e9e778e04aa95501e4ab9b49e8f927527e7e260,6954,201,0,0.0,18.7,114450,1465,10704,22884,11327,51741,1.5
0d002c348ed9307ae60ebe1e0808fb10874c4312,6955,201,0,0.0,18.7,114326,1465,10701,22883,11323,51715,1.5
6f3f3376622997a8eeab3a3f2bb5ffc880b64d0f,6955,201,0,0.0,18.7,114312,1465,10699,22879,11324,51736,1.5
7e3af9cd1e5051ed54a66a12b5608e28aa5ffb75,6955,201,0,0.0,18.7,114312,1465,10699,22879,11324,51736,1.5
a6a7102328ef274eebd0c5051561a9ae9cac7208,6955,201,0,0.0,18.7,114312,1465,10699,22879,11324,51736,1.5
98626783ab0ff92a66d432d3c3959100ea88f0c7,6955,201,0,0.0,18.7,114312,1465,10699,22879,11324,51736,1.5
764761dbf6d1131674d9034bfff4af22ae6d0fcb,6955,201,0,0.0,18.7,114450,1465,10704,22884,11327,51751,1.5
e345ba2b3d954559a544984f1b1a3898ef58d9ad,6955,201,0,0.0,18.7,114450,1465,10704,22884,11327,51751,1.5
d29052904765d59e549286fc8545bf5b0e760048,6957,201,0,0.0,18.7,114480,1465,10704,22892,11327,51761,1.5
d07c64f809361ec629b738ca223c7e89d08c03f4,6956,201,0,0.0,18.7,114476,1465,10704,22891,11326,51735,1.5
a2a7706a07897bc7d0dc79923dc724159766da78,6950,202,0,0.0,18.7,114465,1465,10702,22890,11316,51685,1.5
b2c5cb76522e000565e5595ae8029fe717091f75,6950,202,0,0.0,18.7,114452,1465,10702,22888,11315,51685,1.5
6742d1cd0f47bf609d320474d9639324f54769f6,6940,202,0,0.0,18.9,113893,1452,10650,22820,11239,51633,1.5
98a906a9d24d056b45c3943bdd10b7af60eb8bfb,6939,202,0,0.0,18.9,113849,1452,10650,22820,11218,51623,1.5
8b6f4456d5664f4e7f32b0e772befc4b12086aaa,6942,202,0,0.0,18.9,113839,1452,10647,22818,11220,51777,1.5
60e3b19db518483296ff73245e548ce88c84f5a5,6942,202,0,0.0,18.9,113841,1452,10647,22819,11220,51777,1.5
e50867bf17c7941f7b28fd54f2e3df53ecaa1222,6942,202,0,0.0,18.9,113838,1452,10647,22819,11220,51777,1.5
a05f72c63c282047555cb610803b2436f5003c1f,7009,201,0,0.0,18.6,111709,1452,10647,22819,11220,52257,1.6
05137f09ffc9aadb7316855327deed094afc0cea,7027,201,0,0.0,18.6,111529,1451,10638,22806,11293,52412,1.6
d43faf447bf7e9b99ce189fe60f176e094920d39,7028,201,0,0.0,18.6,111529,1451,10638,22806,11293,52420,1.6
1de21470c95c9bf3724b39b79a0cc53eeb0594ce,7028,201,0,0.0,18.6,111529,1451,10638,22806,11293,52420,1.6
94b05f584f4fa7d3ace594ab1d23daa59bc29940,7029,201,0,0.0,18.6,111536,1451,10638,22806,11293,52430,1.6
4d885b870f9bc722650705750717ae808b397654,7029,201,0,0.0,18.6,111536,1451,10638,22806,11293,52430,1.6
a65c9e2bfbfa62673ef8c5751d27696275bb96d3,7028,201,0,0.0,18.6,111536,1451,10638,22806,11293,52420,1.6
d80a42cc69d16d3cb3391ba9f5ec2cc64436839f,7028,201,0,0.0,18.6,111536,1451,10638,22806,11293,52420,1.6
c25d462ff48c725440393da801e8c614df600248,7029,201,0,0.0,18.6,111536,1451,10638,22806,11293,52430,1.6
2e84f07203cc1955b1822e0821fa908ea77a20d0,7028,201,0,0.0,18.6,111536,1451,10638,22806,11293,52420,1.6
38f45eec3ad193a7b35ea0f9dfdce7cb30611705,7029,201,0,0.0,18.6,111523,1451,10638,22805,11293,52426,1.6
9f48d8dbdd06e60faf84809a19a8c4e47733c38d,7028,201,0,0.0,18.6,111504,1451,10636,22803,11293,52416,1.6
497803c836e46ede3a91e79865eef0fe567e4ea9,7027,198,0,0.0,18.6,111333,1447,10625,22783,11249,52424,1.6
9003c125a97280624a1e312ac1f5f22d05a491bf,7028,198,0,0.0,18.6,111337,1447,10626,22785,11249,52439,1.6
f4bd1b5f2cd54a7fd4944944f94d38bc5a2b1730,7028,198,0,0.0,18.6,111337,1447,10626,22785,11249,52439,1.6
92fa9afe2760feb28833c09215e76a981ddcd9c7,7028,198,0,0.0,18.6,111192,1445,10626,22785,11247,52439,1.6
697724cf002fa46ffcbad92b0aebc5f134404355,7029,198,0,0.0,18.6,111192,1445,10626,22785,11247,52449,1.6
20aa3f0b2f5785c80c71f8e8d3d2d3522cb92c2e,7028,198,0,0.0,18.6,111260,1445,10626,22785,11247,52439,1.6
c623429e1a99353cd1ea90f95677bc156c70896f,7028,198,0,0.0,18.6,111260,1445,10626,22785,11247,52439,1.6
ab2af6956cded331b6f04164ab7976f2cb7812ea,7029,198,0,0.0,18.6,111258,1445,10626,22785,11285,52449,1.6
9ffbea0c0bb9f8e88f04f1138df5451965e6a781,7032,198,0,0.0,18.6,111216,1445,10626,22785,11293,52484,1.6
c7b0c695e7b5abb6534cecb89c0caf762f0f06b0,7032,198,0,0.0,18.6,111216,1445,10626,22785,11293,52484,1.6
71e04fb634bf76d47c9ae55637db72fd7de50076,7033,198,0,0.0,18.6,111216,1445,10626,22785,11293,52494,1.6
9deadadea3b1342345fed77c87a3d24ea026d7e6,7033,198,0,0.0,18.6,111216,1445,10626,22785,11293,52494,1.6
05da8040e88ef5c9a544cb9dddf4c6abee6bd61a,7032,198,0,0.0,18.6,111216,1445,10626,22780,11292,52492,1.6
bb8884e04433677d6abc6f05c6ad9d39e3dcf236,7031,198,0,0.0,18.6,111216,1445,10626,22780,11292,52482,1.6
1ca021ca71841ab1a32e017f5836daaf2c2d59a0,7031,198,0,0.0,18.6,111216,1445,10626,22780,11292,52482,1.6
5fb3dbdc141c7bd85916221031b89a5d7be70fb8,7031,198,0,0.0,18.6,111216,1445,10626,22780,11292,52482,1.6
4f8034ec22f75183e061a30ddf74741187ab0b8f,7031,198,0,0.0,18.6,111216,1445,10626,22780,11292,52482,1.6
8a409b9bc7123e97de0a7dd82a1ad8745e96df46,7031,198,0,0.0,18.6,111217,1445,10626,22780,11292,52482,1.6
3a810caa48847d6e3b80012fb345abd16c1a1116,7032,198,0,0.0,18.6,111217,1445,10626,22780,11292,52492,1.6
c75abd2e758b5a748829756d9762bad48ac0619e,7031,198,0,0.0,18.6,111222,1445,10626,22780,11292,52482,1.6
5dba3998c2ea81ca8d64b0a673e122fae93969d0,7031,198,0,0.0,18.6,111222,1445,10626,22780,11292,52482,1.6
103badbb03ff62d8044213cc7e0940a6cc53b3ff,7032,198,0,0.0,18.6,111205,1445,10626,22780,11292,52492,1.6
92628895497fbc22ef8143acd0b88b3099e3d024,7533,208,0,0.0,12.5,121393,1543,10800,24758,12907,55234,1.5
34d7aa7ab671aa44764022b1bf348922da70d0e1,7031,198,0,0.0,18.6,111116,1445,10626,22780,11291,52482,1.6
109d064d14260d9b71be1f1fbd3a385053d5fffb,7031,198,0,0.0,18.6,111116,1445,10626,22780,11291,52482,1.6
04576ff4ffdd5872e738b4e10e3905fe513109d2,7533,208,0,0.0,12.5,121393,1543,10800,24758,12893,55234,1.5
a8aba7c71f49beaa3865e63c592c3509eed82e67,7531,208,0,0.0,12.5,121392,1543,10800,24759,12893,55234,1.5
b9b1f155c1870a61da3d076ce698370eeba544ce,7531,208,0,0.0,12.5,121392,1543,10800,24759,12893,55234,1.5
5dd8ddc7bed71a99601352a5ae5abc709b137399,7031,198,0,0.0,18.6,111116,1445,10626,22780,11266,52482,1.6
6a5281efd753e44477af08ee84e4372aa9110d4f,7031,198,0,0.0,18.6,111116,1445,10626,22780,11266,52482,1.6
1f22f560a44995340daa3039b29eee72a3ea504f,7031,198,0,0.0,18.6,111116,1445,10626,22780,11266,52482,1.6
23084275bf695f41b5f84d927c351e9b2b04a2be,7031,198,0,0.0,18.6,111116,1445,10626,22780,11266,52482,1.6
c94198b090cb78fb296a270742ac898a53858071,7028,198,0,0.0,18.7,111094,1443,10623,22778,11265,52467,1.6
4a5c5e200d2d41ab01f22b1c5ff7796a7241325f,7028,198,0,0.0,18.7,111094,1443,10623,22778,11265,52467,1.6
b62643295cf6e530d373974e27364b5dccedcc48,7029,198,0,0.0,18.7,111058,1443,10623,22778,11265,52477,1.6
d770d9245c3c3abb3cebf4eda3778ca4595f1542,6448,191,0,0.0,13.0,105302,1374,9746,21512,11123,48052,1.5
3d4f2fcdbbc327c2dac872962f65b2f011c7d247,6448,191,0,0.0,13.0,105298,1374,9746,21512,11123,48052,1.5
6dff137e9a52e3a882aa1a39bff4825b71f63a6e,6449,191,0,0.0,13.0,105268,1374,9744,21509,11123,48066,1.5
0423219d839404186b8a5ec7dec37f6addeb58d9,6449,191,0,0.0,13.0,105268,1374,9744,21509,11126,48066,1.5
3be23d9ac55407e2e2bda49570f7f76943a3b382,6448,191,0,0.0,13.0,105268,1374,9744,21509,11126,48056,1.5
8bd9e9d6aa1bb36a89421edaee075201d75be345,6454,191,0,0.0,13.0,105267,1373,9742,21535,11126,48104,1.5
91f9250e02be4bd892d96bb435467934b364b29c,6454,191,0,0.0,13.0,105267,1373,9742,21535,11126,48104,1.5
84124c4cd728947d057299fd0eb5760df1419aaf,6454,191,0,0.0,13.0,105267,1373,9742,21535,11126,48104,1.5
91523ed0407545e85a13d0cff435f08406ef9cd5,6452,191,0,0.0,13.0,105266,1373,9742,21536,11126,48104,1.5
7faa3f025e61508079e803af6a909896e3d67d2a,7531,208,0,0.0,12.5,121375,1543,10800,24759,12893,55234,1.5
3c2bd598e60e4750613939391be5ead9cd6f91a0,6456,191,0,0.0,13.0,105276,1373,9742,21536,11127,48101,1.5
d47d22bca7190554ab9ce427aead42287f11e19f,7536,208,0,0.0,12.5,121385,1543,10800,24759,12894,55241,1.5
d7a78c3719603148cd5a62a3624d487a0f33b594,6456,191,0,0.0,13.0,105276,1373,9742,21536,11127,48101,1.5
5d7b3167b0c47ddce6bc6079cb9e2946418ee29d,6457,188,0,0.0,13.0,105276,1373,9742,21536,11127,48111,1.5
d8f3dd336c67316cfb147f20269acc3746c1d0fc,6457,187,0,0.0,13.0,105276,1373,9742,21536,11127,48111,1.5
4bbc0ddddacc915ddc8ff292dd28745bbc0031fd,6450,187,0,0.0,13.0,105276,1373,9742,21536,11127,48041,1.5
b52879c4e1133a51e82dcbf6eb0c3c2c6e733d8c,6450,187,0,0.0,13.0,105276,1373,9742,21536,11127,48041,1.5
c7170d50f8d717b8f776d0e4132899661b744fac,6459,187,0,0.0,13.0,105290,1373,9742,21550,11127,48144,1.5
c7197b0943a5d670a2e5e2d3e313eb63095ff5c7,6460,187,0,0.0,13.0,105290,1373,9742,21550,11127,48154,1.5
ace2f4f3618d168caaf12ff869467bd980586d62,6460,188,0,0.0,13.0,105285,1373,9742,21550,11127,48154,1.5
ddb677bec828771b1dacb670cb96c767c8fb5647,6470,187,0,0.0,13.0,105284,1373,9742,21549,11124,48238,1.5
fddedf66608e99f29ad5cf71d36ff8c04ba63b43,6468,187,0,0.0,13.0,105250,1373,9739,21546,11124,48218,1.5
59ca32a8262df81b60e131a784f240832ca52b6d,6474,187,0,0.0,13.0,105250,1373,9739,21546,11124,48278,1.5
a5827641e415adb9dc61f92217ebcc1c3234b7ee,6475,187,0,0.0,13.0,105255,1373,9739,21546,11124,48288,1.5
2c20d99d9804271e1c1953242ea0aa510854eda1,6447,186,0,0.0,13.1,104914,1370,9710,21469,11073,47974,1.5
16bac78fe4ba9f52f1204e869968f2b1d6dcba5e,6447,186,0,0.0,13.1,104921,1370,9710,21469,11073,47969,1.5
8b352ef44c8e22a745107f8378e7c16f2fff1e2b,6445,186,0,0.0,13.1,104912,1370,9710,21468,11071,47965,1.5
25dfe1c701dd9dad4ecbe9f27c0bb4528442edae,6445,186,0,0.0,13.1,104906,1370,9710,21467,11071,47964,1.5
9c2e2fa6d3c4e5893deb930bffa469993c2161a6,6445,186,0,0.0,13.1,104906,1370,9710,21467,11071,47964,1.5
f2477511458eaa12a80bbad6e3f44d5efe714c30,6446,186,0,0.0,13.1,104913,1370,9710,21468,11071,47974,1.5
c56d192c6a8fbfb8ec8ed52e8dd180a0cf999e4a,7537,204,0,0.0,12.5,121385,1543,10800,24759,12894,55251,1.5
61ba25b18864361ecef6a13fe4070bf82468cdb9,6446,186,0,0.0,13.1,104913,1370,9710,21468,11069,47974,1.5
d129f10229869bb8be3aff0787cd6303eb0e5ad0,6445,186,0,0.0,13.1,104913,1370,9710,21467,11069,47964,1.5
d3887355484bb9574dd5d94655251b157b0971ba,6446,186,0,0.0,13.1,104913,1370,9710,21467,11069,47974,1.5
1e4ff6f0afba983bebe80a900ba9a5e5e59a3db0,6475,186,0,0.0,13.1,104913,1370,9710,21467,11069,48032,1.5
720dff8456901faaca60ea42501fc94e21804e17,7527,203,0,0.0,12.6,121018,1540,10770,24674,12842,55055,1.5
456edf14dadede5a6c32ac037be8f6aa5687f11b,6475,186,0,0.0,13.1,104922,1370,9710,21467,11069,48032,1.5
61d717834ada7b462f186ffd5628e697c3d5ae6d,6473,186,0,0.0,13.1,104845,1367,9707,21462,11069,48017,1.5
ce955d58445cce71682875982a3657f937110e04,6473,186,0,0.0,13.1,104834,1367,9707,21462,11067,48017,1.5
108fe0f72f57a4e137c5203e293dc05d7a90d4dd,7527,203,0,0.0,12.6,121018,1540,10770,24674,12842,55055,1.5
c74ec13e2741d85ea66f43239c19b0103b7938f0,7529,203,0,0.0,12.6,121047,1540,10771,24682,12843,55054,1.5
6fef5b71cd6584f9bb8da53e5974dd47e69afcaa,7529,203,0,0.0,12.6,121044,1540,10771,24682,12843,55054,1.5
98c548aab1fef47b29cf7af451b7cd447205ec0a,7529,203,0,0.0,12.6,121044,1540,10771,24682,12843,55054,1.5
daac568cf8a360cb10ad614006d706f3dd428c49,6474,186,0,0.0,13.1,104834,1367,9707,21462,11067,48027,1.5
9ca9bb04b926ba33c6755aff8373314e60f2be89,6474,186,0,0.0,13.1,104834,1367,9707,21462,11067,48027,1.5
2f7f91ceff52ae885b68aff59a8fde5173b2aff3,6474,186,0,0.0,13.1,104839,1367,9707,21462,11067,48027,1.5
d1292c2ec93288ea22e7413f4ae4fa59d5ea67d4,6474,186,0,0.0,13.1,104839,1367,9707,21462,11067,48022,1.5
a4632dad6cf5ecdbcd8e4f357c69f3b34afc04f0,6475,186,0,0.0,13.1,104847,1367,9707,21462,11067,48032,1.5
5b0ab1143b2500a57447b0219558facc1f809360,6475,186,0,0.0,13.1,104845,1367,9707,21462,11067,48024,1.5
4f3017c71849a31de6a9f87e8e71a4d7dd084582,6452,183,0,0.0,13.2,104451,1357,9661,21404,10992,47868,1.5
635bc7983287d47d1d2c637a85fe21aabacdcd27,7529,203,0,0.0,12.6,121044,1540,10771,24682,12843,55054,1.5
74f70744a3d563b2e1376c2d8ad370b8073cc36c,7528,203,0,0.0,12.6,121040,1540,10771,24682,12842,55054,1.5
121733bf594a16d69fdde0eb78cdfcf2f6e738a0,6452,183,0,0.0,13.2,104451,1357,9661,21404,10992,47868,1.5
38eb6222bddaf49c3c9ae73ddef0cfe4ff5efa48,7523,202,0,0.0,12.6,121001,1540,10767,24678,12835,55036,1.5
c24917392a0f2b6868215a33bf4091d20f90d53a,7519,202,0,0.0,12.6,121013,1540,10767,24678,12835,54962,1.5
16f27b079e8a14f3ca966c41ccc0907f1d7bd977,7518,202,0,0.0,12.6,121013,1540,10767,24678,12835,54952,1.5
e9092612d7e76cb91d6c893b45570f0c2ecddd49,7519,202,0,0.0,12.6,121013,1540,10767,24678,12835,54962,1.5
b0d2574e07e900ee48c4e0d04915f4367862d270,7518,202,0,0.0,12.6,121012,1540,10767,24678,12835,54952,1.5
552965ee26ee307af47b7122c6b18195b4e435e0,7518,202,0,0.0,12.6,121012,1540,10767,24678,12835,54952,1.5
ed1ae3d33703f5cc63d4869feee32cbd16335ecf,7521,201,0,0.0,12.6,121026,1540,10768,24683,12834,54972,1.5
33c4dcced5b56f035556e03946b8e0453ed42a75,7518,201,0,0.0,12.6,121021,1540,10768,24679,12833,54959,1.5
2108d8f5c20557819411fc4e16877fe60ee4172a,7519,201,0,0.0,12.6,121021,1540,10768,24679,12833,54969,1.5
5d8acea79f4e2a1b4e9bfe337c8f6a12415a3d93,6452,183,0,0.0,13.2,104451,1357,9661,21404,10992,47868,1.5
1b6743ddfb2f9bf5c460eabc9a51dd902c59eb64,7519,201,0,0.0,12.6,121021,1540,10768,24679,12833,54969,1.5
8eb0d6f2ce20bff29587655093990c423b59c9c7,7522,201,0,0.0,12.6,120898,1537,10756,24663,12783,55007,1.5
c7cd88993a56b9cef588df4d728698930f90c65a,6452,183,0,0.0,13.2,104451,1357,9661,21404,10992,47868,1.5
a6f92ad8062c9d9234ffb669a7ddd19607772c22,6594,186,0,0.0,13.2,105335,1360,9685,21523,11050,49289,1.6
6d606248241e5f4f23efdf5e692eb22fa02e363c,7521,201,0,0.0,12.6,120898,1537,10756,24663,12782,55007,1.5
fe301f804dacc1a3ced01cf8624c9d84ed07296f,7521,201,0,0.0,12.6,120898,1537,10756,24663,12784,55007,1.5
4cf9c51e2fd93cd3034e8c6a6a15d4b07db5de35,7522,201,0,0.0,12.6,120900,1537,10758,24665,12783,55022,1.5
9e8738b5adb99d3d197c4c2092136aa9306e5141,7521,201,0,0.0,12.6,120900,1537,10758,24665,12783,55012,1.5
6f7a146faf9c5fc2f3dbf26735a675789e0a76cd,7517,201,0,0.0,12.6,120850,1536,10755,24664,12781,54998,1.5
6551fa360761f3e5248abf4721e8d58a4074e41a,7520,201,0,0.0,12.6,120749,1535,10738,24642,12781,55018,1.5
b0e2f5c67d88ad6a66c653839933ef83dd023f55,7518,201,0,0.0,12.6,120656,1530,10725,24629,12766,55003,1.5
bade24329b3b04cfa36ace0f2045eea4ed55eb53,7519,201,0,0.0,12.6,120656,1530,10725,24629,12766,55013,1.5
d192720920a6d7096b6dc4c3b80b38c8177ff077,7516,201,0,0.0,12.6,120638,1530,10725,24624,12766,54983,1.5
09722e3a93ad4ba40edf38ebdbfd7afee4977ee6,7519,201,0,0.0,12.6,120655,1530,10725,24629,12766,55013,1.5
9cb942681b55f01cae655c875d6cf000fa573fd6,6594,186,0,0.0,13.2,105335,1360,9685,21523,11050,49289,1.6
6160d3eda210d517936ddade4ff38a9505a777cc,6594,186,0,0.0,13.2,105349,1360,9685,21523,11050,49289,1.6
267292ed9831a8bd76e385b75656924ab79aa455,6594,186,0,0.0,13.2,105349,1360,9685,21523,11048,49289,1.6
96a6db7f5cc7873fe7a3e714b24984fe852f1b15,6593,186,0,0.0,13.2,105335,1360,9685,21521,11048,49279,1.6
5af18786003e832b0abb280b6f57322b4e7e9784,7519,201,0,0.0,12.6,120655,1530,10725,24628,12766,55013,1.5
235342e7f2180d74cd1af08308c981d40665ef82,7517,201,0,0.0,12.6,120647,1530,10725,24625,12766,55005,1.5
b309f792f8b5ebfea16b4cc13720e35306d94b38,7515,201,0,0.0,12.6,120637,1530,10725,24624,12766,54973,1.5
64e0fa51e0966ced631146484be7fca94213f04e,7517,201,0,0.0,12.6,120637,1530,10725,24624,12766,54998,1.5
54b624bc92e2f0bc1631f9e89513d12e4c49c1c6,7517,201,0,0.0,12.6,120637,1530,10725,24624,12766,54998,1.5
77f03a5b199be5b511a70b391e3a960c34d28ff6,7515,201,0,0.0,12.6,120637,1530,10725,24624,12766,54973,1.5
5c3c29b80f234a060d2515eb2620b3592bd05f97,6594,186,0,0.0,13.2,105335,1360,9685,21521,11048,49289,1.6
4a5b189559503256372f4232daf1f9fe43868672,6594,186,0,0.0,13.2,105326,1360,9685,21521,11048,49289,1.6
8031ba6a8059eaba331afaff94a8f35ff852d097,6595,186,0,0.0,13.2,105323,1360,9685,21521,11051,49294,1.6
7cfa2053002b636c349cd20e7d06afb2e601a81c,6595,186,0,0.0,13.2,105323,1360,9685,21521,11051,49294,1.6
926a7194bf839931ef4463c7c537486b1cecfdf3,6592,186,0,0.0,13.2,105259,1358,9681,21513,11047,49274,1.6
ca1153794febbeadbbb453aacb32b3a413ab89e2,6592,186,0,0.0,13.2,105259,1358,9681,21513,11047,49274,1.6
44138863ace57a0bbeb02c17ff755a43753cb7b5,6592,186,0,0.0,13.2,105259,1358,9681,21513,11047,49274,1.6
9871e6adb71aa574b58a653c9e472494bf8431d4,6600,186,0,0.0,13.2,105286,1360,9684,21517,11050,49297,1.6
e62d3ff805c13eb2c530f50fb6afe2c640ed60ad,6599,186,0,0.0,13.2,105347,1360,9684,21517,11035,49292,1.6
da3783e3cdf553e6307f66c73a4481cc7f0a1ba6,6599,186,0,0.0,13.2,105347,1360,9684,21517,11035,49292,1.6
9893bd697532bf20b6845755a11fa4387d44c6ae,6660,189,0,0.0,13.1,106399,1378,9727,21701,11067,49584,1.6
26f39d57ff0d08534971ecdf2e5b4bc46ff5af4e,6660,189,0,0.0,13.1,106422,1378,9727,21701,11067,49584,1.6
c2cc20cff49980fbe530fa9ce70049299a861266,6661,189,0,0.0,13.1,106422,1378,9727,21701,11067,49594,1.6
22bb9cbcf75cab6445b8706574a986517855b535,7515,201,0,0.0,12.6,120637,1530,10725,24624,12766,54973,1.5
7e5971278b7d3f8307bfb8f38f618ee6e876cba1,7619,204,0,0.0,12.4,122913,1588,10956,24929,12923,55557,1.5
5f02aa6016b8b50712fe3ccb7d7cfe0997db752b,7619,204,0,0.0,12.4,122913,1588,10956,24929,12923,55557,1.5
eae136748f4294f5a687152c850f1d2c4090aee1,7620,204,0,0.0,12.4,122910,1588,10956,24929,12923,55567,1.5
739a61e857ff00bac5df727280a85c00f1c75cd2,7619,204,0,0.0,12.4,122895,1588,10956,24929,12923,55557,1.5
f371d78e1f3f58d463f89bb6a7da14906b43dfc7,7620,204,0,0.0,12.4,122887,1588,10956,24929,12923,55567,1.5
8ad8757cfc9f3fb9f38a93157355973b6c4a024b,7513,201,0,0.0,12.7,120573,1528,10721,24616,12762,54963,1.5
e0a9cbf98a6a907ba464d65bd2e4ff6eb742ebde,7619,204,0,0.0,12.4,122887,1588,10956,24929,12923,55557,1.5
75ed5f539ec321292a2ea23de89c72fc50336422,7619,204,0,0.0,12.4,122887,1588,10956,24929,12923,55557,1.5
12e4d1cc8b782996447153316af4ef06823df92e,7619,204,0,0.0,12.4,122833,1588,10956,24929,12923,55557,1.5
cf3a54e41526751b284c22189fcfad555a88a515,7619,204,0,0.0,12.4,122836,1589,10956,24929,12924,55557,1.5
c805904d086fdcdeb0d858a9edd0f91c9f313277,7620,204,0,0.0,12.4,122836,1589,10956,24929,12924,55567,1.5
0602317beef812d488ff93118c1c39f835a9a9e5,7584,204,0,0.0,12.5,122330,1568,10912,24887,12884,55229,1.5
17aa99e8fc19e4bfa50005ee7b16b641eab76b44,7595,205,0,0.0,12.5,122364,1571,10918,24893,12931,55279,1.5
f4dfc6e492f43448aed0fed31051530a0e2f1f24,7595,205,0,0.0,12.5,122367,1571,10918,24894,12968,55274,1.5
20fff013c7b88f36a3cd72e32b82167b7772e3b7,7597,205,0,0.0,12.5,122290,1571,10915,24884,12965,55288,1.5
ab8af672e690b34ff1fa9c6657dfc1ceda5e20a9,7597,205,0,0.0,12.5,122325,1571,10916,24894,12966,55319,1.5
72cecba20b7f4c9be6a725c39bcc1827dbe0e306,7607,205,0,0.0,12.5,122310,1571,10913,24893,12983,55358,1.5
1a5a77391c6170ab3ffc12cfc3013ae110c518a4,7513,201,0,0.0,12.7,120573,1528,10721,24616,12762,54963,1.5
7322f3ead103c4acbe2123404add364745a0a054,7513,201,0,0.0,12.7,120561,1528,10721,24616,12762,54963,1.5
0467e151b45588f907557f2656782898b7443544,7513,201,0,0.0,12.6,120561,1528,10721,24616,12762,54963,1.5
dec42d2954071ce26f9d289b2c08d8c1373ea81c,7513,201,0,0.0,12.6,120561,1528,10721,24616,12764,54963,1.5
48661bc8e81354bbadd1eb744bfd9cb61e924f65,7514,201,0,0.0,12.6,120561,1528,10721,24616,12793,54973,1.5
c59bbbc5bafa7a7c9053a4ab0baaf6430c28ddea,7513,201,0,0.0,12.6,120561,1528,10721,24616,12793,54963,1.5
f6c3b9d0854d80d9754e9fd9b7f8ae706ec1a5cb,7513,201,0,0.0,12.6,120561,1528,10721,24616,12794,54963,1.5
8cc0695deeb685003f081df354a8e993151df08b,7513,201,0,0.0,12.6,120561,1528,10721,24616,12794,54963,1.5
b04e83e24155ac5f20ac10f862993cb5fbabf9b0,7512,201,0,0.0,12.6,120561,1528,10721,24616,12796,54958,1.5
64b8ef6b7ec926f584dc1fe8af6f57f1775d3b1e,7512,201,0,0.0,12.6,120561,1528,10721,24616,12797,54958,1.5
618ef3710e4fa050a8d3d50e4700e0010cde7717,7514,201,0,0.0,12.6,120561,1528,10721,24616,12797,54973,1.5
dca5adbe6eb4b025ef7815cc18098c7c2a0fb268,7514,201,0,0.0,12.6,120561,1528,10721,24616,12797,54973,1.5
e4e0b442050ab51ab6fb597e97179b37d2d70f8a,7507,201,0,0.0,12.6,120565,1528,10721,24616,12828,54933,1.5
056748354dfc1d29eb75c0709ca7a996d3f807cc,7524,200,0,0.0,12.7,120565,1528,10721,24616,12956,54984,1.5
7c7c58e9966f8288356e37bd5630a8e63f90b31a,7524,200,0,0.0,12.7,120565,1528,10721,24616,12956,54984,1.5
004a95111edfcb1eb0b5144ce252ff27a2328b72,7524,200,0,0.0,12.7,120565,1528,10721,24616,12956,54984,1.5
7f3b79147444c27e12752663d130223162f69fdf,7525,200,0,0.0,12.7,120565,1528,10721,24616,12956,54994,1.5
c6dcb72405b10b569cbfadd5e3a769c7ce1bcd20,7524,200,0,0.0,12.7,120565,1528,10721,24616,12956,54984,1.5
57c815eebe6d1191c13f48809a963dbf422679e0,7524,200,0,0.0,12.7,120565,1528,10721,24616,12956,54984,1.5
31d2f6b9849135ba8aed1312d10064aab1f7ed19,7524,200,0,0.0,12.7,120565,1528,10721,24616,13039,55004,1.5
a5d92cc869d641d131da48e48d97372597cfa3dc,7524,200,0,0.0,12.7,120565,1528,10721,24616,13031,55004,1.5
da0f63e81e3e42bb52bda0989f9be8990748d089,7524,200,0,0.0,12.7,120641,1528,10721,24616,13033,55004,1.5
fd27e96e065ee6c405e1ca8745c0342c659e77a5,7516,200,0,0.0,12.7,120643,1528,10721,24616,13091,55000,1.5
d432a5417074e03774f1c728d9df64cb341a5caa,7516,200,0,0.0,12.7,120643,1528,10721,24616,13092,55000,1.5
ead84e45ee1ea145f4d96dd204a2ec7c8f8d78fb,7516,200,0,0.0,12.7,120643,1528,10721,24616,13098,55000,1.5
40ed3ef86e8d9547e209d7e4063197ddd8f8666c,7516,200,0,0.0,12.7,120643,1528,10721,24616,13116,55000,1.5
0d1ef9b411ea06e6b8c30439a96e0290b0b9dbf6,7516,200,0,0.0,12.7,120643,1528,10721,24616,13145,55000,1.5
d41e7225d026b2e35ed78719e4ef4fa53b201fd8,7515,200,0,0.0,12.7,120711,1528,10721,24616,13146,54990,1.5
254aae56db7ba445fd6442d97530c3c4fe61864f,7523,200,0,0.0,12.7,120711,1528,10721,24616,13146,55060,1.5
7860331b85d2b395dc123b44d80e0fb8426d3c1d,7519,200,0,0.0,12.7,120711,1528,10721,24616,13183,55035,1.5
6a83ab5041772887a970997e1b11d1d1445a3249,7519,200,0,0.0,12.7,120711,1528,10721,24616,13200,55035,1.5
d91774411dee33f593b854f4f9b34531526b0fc5,7519,200,0,0.0,12.7,120711,1528,10721,24616,13230,55035,1.5
e86c2f0500dc6717a093f612c427a3493e5e7b13,7517,200,0,0.0,12.8,120710,1528,10721,24616,13332,55025,1.5
07183899685a956022686852fc9d59f93aa200a9,7511,200,0,0.0,12.8,120711,1528,10721,24616,13393,55010,1.5
611617c1104a582a67d9037af5a349b6796da204,7512,200,0,0.0,12.8,120711,1528,10721,24616,13396,55020,1.5
034d201ba9ee58518b1efad1efd5a63883263ee5,7512,200,0,0.0,12.8,120711,1528,10721,24616,13409,55020,1.5
1559806ccbfe9474bf12d14a7a1fb19bd46afdf2,7512,200,0,0.0,12.8,120711,1528,10721,24616,13411,55020,1.5
2bae399e82452fb81fef34e3599413d3fe4e2bec,7512,200,0,0.0,12.8,120711,1528,10721,24616,13413,55020,1.5
445a18083173b183b27be3b40cd5ae1f86538185,7512,200,0,0.0,12.8,120711,1528,10721,24616,13415,55020,1.5
57e71c2764e28829e6e259d1405445ea52f15957,7511,200,0,0.0,12.8,120711,1528,10721,24616,13421,55010,1.5
c983b1e15127094de31a62a6a6cdb037caccfb28,7511,200,0,0.0,12.8,120711,1528,10721,24616,13424,55010,1.5
a4770cec4151687695e5181722f32b0b1e2a2004,7511,200,0,0.0,12.8,120711,1528,10721,24616,13431,55010,1.5
1b07f326191d460db070da8664a17cd7fb19caaf,7511,200,0,0.0,12.8,120711,1528,10721,24616,13431,55010,1.5
510daffdf6c231cc456b0ce4d024e19620cecb9c,7511,200,0,0.0,12.8,120703,1528,10721,24616,13481,55010,1.5
7ba9c2f0e8f184f623b8df79f7a545d93ffbcd37,7513,200,0,0.0,12.8,120703,1528,10721,24616,13504,55025,1.5
070b4ccd35e313764e6aed8717b47a72a437ffa1,7512,200,0,0.0,12.8,120703,1528,10721,24616,13540,55015,1.5
8e20d1ca06597e75903cb97c6a01c470686fcf08,7513,200,0,0.0,12.8,120703,1528,10721,24616,13560,55025,1.5
720a3afe31d883c16778b910ece6b02da3c5215a,7513,200,0,0.0,12.8,120702,1528,10721,24616,13574,55025,1.5
2da49b573c6c847380badb93e44523ada106dbd3,7525,200,0,0.0,12.8,120705,1528,10721,24616,13859,55109,1.5
9bff674807fef9067bdf3ae033947295a3cfa569,7526,200,0,0.0,12.8,120705,1528,10721,24616,14018,55109,1.5
3639efa6361b8e999982e789707a6907bfa6341c,7526,200,0,0.0,12.8,120705,1528,10721,24616,14040,55109,1.5
ed68823da46569b406b11f01df5c60d8c0ac3e9c,7526,200,0,0.0,12.8,120705,1528,10721,24616,14040,55109,1.5
c774436e602af8510ea24078803a8a26de32f4e2,7527,200,0,0.0,12.8,120704,1528,10721,24616,14089,55109,1.5
c8093cf6ccbc5b6fe3f2e05c37798a1f2e1bb941,7527,200,0,0.0,12.8,120704,1528,10721,24616,14085,55109,1.5
42f6268bbe11e82cf0ce2954ab22b5b6df21560a,7529,200,0,0.0,12.8,120709,1529,10722,24617,14269,55119,1.5
17a44bc36d173bf19774f49954a8142ffeb9d903,7529,200,0,0.0,12.8,120709,1529,10722,24617,14269,55119,1.5
d0f76d006d50f06ae2ce2d6f25b40fd90bd347d8,7529,200,0,0.0,12.8,120736,1530,10723,24618,14271,55119,1.5
55a68a337b35a5940122b9afc774b47c52787214,7529,200,0,0.0,12.8,120736,1530,10723,24618,14271,55119,1.5
05461a4d6ec6e8789eb8d3beeaa78b3b8768a53e,7529,200,0,0.0,12.8,120736,1530,10723,24618,14271,55119,1.5
d5284338d636bfec88e60292c750eecf521a2173,7520,200,0,0.0,12.8,120719,1530,10723,24618,14271,55059,1.5
1f2dcbe208691fe4aad59d01f9f5a89c26c10373,7518,200,0,0.0,12.8,120716,1532,10722,24617,14296,55055,1.5
4c95cfe9424377c827d0b181d042f40105042cf7,7502,200,0,0.0,12.8,120193,1523,10677,24554,14139,54968,1.5
c7695d4fc8bf50ace2489849dcd82051785257b4,7499,200,0,0.0,12.8,120170,1523,10677,24548,14136,54947,1.5
bdd2c604d6b462f3d62a7e86bd9bcb9c43b0cfc9,7498,200,0,0.0,12.8,120159,1523,10676,24546,14134,54939,1.5
a3c8c62717997935949bc3b62c289cee4ee6719b,7498,200,0,0.0,12.8,120159,1523,10676,24546,14134,54939,1.5
0de126c4a7690d0360bb935fd899c7946e70af7c,7498,200,0,0.0,12.8,120159,1523,10676,24546,14134,54939,1.5
16de8f3f01f5d5a3724487b18fadb038e93b85a1,7496,200,0,0.0,12.8,120139,1523,10675,24541,14131,54937,1.5
5207e33a55176e0309bfbc23a4b9ef0338ffbdc4,7496,200,0,0.0,12.8,120139,1523,10675,24541,14131,54937,1.5
e51c52f1fdda187e033328f79ff0538ecf9c4972,7497,200,0,0.0,12.8,120167,1523,10675,24541,14131,54937,1.5
de1ab4a0893e0baf73bafa27c626064be3e6718c,7497,198,0,0.0,12.8,120292,1525,10675,24540,14155,54937,1.5
039a99da05ed6f711733d37e3fc586ba9a312ff3,7497,198,0,0.0,12.8,120291,1525,10675,24540,14155,54937,1.5
49525b0a83e7809a603f420d807b433b268dd2b4,7497,198,0,0.0,12.8,120288,1525,10675,24540,14155,54929,1.5
3c6ee32e2a461fd154510a49edd2e8471fed12a4,7497,198,0,0.0,12.8,120288,1525,10675,24540,14155,54929,1.5
b9782070d2bdd8684bceff1c9a89a14da7f91306,7412,199,0,0.0,12.9,118350,1485,10490,24196,13920,54337,1.5
6886cf8f8a8e4713b7869087143c4ed11780c8f6,7411,199,0,0.0,12.9,118350,1485,10490,24197,13920,54327,1.5
fdb74256a71a1fc1de05224eb739a5ea23732dc5,7412,199,0,0.0,12.9,118350,1485,10490,24197,13920,54337,1.5
10b416c0e053e5c7d5e6311eba6a4580cd7c54b5,7412,199,0,0.0,12.9,118350,1485,10490,24197,13920,54337,1.5
62258e550023323c5a3bb926e767a9d758b19e2d,7412,199,0,0.0,12.9,118352,1485,10490,24197,13920,54337,1.5
89b4771d0a91ddb2b895b84ea7875d88968668bc,7411,199,0,0.0,12.9,118350,1485,10490,24197,13918,54327,1.5
37de455b13987977a9a7dcc173cd3bf3fc73af2f,7411,199,0,0.0,12.9,118350,1485,10490,24197,13918,54327,1.5
d98d9977039d45b4ed39d795f716813193f575ea,7413,199,0,0.0,12.9,118353,1485,10490,24198,13918,54342,1.5
6b2fa866a40d422058c72cea5c315806a27ff1f3,7408,200,0,0.0,13.0,117853,1468,10457,24155,13807,54343,1.5
22385dc804d550ea9f415bc9f96c2d6d10139e92,7413,199,0,0.0,12.9,118347,1485,10490,24196,13915,54342,1.5
552a0800e5f9282a15e1773fe9df8d25cecb131e,7408,200,0,0.0,13.0,117847,1468,10457,24153,13804,54343,1.5
4791067f0e40ca27b20a8bb9ab6e04d3fb5a60ac,7407,200,0,0.0,13.0,117847,1468,10457,24153,13804,54333,1.5
a72490e26dc3daf2593873439b084b36195d15ae,7407,200,0,0.0,13.0,117847,1468,10457,24153,13804,54333,1.5
8f6b7321767317de6ef456f74d2986a45368a14d,7408,200,0,0.0,13.0,117847,1468,10457,24153,13804,54343,1.5
db322a886b76e2d693099b1abfcc85123f3ae54c,7407,200,0,0.0,13.0,117847,1468,10457,24153,13804,54333,1.5
e2d63ad98a278e05ab13ee75dbff9ef302709cf2,7408,200,0,0.0,13.0,117847,1468,10457,24153,13804,54343,1.5
5cc6d8bc54b681f9534fad1a164fda4e08ae0e40,7409,200,0,0.0,13.0,117866,1468,10462,24160,13804,54355,1.5
ef92a29788659062eb78928d026a751b8aa1a724,7409,200,0,0.0,13.0,117866,1468,10462,24160,13804,54355,1.5
93704ad3cdf421118e244921b4f0a63d7bccfd62,7410,200,0,0.0,13.0,117858,1468,10461,24157,13804,54365,1.5
48fdbb0ee955fc542f9abe1df772f600a79bc09d,7409,200,0,0.0,13.0,117857,1468,10461,24157,13804,54365,1.5
0d2781ea506986f866539248452a97c490cede2b,7393,199,0,0.0,13.1,116961,1450,10373,24026,13604,54239,1.5
cae7c4cee89d2a11e957ae153eb9d5e567a0170a,7393,200,0,0.0,13.1,116961,1450,10373,24026,13604,54239,1.5
1e76aeeb8fd81537af4bc4b1e329fb6a7ee9c9aa,7392,200,0,0.0,13.1,116955,1450,10373,24025,13603,54237,1.5
74ff1b65299aa7fa7c16d500cef1e3c0bf9a0e97,7392,200,0,0.0,13.1,116955,1450,10373,24025,13603,54237,1.5
1420cb4b0992932d7a4666968d298dd7de1823cf,7389,200,0,0.0,13.1,116867,1450,10368,24000,13581,54231,1.5
50d4ddd2ce2582935615c9337c4c143ca4a0f64e,7390,199,0,0.0,13.1,116752,1449,10353,23981,13577,54232,1.5
ee2aaf3ad323b7060760a70160b9299fe9820b28,7392,198,0,0.0,13.2,116693,1448,10348,23979,13562,54251,1.5
9581e0f46685d973698700c0ae539c191b1e554b,7387,199,0,0.0,13.2,116669,1448,10341,23975,13559,54219,1.5
be965bfa0df549e46a3530e9b6bec5370b8bf12d,7388,199,0,0.0,13.2,116667,1448,10341,23975,13559,54229,1.5
209aecfca23753598021670ce15401b4370c220b,7384,197,0,0.0,13.2,116485,1445,10325,23943,13360,54218,1.6
d323724f0762336bbf458bb7319e71b0504a5732,7380,197,0,0.0,13.2,116454,1444,10320,23937,13356,54173,1.6
9495a7dbfab8c16eb6fdd33fe6acbef0271d113a,7351,197,0,0.0,13.2,116432,1444,10320,23937,13356,53986,1.5
d13e09aa3e7c9b0555e4e0e10c728aaece13d75b,7352,197,0,0.0,13.2,116431,1444,10320,23937,13356,53996,1.5
aabcbc3bb97c52889175e9e7659158932429e928,7352,197,0,0.0,13.2,116431,1444,10320,23937,13356,53996,1.5
933cacaa2368e518226d455c1d96ec55964caa75,7352,197,0,0.0,13.2,116421,1444,10320,23937,13356,53996,1.5
6a7717970fd3abde99651d405dc1fd75bedfac1c,7351,198,0,0.0,13.2,116421,1444,10320,23937,13356,53986,1.5
6adde7b68e264d12394f541f2a6e804ebe88436e,7349,198,0,0.0,13.2,116425,1444,10321,23938,13353,53976,1.5
c4a6211a5f414802b737797cfee8e4630e8805b3,7349,198,0,0.0,13.2,116425,1444,10321,23938,13353,53978,1.5
6d375614466f96ed3e18721c008e35e88a23a8dd,7349,198,0,0.0,13.2,116425,1444,10321,23938,13350,53978,1.5
5cf778a857ff14c29de7e6f2a8157126360bc52e,7348,196,0,0.0,13.2,116378,1443,10316,23932,13348,53978,1.5
e4d8014015f5dcfb6c008f3021f9b47f8b941375,7333,196,0,0.0,13.2,116274,1439,10308,23922,13345,53853,1.5
4e4dc4d5d1f75c18a6af11d7a8694b0dab020ab7,7327,196,0,0.0,13.2,116239,1438,10306,23919,13341,53826,1.5
dee60b27659bb5380c5295e3c551ca1d49469f54,7327,196,0,0.0,13.2,116276,1438,10308,23921,13296,53844,1.5
62fae0470c042625134698d6dfff3e69ad43c8c0,7327,196,0,0.0,13.2,116276,1438,10308,23921,13296,53844,1.5
9ef40ca6113030a81eb9fae102ed94d8166af858,7327,196,0,0.0,13.2,116276,1438,10308,23921,13296,53844,1.5
02bdd04cde1b336d34279cca7c0538e7094459fc,7327,196,0,0.0,13.2,116275,1438,10308,23921,13296,53844,1.5
4bc1097630a6a0b54071f517f924f8c0df18b16d,7327,196,0,0.0,13.2,116271,1438,10308,23919,13296,53842,1.5
8c1cf58902836f151fec7c676870fa585d48cb37,7327,196,0,0.0,13.2,116275,1438,10308,23921,13296,53844,1.5
4b5818f34e08baa0eec081ecdc6ffc8960df65e0,7327,196,0,0.0,13.2,116271,1438,10308,23919,13296,53842,1.5
88d64d5e3f8ae4023aba945d62d760fc588fcd95,7327,196,0,0.0,13.2,116271,1438,10308,23919,13296,53842,1.5
8aac289cecdf273912c6ec80385db10351a4899b,7328,196,0,0.0,13.2,116271,1438,10308,23919,13296,53847,1.5
5400dbf4b59f6e701d85bd90df7e296db50be6f1,7326,196,0,0.0,13.2,116272,1438,10308,23922,13296,53827,1.5
99331ff50bfa478a343b4c23976886fb4710273f,7326,196,0,0.0,13.2,116272,1438,10308,23922,13296,53827,1.5
de5dfbbfd14ccf6b1f898c9f8d6ec5802ee323b0,7326,196,0,0.0,13.2,116266,1438,10308,23922,13296,53827,1.5
6d47a70664a0f9f65e3478d995622536f4b8d026,7326,196,0,0.0,13.2,116266,1438,10308,23922,13296,53827,1.5
6cc5dc189a88c1f266002de763d8eabeae210572,7326,196,0,0.0,13.2,116258,1438,10308,23922,13296,53827,1.5
ed66afd9a38d80f839f0381fbd1dc1d3c068bc1c,7286,195,0,0.0,12.8,114898,1425,10137,23625,13103,53440,1.6
ab474263ffb2270dc359b07e8bfb3e2e8d092c1d,7285,194,0,0.0,12.8,114898,1425,10137,23624,13103,53427,1.5
56986646bed64d9c0e5c99bf0c1469263c686f29,7286,194,0,0.0,12.8,114896,1425,10137,23624,13102,53437,1.6
7d3601ba5e2a5af391127a7fcfe602aec4dd1b1b,7285,194,0,0.0,12.8,114896,1425,10137,23624,13102,53427,1.6
b3bd0aeb860726178b265e6bc62207551c1de10b,7287,195,0,0.0,12.8,114898,1425,10137,23624,13102,53442,1.6
4b9ec6c72f48ca077856ae338eb1e89e1a640180,7287,195,0,0.0,12.8,114898,1425,10137,23624,13102,53442,1.6
7a0731b0562b6e0930e1ec6e96e65133e78f6079,7287,195,0,0.0,12.8,114898,1425,10137,23624,13102,53442,1.6
2d274ec8a36ceb9a85a60fc838affc88e99f8371,7286,195,0,0.0,12.8,114899,1425,10137,23624,13102,53432,1.6
5526dd8d2e80741e311e5466fc24392b2421eb00,7208,195,0,0.0,12.9,114196,1408,10070,23537,13068,52622,1.5
c5c017dcba089d8b4c7e7e42b51cd2664194c138,7208,195,0,0.0,12.9,114196,1408,10070,23537,13068,52622,1.5
906aa82e72036e28ef5fb23b389626a180b6792e,7206,196,0,0.0,12.9,114182,1408,10069,23536,13068,52599,1.5
6baa3a8fa909aa7dda5ea355a132b147cec66eda,7206,196,0,0.0,12.9,114174,1408,10068,23535,13068,52599,1.5
777204ceb914b96bb5f874c0efeacd22abf827b4,7194,196,0,0.0,12.9,114022,1406,10064,23509,13065,52483,1.5
ac57d65a6d9b4c746c680d45298aa85435fa0f72,7194,196,0,0.0,12.9,114022,1406,10064,23509,13065,52483,1.5
da83e1ae1b97b4f6902f84ee360d0245c0ea08b2,7195,196,0,0.0,12.9,114013,1406,10063,23508,13065,52494,1.5
a96d8ebd58cd9476e0746053b379dc26d17d8dc5,7194,196,0,0.0,12.9,114013,1406,10063,23508,13065,52484,1.5
6c147d9648ccd24eb6664805f817301843250d0e,7194,196,0,0.0,12.9,114013,1406,10063,23508,13065,52484,1.5
a9b27a843588d61921e7f75182fa737a1402cf05,7194,196,0,0.0,12.9,114012,1406,10063,23508,13065,52484,1.5
1e4fd56c04a459052b2ca63ef4318aa40bfdb8b8,7194,196,0,0.0,12.9,114010,1406,10063,23507,13065,52484,1.5
33b213ba7e5e42ce2d0b2073154b00b97a68ab8d,7194,196,0,0.0,12.9,114010,1406,10063,23507,13065,52482,1.5
83f686b4d1f83ee3e0a854214e13eef6621b3e89,7195,196,0,0.0,12.9,114003,1406,10063,23506,13065,52484,1.5
e31cf8c3e95811465550271943b18acb778b0e9b,7193,196,0,0.0,12.9,113968,1406,10063,23503,13065,52464,1.5
93eabea26546cb2e60f1e4c7f978eb30315a89ea,7193,196,0,0.0,12.9,113899,1406,10063,23487,13065,52464,1.5
49af203aa20667a0568a19566c1e9892166435ae,7194,196,0,0.0,12.9,113899,1406,10063,23487,13065,52474,1.5
a40e498e966e6f87078442e88a0033c20df47855,7194,196,0,0.0,12.9,113898,1406,10063,23487,13065,52474,1.5
c5152df306a2811880722490ad311cdcde4a1a40,7194,197,0,0.0,12.9,113893,1406,10063,23488,13065,52455,1.5
ff32be7e7fa28d5db836c786b1a1eb21dc033f61,7199,197,0,0.0,12.9,113892,1406,10062,23495,13065,52478,1.5
3472e0bcc8c2c5a36630359fd89170fdae74d253,7199,197,0,0.0,12.9,113892,1406,10062,23495,13065,52478,1.5
0e25749c02c374e370c25ef9bdb5f2bbc6f3f6e6,7199,197,0,0.0,12.9,113892,1406,10062,23495,13065,52478,1.5
5befd6a5181756f0abec1c5fc4fd689436836664,7199,197,0,0.0,12.9,113892,1406,10062,23495,13065,52478,1.5
09189c531b0d6940e44a5fd5adec14363115a274,7199,197,0,0.0,12.9,113877,1406,10062,23495,13065,52478,1.5
1a5b233fe5dc2a1f6547c92b26050e6a9d4d6648,7198,197,0,0.0,12.9,113856,1405,10061,23493,13064,52461,1.5
aaba4f2319913910d8e40f10daee602de4fa2c46,7199,197,0,0.0,12.9,113872,1405,10061,23496,13063,52475,1.5
3d087dc4913002c21730596e94c52e9a3dc4d2c3,7192,197,0,0.0,12.9,113803,1405,10061,23484,13058,52453,1.5
14c8d88232c52fca5768d7b056c688def78f4208,7193,197,0,0.0,12.9,113803,1405,10061,23484,13058,52463,1.5
45040ca87f7c5e18a5f6073ebe9056911c46d478,7193,197,0,0.0,12.9,113805,1405,10061,23484,13058,52463,1.5
409354f1ada5ab17f40aaff483acc55eaa778812,7192,197,0,0.0,12.9,113805,1405,10061,23484,13058,52453,1.5
9cf27a36848c22fbfd00877449fbe0eaf53e040c,7194,197,0,0.0,12.9,113808,1405,10062,23485,13058,52460,1.5
ef4f27ae937202a18f0a35e767099f1b575d0feb,7196,197,0,0.0,12.9,113807,1405,10062,23484,13058,52470,1.5
d961a3e5e305e5147cb5bd837dbccd3b7dfde257,7197,196,0,0.0,12.9,113808,1405,10062,23484,13059,52475,1.5
565242a5ec89174119e101f804e21e8d9c1eb9a6,7195,196,0,0.0,12.9,113816,1405,10062,23482,13057,52407,1.5
67bf63a17c390d6c94af432e5fe528a95bc992ce,7195,196,0,0.0,12.9,113777,1405,10062,23482,13056,52417,1.5
a8a7a88e998f00ee2dfdde98403bf7cc5f3f0fe8,7196,196,0,0.0,12.9,113980,1411,10066,23487,13095,52427,1.5
e90594c47812360094beadc8fb7346c112f30186,7196,196,0,0.0,12.9,113980,1411,10066,23487,13095,52427,1.5
fa88345ed2c8d3f48462d51fc3aad7c96ea9108f,7197,196,0,0.0,12.9,114004,1411,10066,23487,13096,52427,1.5
2a399038198576e9c1621a712b7171045e7fc79a,7196,196,0,0.0,12.9,113980,1411,10066,23487,13095,52427,1.5
a0ba3955318de653979314917245f6c54be6a34c,7196,196,0,0.0,12.9,113979,1411,10066,23487,13095,52427,1.5
ef8beed2dda342be0b1f5da31e30ca7efeef8454,7196,196,0,0.0,12.9,113979,1411,10066,23487,13095,52427,1.5
3f5e2f9bed3f67e43ac3bdfb5c7bec9615c53427,7196,196,0,0.0,12.9,113973,1411,10066,23487,13095,52427,1.5
e762d392e61fe77105fd7001f71e3a06e7f921f1,7196,196,0,0.0,12.9,113964,1411,10066,23487,13095,52427,1.5
8f20e3a68efc350e3fbaa965e0a8e8a59fef1b3c,7197,196,0,0.0,12.9,114004,1411,10066,23487,13096,52427,1.5
44f23bc5b3597019a262ef973dc94bfea485dfe4,7197,196,0,0.0,12.9,114004,1411,10066,23487,13096,52427,1.5
3642c1cb3357b5f5fc6c8a3ff8f08755a7f6794a,7196,196,0,0.0,12.9,113965,1411,10066,23487,13095,52427,1.5
b6e30afbf41844a5bee4078e0f4c351a2226f598,7196,196,0,0.0,12.9,113952,1411,10066,23487,13095,52427,1.5
0735bcb4ab38be0534b6f8fefd27c0cec9002d27,7196,196,0,0.0,12.9,113952,1411,10066,23487,13095,52427,1.5
d27b45ecacace4999c92701791b72ce141e7b764,7196,196,0,0.0,12.9,113951,1411,10066,23487,13094,52427,1.5
ced2e175a1c3a1356676b016051e9458a6fe5e08,7196,196,0,0.0,12.9,113957,1411,10066,23487,13094,52427,1.5
2e658dd3e4784aa8404511e0a631a2cffd58545a,7195,196,0,0.0,12.9,113962,1411,10066,23488,13094,52426,1.5
d0e41e8733d0837653e5b2281f6d4b9f9508c2c1,7195,196,0,0.0,12.9,113962,1411,10066,23488,13094,52426,1.5
da05072e8f5b47d15df14a5b6b82e600c1c47ecf,7195,196,0,0.0,12.9,113962,1411,10066,23488,13094,52426,1.5
78f759b524a3afe898f9bfc938a0be34baa8ab38,7193,195,0,0.0,12.9,113938,1411,10065,23480,13084,52416,1.5
30babbf43cd4244bfa03bac58c06b872e47949c6,7193,195,0,0.0,12.9,113910,1411,10064,23469,13070,52424,1.5
50a81561a24a47f1db3504e4e6ece7dbaeda51fa,7181,195,0,0.0,12.9,113830,1411,10046,23447,13067,52324,1.5
6b8606fe568b2585ea000c7c720da85b42dc093f,7181,195,0,0.0,12.9,113830,1411,10046,23447,13067,52324,1.5
3ba50c171f7cafd22515083e16618d659dadc2ef,7181,195,0,0.0,12.9,113788,1411,10045,23440,13064,52322,1.5
e20139e35632790d1569c3551d661ac62d5e2704,7181,195,0,0.0,12.9,113788,1411,10045,23440,13064,52322,1.5
400eb1bed916abe5de40a2f230e2d18d3d43499b,7182,195,0,0.0,12.9,113788,1411,10045,23440,13065,52337,1.5
951aefea6c4e822d2f41d604991c477d60bf05c5,7178,195,0,0.0,12.9,113768,1411,10044,23435,13063,52322,1.5
6596bcf23901a1d43bdd5c7b6a31779fde88a44a,7179,195,0,0.0,12.9,113768,1411,10044,23435,13064,52337,1.5
745103ff35bf8fee2ebc7122a3befe2eceafafb4,7179,195,0,0.0,12.9,113768,1411,10044,23435,13064,52337,1.5
8a9392d58e6833cb5fe1f3318636dca3d77048d8,7179,195,0,0.0,12.9,113768,1411,10044,23435,13064,52337,1.5
b7c4e6e8311db954af33d8f8b46468b32342cc92,7179,195,0,0.0,12.9,113768,1411,10044,23435,13064,52337,1.5
92af21f48b59a72d2d807a88c1054cc8468f048f,7174,195,0,0.0,12.9,113732,1411,10043,23426,13060,52330,1.5
57c1d686ca53791bdfc5843020683e23564db1d3,7166,195,0,0.0,12.9,113574,1411,10040,23406,13052,52275,1.5
49bdca9132fe5ae0a16bd0494d300747ade935fb,7167,195,0,0.0,12.9,113572,1411,10040,23406,13051,52283,1.5
50edbb0d1cd905c1131b783992081d1681017105,7167,195,0,0.0,12.9,113569,1411,10039,23405,13051,52283,1.5
7c85e785b57d5d25707894d5874cbef9879e88cc,7167,195,0,0.0,12.9,113551,1410,10039,23405,13051,52283,1.5
17619dfa974457b00fe27cf68ae3f9d266709666,7167,195,0,0.0,12.9,113554,1410,10039,23405,13051,52283,1.5
5e5b9e670da1ef9954f7861adcd45360ad66e31e,7167,195,0,0.0,12.9,113540,1410,10039,23405,13051,52283,1.5
dc3f1b24c5762289fc0b45eeb9c3da6a8f455f9a,7299,196,0,0.0,12.8,113999,1410,10039,23405,12765,53573,1.6
2c0c079907bce7ab995d13957866e1fd2cb01bbb,7299,196,0,0.0,12.8,113999,1410,10039,23405,12765,53573,1.6
5d16d53f8c5a646d95f0102d4db00a4a09ee9f9a,7299,196,0,0.0,12.8,113999,1410,10039,23405,12765,53573,1.6
a2fbe63fc283ef35b1ea72f192f914330b38e1c1,7299,196,0,0.0,12.8,113999,1410,10039,23405,12765,53573,1.6
f6515ea1299bc407402dc07fce65cf4245c44ef4,7298,196,0,0.0,12.8,113973,1408,10037,23403,12751,53563,1.6
3945b83956debcf2127606ef6d88a6d29a080094,7298,196,0,0.0,12.8,113973,1408,10037,23403,12751,53563,1.6
80113d215ba4d842bd5906cf71ed05ef36f1ff80,7298,196,0,0.0,12.8,113973,1408,10037,23403,12751,53563,1.6
d43951530407ab36b1c9ade499a0a0eb3e715fa8,7298,196,0,0.0,12.8,113976,1408,10037,23403,12751,53563,1.6
7055ad374cf4f9b43c696c6c2611b5e53aec9a78,7298,196,0,0.0,12.8,113976,1408,10037,23403,12751,53563,1.6
c698c7ab9d28fb105bb480f65f8172c7b4c2a34b,7298,196,0,0.0,12.8,113976,1408,10037,23403,12751,53563,1.6
fc3252ad191f0ffd9f0d56da89cdef67de412191,7298,196,0,0.0,12.8,113976,1408,10037,23403,12751,53563,1.6
27917f2e86bbd97ee047d69817730a57bdf5ad6b,7298,196,0,0.0,12.8,113976,1408,10037,23403,12751,53563,1.6
c60a823cf727c00bdb5ca92b9a36c36e0bc62db5,7298,196,0,0.0,12.8,113976,1408,10037,23403,12751,53563,1.6
e3c0b0d17816b8bd397959243353236b1a6ac507,7297,196,0,0.0,12.9,113981,1408,10035,23404,12752,53568,1.6
7115f2fe96f604586e4224fbcb77e62482090924,7297,196,0,0.0,12.9,113981,1408,10035,23404,12752,53568,1.6
d24e0016649893ceba9c083a5e1edeccc279c545,7297,196,0,0.0,12.9,113981,1408,10035,23404,12752,53568,1.6
2c4dc6c8796e12866c07dc358e3247e77ea8fc4e,7297,196,0,0.0,12.9,113981,1408,10035,23404,12752,53568,1.6
6b9452afb330194279e1998bc03a1159895c89e9,7297,196,0,0.0,12.9,113981,1408,10035,23404,12752,53568,1.6
66139d567eef8198101368b5d8ea37458767cae4,7297,196,0,0.0,12.9,113981,1408,10035,23403,12752,53568,1.6
47e582e6edd292ee6586bab398f628ac8823e7ac,7297,196,0,0.0,12.9,113981,1408,10035,23402,12752,53568,1.6
6589f5e56afcec617f89c22510bbafabae1629e3,7295,196,0,0.0,12.9,113976,1408,10034,23401,12752,53551,1.6
63cd838a387448a598380efc610f2b14e74cc3d9,7296,196,0,0.0,12.9,113976,1408,10034,23401,12752,53561,1.6
0d9c1cbeea4e839a9b05e1afc87aa45a4b41e0f7,7294,197,0,0.0,12.9,113975,1408,10033,23405,12752,53546,1.6
45cd6720ead30a1226af2b5fe552759ee795e767,7295,197,0,0.0,12.9,113975,1408,10033,23405,12752,53556,1.6
58b51cd69fdf6573010f01eda0a4f2f6ad057f32,7294,197,0,0.0,12.9,113975,1408,10033,23405,12752,53546,1.6
2c266b8c416757cf16f170d103f8ea23e50fd630,7295,197,0,0.0,12.9,113975,1408,10033,23405,12752,53551,1.6
398db21fdd2527fe076155a379a2d2f16cddc276,7294,198,0,0.0,12.9,113975,1408,10033,23405,12752,53546,1.6
4b87db938986ac7037093af6685ab3f5cf2e34ce,7294,198,0,0.0,12.9,113975,1408,10033,23405,12752,53546,1.6
31b72fb1a35ab302ba58999312bbb9ccce851e25,7294,198,0,0.0,12.9,113987,1408,10033,23405,12752,53546,1.6
677d7127a093da43914b547212dbf88ba437aa57,7295,198,0,0.0,12.9,113987,1408,10033,23405,12752,53556,1.6
d423cf68fac9004d44d39542a001855d38fecf5f,7294,198,0,0.0,12.9,113987,1408,10033,23405,12752,53546,1.6
3a75e4dbadabebeac1cb8f526af7d8d5eb418547,7294,198,0,0.0,12.9,113987,1408,10033,23405,12752,53546,1.6
9c604968c4700bb3146f66e3a917bc50738e2c0b,7294,198,0,0.0,12.9,113987,1408,10033,23405,12752,53546,1.6
8c8834dadc5fcc4ad79eb0d5ad5af1a38fbdac12,7295,198,0,0.0,12.9,113987,1408,10033,23405,12752,53556,1.6
b8b16fa4604e55487f2a42e5567a33df28abb554,7294,198,0,0.0,12.9,113987,1408,10033,23403,12752,53546,1.6
6bab63733143479afa2a37cd2b356532ce050786,7295,198,0,0.0,12.9,113977,1408,10033,23403,12752,53556,1.6
af80dc5f68b8ea99cadc684bed50b85ccf22e451,7294,198,0,0.0,12.9,113975,1408,10033,23402,12751,53546,1.6
d75ea74faa596fb1be484155e447a6a026014e24,7292,202,0,0.0,12.9,113983,1408,10033,23400,12749,53662,1.6
fd805181b566f6149e807f75b2b2c5b3b678041a,7291,202,0,0.0,12.9,113983,1408,10033,23400,12749,53652,1.6
7101560c84596b9f028400d2079cb40776bd34d4,7292,202,0,0.0,12.9,113982,1408,10033,23400,12750,53657,1.6
3489efc6a0d0b8f6987b27b0df6118e584066a48,7293,202,0,0.0,12.9,113982,1408,10033,23400,12750,53667,1.6
51de11b4455abbaabad8a78dbb28558149ff760b,7292,202,0,0.0,12.9,113982,1408,10033,23400,12750,53657,1.6
88aadf92434f3ccb0d23fad0e7a59903361538b4,7292,202,0,0.0,12.9,113982,1408,10033,23400,12750,53657,1.6
c48015f9fc85ed774057655ff200c84409f15d6f,7293,202,0,0.0,12.9,113982,1408,10033,23400,12750,53667,1.6
07d3b305766691e75bb4e00b51dc03540853f3d9,7293,202,0,0.0,12.9,113973,1408,10033,23400,12750,53667,1.6
405003ac67d3530cc7318e2c64cd97edf4d36660,7293,202,0,0.0,12.9,113973,1408,10033,23400,12750,53667,1.6
b7bb99449565ac7ca55c1d7377ec3177f3fd9993,7293,202,0,0.0,12.9,113947,1408,10029,23395,12751,53658,1.6
ba387a902bb87b4451cc2ed513d2a5098912f12d,7292,202,0,0.0,12.9,113947,1408,10029,23395,12751,53648,1.6
a9702a55b15a98c79cacb731ce611b2010631ca6,7292,202,0,0.0,12.9,113947,1408,10029,23395,12751,53648,1.6
89711661d3ca46f78791dc2186c4d8b65ec212c7,7292,202,0,0.0,12.9,113947,1408,10029,23395,12751,53648,1.6
cc71cd36f6acecaff5b7c92fbb617ad5b83d70a6,7292,202,0,0.0,12.9,113947,1408,10029,23395,12751,53648,1.6
2d19ea5855eb51c8d186a52c2a14a0932ad1fc46,7293,202,0,0.0,12.9,113947,1408,10029,23395,12751,53658,1.6
976fb0f65efbb321f09d8dfa75a534cc30763d4e,7294,202,0,0.0,12.9,113985,1408,10029,23395,12756,53663,1.6
8ad5f78af199d3094c693feee436e70b649e7f7d,7295,202,0,0.0,12.9,114091,1408,10029,23395,12756,53668,1.6
8cc1164f65463f5d8e1a01b00694637794e2cd7e,6248,192,0,0.0,13.5,103054,1331,9228,19656,11258,46797,1.5
227557c985b08201c58c01344af50cca22800898,7295,202,0,0.0,12.9,114091,1408,10029,23395,12756,53668,1.6
977bd905c306d3ce08994eec616b391432275d4d,7295,202,0,0.0,12.9,114091,1408,10029,23395,12756,53668,1.6
17becc2d6676be84b01c0d15a81c5f33f85d21d6,7295,202,0,0.0,12.9,114091,1408,10029,23395,12756,53668,1.6
a578cb7b9a3a393c870123f3fea42ff4f18f0090,6248,192,0,0.0,13.5,103054,1331,9228,19656,11258,46797,1.5
50c7e584e4fcc4488cd78bec736aac7fce431e04,6247,192,0,0.0,13.5,103054,1331,9228,19656,11258,46787,1.5
041a94348c205bee132ba291707b32818075bdb5,6248,192,0,0.0,13.5,103054,1331,9228,19656,11258,46797,1.5
bd76ba04e2faeac79a36e88f600a311a2324b491,6248,192,0,0.0,13.5,103054,1331,9228,19656,11258,46797,1.5
db0b7e09827e3616f8b03dd6ba713e941018100c,6248,192,0,0.0,13.5,103054,1331,9228,19656,11258,46797,1.5
fcb1ca6ace7e317fc8c7d58768ceab723c7ba47d,6248,192,0,0.0,13.5,103054,1331,9228,19656,11258,46797,1.5
9109e9183349884018abd15e5d15b4d5b70c8190,6247,192,0,0.0,13.5,103054,1331,9228,19656,11258,46787,1.5
8bdeb544c199f752fc9c8700eef48675230603e9,6249,192,0,0.0,13.5,103058,1331,9228,19656,11259,46817,1.5
5ad73574bdf0f4bbf38ce151a521b3368be48256,6249,192,0,0.0,13.5,103058,1331,9228,19656,11259,46817,1.5
105a0c7d11d6e96f6ba692751b805a4a522dbd32,6249,192,0,0.0,13.5,103056,1331,9228,19656,11259,46817,1.5
7ddef5ab61dfb868e9d0c683b44f2effaca24df0,6249,192,0,0.0,13.5,103056,1331,9228,19656,11259,46817,1.5
e4dea029546efe9e7a6184ad528560e62303ce02,6249,192,0,0.0,13.5,103052,1331,9227,19655,11259,46817,1.5
841f6c2612d049ac0aa8bcbb6a00dad8d77a6fca,6249,192,0,0.0,13.5,103040,1331,9226,19653,11259,46817,1.5
a4140d2aa8cf7f6396a06d6cbb39c914efbaa6d0,6249,192,0,0.0,13.5,103040,1331,9226,19653,11259,46817,1.5
935fe309267dab0b555d7308263f59fe88222434,6249,192,0,0.0,13.5,103040,1331,9226,19653,11259,46817,1.5
6ebd62462cfa5980739e68c7c4790f163f16e11d,6248,192,0,0.0,13.5,103038,1331,9226,19653,11259,46807,1.5
95528332b51381aaa90d6e44fad384ec3cb697b7,6248,192,0,0.0,13.5,103033,1331,9226,19653,11259,46807,1.5
3416402ab5734e120489718b0a873c32125ef38c,6239,191,0,0.0,13.5,102848,1327,9206,19622,11238,46745,1.5
b90c3b393ab7f57e371383da83ccbc49fe2cde02,6249,191,0,0.0,13.5,103032,1331,9226,19653,11258,46817,1.5
e3f8af756d3de9e5ed00c453e804cec548a33571,6244,191,0,0.0,13.5,102957,1329,9212,19638,11256,46779,1.5
e8970a0e7421f1166847b69a06ba094971ddce10,6244,191,0,0.0,13.5,102957,1329,9212,19638,11256,46779,1.5
3dccbc6f5b53bf666ede8a2c7afe1efe93e0922e,6245,191,0,0.0,13.5,102945,1329,9212,19636,11256,46789,1.5
f489972d43a44aa5dc3edf1c5d4f0c1c38ec05de,6245,191,0,0.0,13.5,102914,1327,9210,19634,11238,46789,1.5
4f8ed015f9919be2f102218225b602fde99d3113,6243,191,0,0.0,13.5,102874,1327,9207,19627,11238,46776,1.5
645152af6f574ebc053becb4e11d1a946fa7899c,6241,191,0,0.0,13.5,102852,1327,9206,19624,11238,46762,1.5
0e3b0073886c46c6899302b1927054c052900889,6239,191,0,0.0,13.5,102846,1327,9206,19622,11238,46745,1.5
737dc2446822faf5c16c4baf4827de4885c4c96b,6229,191,0,0.0,13.5,102678,1327,9200,19599,11238,46663,1.5
570a0622116488ca814b831ce845de0040f79713,6224,191,0,0.0,13.5,102552,1326,9186,19585,11237,46651,1.5
efcb0f3b32366a32ede235219bec528a54db5f1a,6225,191,0,0.0,13.5,102525,1326,9182,19573,11237,46661,1.5
5a98aa2e6710b8f6c4cacd023751abb75e539236,6167,191,0,0.0,13.6,101737,1322,9129,19392,11214,46045,1.5
2fb8bd5f0126ce9a21741a45619a9065433bc949,6168,191,0,0.0,13.6,101712,1321,9129,19392,11201,46055,1.5
9754b4decad728056268414ad9cd6fd50014ce00,6167,191,0,0.0,13.6,101713,1321,9129,19392,11201,46045,1.5
00a1d3045fdeb812902131e7179bbf2a40917cd6,6168,191,0,0.0,13.6,101713,1321,9129,19391,11201,46055,1.5
ae562840557bae790e56c1d6d2a82a4ba055790a,6168,191,0,0.0,13.6,101676,1320,9127,19389,11200,46055,1.5
955a1a77fee69e66538cd10873c416704d8d0d9a,6168,191,0,0.0,13.6,101676,1320,9127,19389,11200,46055,1.5
5ed0e9fa90f1be28f4fdc6a0ed57f38232fbe023,6131,189,0,0.0,13.0,101018,1317,9088,19230,11155,45672,1.5
8c17025b96f715412459ae7124fc1f8054c10119,6137,188,0,0.0,13.0,100125,1311,9020,19103,11138,45704,1.5
c48b87e83585b0a90e648a0857ab531756186733,6127,188,0,0.0,13.2,98769,1296,8732,18795,10531,45618,1.5
228338e64dbeca50e8fe13940b5d0e8af89c51e0,6125,188,0,0.0,13.3,98701,1295,8716,18777,10530,45608,1.5
5aaa11bfa032e812de646448bca1c4624059c5ab,6125,188,0,0.0,13.3,98701,1295,8716,18777,10530,45608,1.5
95f22d0a4f0c00d5e6f0964319cd62b7c5b03a0c,6125,188,0,0.0,13.3,98701,1295,8716,18777,10528,45608,1.5
28f39a606bd0f3498bcd2b071504a41c5dcda746,6125,188,0,0.0,13.3,98699,1295,8716,18777,10528,45608,1.5
4ecaddfd6bf22168f4c3e37bdc53a6ab24b17629,6125,188,0,0.0,13.3,98699,1295,8716,18777,10528,45608,1.5
1ad013314719b74018e434cd87b5a9f855c09dc4,6124,188,0,0.0,13.3,98699,1295,8716,18777,10528,45598,1.5
b25f1dc780bf8dfc2f10acc231f8230a4938c565,6118,188,0,0.0,13.3,98652,1294,8704,18765,10527,45569,1.5
e17270222f9840f330ce37a98260aff4cf2136c1,6118,188,0,0.0,13.3,98652,1294,8704,18765,10527,45569,1.5
3f8e47f43c2656ace28165cde8a4d64013922643,6118,188,0,0.0,13.3,98526,1293,8688,18719,10526,45569,1.5
80861908594d9cd8a5ad0e782d591be70f2979a7,6118,188,0,0.0,13.3,98524,1293,8688,18719,10526,45569,1.5
650fb228f2f91df8172d08263884994fe3dcd2f9,6116,188,0,0.0,13.3,98487,1290,8684,18716,10523,45559,1.5
546f87f96e0a7a83032ab04273cd39f0cfb08cb3,6113,188,0,0.0,13.3,98334,1280,8674,18704,10509,45539,1.5
2823abb82c0e4edb8bf5f2d581b27545ccf249dc,6112,188,0,0.0,13.3,98327,1280,8674,18703,10509,45531,1.5
dfdde1a6bf906415dda6c46ae860d168efe45401,6112,188,0,0.0,13.3,98327,1280,8674,18703,10509,45531,1.5
4a221d92b1154b9daf28a96035d4e6097dd9ad72,6112,188,0,0.0,13.3,98319,1279,8673,18703,10508,45531,1.5
f9485dee334eb2b4432c0e4acb2035aca1355d6f,6112,188,0,0.0,13.3,98319,1279,8673,18703,10508,45531,1.5
3ecc37b0d11304f7b741e91fcb29f62ff9f253a6,6112,188,0,0.0,13.3,98317,1279,8673,18702,10508,45531,1.5
1b7bbae15c4e225a93b2cfee4fb98263fdb4271f,6113,188,0,0.0,13.3,98295,1279,8671,18698,10508,45536,1.5
d613f42116a9d0595a7972fcf5e6a67c3011503a,6114,188,0,0.0,13.3,98311,1279,8671,18698,10510,45544,1.5
4ac044f13eaa9709d956bd5023ce779b7bf3cf24,6112,188,0,0.0,13.3,98295,1279,8671,18698,10508,45531,1.5
f2e74a9cb8490b6037d24f62195d1cef92f383c1,6113,188,0,0.0,13.3,98284,1279,8671,18695,10508,45541,1.5
63907bc7cca5608d082dace082a1c80bb5fa55ed,6113,188,0,0.0,13.3,98311,1279,8671,18698,10510,45539,1.5
e41a5687925092879f24ee8da644b63c456624c3,6114,188,0,0.0,13.3,98300,1279,8671,18695,10510,45549,1.5
5ca8687cf4d64e14ac8d870c04998aa903773134,6112,188,0,0.0,13.3,98299,1279,8671,18695,10510,45531,1.5
772ce39e2c418e9f7ced1ad44d7015c0feeeec49,6113,188,0,0.0,13.3,98299,1279,8671,18695,10510,45541,1.5
2096288912e29e0225865943afdfb97a14da1c00,6113,188,0,0.0,13.3,98299,1279,8671,18695,10510,45541,1.5
2060ed880e0d1f380fbf89d39f7c48f153ff71db,6112,188,0,0.0,13.3,98276,1279,8670,18694,10510,45533,1.5
1caa706bbbbec5f041cf756b9f0cf38935b3cfe2,6111,188,0,0.0,13.3,98260,1279,8670,18694,10508,45523,1.5
0acac3f4015823f5ea6236cdf43b73c424f6a5a4,6112,188,0,0.0,13.3,98256,1279,8670,18692,10508,45525,1.5
c43682609625f6702e70a2512a770bc623dfd89b,6112,188,0,0.0,13.3,98254,1279,8670,18689,10508,45525,1.5
925bc13ddeb3d4a75b2170b2a4987da694095c9d,6111,188,0,0.0,13.3,98256,1279,8670,18692,10508,45515,1.5
ae19c902ba30a468ff4dbc75b0fa38e146831602,6112,188,0,0.0,13.3,98254,1279,8670,18689,10508,45525,1.5
b0ed9c3d446236b919bfe4adce6e09c20deffe25,6111,188,0,0.0,13.3,98252,1279,8670,18689,10507,45515,1.5
a55c10d7c5a819c80f4252299ea49dd20feeeb47,6111,188,0,0.0,13.3,98252,1279,8670,18689,10507,45515,1.5
ce33f45036e461869f773992ac017c11df6b99a6,6111,188,0,0.0,13.3,98252,1279,8670,18689,10507,45515,1.5
85310c7d674e0f0f0951c9a605e6dda37d7c262e,6112,188,0,0.0,13.3,98245,1279,8670,18688,10507,45517,1.5
873e8e01bf2ccaed607ed580de99658d7aace443,6112,188,0,0.0,13.3,98245,1279,8670,18688,10507,45517,1.5
14ec569de9ecf1a837b124c349aa80bdb83c900d,6111,188,0,0.0,13.3,98264,1279,8670,18688,10486,45512,1.5
90aebf0f972e1db5f32e5c23f049f2849e00eae7,6101,188,0,0.0,13.3,98188,1276,8661,18680,10463,45436,1.5
e3a4dfd1bbe5dc9bd47b5ac9b6134b5dbbfe8514,6100,188,0,0.0,13.3,98188,1276,8661,18680,10463,45426,1.5
f1ef1e0461ef2904dc87ad235c553eb970b8de2c,6101,188,0,0.0,13.3,98188,1276,8661,18680,10463,45436,1.5
d103c22661480307535c8f8db78519d9e3293fbf,6101,188,0,0.0,13.3,98186,1276,8661,18680,10463,45436,1.5
429c0e86f505e2fbc64d7be017d3ce22950ba41c,6098,188,0,0.0,13.3,98176,1276,8659,18678,10459,45406,1.5
5477388ff3175d3ceaacfbb1a3e6f70d2445783b,6100,188,0,0.0,13.3,98177,1276,8659,18678,10460,45419,1.5
8711f9581ab835e75fa89d369e02b815f71487cf,6101,188,0,0.0,13.3,98177,1276,8659,18678,10460,45429,1.5
693c2d09e0f5dc65a6420fb673567a47c3b24855,6094,188,0,0.0,13.3,98158,1276,8657,18676,10455,45376,1.5
2a1fb35598b089da66b257c350b0f0f2749182ed,6094,188,0,0.0,13.3,98158,1276,8657,18676,10453,45376,1.5
12c5c855b2e6d5dde3c77d07a44cb04f5ba22e4d,6090,188,0,0.0,13.3,98126,1276,8654,18673,10453,45369,1.5
ee4710d5be58e0938f1082e7b9f4e0a5f185ce28,6089,188,0,0.0,13.4,98126,1276,8654,18673,10453,45359,1.5
4793ef2d9b9f6cf40cac5164b33f84fb7ac2d0d4,6090,188,0,0.0,13.4,98125,1276,8654,18673,10453,45369,1.5
220aa6d289a23f97b955242bc7b34e9f977689fc,6089,188,0,0.0,13.4,98125,1276,8654,18673,10453,45359,1.5
788f373183523f1ef6bcf53127accef20d42f1cd,6095,188,0,0.0,13.3,98089,1275,8655,18674,10457,45402,1.5
0cdf517bdc4aa39f610dd28b76fe0678a10383f3,6092,188,0,0.0,13.3,98088,1275,8655,18674,10457,45389,1.5
4838587791caefbaf6b96f389229265b2dfa4204,6092,188,0,0.0,13.3,98088,1275,8655,18674,10456,45389,1.5
1ba66ceeaa54593c66622b6bb62869c1cb2e9d35,6090,188,0,0.0,13.4,98070,1275,8653,18672,10452,45369,1.5
e43363ed850ca552ca0dbb46113816701b0ccb32,6089,188,0,0.0,13.4,98056,1275,8653,18671,10452,45349,1.5
1a91825f664b16005a725cc05c3b748c05d4df7f,6087,188,0,0.0,13.4,97968,1274,8640,18653,10451,45349,1.5
b2be1f6ed283cff60e10073040422a5fd662a25c,6085,188,0,0.0,13.4,97954,1274,8640,18652,10451,45319,1.5
fdbf715757638d7d1a73855eb133700d13ba9ed9,6086,188,0,0.0,13.4,97954,1274,8640,18652,10451,45329,1.5
8ccb6ebd7e830e3a5a7fe4077c9004f1dbf1971a,6086,187,0,0.0,13.4,97951,1274,8639,18651,10450,45377,1.5
9958282387ce21db0c0e6dbfb598ed4be66965f2,6095,188,0,0.0,13.4,97947,1274,8639,18651,10450,45417,1.5
40f6aa62630860298304f10954f28eaa66ea21ef,6095,188,0,0.0,13.4,97946,1274,8639,18651,10450,45417,1.5
aad25bdefd32ce445b2fa084fadde0ae935b6868,6095,188,0,0.0,13.4,97938,1274,8638,18649,10450,45417,1.5
23c53cffe4f967bb2845e52fb767fef8720c94a4,6095,188,0,0.0,13.4,97946,1274,8639,18651,10450,45417,1.5
6b7c1f7861f06853a9b31c61222835af31cac509,6095,188,0,0.0,13.4,97946,1274,8639,18651,10450,45417,1.5
a6c15225678bb44fc818dce57ad19b01274bb59d,6095,188,0,0.0,13.4,97938,1274,8638,18649,10450,45417,1.5
967d11a19bd4804b71cead59b3d327b392bd9a51,6096,188,0,0.0,13.4,97938,1274,8638,18649,10450,45427,1.5
d6c71dace0c51141a3a9666127a1f67d87c05330,6095,188,0,0.0,13.4,97938,1274,8638,18649,10450,45417,1.5
eb141e6bb726abe5e36ffc0ff5bceb89ca7bae99,6095,188,0,0.0,13.4,97938,1274,8638,18649,10450,45417,1.5
aa791b214c49ed38ff953ac31451b81215b986b8,6096,188,0,0.0,13.4,97938,1274,8638,18649,10450,45427,1.5
c7ef18b9c4bfbb2065bd1344375d5490130032f6,6096,188,0,0.0,13.4,97930,1274,8638,18649,10450,45427,1.5
64cf197c2925b92ae7675735daa8840ac8f85129,6090,188,0,0.0,13.4,97858,1274,8634,18642,10450,45413,1.5
149ce4e0481c36eeeec02cdd75fe13babc21a9f9,6095,188,0,0.0,13.4,97928,1274,8638,18648,10450,45419,1.5
4d56123005a882bf7d0322b20a796ee225506e24,6093,188,0,0.0,13.4,97885,1274,8637,18644,10450,45417,1.5
f8cb608c1eb242544be640f3ae994391729b2175,6088,188,0,0.0,13.4,97856,1274,8634,18641,10450,45395,1.5
bdf15583176e620e92b443e0e8f9380bb514b113,6088,188,0,0.0,13.4,97856,1274,8634,18641,10450,45395,1.5
36dcd399e0eb340a696fd2cbdc9db67ad13403d8,6088,188,0,0.0,13.4,97856,1274,8634,18641,10450,45395,1.5
f4f11304ddd613a5c58770426072c4ecfbbc23ef,6088,188,0,0.0,13.4,97517,1274,8634,18641,10437,45395,1.6
2502142dc489972d39822d8747cb58fcf27bd6ec,6089,188,0,0.0,13.4,97517,1274,8634,18641,10437,45405,1.6
e539b1eb1ee21855cd0d23988f1e2241b40e1403,6088,188,0,0.0,13.4,97517,1274,8634,18641,10437,45395,1.6
ccba3c81e25e9554dbeedd199c3c9826f52cece4,6088,188,0,0.0,13.4,97517,1273,8634,18641,10437,45395,1.6
671b00948eab19aed6bc146280d9bb5c8a933eae,6087,188,0,0.0,13.4,97523,1273,8634,18643,10433,45392,1.6
7c33f8728a38f606fe962dc64faeed2455392305,6087,188,0,0.0,13.4,97523,1273,8634,18643,10433,45392,1.6
0cde2b3a3d0a1d4f28a6642557ece15a9fe60a48,6086,188,0,0.0,13.4,97514,1273,8634,18640,10433,45380,1.6
6e75051f34b3a132519c3926b29a561397c09dcd,6086,188,0,0.0,13.4,97515,1273,8634,18640,10433,45380,1.6
5fbd2bd9bddaccf78738b13f68c83ea8f2be7832,6087,188,0,0.0,13.4,97510,1273,8634,18640,10433,45390,1.6
96c3193f1cf0b4687ef13be81b99b5ed99b7c455,6086,188,0,0.0,13.4,97511,1273,8634,18640,10433,45380,1.6
9fc3351c43119f0c141ee9e960ef068df61c2bce,6086,188,0,0.0,13.4,97511,1273,8634,18640,10433,45380,1.6
f6a739e492d368ab06d4c59d13b084c2111bd6ad,6087,188,0,0.0,13.4,97510,1273,8634,18640,10433,45385,1.6
d01ebced288cb5651d3a1ade47848acc17a3cd69,6081,187,0,0.0,13.4,97473,1273,8630,18636,10433,45327,1.6
08eaf3e1d0101a349510a808b7f50aa5114750f4,6081,187,0,0.0,13.4,97492,1273,8630,18636,10433,45327,1.5
8869b8034a00c0cdf16c809f9d0e179632a6c583,6061,188,0,0.0,13.4,97415,1272,8623,18626,10421,45166,1.5
b89577cd55e4b33dc200535aeeeec983b3f8301b,6065,188,0,0.0,13.4,97440,1272,8625,18630,10424,45208,1.5
560386d712b786797e483d510d0b235669792db3,6065,188,0,0.0,13.4,97448,1272,8625,18633,10426,45206,1.5
cdd96fbd0924adeac35b13315d286e724278381d,6066,188,0,0.0,13.4,97444,1272,8625,18631,10426,45216,1.5
8b7ccfb2b7dfe09f0df89d45be541a4740f0bdca,6064,188,0,0.0,13.4,97414,1272,8623,18624,10421,45198,1.5
418a525ef193db22b230ea908371f32bf8845d16,6065,187,0,0.0,13.4,97402,1272,8623,18618,10418,45208,1.5
7fce13def60b18b138e6be5b583513ab4c9fabcf,6062,187,0,0.0,13.4,97395,1272,8623,18616,10418,45176,1.5
62550103e834574cf427049862fb8605b7325c68,6061,187,0,0.0,13.4,97393,1272,8622,18617,10417,45171,1.5
a893c6bc205f7739e40670d4dcc5b9833aeac354,6060,187,0,0.0,13.4,97389,1272,8622,18615,10417,45161,1.5
02f81889970642f1afbc8e40e7a142bba6552298,6060,187,0,0.0,13.4,97389,1272,8622,18615,10417,45161,1.5
ef9608c0c756fcffe331dfea5d75b87a892686ad,6062,187,0,0.0,13.4,97378,1271,8621,18614,10416,45186,1.5
cabac6be4f0e454504a065da79f70cd24bb17d33,6061,188,0,0.0,13.5,97372,1271,8621,18611,10415,45181,1.5
a12141112954ce0d16245fe92d1fe277ef2b011c,6057,187,0,0.0,13.4,97371,1270,8621,18613,10416,45146,1.5
254b7e331b41505dcf42897dd9f2d062c53b4fc3,6057,187,0,0.0,13.4,97371,1270,8621,18613,10416,45146,1.5
755b9c4d8e4600890e70f3ff65df1f1adcd8802f,6059,188,0,0.0,13.5,97365,1270,8620,18611,10413,45171,1.5
0f81f44943d13c2b5630017c72362282f328ef35,6053,188,0,0.0,13.5,97283,1261,8626,18619,10390,45165,1.5
786271cc139ba223b4e184970bbff29dd94efde5,6055,189,0,0.0,13.5,97283,1261,8626,18619,10390,45175,1.5
c33be998ed9486a7cec18b20b220eff44a8b975c,6056,188,0,0.0,13.5,97365,1270,8621,18610,10415,45141,1.5
6236f4cf6eb54865dad4e6a7102c9d86e694882a,6053,188,0,0.0,13.5,97364,1270,8625,18613,10409,45115,1.5
4f4d5fd2299be6c748e5c5e1203cc8b7ea176d73,6053,188,0,0.0,13.5,97368,1270,8625,18615,10409,45115,1.5
c494110b5f2c6636369aff51db717b08bb065e70,6051,189,0,0.0,13.5,97296,1266,8617,18608,10405,45092,1.5
6d981357d2f8845e3e213022e399b3c9d1080e78,6055,188,0,0.0,13.5,97350,1266,8622,18618,10409,45144,1.5
edf55239d2da4f7400411da2221adf84ad25599d,6058,189,0,0.0,13.5,97334,1261,8631,18627,10393,45224,1.5
ba9a64b443d80d46208ff353d3ca92b7e3354318,6052,189,0,0.0,13.5,97277,1261,8626,18616,10389,45160,1.5
ff35776db0e4275cc0c8723b9c93d1b3e01043f6,6049,188,0,0.0,13.5,97227,1260,8621,18607,10380,45140,1.5
ed3a3b3ff1dafe77cc825b2a692b9780f7c6f0dc,6049,188,0,0.0,13.5,97227,1260,8621,18607,10380,45140,1.5
5d39df0087414fe5971933634bdd3239c9ef4beb,6051,188,0,0.0,13.5,97224,1260,8621,18607,10380,45180,1.5
d77507d9227fba10dbfc1afa09c43554ad1c2abe,6058,189,0,0.0,13.5,97331,1261,8631,18626,10393,45224,1.5
51f83f0ab3243f7e53250f26f2bbbfb35f60046c,6058,189,0,0.0,13.5,97329,1261,8631,18626,10393,45224,1.5
591f49e83d41ef586e01c8120cef780742a5cf82,6058,189,0,0.0,13.5,97315,1261,8629,18624,10393,45224,1.5
d9562c65ee2069bc0ae8e767d9b74e2e9e7ac13f,6055,188,0,0.0,13.5,97281,1260,8626,18617,10384,45204,1.5
c2c3441c7541cdf0fff0bb867cb28b453bf18027,6054,188,0,0.0,13.5,97279,1260,8626,18617,10384,45194,1.5
9c1b50842e8ff679a73a9a46555a18b439fd937a,6055,187,0,0.0,13.5,97285,1260,8627,18619,10378,45204,1.5
3055754b36f0571229436ec033399d4ef8ad470b,6054,188,0,0.0,13.5,97267,1260,8624,18615,10384,45194,1.5
01c6f698ed8c95f9b4d4d89813da38e69891614f,6055,188,0,0.0,13.5,97267,1260,8624,18614,10384,45204,1.5
89237e484f46e992810df498805c80776dd9edea,6054,188,0,0.0,13.5,97273,1260,8625,18616,10378,45194,1.5
f00f91af47ae2ccb81ac9c0ba8bdd8c2cab2f2ce,6054,187,0,0.0,13.5,97273,1260,8625,18617,10378,45194,1.5
204441ef2bb17c077832494de089c23424f23f4c,6055,187,0,0.0,13.5,97270,1260,8625,18617,10349,45204,1.5
e6bdff91f21f9bfd3f4f58b75a9bcc642e17da87,6054,187,0,0.0,13.5,97273,1260,8625,18616,10378,45194,1.5
067b38966e15909ebbc2ded92f8d372aca265f33,6054,187,0,0.0,13.5,97273,1260,8625,18616,10362,45194,1.5
2b774739d769157c1793bd1bdca9d30dedd231e2,6054,187,0,0.0,13.5,97263,1260,8625,18615,10362,45194,1.5
6ab82bf9dcdca6b83c4eb3f53a1b3976b75e7df7,6054,187,0,0.0,13.5,97263,1260,8625,18615,10362,45194,1.5
b6cfd1bc2bed326f59375bb373cba646118b402f,6054,187,0,0.0,13.5,97263,1260,8625,18615,10349,45194,1.5
b42af0e04f34a5c8089bbb0be55b38339bb76ad1,6054,187,0,0.0,13.5,97270,1260,8625,18617,10349,45194,1.5
33dad08737c620641d51fc8d074cbca78703b3b1,6055,187,0,0.0,13.5,97270,1260,8625,18616,10349,45204,1.5
526d6843e74cb5d9b7d2b48e987501e49c9bd94e,6055,187,0,0.0,13.5,97260,1260,8625,18615,10349,45204,1.5
c1c290edffb83a98515206f4ef27ab7d2c633744,6057,187,0,0.0,13.5,97263,1260,8626,18616,10349,45214,1.5
8ab49456f6720bf1876f718dbb8de0b0fab20e26,6056,187,0,0.0,13.5,97257,1260,8624,18612,10349,45204,1.5
1e93800f8f33b516893b2552076f865df9bbfc77,6054,187,0,0.0,13.5,97253,1260,8623,18611,10349,45194,1.5
537207efb77b40e305691ca1ac4bf0421a19d700,6056,187,0,0.0,13.5,97256,1260,8624,18612,10349,45204,1.5
1f7a4cd3e01667def654cf152daabffb5c6e77c2,6046,187,0,0.0,13.5,97112,1257,8599,18580,10344,45126,1.5
4e7c8d389afe0907f44e285f9d72979aa3b88d94,6056,188,0,0.0,13.5,97255,1260,8624,18612,10349,45204,1.5
e85118e5f2741597875669eb6f9eda1aee59cb77,6051,188,0,0.0,13.5,97195,1260,8617,18601,10347,45171,1.5
4eb0bde42dcb65fea5f54ed54769713433c279c4,6046,188,0,0.0,13.5,97111,1257,8599,18580,10344,45126,1.5
f32e7c5557bc14ee5892cb3bd4693456c8503c3a,6047,188,0,0.0,13.5,97111,1257,8599,18580,10344,45126,1.5
8d78529ea0adc23743ba45a96f6649abb144ccbd,6047,188,0,0.0,13.5,97111,1257,8599,18580,10344,45126,1.5
daa5f0d34a9c5d237129fa7d3f65e2805f12169d,6044,188,0,0.0,13.5,97105,1257,8599,18579,10335,45101,1.5
09b68957d4587ed75bfae31f1304836880e2c2dc,6044,188,0,0.0,13.5,97105,1257,8599,18579,10333,45101,1.5
5dab2eb68231100bd6889d3981cc4167989a9718,6044,188,0,0.0,13.5,97114,1257,8599,18579,10333,45101,1.5
71fd8e0dfde62f50738c3b1149214ff24947efad,6044,188,0,0.0,13.5,97114,1257,8599,18579,10333,45101,1.5
e0c6d2ef681e01f182c37b2b6528be05288e8a08,6044,188,0,0.0,13.5,97114,1257,8599,18579,10333,45101,1.5
1d92b9e5795372d809f23c98cb15b6da479850af,6044,188,0,0.0,13.5,97114,1257,8599,18579,10333,45101,1.5
9ff415b086c7ba30ce13a1ef08e1f62aac596fef,6044,188,0,0.0,13.5,97115,1257,8599,18581,10333,45103,1.5
1972d709c417cac1fd7c509b4ee08320f72316bb,6044,188,0,0.0,13.5,97114,1257,8599,18579,10333,45101,1.5
3db678f3db2deffb85b9d5bf01fc9de18e9e0f52,6046,188,0,0.0,13.5,97105,1257,8599,18573,10333,45116,1.5
43f4c6e9486c1958899f408e34a69315e63b0992,6045,188,0,0.0,13.5,97095,1257,8596,18570,10333,45114,1.5
7376e042e216ac2041dbe4928366d3dd0bbb5e4c,6044,188,0,0.0,13.5,97095,1257,8596,18570,10333,45104,1.5
edbb49e6317d0a895aeebd45dc3e52071353e65a,6045,188,0,0.0,13.5,97095,1257,8596,18570,10333,45114,1.5
22a7c40d66898c56119c5677f70c60fedc7c3b0d,6045,188,0,0.0,13.5,97095,1257,8596,18571,10333,45114,1.5
b6963be48f4f99ca1bf6b76ed173e9bebcbd8d84,6044,188,0,0.0,13.5,97094,1257,8596,18571,10333,45104,1.5
e7ae53cb92f07e432b2591427f73b9425e9d5b56,6044,188,0,0.0,13.5,97094,1257,8596,18570,10333,45104,1.5
74a745610e4170db38f585116238f277553f6202,6045,188,0,0.0,13.5,97094,1257,8596,18570,10333,45114,1.5
9b26e5cb74761fe9b0b9fe4a2f8d359366eb0ff0,6043,188,0,0.0,13.5,97088,1257,8594,18568,10333,45104,1.5
dceeeaa0ccc89924e08aa90cb67b23a9b25ae652,6047,188,0,0.0,13.5,97067,1257,8594,18567,10336,45216,1.6
e30c6b89c75feca1bba18ce65b1bb2a35828c188,6047,188,0,0.0,13.5,97068,1257,8594,18567,10336,45216,1.6
ab16b9f9c305b45a29f32dbd49dc13a9bd19d7b5,6048,188,0,0.0,13.5,97058,1257,8593,18566,10336,45226,1.6
c1931b6b20b2e16fd5b9d58c4a6ac9c9cf695214,6045,188,0,0.0,13.5,97033,1257,8592,18561,10335,45196,1.6
7af4bc6cb8feb06a49104433b73b7a26880129d5,6030,188,0,0.0,13.6,96984,1257,8589,18551,10333,45121,1.6
bf0eee922ba995e78533ae7e8983518c4be247e8,6031,188,0,0.0,13.6,96981,1257,8589,18550,10333,45131,1.6
93c668a704b3356cbc8c8b5e7665c6db162afb1e,6030,188,0,0.0,13.6,96981,1257,8589,18550,10333,45121,1.6
17243e753dbae00971f3092f5cdadefcae6b4851,6044,188,0,0.0,13.5,97027,1257,8591,18560,10334,45201,1.6
e3f18028c89836e5c2773f0eba74ce0fb93f30cf,6029,188,0,0.0,13.6,96959,1257,8588,18546,10332,45111,1.6
2887e2aad06cb685125cc2b6e1f3f39b6ba207d2,6028,188,0,0.0,13.6,96961,1257,8588,18545,10332,45093,1.6
ee6931b87516ac2caa82fda55ab82e599956b0ef,6029,188,0,0.0,13.6,96961,1257,8588,18545,10332,45103,1.6
07c7220ffb548b0b55a24fe0774268843b8c19e3,6028,188,0,0.0,13.6,96959,1257,8588,18546,10332,45101,1.6
8f81193f19a2378a024fea73b6afe97c1f563956,6027,188,0,0.0,13.6,96956,1257,8588,18545,10332,45095,1.6
e71a36a6288114f8ed29f9b7137ffe1c6a09009e,6027,188,0,0.0,13.6,96954,1257,8588,18544,10332,45095,1.6
9c0e3c6a931879a9e0c968a1db7a0cf48b2933d5,6027,188,0,0.0,13.6,96952,1257,8588,18544,10332,45095,1.6
c3618b50e15dc529a85934c941ead6901d8a3465,6028,188,0,0.0,13.6,96952,1257,8588,18544,10332,45105,1.6
5495e3003f182a61855dbb41e54a4cb0f16a949e,6026,188,0,0.0,13.5,96932,1257,8588,18538,10328,45092,1.6
edbae2a7a352610e2118f36919adf95eb7ab70d7,6028,188,0,0.0,13.5,97238,1266,8612,18582,10338,45065,1.5
d985458c215c53362586fd06fb3a75c30b9cd367,6029,188,0,0.0,13.5,97236,1266,8612,18580,10338,45080,1.5
a989a2032dc00dc4af95d76619f64b483b84925e,6027,188,0,0.0,13.5,97220,1266,8610,18580,10338,45070,1.5
11cb6fc79b5e7a36197197c0c50d468679407791,6021,189,0,0.0,13.5,97128,1267,8605,18552,10338,45029,1.5
f7acfae9af5e817931eeefb2689cf9626d763602,6021,189,0,0.0,13.5,97128,1267,8605,18552,10338,45029,1.5
4a57a672817adbf77b6ddb0a5205ee5bbb20f06d,6021,189,0,0.0,13.5,97128,1267,8605,18552,10338,45029,1.5
ef73ba245ca46fc38cd53a85292cb2db147e0bbe,6020,188,0,0.0,13.5,97116,1266,8605,18551,10338,45019,1.5
f021e010b19c46f2c67ed59873c0a92339cbb2c1,6014,187,0,0.0,13.6,96926,1266,8595,18494,10338,45011,1.5
bb7232b465baf79eb1be31ccd1d21daca2f2129d,6012,187,0,0.0,13.6,96879,1265,8594,18492,10337,45011,1.5
66e5a91cf039d44b1918443a6afc56b54496eb2a,6013,188,0,0.0,13.6,96919,1266,8596,18496,10341,45021,1.5
c04145693c53620081e904c9fdee7a3c6a39b1cd,6014,188,0,0.0,13.6,96945,1267,8600,18501,10342,45041,1.5
5c423fd2531683a2d339120a4ab24a4319b18211,6014,188,0,0.0,13.6,96947,1267,8600,18502,10342,45041,1.5
fda67ee65e9496ab348b6e814f074043aea559e2,6014,188,0,0.0,13.6,96947,1267,8600,18502,10342,45041,1.5
b863a9bb29f2dc5d0dd490d7b264b8c57b9961c6,6015,188,0,0.0,13.6,96947,1267,8600,18502,10342,45031,1.5
3c8f72999a288b93842e4f5383394f2ddde864a8,6014,188,0,0.0,13.6,96939,1267,8600,18502,10342,45024,1.5
b45ca016081e25349cf504ebd3879b2e1574bbd8,6012,188,0,0.0,13.6,96941,1267,8600,18502,10338,45014,1.5
5afeaebd2f39c5118e2a4e86a29e0fc1eb0f4cf7,6016,188,0,0.0,13.5,96859,1270,8591,18443,10338,44996,1.5
7e54e18dcdaa65daadaa70a1dde0ed28bf52b5a5,6012,188,0,0.0,13.6,96941,1267,8600,18502,10338,45014,1.5
59905417bd5a328f10cf3e7f2559a49c08745bfd,6012,188,0,0.0,13.5,97085,1270,8620,18532,10341,45017,1.5
47c074796962670ff0d5494fc20923e31a3a32d8,6014,188,0,0.0,13.5,96851,1270,8591,18443,10338,44979,1.5
ea9b5871c8aae51b301c38335eb792d580be4881,6013,188,0,0.0,13.5,96849,1270,8591,18443,10338,44977,1.5
8c6116d87d5bd5cc205b3645cb84f9b9305e2c26,6014,188,0,0.0,13.5,96846,1270,8591,18442,10338,44987,1.5
b80e999a9a88cc185f14f8ff69ed83a3738d905c,6013,188,0,0.0,13.5,96837,1270,8591,18441,10338,44977,1.5
b963645de3a213b76e1167f7dc24ab300a363fe0,6013,188,0,0.0,13.5,96837,1270,8591,18441,10338,44977,1.5
8d0dd7a5b3610f32addfe219f8b7550bf7963c4a,6012,188,0,0.0,13.5,96948,1270,8608,18491,10342,45006,1.5
d71b4725ace98affb5cce6443b6a0120db57932b,6011,188,0,0.0,13.5,96923,1270,8609,18477,10343,44983,1.5
d10b6568a566b21feb12cebf9a4a4810fca3fa47,6015,188,0,0.0,13.5,97000,1273,8612,18474,10341,45017,1.5
66a101ba381e0daaec3f9295b2ac766f02971b2f,5981,188,0,0.0,13.4,96262,1272,8564,18213,10315,44670,1.5
74c59db31ffad805615605eb4dc15a34483d3992,5982,188,0,0.0,13.4,96257,1272,8563,18212,10315,44675,1.5
c6fdf2c71fadf5353c6acf788dc79b9e939d547c,6012,188,0,0.0,13.5,96922,1270,8609,18477,10343,44993,1.5
dae4af484cb6b955a69789d958d721ce5b8863ce,6016,188,0,0.0,13.5,96995,1273,8611,18473,10341,45022,1.5
f9b59c01d939664566b89162fe0ae0b7e84195cb,6015,188,0,0.0,13.5,96995,1273,8611,18473,10341,45012,1.5
054ba847169128d45f35329a63622725db6b938c,6016,188,0,0.0,13.5,96995,1273,8611,18473,10341,45022,1.5
69d1835e973c873ef8f95946708956ce871d98fd,6016,188,0,0.0,13.5,96995,1273,8611,18473,10341,45022,1.5
92f28bda385ac79954672a499c5acfda82ca9f39,6015,188,0,0.0,13.5,96995,1273,8611,18473,10341,45012,1.5
5e0d5a73482e548dc91647afe426cebcced06123,5981,188,0,0.0,13.4,96257,1272,8563,18212,10315,44665,1.5
4c94cd62dcbc94ee22e66f6c1077d6a9f22fd289,5982,188,0,0.0,13.4,96257,1272,8563,18212,10315,44675,1.5
6edbce07c72f44e5c1dc8a8bddd21ac4bb88a838,5981,188,0,0.0,13.4,96247,1271,8561,18210,10309,44665,1.5
238d620120695d9a17469765cd4d3bfec86dc2fc,5179,178,0,0.0,14.4,82896,1083,7470,15747,8452,40008,1.6
3c6f8aa3867c7759cd1b8ea9e187d6a99f955fdd,5981,188,0,0.0,13.4,96228,1271,8561,18202,10303,44670,1.5
ab223d287569dedafd37b0c48589bd6a089d1964,5981,188,0,0.0,13.4,96228,1271,8561,18202,10303,44670,1.5
dab95521d246c05c82902d80e1265bb8d9419f93,5178,178,0,0.0,14.4,82901,1083,7470,15747,8446,40003,1.6
0c9adb589ba708f5a250d41447f8e239ac8747cb,5176,177,0,0.0,14.4,82874,1083,7470,15739,8446,39988,1.6
85172dc996ea6e817736e407ab259cb0c457cb69,5146,177,0,0.0,14.4,82436,1078,7435,15673,8418,39660,1.6
838cd88748fd08debca99408dea50858cf1c558d,5178,178,0,0.0,14.4,82877,1083,7470,15739,8446,40003,1.6
39668263021df7af940e094efb248176d41eccdc,5178,178,0,0.0,14.4,82862,1083,7470,15736,8446,40003,1.6
07ffd6b4780e60844e9510220374e7fafa4457a3,5176,178,0,0.0,14.4,82854,1083,7468,15734,8445,40001,1.6
7b2d3fbeee4695c0da4e1a4ca1b6629ec05052d4,5174,178,0,0.0,14.4,82833,1082,7466,15732,8444,39986,1.6
80065960c8605ecd5bb03a8870d9ac75f3aedd6f,5174,178,0,0.0,14.4,82834,1082,7466,15732,8444,39986,1.6
32506999fd32a07164e75bbaacd4238cff43a474,5174,178,0,0.0,14.4,82836,1082,7466,15732,8443,39986,1.6
c910f8b2984740619d4aace34f30dfdca8d92c23,5171,178,0,0.0,14.4,82821,1082,7466,15730,8443,39936,1.6
2b125b49b37e690603c75c2c4dc3ce9231daf8ba,5163,178,0,0.0,14.4,82665,1081,7455,15702,8440,39819,1.6
3c5d9e339ebad2d6acaac1ce2452d6c17987e6f7,5159,178,0,0.0,14.4,82676,1080,7455,15718,8440,39803,1.6
331b628511b53dc4612c0cee250bf8cb49fe496b,5150,178,0,0.0,14.4,82520,1079,7444,15690,8437,39676,1.6
b04603124daec3f2cdcacf1c33216732683835de,5147,178,0,0.0,14.4,82338,1077,7423,15661,8430,39617,1.6
634d8e31fad3216fe114fd2a8cdcae127adc8a06,5146,177,0,0.0,14.4,82435,1078,7435,15673,8418,39660,1.6
d5b7e3521ccbf12f7d5c478c1ba88102b4edbd03,5148,178,0,0.0,14.4,82439,1078,7435,15673,8418,39675,1.6
2d44477553068a5c0dc78254ce941fffccf67cac,5144,178,0,0.0,14.4,82454,1078,7435,15677,8418,39658,1.6
36a78cc63053705349691401b41d6d8c5d9a5966,5138,176,0,0.0,14.5,81897,1068,7387,15583,8395,39600,1.6
5e9b9dc359c093301c652bca768ebc07d5a2f048,5144,178,0,0.0,14.4,82454,1078,7435,15677,8418,39613,1.6
15d74b88e8aa16a2bc4e71e73b1292ce9d9cb5bb,5144,178,0,0.0,14.4,82411,1076,7429,15671,8415,39626,1.6
a1db2e5e9bde365bfee259e379b3349b5214f40a,5148,178,0,0.0,14.4,82333,1076,7423,15657,8411,39645,1.6
f69c1530a1e4e15b91c60e7ea07d4a6fd887405f,5146,178,0,0.0,14.4,82324,1076,7423,15658,8411,39617,1.6
34a4df5ab9ae6283b7432a91341f7e5c2a740739,5143,178,0,0.0,14.4,82257,1076,7414,15644,8411,39614,1.6
27f29cdf6c57bc8e864a6c3245e7e2207de2a995,5142,178,0,0.0,14.4,82238,1076,7414,15639,8411,39595,1.6
8bf30c18a7190f0746f484cf96d059d41320d5d9,5146,178,0,0.0,14.4,82249,1076,7414,15644,8411,39694,1.6
edc4cab9b6f5afd309d14a13de7699d377ebd315,5145,178,0,0.0,14.4,82226,1076,7414,15639,8411,39680,1.6
14cbebf546792d3a25335f8a9854dd30d9e7d685,5146,178,0,0.0,14.4,82230,1076,7414,15639,8411,39685,1.6
52c36be5c45fa502921eadd374ab5a23d5849c89,5122,178,0,0.0,14.5,81559,1063,7355,15536,8317,39554,1.6
10a3d8bd54876199202b8fac670a81524fa0ac79,5122,178,0,0.0,14.5,81559,1063,7355,15536,8317,39554,1.6
56bc67cc2fd2e1dabe1c5401b70b153b1b5ff52c,5139,177,0,0.0,14.5,81901,1068,7387,15583,8395,39605,1.6
dc735c52c309ae3529c89a5857af1ce2bb0d6c46,5154,177,0,0.0,14.4,81880,1068,7386,15581,8395,39718,1.6
83d48a77d5a459e1dd16f9dda784a6636bcad8ac,5155,177,0,0.0,14.4,81880,1068,7386,15581,8395,39728,1.6
532348dcd9c43dad800bb4519d636a5d4eab7c03,5155,177,0,0.0,14.4,81880,1068,7386,15581,8395,39728,1.6
963d2710a8cdec7014803ea2bc24618b8d509340,5155,177,0,0.0,14.4,81880,1068,7386,15581,8395,39728,1.6
fa2d1145525178d20bd429ab380452515110a08b,5155,177,0,0.0,14.4,81880,1068,7386,15581,8395,39728,1.6
fec020247436b290a048181f2bc3c0d28769fcfa,5154,177,0,0.0,14.4,81858,1066,7386,15581,8369,39718,1.6
fabb22f96d1eb0014e24afaf36721f77f9e3e77d,5119,178,0,0.0,14.5,81513,1061,7352,15529,8315,39543,1.6
8fda9c757058bce25d04f8e6b4afa62c38cb911e,5151,177,0,0.0,14.5,81810,1065,7383,15572,8367,39673,1.6
bca7007ede669d68926b3e4afbe5cd3422dc95b3,5153,177,0,0.0,14.4,81816,1065,7383,15574,8367,39684,1.6
783ae311a8198227da7c5adaccdcb212915a2d61,5129,177,0,0.0,14.5,81573,1061,7352,15524,8355,39540,1.6
e7798d9b61317b38bdbd8205cea5c390cc93fecd,5129,177,0,0.0,14.5,81572,1061,7352,15524,8355,39540,1.6
89a27ce1ea4570bb32fbe47304543cc77d6a6fa4,5128,177,0,0.0,14.5,81560,1061,7351,15522,8355,39526,1.6
40984fd0295b4b0283ca190945b066e44b5e9d9d,5132,177,0,0.0,14.5,81577,1061,7351,15531,8357,39559,1.6
baf6fbcf49e8ddf47cac1fbc8278f251c5d032fd,5134,177,0,0.0,14.5,81557,1061,7349,15522,8358,39574,1.6
4712cf87b50dd429442ae53585f1bb65c3994916,5130,177,0,0.0,14.5,81531,1061,7346,15512,8358,39553,1.6
2a14a8cb35c621fe2456bdbb70c5d6b34df60916,5130,177,0,0.0,14.5,81532,1061,7346,15512,8358,39553,1.6
8c4974690b39de331f557efc625feacad9e26a56,5130,177,0,0.0,14.5,81526,1061,7346,15509,8358,39553,1.6
82c79fbf0166d39291de473a6c1928b791baa2a2,5128,177,0,0.0,14.5,81514,1061,7344,15506,8358,39545,1.6
fed6d6daed8863baba762e7eff3d3a1a348d8221,5128,177,0,0.0,14.5,81489,1061,7340,15501,8345,39575,1.6
63f2590e567465c47f74a479d93202550b92a4dd,5126,177,0,0.0,14.5,81470,1061,7339,15497,8345,39569,1.6
78acbc9d12808e25238e2fa551f132f7b1854567,5125,177,0,0.0,14.5,81462,1061,7339,15497,8345,39559,1.6
81ca7e9f785941688912dc1f6b6eb720b10d35a2,5126,177,0,0.0,14.5,81454,1061,7339,15497,8345,39569,1.6
443616d64a6f4a95f825d7034f16e520131df628,5126,177,0,0.0,14.5,81442,1061,7339,15497,8345,39569,1.6
e624f2d2bca19f00f109b086ce3a5bb066007b94,5122,177,0,0.0,14.5,81365,1059,7335,15489,8331,39552,1.6
f56e275e447cbec7cb109f3505ec0284870fe958,5121,177,0,0.0,14.6,81269,1056,7329,15481,8314,39555,1.6
5c6f567888aa1cda44ac066b16abd0137f47a07f,5121,177,0,0.0,14.6,81269,1056,7329,15481,8314,39555,1.6
afb39c197fe814927575a55ebf1da952c5ae6550,5122,177,0,0.0,14.5,81342,1058,7335,15489,8318,39552,1.6
a32886fcd15170a486d9f10ec6355f2881fc0531,5122,177,0,0.0,14.5,81312,1058,7335,15489,8318,39552,1.6
98102e937c58e3dc8364fa42e89c8ee78bb9dc24,5121,177,0,0.0,14.5,81286,1057,7333,15486,8303,39555,1.6
f023135450ccbd0f5bc1680c3fdd4f174f93d14a,5121,177,0,0.0,14.5,81286,1057,7333,15486,8303,39555,1.6
a4a0472642235ab701a31d9a67e507e32529e9bb,5121,177,0,0.0,14.6,81272,1056,7330,15483,8302,39555,1.6
137b2dc56d84905268c3371b59539c80cfe58b9d,5121,177,0,0.0,14.6,81246,1055,7329,15481,8301,39555,1.6
fbf13872e6f920e35ab614e11588b628017c412d,5121,177,0,0.0,14.6,81246,1055,7329,15481,8301,39555,1.6
20c1f7fc265d00ae7d384090db2825557e0d5e1d,5121,177,0,0.0,14.6,81246,1055,7329,15481,8301,39555,1.6
be053afbaa355071eb890f6bbea0e9bd8b00649c,5116,177,0,0.0,14.6,81230,1055,7328,15480,8301,39509,1.6
b575549c4cad1bc82bac2f9527ea5fa1c18ec7d3,5113,177,0,0.0,14.6,81221,1055,7328,15480,8301,39479,1.6
215e1405b7742fb93b375ec76f6abf61db638b3f,5113,177,0,0.0,14.6,81221,1055,7328,15480,8301,39479,1.6
d75a449afb7a68f54ea219c562d03bc14d72a179,5113,177,0,0.0,14.6,81221,1055,7328,15480,8301,39479,1.6
44e3102320c0571653c72dc0f658cfe94989abda,5113,177,0,0.0,14.6,81221,1055,7328,15480,8301,39479,1.6
a5843b835bc7bc1641989e4ebaa56b8a732a7c71,5113,177,0,0.0,14.6,81221,1055,7328,15480,8301,39479,1.6
300c9364fb0f315c92bae4945ee8f4b95d37ee21,5113,177,0,0.0,14.6,81221,1055,7328,15480,8301,39479,1.6
8c1053c9996bbbb2d8874dc36f4894ebc508fad7,5113,177,0,0.0,14.6,81221,1055,7328,15480,8301,39479,1.6
7afd9351cfac4a6342cea6afe41d92b70d1e78cc,5113,177,0,0.0,14.6,81221,1055,7328,15480,8301,39479,1.6
fb9be865f669c9a4f25c5ad768d9e599ed9806c9,5113,177,0,0.0,14.6,81221,1055,7328,15480,8301,39479,1.6
0daedb70fedefe702f3f1c5682ef61db96eb2d3e,5113,177,0,0.0,14.6,81221,1055,7328,15480,8301,39479,1.6
4fd13c321afd5003e33138d5bf285a8199c6a783,5113,177,0,0.0,14.6,81221,1055,7328,15480,8301,39479,1.6
c4030ada95b28ee12f8b0e8c490c785a1e8e1f7f,5113,177,0,0.0,14.6,81221,1055,7328,15480,8301,39479,1.6
e0db71da2a36db3b0bc886c1144932562a5a9296,5113,177,0,0.0,14.6,81221,1055,7328,15480,8301,39479,1.6
cf18a37e1c1bd96230543dcf52090874d889e918,5113,177,0,0.0,14.6,81221,1055,7328,15480,8301,39479,1.6
82a362f0f9a8fd6d7acbff50e0ff320161e30e7a,5113,177,0,0.0,14.6,81221,1055,7328,15480,8301,39479,1.6
f74e7d9c83319b97cdec7cb8791577bbef41c8ba,5113,177,0,0.0,14.6,81221,1055,7328,15480,8301,39479,1.6
6002838cf7a80f1d9fd230051e5977e0d0e8e183,5113,177,0,0.0,14.6,81221,1055,7328,15480,8301,39479,1.6
dc1a4ee136b86e3d94fdb3b131c72f14be5d85fa,5113,177,0,0.0,14.6,81221,1055,7328,15480,8301,39479,1.6
6ee2100c81e04d090e7a7869f4862fcb4899b275,5113,177,0,0.0,14.6,81221,1055,7328,15480,8301,39479,1.6
d62835c64d9578bdc8e3026696f224a01dbd6cb2,5113,177,0,0.0,14.6,81221,1055,7328,15480,8301,39479,1.6
6c30484b834dbd27ca1a10a3fec9a84850ec1077,5113,177,0,0.0,14.6,81221,1055,7328,15480,8301,39479,1.6
6f6fd98312ffa7c88e6ede7e4ed0ef9427bae6bd,5113,177,0,0.0,14.6,81221,1055,7328,15480,8301,39479,1.6
3f8eb6897eabd1ca4b16acea422f5ea7f9c56504,5113,177,0,0.0,14.6,81221,1055,7328,15480,8301,39479,1.6
d4ce4a8ab829ce84c4afba8547e262fb3c69af7d,5113,177,0,0.0,14.6,81221,1055,7328,15480,8301,39479,1.6
deb1f45a51e7ff89f9a14a23304dcdb93a7523a7,5113,177,0,0.0,14.6,81221,1055,7328,15480,8301,39479,1.6
d408f57e0dfb625ad1c9f22db62e66add9ae730e,5113,177,0,0.0,14.6,81221,1055,7328,15480,8301,39479,1.6
776a0d55d51ea1c4acb24c102ccdaa521fc1c2d6,5113,177,0,0.0,14.6,81221,1055,7328,15480,8301,39479,1.6
3423baf2aa81b1107579ec81542ee76c6ce73799,5113,177,0,0.0,14.6,81221,1055,7328,15480,8301,39479,1.6
623bfc3c673db924168e37037a916a67d23b5ea1,5113,177,0,0.0,14.6,81221,1055,7328,15480,8301,39479,1.6
ca1d764ede20fa133cbd353d4e1c35aadbf897b4,5113,177,0,0.0,14.6,81221,1055,7328,15480,8301,39479,1.6
83b69b79510f7faec8675e332868b2e4314c05f1,5113,177,0,0.0,14.6,81221,1055,7328,15480,8301,39479,1.6
1c5fe7361c6c8d68bee3993a7670b1dac4ce47f2,5113,177,0,0.0,14.6,81221,1055,7328,15480,8301,39479,1.6
e503a3012d1464cffc3c98dc08e4ee31ceaa9cf7,5113,177,0,0.0,14.6,81221,1055,7328,15480,8301,39479,1.6
36c50b55d425c1fe1d856e332f6306a56023492e,5113,177,0,0.0,14.6,81221,1055,7328,15480,8301,39479,1.6
d4cbb5f067f13be26b785c74152956c6672f9608,5113,177,0,0.0,14.6,81221,1055,7328,15480,8301,39479,1.6
53f5458cc5f409023123100e2595bf29fb35e6b6,5113,177,0,0.0,14.6,81221,1055,7328,15480,8301,39479,1.6
cb48f250eed039d3b5bc6a8cb81e468c4b31effd,5113,177,0,0.0,14.6,81221,1055,7328,15480,8301,39479,1.6
8ee3b2a3647a11b2637a1b0f310c636744c6ee72,5113,177,0,0.0,14.6,81221,1055,7328,15480,8301,39479,1.6
68b7efdbaab331b21504ba645a6ac8b342ca85e3,5113,177,0,0.0,14.6,81221,1055,7328,15480,8301,39479,1.6
3d0f517a221e08178c6211200554b2d6f2d7d42c,5113,177,0,0.0,14.6,81221,1055,7328,15480,8301,39479,1.6
0d725cb33e9a9001b6f8727624ece8329ae1f3cf,5113,177,0,0.0,14.6,81221,1055,7328,15480,8301,39479,1.6
f6cea421b064c55afaee78d6269807ea5388c52d,597,47,0,0.0,4.0,215055,1189,2803,4518,7670,3145,0.0
5edb6a06331e90d2e783815fda8c9a1757438e91,597,47,0,0.0,4.0,215055,1189,2803,4518,7670,3145,0.0
08c151fd79fba481c7415bc04046206b0dcfbe05,597,47,0,0.0,4.0,215055,1189,2803,4518,7670,3145,0.0
7f3fabbde6185d66d667d853a198ef9e7ad5366a,597,47,0,0.0,4.0,215055,1189,2803,4518,7670,3145,0.0
7eb76628be3871855a743daa2f2ce5cd81872a00,597,47,0,0.0,4.0,215055,1189,2803,4518,7670,3145,0.0
a2189d1fb6906e2878985ecee758876c0d8902aa,597,47,0,0.0,4.0,215055,1189,2803,4518,7670,3145,0.0
b8a90e89b8ca96a4ebd6147278cc9037f586c1c9,597,47,0,0.0,4.0,215055,1189,2803,4518,7670,3145,0.0
362071effb829115e6bb36dcd7736ace928ebbcd,597,47,0,0.0,4.0,215055,1189,2803,4518,7670,3145,0.0
c73252f0c5004e4056ca2ad95fc6c79b4ddddb04,597,47,0,0.0,4.0,215055,1189,2803,4518,7670,3145,0.0
20d5a66e74622140415b89fe8478a7400671fa82,597,47,0,0.0,4.0,215055,1189,2803,4518,7670,3145,0.0
aa2c118d7d14deb08293aadb2140baca73d4b87d,597,47,0,0.0,4.0,215055,1189,2803,4518,7670,3145,0.0
2f2c77eed1d2198cfa322afd90d754bf71bbf1ea,597,47,0,0.0,4.0,215055,1189,2803,4518,7670,3145,0.0
e6a2c3730393fd2b5fe322f73e18f8a45ea3ab4c,597,47,0,0.0,4.0,215055,1189,2803,4518,7670,3145,0.0
124bf441db22d1af49bd926d7f035669880baa84,597,47,0,0.0,4.0,215055,1189,2803,4518,7670,3145,0.0
b0e903e04f0ec7e8da3a92d73cf5577dc322ae3d,597,47,0,0.0,4.0,215055,1189,2803,4518,7670,3145,0.0
bfac27b7fe7fb1e5439604a73e0fe59db01f1457,597,47,0,0.0,4.0,215055,1189,2803,4518,7670,3145,0.0
3507f72adb25b323d9436fc51cc7dd9a98fed475,597,47,0,0.0,4.0,215055,1189,2803,4518,7670,3145,0.0
5763254f0a674e4223f8b4f39901ee7cf146b392,597,47,0,0.0,4.0,215055,1189,2803,4518,7670,3145,0.0
fcf76141f9f41b8cf76f6f813e89b6a710bc6082,597,47,0,0.0,4.0,215055,1189,2803,4518,7670,3145,0.0
4269065daf1bf3f6f65d078e8677e3a11c84cff4,597,47,0,0.0,4.0,215055,1189,2803,4518,7670,3145,0.0
1f06f78d0af4f6e90063702c68b3a1231294be2b,597,47,0,0.0,4.0,215055,1189,2803,4518,7670,3145,0.0
af832920cf0fcd2ca507452a9db82c04c736ebea,597,47,0,0.0,4.0,215055,1189,2803,4518,7670,3145,0.0
a744e3961f48fd0acff9c60da40108bceaebe0d3,597,47,0,0.0,4.0,215055,1189,2803,4518,7670,3145,0.0
937520600d64ee8e7fd79fffe87b3233076be3c1,597,47,0,0.0,4.0,215055,1189,2803,4518,7670,3145,0.0
1e693f2201da51ecd8281a098ecfdedf92bc1000,597,47,0,0.0,4.0,215055,1189,2803,4518,7670,3145,0.0
7c935961f1843c186d19fe3df35eabb45efef5e1,597,47,0,0.0,4.0,215055,1189,2803,4518,7670,3145,0.0
3035dba43e7e765ab9790ac391e6509b60b082ef,597,47,0,0.0,4.0,215055,1189,2803,4518,7670,3145,0.0
81f894c372f5fef3b2c0f68ec29a414391fe9cc3,597,47,0,0.0,4.0,215055,1189,2803,4518,7670,3145,0.0
5cfbb1d691b4f30b1f2c6961b67a49cff9078ec7,597,47,0,0.0,4.0,215055,1189,2803,4518,7670,3145,0.0
4cba3162a653bb8150d9544e9fffd9a22512276d,597,47,0,0.0,4.0,215055,1189,2803,4518,7670,3145,0.0
da741813997e6cd3cf43b0ace16260cb7799ad3d,597,47,0,0.0,4.0,215055,1189,2803,4518,7670,3145,0.0
56a8381e206dc6566694976d25c89d00c340ef30,597,47,0,0.0,4.0,215055,1189,2803,4518,7670,3145,0.0
d0bd7ac1ac47af0b7bbeb7ae58a0340bc5c64632,597,47,0,0.0,4.0,215055,1189,2803,4518,7670,3145,0.0
746629a27a349df600c6528cc2e44027dcaa4b64,597,47,0,0.0,4.0,215055,1189,2803,4518,7670,3145,0.0
be2996677d641f50eb8d6091c1871faa83690668,597,47,0,0.0,4.0,215055,1189,2803,4518,7670,3145,0.0
9144446e3e5d433ba794058aa0c99c740ba8d68f,597,47,0,0.0,4.0,215055,1189,2803,4518,7670,3145,0.0
1e4bf765ce92d749740cce70cc24bfe47f888c96,597,47,0,0.0,4.0,215055,1189,2803,4518,7670,3145,0.0
5387fe7000c6831f4f4ca07d0dd011e4ab883171,597,47,0,0.0,4.0,215055,1189,2803,4518,7670,3145,0.0
76dde93b1bb5c6a18dc4d34137f8f199bf132e58,597,47,0,0.0,4.0,215055,1189,2803,4518,7670,3145,0.0
7e36a74921942564745adb8b50f9c6f8530e8f27,597,47,0,0.0,4.0,215055,1189,2803,4518,7670,3145,0.0
2272fac42e8fbde6e0a6af8051efc94caed7be62,597,47,0,0.0,4.0,215055,1189,2803,4518,7670,3145,0.0
35a4e0d3a42d8966653d3dae5b3d77cecee582a0,597,47,0,0.0,4.0,215055,1189,2803,4518,7670,3145,0.0
109823fe34a48f2ba2c3d08f76c78220e0dee861,597,47,0,0.0,4.0,215055,1189,2803,4518,7670,3145,0.0
8fa81328c7cbc4da3e5e227c24ab6992cd1acfa2,597,47,0,0.0,4.0,215055,1189,2803,4518,7670,3145,0.0
cd5ee413d00b23fa42ba9e344a2cef423340194f,597,47,0,0.0,4.0,215055,1189,2803,4518,7670,3145,0.0
dfb6c7b2015ff476d942a062be4b05e96ce2f514,597,47,0,0.0,4.0,215055,1189,2803,4518,7670,3145,0.0
a181c82a6e355d1b16a9ab787acbf09c5d05417e,597,47,0,0.0,4.0,215055,1189,2803,4518,7670,3145,0.0
12becd215888373e0b0b5706f3349348bc149b7d,597,47,0,0.0,4.0,215055,1189,2803,4518,7670,3145,0.0
32988ac097ed6bc166174c174785e97e1c09801a,597,47,0,0.0,4.0,215055,1189,2803,4518,7670,3145,0.0
3d1ed3fab91b65d97425401753e9123d6f6b5e68,597,47,0,0.0,4.0,215055,1189,2803,4518,7670,3145,0.0
0a2d79e36c30fab5f0f2679207c1a54a0ef1b163,597,47,0,0.0,4.0,215055,1189,2803,4518,7670,3145,0.0
6b10e90a95352e8b859a27686b1524ef47581d87,597,47,0,0.0,4.0,215055,1189,2803,4518,7670,3145,0.0
31bd0441baa3064c6c4b523873b4150bee51df15,597,47,0,0.0,4.0,215055,1189,2803,4518,7670,3145,0.0
527b7be732b42f95aca8e665841be819dfd12335,597,47,0,0.0,4.0,215055,1189,2803,4518,7670,3145,0.0
a1f67685b0503494852213f210df2d997b1a74b5,597,47,0,0.0,4.0,215055,1189,2803,4518,7670,3145,0.0
466d44cf65d741b8de5a0521df928f7e35faaaec,597,47,0,0.0,4.0,215055,1189,2803,4518,7670,3145,0.0
bf0e83ec7a6ec7d5e07a0cd2538fc781d67581ba,597,47,0,0.0,4.0,215055,1189,2803,4518,7670,3145,0.0
9cc184707140facdffaff5d3246bd7019613ebcf,597,47,0,0.0,4.0,215055,1189,2803,4518,7670,3145,0.0
82b9d6d25fa2f37fa72993b4595c6905c826b461,597,47,0,0.0,4.0,215055,1189,2803,4518,7670,3145,0.0
980844bd53e3e15562cae053486e55d3f09460c4,597,47,0,0.0,4.0,215055,1189,2803,4518,7670,3145,0.0
f6414f2662ed815f85642cd2bb7a828c0704bf23,597,47,0,0.0,4.0,215055,1189,2803,4518,7670,3145,0.0
deb84461f0f49947aba00784a776592e484f2d4a,597,47,0,0.0,4.0,215055,1189,2803,4518,7670,3145,0.0
8588780ac738d4f970345ca93813c2179815e483,597,47,0,0.0,4.0,215055,1189,2803,4518,7670,3145,0.0
73d21ebf9f3ba514cf20046d2b7629837ca45df5,597,47,0,0.0,4.0,215055,1189,2803,4518,7670,3145,0.0
fcc2190d58cc95912b794571859b6846e7c11eb2,597,47,0,0.0,4.0,215055,1189,2803,4518,7670,3145,0.0
023c95c37c6f9f1ade08e3b56712763225d2f859,597,47,0,0.0,4.0,215055,1189,2803,4518,7670,3145,0.0
e8264c943dda0aa48a83d77e77f1b31b74ce1654,597,47,0,0.0,4.0,215055,1189,2803,4518,7670,3145,0.0
4f240c17be726a363e9ccb4bfaa0b0874c5044e6,597,47,0,0.0,4.0,215055,1189,2803,4518,7670,3145,0.0
b2d671b8ed441e34981bed7be4d0348c9c30db7a,597,47,0,0.0,4.0,215055,1189,2803,4518,7670,3145,0.0
268b3a284c416c95c2fc3675618598a9a129a632,597,47,0,0.0,4.0,215055,1189,2803,4518,7670,3145,0.0
26b208f2ad6970529a065532dcca976e0eb44984,597,47,0,0.0,4.0,215055,1189,2803,4518,7670,3145,0.0
6a5db99bb5a0afe51e2276a9354d3731a49feeb4,597,47,0,0.0,4.0,215055,1189,2803,4518,7670,3145,0.0
a0bb8d0eda5fd31f5147bbf2569a71c79f2f30f9,597,47,0,0.0,4.0,215055,1189,2803,4518,7670,3145,0.0
cad506ea11f8191a796ad90f159e4cec4edce298,597,47,0,0.0,4.0,215055,1189,2803,4518,7670,3145,0.0
a9422fa75c437f40f84c2936d8413a5f30caded7,597,47,0,0.0,4.0,215055,1189,2803,4518,7670,3145,0.0
9b474e8535c36b7bd536b06b0b3e5a89b9dc1458,597,47,0,0.0,4.0,215055,1189,2803,4518,7670,3145,0.0
f5f4f5fbce87c3e56d2f9b692aed1c5613d31a2f,597,47,0,0.0,4.0,215055,1189,2803,4518,7670,3145,0.0
4be3052a88bf9e7eee0de4aecd0bb56b9d313075,597,47,0,0.0,4.0,215055,1189,2803,4518,7670,3145,0.0
3d7e9c80892d2008f82df82ba0014d02e9690e00,597,47,0,0.0,4.0,215055,1189,2803,4518,7670,3145,0.0
3e58ae81eb9c43a4bc4514b04cfb07d5c20d8f18,597,47,0,0.0,4.0,215055,1189,2803,4518,7670,3145,0.0
697280086d378c8045250f33db93ff48efa7bdf0,597,47,0,0.0,4.0,215055,1189,2803,4518,7670,3145,0.0
480cec73b8755cc38561e3e30ebf1a4c7156666e,597,47,0,0.0,4.0,215055,1189,2803,4518,7670,3145,0.0
a818aba166424110f755d274b9cef69fc84ed91e,597,47,0,0.0,4.0,215055,1189,2803,4518,7670,3145,0.0
7c846562692fdfe82e1abbc88be09a18ed7e56a9,597,47,0,0.0,4.0,215055,1189,2803,4518,7670,3145,0.0
d5cdc192e3a3ba54f2d0f86a7533f50a0e5b867f,597,47,0,0.0,4.0,215055,1189,2803,4518,7670,3145,0.0
9cf1788989d939f5a6ec6872b6ba7ee7d9c39aba,597,47,0,0.0,4.0,215055,1189,2803,4518,7670,3145,0.0
84644d0ab0a1e6ba149a4e0daeb3d1270b114a7a,597,47,0,0.0,4.0,215055,1189,2803,4518,7670,3145,0.0
d2a89fe24be8e72cd017336c82bb05afc8703335,597,47,0,0.0,4.0,215055,1189,2803,4518,7670,3145,0.0
db0388a086e2d0fe1fb4953d8bce89e4ce583f51,597,47,0,0.0,4.0,215055,1189,2803,4518,7670,3145,0.0
6d47c8ae37eb84c8bb52908f003ed27b19bc3e64,597,47,0,0.0,4.0,215055,1189,2803,4518,7670,3145,0.0
4a759d7f7f912d2f9105936e4f503ccbabcdf198,597,47,0,0.0,4.0,215055,1189,2803,4518,7670,3145,0.0
af4fb4a064a201c928583588e3b3df8065f5f79d,597,47,0,0.0,4.0,215055,1189,2803,4518,7670,3145,0.0
0ff0fbe68c570c1b1c5df2e1ab6bdcebe36bda0e,597,47,0,0.0,4.0,215055,1189,2803,4518,7670,3145,0.0
93392b0aa12365bef3cf0150c3e9604cc11f286c,597,47,0,0.0,4.0,215055,1189,2803,4518,7670,3145,0.0
cef9f3f74c90f58cfc74090464bbcd87115b9c1e,597,47,0,0.0,4.0,215055,1189,2803,4518,7670,3145,0.0
9a16e66cec2d0d94169ba249f2b809358764516f,597,47,0,0.0,4.0,215055,1189,2803,4518,7670,3145,0.0
f646789c59d5f42eb9a511f394a5781ddea9b4e1,597,47,0,0.0,4.0,215055,1189,2803,4518,7670,3145,0.0
b27149a91e554eaf8d20bc3525795a13016150f0,597,47,0,0.0,4.0,215055,1189,2803,4518,7670,3145,0.0
859acc0217aecf9101209fabaf55895ca31f7490,597,47,0,0.0,4.0,215055,1189,2803,4518,7670,3145,0.0
c472922f2be1ab0fc7d6555bfd8365cfd4cadf8f,597,47,0,0.0,4.0,215055,1189,2803,4518,7670,3145,0.0
e5522668418a633f9ba2159aa0bb5f8dfb1a5712,597,47,0,0.0,4.0,215055,1189,2803,4518,7670,3145,0.0
a196bf382c88cb18a0c9e900b06ce78a9d6af310,597,47,0,0.0,4.0,215055,1189,2803,4518,7670,3145,0.0
64465e22109fb06dc53c8cc543e70e483960024e,597,47,0,0.0,4.0,215055,1189,2803,4518,7670,3145,0.0
96993cea95b7807532978126a3ae8a52ee27a9b6,597,47,0,0.0,4.0,215055,1189,2803,4518,7670,3145,0.0
f68ab774e799c0659b97d87e46efc5600815561c,597,47,0,0.0,4.0,215055,1189,2803,4518,7670,3145,0.0
1364067acd8d3d1a44dd59c5dd1a725c1749ef2f,597,47,0,0.0,4.0,215055,1189,2803,4518,7670,3145,0.0
df1d70caa52b04caac13284725ff8240e41c09c6,597,47,0,0.0,4.0,215055,1189,2803,4518,7670,3145,0.0
c958320724b7366646d2f343549d7c3e3b4181b0,597,47,0,0.0,4.0,215055,1189,2803,4518,7670,3145,0.0
a1cbbce40392ae92b332cee287a84bc1bbf7c8fc,597,47,0,0.0,4.0,215055,1189,2803,4518,7670,3145,0.0
c17cd3c180bddfca0883a280801ddf52138d82e6,597,47,0,0.0,4.0,215055,1189,2803,4518,7670,3145,0.0
1db92ef5570d4149685da1ee3fbfdcbcd2d9f377,597,47,0,0.0,4.0,215055,1189,2803,4518,7670,3145,0.0
b38350c7ee9e007f54747f133b2b1b224fa26387,597,47,0,0.0,4.0,215055,1189,2803,4518,7670,3145,0.0
6f5a7b0e805eb37f411f2b67400a622d613175a8,597,47,0,0.0,4.0,215055,1189,2803,4518,7670,3145,0.0
e7b1de4b9eee6248448f22e23102d7c720c4c22f,597,47,0,0.0,4.0,215055,1189,2803,4518,7670,3145,0.0
4fc4b009089a4502d8365bb32be0c4af2c5561aa,597,47,0,0.0,4.0,215055,1189,2803,4518,7670,3145,0.0
47f17c2c2e4f2c1ec6211e5f0c08ce86b7eecad0,597,47,0,0.0,4.0,215055,1189,2803,4518,7670,3145,0.0
e8701bd807430827a77e7e0d09e38ed10f08b169,597,47,0,0.0,4.0,215055,1189,2803,4518,7670,3145,0.0
a81673399e2f3ed2ac82b4f67434404fe5adae6c,597,47,0,0.0,4.0,215055,1189,2803,4518,7670,3145,0.0
9155aed60342935f94ff2c8fd34b7d1d4b404690,597,47,0,0.0,4.0,215055,1189,2803,4518,7670,3145,0.0
55d931063ddc9df3b0f10f8d8065b2eba351d7cc,597,47,0,0.0,4.0,215055,1189,2803,4518,7670,3145,0.0
e5cb6e7112c8bca9c0e348b3259bf361d76aa5c2,597,47,0,0.0,4.0,215055,1189,2803,4518,7670,3145,0.0
42125306aaa02981eceeeeaf6823645250d5b147,597,47,0,0.0,4.0,215055,1189,2803,4518,7670,3145,0.0
198fd7175421aed8ab1eb7cd7c34a1c9a83bf81d,597,47,0,0.0,4.0,215055,1189,2803,4518,7670,3145,0.0
3252fa95a7021d757dc732b3052c6001eedbb947,597,47,0,0.0,4.0,215055,1189,2803,4518,7670,3145,0.0
d56e59cbd2bbfb1311121c4dfe886a29898dd520,597,47,0,0.0,4.0,215055,1189,2803,4518,7670,3145,0.0
808b0367ad298ac09507f207a0ce8bb49c88cbd8,597,47,0,0.0,4.0,215055,1189,2803,4518,7670,3145,0.0
c4a565862e4e6745825d732e5342429286f2f921,597,47,0,0.0,4.0,215055,1189,2803,4518,7670,3145,0.0
55351115854a0e19c41287b6192ff09423040be6,597,47,0,0.0,4.0,215055,1189,2803,4518,7670,3145,0.0
b9870ad5044e235932bf642b4bef6b84b44a25ee,597,47,0,0.0,4.0,215055,1189,2803,4518,7670,3145,0.0
d6c7073c8b2d7feaadfe74cc6260216e48b6bbba,597,47,0,0.0,4.0,215055,1189,2803,4518,7670,3145,0.0
d770c0fde3792649a8f1479233a756ba9e2c2eb7,597,47,0,0.0,4.0,215055,1189,2803,4518,7670,3145,0.0
985b3f1c10957a63eb9072d2fed7849ddf8cab01,597,47,0,0.0,4.0,215055,1189,2803,4518,7670,3145,0.0
fd9e440de6313bf91e1d143b848e0d378d7bad4f,597,47,0,0.0,4.0,215055,1189,2803,4518,7670,3145,0.0
4dfe9895299c3fb0d13a9100c126a9296de703c0,597,47,0,0.0,4.0,215055,1189,2803,4518,7670,3145,0.0
d736dfc6ce362ca6df3a2a71ebf24eb5408a4004,597,47,0,0.0,4.0,215055,1189,2803,4518,7670,3145,0.0
1900eafbbcd6846cc2d93bb645dd617a08c8a118,597,47,0,0.0,4.0,215055,1189,2803,4518,7670,3145,0.0
07adb2389b721af48c36053855318780c795d8fb,597,47,0,0.0,4.0,215055,1189,2803,4518,7670,3145,0.0
8e477f279aa20dc7253e3de9ab6d4f7f4761b398,597,47,0,0.0,4.0,215055,1189,2803,4518,7670,3145,0.0
f4f930c003c4844be9e21ee5c4e4a185d0637999,597,47,0,0.0,4.0,215055,1189,2803,4518,7670,3145,0.0
baac7276d525153d6ca1c710d016a0a96e0a39c5,597,47,0,0.0,4.0,215055,1189,2803,4518,7670,3145,0.0
6a4e80f97b9b6e15814bbda4aa06e592aac08dd1,597,47,0,0.0,4.0,215055,1189,2803,4518,7670,3145,0.0
0f64067738c6a811908755714f2b09f2eeb7e603,597,47,0,0.0,4.0,215055,1189,2803,4518,7670,3145,0.0
6c7cf8c0f95671448107ea9eab74b50f278cbc18,597,47,0,0.0,4.0,215055,1189,2803,4518,7670,3145,0.0
b2fa70aa253c9645eace9d0c9c0d7181138be06c,597,47,0,0.0,4.0,215055,1189,2803,4518,7670,3145,0.0
681d60003907086b5a0210b5dde1522f1ae91ed2,597,47,0,0.0,4.0,215055,1189,2803,4518,7670,3145,0.0
250f9f95c8fb8824d58dcf87e6c8afe2249fbf2d,597,47,0,0.0,4.0,215055,1189,2803,4518,7670,3145,0.0
360909f4fb924e7003506a17455b6867be8b56f1,597,47,0,0.0,4.0,215055,1189,2803,4518,7670,3145,0.0
10bc52fb83060cb7f5395a85fc57a73643f44f84,597,47,0,0.0,4.0,215055,1189,2803,4518,7670,3145,0.0
110152b0488f4aec4b1c4be29cfff06b5a3d72ab,597,47,0,0.0,4.0,215055,1189,2803,4518,7670,3145,0.0
882668da66c9607b93bc8fec8faf69cc17a68b76,597,47,0,0.0,4.0,215055,1189,2803,4518,7670,3145,0.0
3d2836f7a50276b74de26c42564d6bf90c4037cc,597,47,0,0.0,4.0,215055,1189,2803,4518,7670,3145,0.0
880128da32da95bacee9083e942bfb1ff6cdc352,597,47,0,0.0,4.0,215055,1189,2803,4518,7670,3145,0.0
419f15dd65322b0356f34b2dd1dc9a01bec9b714,597,47,0,0.0,4.0,215055,1189,2803,4518,7670,3145,0.0
8e8ae106910f288633bd86eda64690009a568d7d,597,47,0,0.0,4.0,215055,1189,2803,4518,7670,3145,0.0
24667fae278d7e2a641cd878422a3116c1c3d9b6,597,47,0,0.0,4.0,215055,1189,2803,4518,7670,3145,0.0
7602104698c995cec69abe19ef6c476124111e56,597,47,0,0.0,4.0,215055,1189,2803,4518,7670,3145,0.0
3f5bbd1fa2c95ecbebcb12bbe418c711aadeadc0,597,47,0,0.0,4.0,215055,1189,2803,4518,7670,3145,0.0
e9817e561a7421b8221d6b7c19ee023a0164791f,597,47,0,0.0,4.0,215055,1189,2803,4518,7670,3145,0.0
53ff3ab3d8bd501abd5f0b0827ce6eb18e69563f,597,47,0,0.0,4.0,215055,1189,2803,4518,7670,3145,0.0
e40bd46a9f6629a8b02fcdbdd27717d4d5fedf9f,597,47,0,0.0,4.0,215055,1189,2803,4518,7670,3145,0.0
a25914968e59b1eeb141ecad8e358fa8e1ace708,597,47,0,0.0,4.0,215055,1189,2803,4518,7670,3145,0.0
1a7fe2c83532ad4a1e8359a44b5f1562e2461101,597,47,0,0.0,4.0,215055,1189,2803,4518,7670,3145,0.0
2cb97b56c332976450ebde1261ed0871cbcddb42,597,47,0,0.0,4.0,215055,1189,2803,4518,7670,3145,0.0
95096f354c114c0f687f8d6e567d9626dcaf44b1,597,47,0,0.0,4.0,215055,1189,2803,4518,7670,3145,0.0
a216c9b5561e4896bb591986f96be0367e4f70e1,597,47,0,0.0,4.0,215055,1189,2803,4518,7670,3145,0.0
adc7022cf018b3aed894e331fa08573e9e261f06,597,47,0,0.0,4.0,215055,1189,2803,4518,7670,3145,0.0
e9fc4932bb7dadf60fbc130a52566aebce2c57c6,597,47,0,0.0,4.0,215055,1189,2803,4518,7670,3145,0.0
a3994f4fab0a7c4a92174ae8b4b9a77043c5afca,597,47,0,0.0,4.0,215055,1189,2803,4518,7670,3145,0.0
dee9ecacb36dd44391ff8eda0804cb01b0f4a14f,597,47,0,0.0,4.0,215055,1189,2803,4518,7670,3145,0.0
7acca12e7c4a58b9b2cd4ad5c9bf0515a7d67261,597,47,0,0.0,4.0,215055,1189,2803,4518,7670,3145,0.0
0bbf29c8542c3c5f28e4ed3b1a4b579cfb835c0b,597,47,0,0.0,4.0,215055,1189,2803,4518,7670,3145,0.0
81fb14980626748cfbe6c04a221438b36c8f0df1,597,47,0,0.0,4.0,215055,1189,2803,4518,7670,3145,0.0
2d3516bbd0c27f98547287c7c43187fca221631d,597,47,0,0.0,4.0,215055,1189,2803,4518,7670,3145,0.0
1f53e36ee0f6faebe064fc519a0dbcee5fc0c187,597,47,0,0.0,4.0,215055,1189,2803,4518,7670,3145,0.0
d8d890e8231d510c32741cf46420c0414b2f67ef,597,47,0,0.0,4.0,215055,1189,2803,4518,7670,3145,0.0
b098098529877768eb9beeea3a02045ac0941bf4,597,47,0,0.0,4.0,215055,1189,2803,4518,7670,3145,0.0
788cbd3af63fcf4b5e482fc65ed20f13e3b4b0db,597,47,0,0.0,4.0,215055,1189,2803,4518,7670,3145,0.0
2e28611cec0b1aa4fce40f7117f72efcac0599cd,597,47,0,0.0,4.0,215055,1189,2803,4518,7670,3145,0.0
8ca97f4ae8b438e978af6dd1d91507e5743e176f,597,47,0,0.0,4.0,215055,1189,2803,4518,7670,3145,0.0
6af02440e03dffc48ba0f45ad49af7403e966b1c,597,47,0,0.0,4.0,215055,1189,2803,4518,7670,3145,0.0
11f9bc14e679d9a1532a8721e10daac2d2c9aa1a,597,47,0,0.0,4.0,215055,1189,2803,4518,7670,3145,0.0
eaefac2dd19f4547c5442b22526db231c087b8c5,597,47,0,0.0,4.0,215055,1189,2803,4518,7670,3145,0.0
45a4b3c660d420dacb0fe454fd59f2d7950595a4,597,47,0,0.0,4.0,215055,1189,2803,4518,7670,3145,0.0
f47fcdf5d5c270c79f78800237da8e6434d00ce8,597,47,0,0.0,4.0,215055,1189,2803,4518,7670,3145,0.0
a96e99e458b0dc68301139ed80192a60c45e453d,597,47,0,0.0,4.0,215055,1189,2803,4518,7670,3145,0.0
bf8231a9a45443b416669f7101f5930fb23047ae,597,47,0,0.0,4.0,215055,1189,2803,4518,7670,3145,0.0
9e3edf04dce2409e2ad0d1c1eadf68b495a6bca5,597,47,0,0.0,4.0,215055,1189,2803,4518,7670,3145,0.0
3b8f6741c0059fd4c93f7ec842b3861b7199e582,597,47,0,0.0,4.0,215055,1189,2803,4518,7670,3145,0.0
96c4dfb9a00b0ed1fbf763e492075f44b82c89e9,597,47,0,0.0,4.0,215055,1189,2803,4518,7670,3145,0.0
5230d48785f1123db26017d86daa8010623a04fc,597,47,0,0.0,4.0,215055,1189,2803,4518,7670,3145,0.0
9fe4254bf4f4d790d95887d1ffb0d9ec31ab3ef1,597,47,0,0.0,4.0,215055,1189,2803,4518,7670,3145,0.0
fb3b2146bb1a44a88a1d6f3058ab3ac5b00c2326,597,47,0,0.0,4.0,215055,1189,2803,4518,7670,3145,0.0
0b175dce80364142eabd40c406540abe2d914034,597,47,0,0.0,4.0,215055,1189,2803,4518,7670,3145,0.0
dc8f595d43cf066ac5c23d66c4f62cb0af803dd7,597,47,0,0.0,4.0,215055,1189,2803,4518,7670,3145,0.0
ce68bf66b4aea6670d95bdbb2502b96580f3aac4,597,47,0,0.0,4.0,215055,1189,2803,4518,7670,3145,0.0
02bea553cfe3be271833da605aeec92cb876f94a,597,47,0,0.0,4.0,215055,1189,2803,4518,7670,3145,0.0
d4d8782648e14649ae69fbd1fd662fa20f1b3818,597,47,0,0.0,4.0,215055,1189,2803,4518,7670,3145,0.0
80c996bfcd4ea51e9e78c58feef8b83709bdbf38,597,47,0,0.0,4.0,215055,1189,2803,4518,7670,3145,0.0
0a5faf85a3d9e0231fa5c8a471ff140037eaa87e,597,47,0,0.0,4.0,215055,1189,2803,4518,7670,3145,0.0
ca28bb65792b59a534e781b924dfcfed4b7c5362,597,47,0,0.0,4.0,215055,1189,2803,4518,7670,3145,0.0
7a3d6e61e931c47da9bf360be5ef300a1c5f0003,597,47,0,0.0,4.0,215055,1189,2803,4518,7670,3145,0.0
c84adc6a9dbd196aed3589e932ec1111aa79e3e6,597,47,0,0.0,4.0,215055,1189,2803,4518,7670,3145,0.0
5e399d4ee3b0f251a00928fa57238a1f4d93d7a2,597,47,0,0.0,4.0,215055,1189,2803,4518,7670,3145,0.0
12965e171e73d875d7f8ed959ebc34667b8efa8e,597,47,0,0.0,4.0,215055,1189,2803,4518,7670,3145,0.0
c29d77f00fe4f5d8c292023edddbd1cdede458fe,597,47,0,0.0,4.0,215055,1189,2803,4518,7670,3145,0.0
9cd5c5ce9e3e45752cd07604dc586f9c04004b4a,597,47,0,0.0,4.0,215055,1189,2803,4518,7670,3145,0.0
0d5c2ec2104bae2791e00743ff3aaa933e82ea43,597,47,0,0.0,4.0,215055,1189,2803,4518,7670,3145,0.0
e399ff593467cbae72bfb2d3e36df5e30d38aaeb,597,47,0,0.0,4.0,215055,1189,2803,4518,7670,3145,0.0
6e3a3560d4d678effc944f0f345bbe6e5141690e,597,47,0,0.0,4.0,215055,1189,2803,4518,7670,3145,0.0
b8c0a6e745ecf537a2e5ef8451c0b6e94c9b3ee2,597,47,0,0.0,4.0,215055,1189,2803,4518,7670,3145,0.0
936dff31307bd8b71c1dfc0fd43d4eb29475e82e,597,47,0,0.0,4.0,215055,1189,2803,4518,7670,3145,0.0
65bd98fd42e0bd3815901836408a1080da2569d5,597,47,0,0.0,4.0,215055,1189,2803,4518,7670,3145,0.0
18be160d2a7bd6015d3f331d3eb44b9de3a7fdbe,597,47,0,0.0,4.0,215055,1189,2803,4518,7670,3145,0.0
ff4d71e3e6aaf88ad318ec138deb61a571054599,597,47,0,0.0,4.0,215055,1189,2803,4518,7670,3145,0.0
1991ab515952e55cc90c57e024b0a2974107f459,597,47,0,0.0,4.0,215055,1189,2803,4518,7670,3145,0.0
8a516718be630e833748a6422063cdf905288834,597,47,0,0.0,4.0,215055,1189,2803,4518,7670,3145,0.0
0b8decfdcfced2268c37c2b70eaa5bb5825beda9,597,47,0,0.0,4.0,215055,1189,2803,4518,7670,3145,0.0
fec28c36e6bb662bae202f940e8fadad705df9cd,597,47,0,0.0,4.0,215055,1189,2803,4518,7670,3145,0.0
2ea658f762a478b10ed4aa54fa91ce40d6df0862,597,47,0,0.0,4.0,215055,1189,2803,4518,7670,3145,0.0
26a302fd7c45a311678e379c929b899f79fb9205,597,47,0,0.0,4.0,215055,1189,2803,4518,7670,3145,0.0
f111bbf799aa1a797ef5c143ffcda54a6a996cc4,597,47,0,0.0,4.0,215055,1189,2803,4518,7670,3145,0.0
6487ee88861b6cb1b503ac841f530b95a24f6b7f,597,47,0,0.0,4.0,215055,1189,2803,4518,7670,3145,0.0
42ca5de3462ba1e398039720eb9b12ff70bdbf5a,597,47,0,0.0,4.0,215055,1189,2803,4518,7670,3145,0.0
022f3d6a08e89fd50ab0eae7d0105ea3874c9ff9,597,47,0,0.0,4.0,215055,1189,2803,4518,7670,3145,0.0
bf7bd4206bc343432cd675d9a1047def808e4075,597,47,0,0.0,4.0,215055,1189,2803,4518,7670,3145,0.0
e17bc0bbee7bebe2fc1f6da78d78e568905d4781,597,47,0,0.0,4.0,215055,1189,2803,4518,7670,3145,0.0
d1f23ff2695d52843506946aa73dd4d799ef5849,597,47,0,0.0,4.0,215055,1189,2803,4518,7670,3145,0.0
b2f71f21d6bc173c63c1e5966dc92ad1b4427417,597,47,0,0.0,4.0,215055,1189,2803,4518,7670,3145,0.0
761db2cfed2d506b390e5f7b86d405073871e4f2,597,47,0,0.0,4.0,215055,1189,2803,4518,7670,3145,0.0
0d4d61854d6bcddadeb6dadd25e28bc9c7e00224,597,47,0,0.0,4.0,215055,1189,2803,4518,7670,3145,0.0
bcdb7672f9194c8fafe7bc67988654a877e9e06e,597,47,0,0.0,4.0,215055,1189,2803,4518,7670,3145,0.0
abf48c69bc6cffb178869862ffdbd5cd804e0181,597,47,0,0.0,4.0,215055,1189,2803,4518,7670,3145,0.0
19ae73aadae82c310d8aa9e03943735adc9d7e4c,597,47,0,0.0,4.0,215055,1189,2803,4518,7670,3145,0.0
ca6b18cebe7c64e29bbe5ae78a0403f0b187289c,597,47,0,0.0,4.0,215055,1189,2803,4518,7670,3145,0.0
e4b6f31c2702b5c7a8c34a25fb3ae498edaad1cd,597,47,0,0.0,4.0,215055,1189,2803,4518,7670,3145,0.0
ecf428a191767bfdcd3883141d895b2de814b93c,597,47,0,0.0,4.0,215055,1189,2803,4518,7670,3145,0.0
aef05e4bbd5fb7e89bfb25e2ba8833b4aafb069b,597,47,0,0.0,4.0,215055,1189,2803,4518,7670,3145,0.0
05dea463a11aa148d632adca8f8e2ca7242d9b9f,597,47,0,0.0,4.0,215055,1189,2803,4518,7670,3145,0.0
d807425e008d829a462662cf42a75443ec865189,597,47,0,0.0,4.0,215055,1189,2803,4518,7670,3145,0.0
01da35ee1cc775b1fba01f430379a62b2c368a8d,597,47,0,0.0,4.0,215055,1189,2803,4518,7670,3145,0.0
6868b1c3eff258837ebe60af3b074d16c3952b78,597,47,0,0.0,4.0,215055,1189,2803,4518,7670,3145,0.0
b3d6acb40fe0181dbb055e5279f661648b168593,597,47,0,0.0,4.0,215055,1189,2803,4518,7670,3145,0.0
049f0cff60a2d4dd974fea2915a1850cb301430b,597,47,0,0.0,4.0,215055,1189,2803,4518,7670,3145,0.0
ac614d872bee6a1e5f567a397a90e46e8a8b9719,597,47,0,0.0,4.0,215055,1189,2803,4518,7670,3145,0.0
a6f3ffdffbfe83f8d64229a8217454106e3efd42,597,47,0,0.0,4.0,215055,1189,2803,4518,7670,3145,0.0
4ccc42f7d4e6eb82c8c1b5ed40f29a45c003d5bc,597,47,0,0.0,4.0,215055,1189,2803,4518,7670,3145,0.0
be7d0a086c2df4186c91fcbf91042f7f73cf80b1,597,47,0,0.0,4.0,215055,1189,2803,4518,7670,3145,0.0
2f685ed87448e50459ee4c0b2ac12c8d7af52f19,597,47,0,0.0,4.0,215055,1189,2803,4518,7670,3145,0.0
301f461f4c53c81002caed4c658a5350c063c63a,597,47,0,0.0,4.0,215055,1189,2803,4518,7670,3145,0.0
b956a736eefa2558e688bfd1e2ed66b692685e85,597,47,0,0.0,4.0,215055,1189,2803,4518,7670,3145,0.0
20977821614d0b99f4f8b0915ae035a8df25d613,597,47,0,0.0,4.0,215055,1189,2803,4518,7670,3145,0.0
08484f91fee867ce1140cccfa367386aa899265e,597,47,0,0.0,4.0,215055,1189,2803,4518,7670,3145,0.0
ae2664700f853c1e0045f95e64f934268883d369,597,47,0,0.0,4.0,215055,1189,2803,4518,7670,3145,0.0
1b2ec7f173471e44a6b0611d7926d26dcd96cb11,597,47,0,0.0,4.0,215055,1189,2803,4518,7670,3145,0.0
566f2252687ad1af7b54892c3dced027dae63151,597,47,0,0.0,4.0,215055,1189,2803,4518,7670,3145,0.0
bd3b2e024b169be627e269a92275a7475f2fc3c1,597,47,0,0.0,4.0,215055,1189,2803,4518,7670,3145,0.0
cfd6a08c38b18d45bbef2b09f8c9690aaf9efab9,597,47,0,0.0,4.0,215055,1189,2803,4518,7670,3145,0.0
e0ffd001d3941534ed3bcdd4db3827572ad59d18,597,47,0,0.0,4.0,215055,1189,2803,4518,7670,3145,0.0
41cabde0ce237ba2bc047136ccb2c5baf29334fc,597,47,0,0.0,4.0,215055,1189,2803,4518,7670,3145,0.0
0c1cd1c35facf8a226938f191ad4c8cffef255d5,597,47,0,0.0,4.0,215055,1189,2803,4518,7670,3145,0.0
a18ba6f2f01308b438935d856a0288dc8ee5b237,597,47,0,0.0,4.0,215055,1189,2803,4518,7670,3145,0.0
56f8d1af8dff6cfe0183fb5fe21bca0a64454b22,597,47,0,0.0,4.0,215055,1189,2803,4518,7670,3145,0.0
6dd6226f5d718396645d81854d99352f3ddda16c,597,47,0,0.0,4.0,215055,1189,2803,4518,7670,3145,0.0
d062ff6a325e94d93685624769f4e656714d6f12,597,47,0,0.0,4.0,215055,1189,2803,4518,7670,3145,0.0
89576615325add1289d5345fb24dd42ed20e8576,597,47,0,0.0,4.0,215055,1189,2803,4518,7670,3145,0.0
4273f82f7672e7f499d36804b4c6bf7a56fc08a1,597,47,0,0.0,4.0,215055,1189,2803,4518,7670,3145,0.0
18795294c2538bdf0b375f01b84b5eeb54c75a17,597,47,0,0.0,4.0,215055,1189,2803,4518,7670,3145,0.0
a97c94c2cade1c5e09b43863c9ef21a77a7f8e7d,597,47,0,0.0,4.0,215055,1189,2803,4518,7670,3145,0.0
645e3ce7b8258e5c0efb07bb670e5cd2cb8d61c4,597,47,0,0.0,4.0,215055,1189,2803,4518,7670,3145,0.0
b8be8ddd0c748e2f444e78704f66a898f3973a45,597,47,0,0.0,4.0,215055,1189,2803,4518,7670,3145,0.0
c1317f6b99a644c508554874016ad504eb0ae0cf,597,47,0,0.0,4.0,215055,1189,2803,4518,7670,3145,0.0
9ddfc8d3ebbabd2da7a6a36a42716e7021c9cc19,597,47,0,0.0,4.0,215055,1189,2803,4518,7670,3145,0.0
5260018868e090493884efec06289d01b4e29293,597,47,0,0.0,4.0,215055,1189,2803,4518,7670,3145,0.0
ff2a3f7d51588cebf04aab7f6d0622b98e9700dc,597,47,0,0.0,4.0,215055,1189,2803,4518,7670,3145,0.0
237b05778f130c00dcf1a2a5b498e12b3c208d89,597,47,0,0.0,4.0,215055,1189,2803,4518,7670,3145,0.0
8409ab8532727c7175a9607591c3002ba1b4c14d,597,47,0,0.0,4.0,215055,1189,2803,4518,7670,3145,0.0
d9cbbeeb2fe3866cadd8cf512ecb0a488994e7c0,597,47,0,0.0,4.0,215055,1189,2803,4518,7670,3145,0.0
6f1d0fce8fbef72e4fd9e1674a01c462271e83ea,597,47,0,0.0,4.0,215055,1189,2803,4518,7670,3145,0.0
482c68c0bdde665674a6277346cfb65ce4242e19,597,47,0,0.0,4.0,215055,1189,2803,4518,7670,3145,0.0
2037d929a420fc699573bd70d9dee04e6b3c88a4,597,47,0,0.0,4.0,215055,1189,2803,4518,7670,3145,0.0
defec5e6b2b661eb472676d53c9bc54e35a53770,597,47,0,0.0,4.0,215055,1189,2803,4518,7670,3145,0.0
79b9bf15a0468d795385af12e4fe0584e83b5e59,597,47,0,0.0,4.0,215055,1189,2803,4518,7670,3145,0.0
9e5e0d8e85e5474b3a32611cb4a4bdc58a71ae01,597,47,0,0.0,4.0,215055,1189,2803,4518,7670,3145,0.0
c19a378a2793652e48924f8182a67e91f423639a,597,47,0,0.0,4.0,215055,1189,2803,4518,7670,3145,0.0
f59fe866de9106d8f14ef1fcfa6c68bb362de285,597,47,0,0.0,4.0,215055,1189,2803,4518,7670,3145,0.0
6d43724afb622ca2237f06b7920095e109bd2fef,597,47,0,0.0,4.0,215055,1189,2803,4518,7670,3145,0.0
b69c26274b504c08124f9fddd520ce0baea14561,597,47,0,0.0,4.0,215055,1189,2803,4518,7670,3145,0.0
bdf9a3438e1b5d0ba5806b3178762a3a072ac652,597,47,0,0.0,4.0,215055,1189,2803,4518,7670,3145,0.0
d03b128f59e6d84e86652e633d2dbe2092f8824c,597,47,0,0.0,4.0,215055,1189,2803,4518,7670,3145,0.0
e263f6bc17f913ec21bc40cf70398c769fed50f7,597,47,0,0.0,4.0,215055,1189,2803,4518,7670,3145,0.0
04f368ea68446dd69f2b1af6a0f02ac8e0201ca9,597,47,0,0.0,4.0,215055,1189,2803,4518,7670,3145,0.0
a00c1800947fdbe010095847fdef4093625d7e6c,597,47,0,0.0,4.0,215055,1189,2803,4518,7670,3145,0.0
119de4d7fd3c3af0d3abbf817d503391f670e69f,597,47,0,0.0,4.0,215055,1189,2803,4518,7670,3145,0.0
106c2e372965b3ef4df05d288cd6eeec9c3a8da4,597,47,0,0.0,4.0,215055,1189,2803,4518,7670,3145,0.0
e93f16059b3c04f30d8725b386e82ca60daed596,597,47,0,0.0,4.0,215055,1189,2803,4518,7670,3145,0.0
067d19acb859bf036abb04b05af07a092ab847aa,597,47,0,0.0,4.0,215055,1189,2803,4518,7670,3145,0.0
7777c7e2cb242e2d6dfed0b010133ede151e66ca,597,47,0,0.0,4.0,215055,1189,2803,4518,7670,3145,0.0
a05b499a310510e0b602777f6f2e4640fbc3bf21,597,47,0,0.0,4.0,215055,1189,2803,4518,7670,3145,0.0
5358ca1dfe743bb11827935a388acdcd24071a2b,597,47,0,0.0,4.0,215055,1189,2803,4518,7670,3145,0.0
502d6ef96bf92c034c1e88d46e04541df85b8da4,597,47,0,0.0,4.0,215055,1189,2803,4518,7670,3145,0.0
6764744115bffdcd7cde85112611dade6002fe5c,597,47,0,0.0,4.0,215055,1189,2803,4518,7670,3145,0.0
333e2422b197e3d75b99e6f7b050b17bd20944ef,597,47,0,0.0,4.0,215055,1189,2803,4518,7670,3145,0.0
ce3127cce538c608219b45cded0fb89576b75dd6,597,47,0,0.0,4.0,215055,1189,2803,4518,7670,3145,0.0
536776d9ff0839d8ea6cbda0b21b6cab9fe8ef83,597,47,0,0.0,4.0,215055,1189,2803,4518,7670,3145,0.0
d81a71d41f15b3116acd4dee140e9dc6f5b5c7b6,597,47,0,0.0,4.0,215055,1189,2803,4518,7670,3145,0.0
3aebcf6c6c968c4bb8cffa8834cdffdb30c0b015,597,47,0,0.0,4.0,215055,1189,2803,4518,7670,3145,0.0
e0213c3ff33c93ca14d577ebff3c1edd23ed2317,597,47,0,0.0,4.0,215055,1189,2803,4518,7670,3145,0.0
d906da091c5f81cd82a3f921aba47f61c77a96e9,597,47,0,0.0,4.0,215055,1189,2803,4518,7670,3145,0.0
3cff8094d8386332c182e39ed68a3e730b785648,597,47,0,0.0,4.0,215055,1189,2803,4518,7670,3145,0.0
7556e8068867563d332865e61fb84c616fa21825,597,47,0,0.0,4.0,215055,1189,2803,4518,7670,3145,0.0
c654a3b66ee79f28022e9a9bc775ce5f65ed214f,597,47,0,0.0,4.0,215055,1189,2803,4518,7670,3145,0.0
14feb1cac6df38ef14479e796e329cec3ebdc3ec,597,47,0,0.0,4.0,215055,1189,2803,4518,7670,3145,0.0
e13dd9d48ec9e403ab2c3d3c5fc1817a425096a4,597,47,0,0.0,4.0,215055,1189,2803,4518,7670,3145,0.0
e98af52f83362964189c0e58fb059995f6660720,597,47,0,0.0,4.0,215055,1189,2803,4518,7670,3145,0.0
9a89002f6daff0ac13038b799d95e83346cc2f46,597,47,0,0.0,4.0,215055,1189,2803,4518,7670,3145,0.0
5e2730d66bd009568ff0fc7cba4b95285b46ec37,597,47,0,0.0,4.0,215055,1189,2803,4518,7670,3145,0.0
a20d4185c0428bdb15efff8673171d2b54218ec3,597,47,0,0.0,4.0,215055,1189,2803,4518,7670,3145,0.0
2a14783265db00c0b4c0dc5ff23431471445dd05,597,47,0,0.0,4.0,215055,1189,2803,4518,7670,3145,0.0
e6d3d53a1dd89de4b59e08a6463b8fcf27fb4c29,597,47,0,0.0,4.0,215055,1189,2803,4518,7670,3145,0.0
e5dff2c28c344dab47a8e0c459d9f6bf8c3f3249,597,47,0,0.0,4.0,215055,1189,2803,4518,7670,3145,0.0
7edb5387a93079392a49747d5406ffecb4a57163,597,47,0,0.0,4.0,215055,1189,2803,4518,7670,3145,0.0
73700cb7296399be98316e09b44fb2ed4be5e924,597,47,0,0.0,4.0,215055,1189,2803,4518,7670,3145,0.0
e4428b03c8ea77e8beca3a3a90823a67ce1f1a89,597,47,0,0.0,4.0,215055,1189,2803,4518,7670,3145,0.0
926675e42bab376082e9d646825822030a88ad07,597,47,0,0.0,4.0,215055,1189,2803,4518,7670,3145,0.0
b57942c60b81f08e978582899cef6665c1ee05e7,597,47,0,0.0,4.0,215055,1189,2803,4518,7670,3145,0.0
44213e5bbbd66e3925bb443ae047010a1bfa7ebd,597,47,0,0.0,4.0,215055,1189,2803,4518,7670,3145,0.0
45629426a326553a1ee46e385614342eb453c0c7,597,47,0,0.0,4.0,215055,1189,2803,4518,7670,3145,0.0
a9bc38d7bb1b36d19459d4f0f59ecfe87b2e9fbf,597,47,0,0.0,4.0,215055,1189,2803,4518,7670,3145,0.0
5c537f50c1ecf790a1b6dc02457ba5a17a0b1a0e,597,47,0,0.0,4.0,215055,1189,2803,4518,7670,3145,0.0
ab85354b176d53a5ce7d8f41dddd5178bea97e27,597,47,0,0.0,4.0,215055,1189,2803,4518,7670,3145,0.0
31ad32ff17aaa04e0ce31b39ac0a49e805f8c718,597,47,0,0.0,4.0,215055,1189,2803,4518,7670,3145,0.0
eb30a4ee2bfab06f6b541712008a4ab9170a1313,597,47,0,0.0,4.0,215055,1189,2803,4518,7670,3145,0.0
1f883936fc87be9895c2ef87918c18c96b33f230,597,47,0,0.0,4.0,215055,1189,2803,4518,7670,3145,0.0
5b03161e5ed2939e2d877e16200614c67f9786df,597,47,0,0.0,4.0,215055,1189,2803,4518,7670,3145,0.0
c6bb3cd4ad88c527dbd46df90314c9363cfac527,597,47,0,0.0,4.0,215055,1189,2803,4518,7670,3145,0.0
6b4db3a5d8a7dfd07a16807846c77ecb787a004b,597,47,0,0.0,4.0,215055,1189,2803,4518,7670,3145,0.0
2763a1fa6c28c75d8219e2a83a5baa468ea65a68,597,47,0,0.0,4.0,215055,1189,2803,4518,7670,3145,0.0
e9a83190f2b94cfbb0e4039faa3d94ec15704e5b,597,47,0,0.0,4.0,215055,1189,2803,4518,7670,3145,0.0
2e663810e963fd1d278306f9d2fd0255cd5e9f05,597,47,0,0.0,4.0,215055,1189,2803,4518,7670,3145,0.0
9171fb4cd4867fb01243f27e6063f2d54595117e,597,47,0,0.0,4.0,215055,1189,2803,4518,7670,3145,0.0
e7c396d15918177aeb80fa7ce94d607b5ca0c490,597,47,0,0.0,4.0,215055,1189,2803,4518,7670,3145,0.0
f9906f4ff97edae47518d13d647087b36115430d,597,47,0,0.0,4.0,215055,1189,2803,4518,7670,3145,0.0
bd9fcab450d3aac5820b5adbc8d3c10b6aaf31b0,597,47,0,0.0,4.0,215055,1189,2803,4518,7670,3145,0.0
5678f0d132a99b6ce7683058add283fab117bff3,597,47,0,0.0,4.0,215055,1189,2803,4518,7670,3145,0.0
63e2f4c1abc3777dc229cc170e70fcf825e30e5a,597,47,0,0.0,4.0,215055,1189,2803,4518,7670,3145,0.0
8da9b13a8fd02b5e686db88474b6cd00caa57a4a,597,47,0,0.0,4.0,215055,1189,2803,4518,7670,3145,0.0
486b0187a9eab83b949859fe7aea5e3e8a4ada3e,597,47,0,0.0,4.0,215055,1189,2803,4518,7670,3145,0.0
ee292ad8cd789f01c83fdb11a4bf136d63e336d2,597,47,0,0.0,4.0,215055,1189,2803,4518,7670,3145,0.0
0af1141af7190fa40360c636a36c6ae3cac08968,597,47,0,0.0,4.0,215055,1189,2803,4518,7670,3145,0.0
c19d9118d522b5735291a83f013d112f10814ef1,597,47,0,0.0,4.0,215055,1189,2803,4518,7670,3145,0.0
e8b895f7e8a39397a742dd90035a5fc5ef02735d,597,47,0,0.0,4.0,215055,1189,2803,4518,7670,3145,0.0
07fd33e89af4d687ac499c41d7e791511437f57d,597,47,0,0.0,4.0,215055,1189,2803,4518,7670,3145,0.0
dd3b340d0ddb31878d3a9b69d57137270b5a59a3,597,47,0,0.0,4.0,215055,1189,2803,4518,7670,3145,0.0
ceee2b8e1dadc298f83b9e51fb439c3425d8a17b,597,47,0,0.0,4.0,215055,1189,2803,4518,7670,3145,0.0
3c1ae827a44073aa8aecb0d18c2c622d8a0c4498,597,47,0,0.0,4.0,215055,1189,2803,4518,7670,3145,0.0
defd73add3e7329fda2ec27a31d97b907d6da3bd,597,47,0,0.0,4.0,215055,1189,2803,4518,7670,3145,0.0
48f9a6cdb99d6c9e2d3797ba6d2b03917739371a,597,47,0,0.0,4.0,215055,1189,2803,4518,7670,3145,0.0
67416fc60156b8a31eb0beb2a219276a9955f6c8,597,47,0,0.0,4.0,215055,1189,2803,4518,7670,3145,0.0
f4493ed37dd2fcbc66fab9dae7e966fb61ecc807,597,47,0,0.0,4.0,215055,1189,2803,4518,7670,3145,0.0
1a3492ef6e1e938e10724ad802025c0980e1a618,597,47,0,0.0,4.0,215055,1189,2803,4518,7670,3145,0.0
b2df9e42aedbe593a54197c565a317427c066152,597,47,0,0.0,4.0,215055,1189,2803,4518,7670,3145,0.0
29fe1d9f71a35442775cd349be5b5c42c170ed13,597,47,0,0.0,4.0,215055,1189,2803,4518,7670,3145,0.0
7d10400511ecb47707c95ab072bbf68937da239c,597,47,0,0.0,4.0,215055,1189,2803,4518,7670,3145,0.0
bfe4aed1fcb6a63ece32e11544af45df1daa6c4a,597,47,0,0.0,4.0,215055,1189,2803,4518,7670,3145,0.0
1a2e50db626a3911a0134d0ef1683c2c0c49de26,597,47,0,0.0,4.0,215055,1189,2803,4518,7670,3145,0.0
f40e611d13689d2564e5afa0fab72317ed4f6400,597,47,0,0.0,4.0,215055,1189,2803,4518,7670,3145,0.0
b547a2b8a02ec768c7d95cadd9fa10d4921fa1ec,597,47,0,0.0,4.0,215055,1189,2803,4518,7670,3145,0.0
62d699fda55ddd4842b2d38ab1df939a2b6dd622,597,47,0,0.0,4.0,215055,1189,2803,4518,7670,3145,0.0
5d704ff8505981c185e89f291e566f1e78b1a3a4,597,47,0,0.0,4.0,215055,1189,2803,4518,7670,3145,0.0
040ee614632a3e5fd18f2467de140e64d77b88ca,597,47,0,0.0,4.0,215055,1189,2803,4518,7670,3145,0.0
74ee5d5041fdbaf0a4e7d9afb60e890421ae4856,597,47,0,0.0,4.0,215055,1189,2803,4518,7670,3145,0.0
0dcf6c22b052d9c222964d0782439a2b50b6b0ed,597,47,0,0.0,4.0,215055,1189,2803,4518,7670,3145,0.0
4236f26cc0d3145792e559dcfbedbc3c6038e6ba,597,47,0,0.0,4.0,215055,1189,2803,4518,7670,3145,0.0
5c6915b13b7ebcc43cb241ca49dea0a233823228,597,47,0,0.0,4.0,215055,1189,2803,4518,7670,3145,0.0
bb6277071a33eccb70e2dfc60d6fb042e0c74007,597,47,0,0.0,4.0,215055,1189,2803,4518,7670,3145,0.0
ca9b16c2afcec33fabcc1716b27791d19838bb89,597,47,0,0.0,4.0,215055,1189,2803,4518,7670,3145,0.0
2c685415097fd14884d4345424a71fee4dc19489,597,47,0,0.0,4.0,215055,1189,2803,4518,7670,3145,0.0
b4ff037b3d7eab3ef6e124ee6f5fc311ec49fc54,597,47,0,0.0,4.0,215055,1189,2803,4518,7670,3145,0.0
42dc03a2d43f1926236a6afe7d4b8d77067b1c51,597,47,0,0.0,4.0,215055,1189,2803,4518,7670,3145,0.0
61861a12fe2a27b3bee0a65e7e05a05faaf08d23,597,47,0,0.0,4.0,215055,1189,2803,4518,7670,3145,0.0
3c0f4f7659990c01e2b8c5f2419773c9701d275c,597,47,0,0.0,4.0,215055,1189,2803,4518,7670,3145,0.0
e14de7626f2d1c24aaefb2c61b592c40b217faee,597,47,0,0.0,4.0,215055,1189,2803,4518,7670,3145,0.0
12c0a9f94264c711cb0c7b81d8f309e2bc57416a,597,47,0,0.0,4.0,215055,1189,2803,4518,7670,3145,0.0
cb9288dfb435f93f58e4807885052b83ce85cc67,597,47,0,0.0,4.0,215055,1189,2803,4518,7670,3145,0.0
2e08d62b3e66b3daea2f605ba320b9a06e764daa,597,47,0,0.0,4.0,215055,1189,2803,4518,7670,3145,0.0
c67104d4adef9e531921a92becd81475174e63e8,597,47,0,0.0,4.0,215055,1189,2803,4518,7670,3145,0.0
58a16e6a4a3926c2fcdcb300fb63a8ecf6fc159d,597,47,0,0.0,4.0,215055,1189,2803,4518,7670,3145,0.0
e2100ecdc29df62583f9e036c63f13ff1a1c49c6,597,47,0,0.0,4.0,215055,1189,2803,4518,7670,3145,0.0
24e53b64a8edae9034de07b40359e16e943a253c,597,47,0,0.0,4.0,215055,1189,2803,4518,7670,3145,0.0
0b43c3b2b09aa28b8956059752f84947c211ab26,597,47,0,0.0,4.0,215055,1189,2803,4518,7670,3145,0.0
e2683c4134571bdb6351a36813e51403dce6206e,597,47,0,0.0,4.0,215055,1189,2803,4518,7670,3145,0.0
0986e198e6dc68c3b550b74dc416fd05651a95d6,597,47,0,0.0,4.0,215055,1189,2803,4518,7670,3145,0.0
b144959c14d7f8c4a2884d9ade6d5430ca8be01b,597,47,0,0.0,4.0,215055,1189,2803,4518,7670,3145,0.0
121b2093175a0f64580bd1aea661f3a309679692,597,47,0,0.0,4.0,215055,1189,2803,4518,7670,3145,0.0
d05f821cc26cce9af09f27ee110c29dbdfa21482,597,47,0,0.0,4.0,215055,1189,2803,4518,7670,3145,0.0
2f313d205e5288ac735a3ae1a8fb804182eef0e6,597,47,0,0.0,4.0,215055,1189,2803,4518,7670,3145,0.0
6fcc9eb9f9976e3f12a33f7a3cd0d6c4e2d8d5c6,597,47,0,0.0,4.0,215055,1189,2803,4518,7670,3145,0.0
5682918d24247b1f328c7af99ca9ee1a9c729f94,597,47,0,0.0,4.0,215055,1189,2803,4518,7670,3145,0.0
8cdc2187d5f5bbe5670ac15114579f3565a84760,597,47,0,0.0,4.0,215055,1189,2803,4518,7670,3145,0.0
180a1613b0c6779dc06c2f80d474990cdf9fc536,597,47,0,0.0,4.0,215055,1189,2803,4518,7670,3145,0.0
da61580ada11a1c53c87732b6d41e1ec6b38e984,597,47,0,0.0,4.0,215055,1189,2803,4518,7670,3145,0.0
c85913d9c2da18fb93ceb1720415609b50b36d67,597,47,0,0.0,4.0,215055,1189,2803,4518,7670,3145,0.0
96de27e03de1fdcdbb49e2dd16c06e237d453a9e,597,47,0,0.0,4.0,215055,1189,2803,4518,7670,3145,0.0
c1d27bef4cfa581020867a19cc7312c1431ddeac,597,47,0,0.0,4.0,215055,1189,2803,4518,7670,3145,0.0
0bd31bc309061ff67dfc46a700663f9e10fbb792,597,47,0,0.0,4.0,215055,1189,2803,4518,7670,3145,0.0
c51ea1995da7bc1ec6cedc27b88ba63c54157b58,597,47,0,0.0,4.0,215055,1189,2803,4518,7670,3145,0.0
1de3b62e0abda29ad28dd216ba523eab51ed067d,597,47,0,0.0,4.0,215055,1189,2803,4518,7670,3145,0.0
512b89f13d5ab181e1870e6580395f7087bf76ab,597,47,0,0.0,4.0,215055,1189,2803,4518,7670,3145,0.0
321c2e6e6d78814eceed5f510cb58d051d6e01c2,597,47,0,0.0,4.0,215055,1189,2803,4518,7670,3145,0.0
67fb63d6ca428e4c08934f52f867a3c49edde51a,597,47,0,0.0,4.0,215055,1189,2803,4518,7670,3145,0.0
17ec0d02ae89ae4a5c12bf3f8191fa976272c199,597,47,0,0.0,4.0,215055,1189,2803,4518,7670,3145,0.0
5741f656eff0c444de706adb26ea4ab30fc90e96,597,47,0,0.0,4.0,215055,1189,2803,4518,7670,3145,0.0
034b8fa34a86a0b16559730aa3aade4f84cfdf3a,597,47,0,0.0,4.0,215055,1189,2803,4518,7670,3145,0.0
d99396ba9a61de1f110d11a9c7a0e336c204e590,597,47,0,0.0,4.0,215055,1189,2803,4518,7670,3145,0.0
35cde9f740ead031b74b725611442f548a811f6f,597,47,0,0.0,4.0,215055,1189,2803,4518,7670,3145,0.0
932f10965cb437dca428595d7d6314012cd5b643,597,47,0,0.0,4.0,215055,1189,2803,4518,7670,3145,0.0
0d681d0d4090ef75b3293fde31164335db8ce561,597,47,0,0.0,4.0,215055,1189,2803,4518,7670,3145,0.0
7a72c3b8f5a733281250b0edd3fb9d6f73e5e702,597,47,0,0.0,4.0,215055,1189,2803,4518,7670,3145,0.0
a1eb950bade65c0942ce44c7834778c017e93ccd,597,47,0,0.0,4.0,215055,1189,2803,4518,7670,3145,0.0
431ea01de8c6f6695e74acb2ee4f50c1452140ac,597,47,0,0.0,4.0,215055,1189,2803,4518,7670,3145,0.0
08ec9060d7c53c8639c9f6e870f394e923eb090e,597,47,0,0.0,4.0,215055,1189,2803,4518,7670,3145,0.0
d2e1488042d23e9c2f0113fed5d1ed761a26efc7,597,47,0,0.0,4.0,215055,1189,2803,4518,7670,3145,0.0
bd25533cfdc2a01eb8a224164cc9d6a8f48a2d56,597,47,0,0.0,4.0,215055,1189,2803,4518,7670,3145,0.0
757400da9ffccea4c538cf6959b6f00693b4a3c4,597,47,0,0.0,4.0,215055,1189,2803,4518,7670,3145,0.0
a49c7a1c8f7bf91de25ad611ba5d8697ac1523f6,597,47,0,0.0,4.0,215055,1189,2803,4518,7670,3145,0.0
46718b4bbfd0146fe2118218cdb18b164c91165c,597,47,0,0.0,4.0,215055,1189,2803,4518,7670,3145,0.0
48cb8e41a76b49b184f2b97e61b42eb109a16229,597,47,0,0.0,4.0,215055,1189,2803,4518,7670,3145,0.0
89aed8a70de7852f3f9e0f2231ae871021a9f880,597,47,0,0.0,4.0,215055,1189,2803,4518,7670,3145,0.0
1b9d1bab59605677b14a7411502b29c0af055b2c,597,47,0,0.0,4.0,215055,1189,2803,4518,7670,3145,0.0
4dfbe1835deb12b4c64b5190d8fcb05515b5fb35,597,47,0,0.0,4.0,215055,1189,2803,4518,7670,3145,0.0
0c93fe64c836bb18db705aa0a0811e6f4c36ede0,597,47,0,0.0,4.0,215055,1189,2803,4518,7670,3145,0.0
f35d5ec0f6a22f843ba10f3e775eaf6933abf279,597,47,0,0.0,4.0,215055,1189,2803,4518,7670,3145,0.0
8e20932a9d72f48e60201b78e396f893dbbeaa8e,597,47,0,0.0,4.0,215055,1189,2803,4518,7670,3145,0.0
cd6ab49daacdac87f9836becfed3f0197f24cabe,597,47,0,0.0,4.0,215055,1189,2803,4518,7670,3145,0.0
cd441a1206cd690eac8ce955cfc03c1a11258f27,597,47,0,0.0,4.0,215055,1189,2803,4518,7670,3145,0.0
9157beac5da52530fc6336e419bf02d57e9cce6c,597,47,0,0.0,4.0,215055,1189,2803,4518,7670,3145,0.0
5e16cf39a94049223e35fa1b531a74299f55b7af,597,47,0,0.0,4.0,215055,1189,2803,4518,7670,3145,0.0
00b9782a02189ffdddd6d5e322339ee835e47438,597,47,0,0.0,4.0,215055,1189,2803,4518,7670,3145,0.0
d1f1d8a70c236497aedf26e29e25c5389c2d6052,597,47,0,0.0,4.0,215055,1189,2803,4518,7670,3145,0.0
f64312f23061abbcf9a9c85dfe41a0d4d83c3e2a,597,47,0,0.0,4.0,215055,1189,2803,4518,7670,3145,0.0
470f790b11eb28bbf02e01c00dff69dc0820acce,597,47,0,0.0,4.0,215055,1189,2803,4518,7670,3145,0.0
493d8609922ee65dd970a434d6b0d20ee94f5db5,597,47,0,0.0,4.0,215055,1189,2803,4518,7670,3145,0.0
d4f72c730b363bf6be542dfcaa5d18aa23cbde7d,597,47,0,0.0,4.0,215055,1189,2803,4518,7670,3145,0.0
8ccb49ff374ca228eca59d0e6895ff9b6d896b4f,597,47,0,0.0,4.0,215055,1189,2803,4518,7670,3145,0.0
296f4dc85a01ae9fba6092848af6a40c4ffa8094,597,47,0,0.0,4.0,215055,1189,2803,4518,7670,3145,0.0
34691e0baa9dbed52e22b151182098fdf518c6a1,597,47,0,0.0,4.0,215055,1189,2803,4518,7670,3145,0.0
1efeeb191bdbacf5e8ab7f703a89d21ed4992e36,597,47,0,0.0,4.0,215055,1189,2803,4518,7670,3145,0.0
d7ceedc45b119b3341c0c313339b686a5d72ff9c,597,47,0,0.0,4.0,215055,1189,2803,4518,7670,3145,0.0
d20df5f2584e3aa787dde439939c06b2d612760d,597,47,0,0.0,4.0,215055,1189,2803,4518,7670,3145,0.0
7aacc2da4735099d4577a5c87fc917c089ce86b5,597,47,0,0.0,4.0,215055,1189,2803,4518,7670,3145,0.0
0bec68f996d9e5174b6737a0f848f2af20dbac70,597,47,0,0.0,4.0,215055,1189,2803,4518,7670,3145,0.0
cd32fe2ed933d4c4ebcd3e8bd254cfb6bdf361cd,597,47,0,0.0,4.0,215055,1189,2803,4518,7670,3145,0.0
b79c4c0241accf5c5610d2fecf5c7fbc0cefb832,597,47,0,0.0,4.0,215055,1189,2803,4518,7670,3145,0.0
1bfd354e232e8e37cb00110f1d2ce758eb6f3b94,597,47,0,0.0,4.0,215055,1189,2803,4518,7670,3145,0.0
fb1327044f1bfe0845f4d35f5b8539fe01c40f53,597,47,0,0.0,4.0,215055,1189,2803,4518,7670,3145,0.0
29b753d1c6482e52895f2b7e5041c9be72e68983,597,47,0,0.0,4.0,215055,1189,2803,4518,7670,3145,0.0
de0546bc47026d5b431cb2f744431a88664426be,597,47,0,0.0,4.0,215055,1189,2803,4518,7670,3145,0.0
1e37456e0fff136294782d3db237c0802356fb7d,597,47,0,0.0,4.0,215055,1189,2803,4518,7670,3145,0.0
df1f2af4fcd5c0feb66dd2dca395a720b88f2dfa,597,47,0,0.0,4.0,215055,1189,2803,4518,7670,3145,0.0
1c9d0b97dbf048fd2543ffac752483b149aac065,597,47,0,0.0,4.0,215055,1189,2803,4518,7670,3145,0.0
24a560dfae2ad09d9f5e58710980f4cd8041a2b8,597,47,0,0.0,4.0,215055,1189,2803,4518,7670,3145,0.0
d2f2680e4db0809468a6ca1d7f64ccfac90c33d2,597,47,0,0.0,4.0,215055,1189,2803,4518,7670,3145,0.0
5e7b789ced93fa8b3204a6d9793f956f8f1a4f11,597,47,0,0.0,4.0,215055,1189,2803,4518,7670,3145,0.0
22f79cd89ff6287a19e83e891d539561811455ef,597,47,0,0.0,4.0,215055,1189,2803,4518,7670,3145,0.0
ca18164750d519ae237da6e734133d5d096e5211,597,47,0,0.0,4.0,215055,1189,2803,4518,7670,3145,0.0
24bdd98fa3c727d4bb73330e2b51d0c3cbc92c20,597,47,0,0.0,4.0,215055,1189,2803,4518,7670,3145,0.0
40c575dd2564047d395a5703cd5f925890a1fb5a,597,47,0,0.0,4.0,215055,1189,2803,4518,7670,3145,0.0
a99eb56c65813a5db92388f1add7112b47adeae1,597,47,0,0.0,4.0,215055,1189,2803,4518,7670,3145,0.0
a95110b7507f760302394cbf69cef3faf8c3938f,597,47,0,0.0,4.0,215055,1189,2803,4518,7670,3145,0.0
3a43be6ff682e3937017d5a201058a40c55daf2a,597,47,0,0.0,4.0,215055,1189,2803,4518,7670,3145,0.0
7a1953be3b7031762ffa27e258c7c512db15a8a4,597,47,0,0.0,4.0,215055,1189,2803,4518,7670,3145,0.0
09e9b9eba97f11b607d23f384bbccb2e538c8137,597,47,0,0.0,4.0,215055,1189,2803,4518,7670,3145,0.0
4e98f4433a22380e185b2897169bb3030a82990e,597,47,0,0.0,4.0,215055,1189,2803,4518,7670,3145,0.0
c7aa35aa4b68adb597eff49ace6e51de6d1aba20,597,47,0,0.0,4.0,215055,1189,2803,4518,7670,3145,0.0
6eb0fa947a3b2fbd751b97112272701508e42ca6,597,47,0,0.0,4.0,215055,1189,2803,4518,7670,3145,0.0
193dc91bc4e143774c7fe4d7be7cc3cb61d03d06,597,47,0,0.0,4.0,215055,1189,2803,4518,7670,3145,0.0
40198e9724c938dd608fbbca166b57d7b87038f3,597,47,0,0.0,4.0,215055,1189,2803,4518,7670,3145,0.0
69b46637418c8ce48110d5ca9abd518f3ce1c7ae,597,47,0,0.0,4.0,215055,1189,2803,4518,7670,3145,0.0
9af757d42f05e8b48c9e776cc25f497c9c4632ca,597,47,0,0.0,4.0,215055,1189,2803,4518,7670,3145,0.0
92288586b0e1fecba91e7e87952f4832a7172864,597,47,0,0.0,4.0,215055,1189,2803,4518,7670,3145,0.0
195363aa9f59cd3f8111ba484e82e7f95bc95d49,597,47,0,0.0,4.0,215055,1189,2803,4518,7670,3145,0.0
f7ecfe92a3acc9decb42896dcddf5d3f312f1ebf,597,47,0,0.0,4.0,215055,1189,2803,4518,7670,3145,0.0
6a5a8d5ba3e2c919423fca261ac60d8bcbd1b5ca,597,47,0,0.0,4.0,215055,1189,2803,4518,7670,3145,0.0
1dd3c1da82ec43c457176c9a1a22b3a061a20891,597,47,0,0.0,4.0,215055,1189,2803,4518,7670,3145,0.0
ece0164b9fb472192252165703e81c7a2f1ec784,597,47,0,0.0,4.0,215055,1189,2803,4518,7670,3145,0.0
cfad0541966e06e427052611aff2d3826419ebef,597,47,0,0.0,4.0,215055,1189,2803,4518,7670,3145,0.0
b4f126f4aa811ef70cfb04b3c9f011aca1015fc8,597,47,0,0.0,4.0,215055,1189,2803,4518,7670,3145,0.0
26198dc4f3a2eeb5faabb934474bae2a8b143730,597,47,0,0.0,4.0,215055,1189,2803,4518,7670,3145,0.0
4135ecdd57f9cf2150826bee7be286a866c41073,597,47,0,0.0,4.0,215055,1189,2803,4518,7670,3145,0.0
c4e8680eb5125638a553bea2c2509e826df6ca3e,597,47,0,0.0,4.0,215055,1189,2803,4518,7670,3145,0.0
f76d6115ab30e92d7b3f3e485d118e3515662294,597,47,0,0.0,4.0,215055,1189,2803,4518,7670,3145,0.0
706e4f50fe53c451c724de63c9ce15d76ad18fab,597,47,0,0.0,4.0,215055,1189,2803,4518,7670,3145,0.0
36ce4efa746541f3253d4f751cd2aed392e0103a,597,47,0,0.0,4.0,215055,1189,2803,4518,7670,3145,0.0
e88d675ba3d481ee540952019f13e79f63cbc153,597,47,0,0.0,4.0,215055,1189,2803,4518,7670,3145,0.0
3a5c8727580b30a5f234e3028b3b07e3f4998127,597,47,0,0.0,4.0,215055,1189,2803,4518,7670,3145,0.0
33931247ec3a3efea73e224cc9446b0269f16549,597,47,0,0.0,4.0,215055,1189,2803,4518,7670,3145,0.0
36b6734e74bf5fcfa87049798f42ce86dca9d43e,597,47,0,0.0,4.0,215055,1189,2803,4518,7670,3145,0.0
02837a86fae11f50d36f041297597b184f6afc33,597,47,0,0.0,4.0,215055,1189,2803,4518,7670,3145,0.0
50850cdd1553f4ad55f9fb241084df61ae0f028b,597,47,0,0.0,4.0,215055,1189,2803,4518,7670,3145,0.0
1a66d33b14b89cb2a2f903e07caced5b6c0b5cf8,597,47,0,0.0,4.0,215055,1189,2803,4518,7670,3145,0.0
db474cc305e37d2a554a37924138e398179b01f7,597,47,0,0.0,4.0,215055,1189,2803,4518,7670,3145,0.0
d108dff5a8772cea4daa35a92e5df8b8ec737132,597,47,0,0.0,4.0,215055,1189,2803,4518,7670,3145,0.0
2a538710f1712c95be4613f144edb84e4448f93c,597,47,0,0.0,4.0,215055,1189,2803,4518,7670,3145,0.0
083027023663963db9383523fb2cf0a607b9fe0b,597,47,0,0.0,4.0,215055,1189,2803,4518,7670,3145,0.0
354c726adb11e5923ec23a3610ad9f56ff140c79,597,47,0,0.0,4.0,215055,1189,2803,4518,7670,3145,0.0
8c79032106a6376886bc9f8996ab14322b62ad1d,597,47,0,0.0,4.0,215055,1189,2803,4518,7670,3145,0.0
34cb5ea691f6b7c3b879dcd69e237b57a4c15d7c,597,47,0,0.0,4.0,215055,1189,2803,4518,7670,3145,0.0
000710f80544b3be4bce489063c0920ef2df154c,597,47,0,0.0,4.0,215055,1189,2803,4518,7670,3145,0.0
1815a6526f2955607368ebb0dbc082fde0eba521,597,47,0,0.0,4.0,215055,1189,2803,4518,7670,3145,0.0
b8d0db557faf6c93f494cbb7dc7f49b2580ad1db,597,47,0,0.0,4.0,215055,1189,2803,4518,7670,3145,0.0
5230e313043e22087d045d2642b8dad22fb0403e,597,47,0,0.0,4.0,215055,1189,2803,4518,7670,3145,0.0
53efe08665bfa75517bd0491705e517e2421ca7d,597,47,0,0.0,4.0,215055,1189,2803,4518,7670,3145,0.0
3426e3e81b7ff46ecbb10fc7b3902eeaf17c34d1,597,47,0,0.0,4.0,215055,1189,2803,4518,7670,3145,0.0
f2c6e5ddc4f9a63d785cbef6dde5b003d01b1f39,597,47,0,0.0,4.0,215055,1189,2803,4518,7670,3145,0.0
40000068d48dab7b523858d7b876896e02e9b293,597,47,0,0.0,4.0,215055,1189,2803,4518,7670,3145,0.0
a738f4b850d0a1141b97994a4d703593cf983095,597,47,0,0.0,4.0,215055,1189,2803,4518,7670,3145,0.0
3ece9778849062f94b09806e2706516ae13306ac,597,47,0,0.0,4.0,215055,1189,2803,4518,7670,3145,0.0
1ca7eeef83db319c161e3e6d69929a648d1f391b,597,47,0,0.0,4.0,215055,1189,2803,4518,7670,3145,0.0
deee81b3182c190773a6ebc7cd20874353a5db72,597,47,0,0.0,4.0,215055,1189,2803,4518,7670,3145,0.0
6a3a8252fad51a88273b7125d0befed8b2130d17,597,47,0,0.0,4.0,215055,1189,2803,4518,7670,3145,0.0
0a492cd27c329568cb9a3f1c767bb3e821d455a9,597,47,0,0.0,4.0,215055,1189,2803,4518,7670,3145,0.0
8b9f693f797a6176452dc0faa3b921e84a7f26c8,597,47,0,0.0,4.0,215055,1189,2803,4518,7670,3145,0.0
e779b4d8542898eb37d9b0f24a59ccbf4f50f9e4,597,47,0,0.0,4.0,215055,1189,2803,4518,7670,3145,0.0
e8c73f16540054431706322aafc494eb8508a9d8,597,47,0,0.0,4.0,215055,1189,2803,4518,7670,3145,0.0
6cca42b4cb7a7881736c296bcef78215896431d8,597,47,0,0.0,4.0,215055,1189,2803,4518,7670,3145,0.0
768d9b38cc3219bb1231f4fd0c53137a19d00f73,597,47,0,0.0,4.0,215055,1189,2803,4518,7670,3145,0.0
26e264aa630b4482f2867b4647e1ba30b2362f88,597,47,0,0.0,4.0,215055,1189,2803,4518,7670,3145,0.0
10002d855d63223803765f92b26136b9e368168b,597,47,0,0.0,4.0,215055,1189,2803,4518,7670,3145,0.0
c926a961ae92070da2b3502be64ea34df6576189,597,47,0,0.0,4.0,215055,1189,2803,4518,7670,3145,0.0
aa71d6b8438e70ec3b58a531688085b00e1dcd24,597,47,0,0.0,4.0,215055,1189,2803,4518,7670,3145,0.0
81d0d78586e17e31ae94cd9d42b753e28c8183d1,597,47,0,0.0,4.0,215055,1189,2803,4518,7670,3145,0.0
4c682e8e9ba7c9881e46eb67ef310d0896bfe3d0,597,47,0,0.0,4.0,215055,1189,2803,4518,7670,3145,0.0
e2531bc33fa2dbfb5683eb4ade0b32f3ffafc55f,597,47,0,0.0,4.0,215055,1189,2803,4518,7670,3145,0.0
68cac1ca96ad3bcb56cf6420b309c3192f7e4f9a,597,47,0,0.0,4.0,215055,1189,2803,4518,7670,3145,0.0
1aadd34e7205b42c275b1e7a8af277e5db09ebe0,597,47,0,0.0,4.0,215055,1189,2803,4518,7670,3145,0.0
12c9791259cb959ef541a44073ce46bd3be39847,597,47,0,0.0,4.0,215055,1189,2803,4518,7670,3145,0.0
9d2e60fdc6185801ab98dfe92beefaf408aa426c,597,47,0,0.0,4.0,215055,1189,2803,4518,7670,3145,0.0
741b6f0ecdc0a6795714c086c47f063a7653ecc8,597,47,0,0.0,4.0,215055,1189,2803,4518,7670,3145,0.0
7cc4d41da74ad0e76342e48698a7b3c3402841f2,597,47,0,0.0,4.0,215055,1189,2803,4518,7670,3145,0.0
59249315bedc6dc712fd206695b9fbcaac50ef26,597,47,0,0.0,4.0,215055,1189,2803,4518,7670,3145,0.0
f7c8449d0af8427ea0b4a4217493d18139681df9,597,47,0,0.0,4.0,215055,1189,2803,4518,7670,3145,0.0
37deddec8dbf08180d5b644c850818dad8179f07,597,47,0,0.0,4.0,215055,1189,2803,4518,7670,3145,0.0
953e2d7f21488195e3d068cefda90f826d82f265,597,47,0,0.0,4.0,215055,1189,2803,4518,7670,3145,0.0
d30bec38d04c59fd89f8e0ada3c9bfe8a74e0949,597,47,0,0.0,4.0,215055,1189,2803,4518,7670,3145,0.0
ff5edc2dae7533e042dc4f825181eb7a3b1b7235,597,47,0,0.0,4.0,215055,1189,2803,4518,7670,3145,0.0
5f32246d1f2d4fa481cd756e6b1f5d2d37cd11c2,597,47,0,0.0,4.0,215055,1189,2803,4518,7670,3145,0.0
a6a6b94dd352bb2a73788b312acf65c01773574f,597,47,0,0.0,4.0,215055,1189,2803,4518,7670,3145,0.0
0a1db79f83590b0cef5c98da39e270f9549b2236,597,47,0,0.0,4.0,215055,1189,2803,4518,7670,3145,0.0
9a1a383739460a36dcfe74ee9f9afa82abe71b93,597,47,0,0.0,4.0,215055,1189,2803,4518,7670,3145,0.0
b252492245cd0d9fb54f0a25a754870925d8a820,597,47,0,0.0,4.0,215055,1189,2803,4518,7670,3145,0.0
1f7ea18789ed72f12324d6c981436d0d29645539,597,47,0,0.0,4.0,215055,1189,2803,4518,7670,3145,0.0
17ed3e30b19a3b89109bd1d8dec885ac09b0e482,597,47,0,0.0,4.0,215055,1189,2803,4518,7670,3145,0.0
b778e32ef175fd31742d6671196f2fed2b0b9fa1,597,47,0,0.0,4.0,215055,1189,2803,4518,7670,3145,0.0
7e9b202f21db9d17070fdbf4dc2d69e208010e6f,597,47,0,0.0,4.0,215055,1189,2803,4518,7670,3145,0.0
07ae8667dc5b45f4f4bca7e39711ab3eaa0ef156,597,47,0,0.0,4.0,215055,1189,2803,4518,7670,3145,0.0
3d6f585071aabd22a8f61451e845ff6cd81e9dcd,597,47,0,0.0,4.0,215055,1189,2803,4518,7670,3145,0.0
0e017b44054cdba58e448193d4b76f413fe2f2d2,597,47,0,0.0,4.0,215055,1189,2803,4518,7670,3145,0.0
4c9276b60faeea77e0006afa388c5a6b805f3375,597,47,0,0.0,4.0,215055,1189,2803,4518,7670,3145,0.0
0c5b83207a0e65b9a46559bab8e9b32c31504fc4,597,47,0,0.0,4.0,215055,1189,2803,4518,7670,3145,0.0
d65ac3a38ab3727b84d74ce242aa60acdcf4002b,597,47,0,0.0,4.0,215055,1189,2803,4518,7670,3145,0.0
9aaf87645341d8c00645248e6581f061da81d7ea,597,47,0,0.0,4.0,215055,1189,2803,4518,7670,3145,0.0
cf3c0900f1000d2047001b1033d5a71cdbcb8ebe,597,47,0,0.0,4.0,215055,1189,2803,4518,7670,3145,0.0
cbef7f23ad7234eb0ec223ccfb5b7e8cbb860c13,597,47,0,0.0,4.0,215055,1189,2803,4518,7670,3145,0.0
f70ad3666a2da98c67111a3576391d2bb15550d4,597,47,0,0.0,4.0,215055,1189,2803,4518,7670,3145,0.0
cb1f70508653965e9123eb1d276d6108993a52d3,597,47,0,0.0,4.0,215055,1189,2803,4518,7670,3145,0.0
55164a6dc7be169bdf9f8c04f210f7ec0858d81f,597,47,0,0.0,4.0,215055,1189,2803,4518,7670,3145,0.0
4499b418c9598142f082d59c0f6bd5ceecbf444c,597,47,0,0.0,4.0,215055,1189,2803,4518,7670,3145,0.0
6cf5d6ff4c3fae4650e2b0ac612c99d309c64ea2,597,47,0,0.0,4.0,215055,1189,2803,4518,7670,3145,0.0
b86fc4194624e78f70b60b389a4831871ef1829b,597,47,0,0.0,4.0,215055,1189,2803,4518,7670,3145,0.0
39b506f943bf54fe164d0476b6d126af1ad26e93,597,47,0,0.0,4.0,215055,1189,2803,4518,7670,3145,0.0
9b7c2d6ec44d95d86ff0354e858b0ab8cb2862c0,597,47,0,0.0,4.0,215055,1189,2803,4518,7670,3145,0.0
92f89a96a66bf07d56c6f883de4b8c37cbc4fd49,597,47,0,0.0,4.0,215055,1189,2803,4518,7670,3145,0.0
b329a4daf0e06c47a2a69d533c06b17efde950c9,597,47,0,0.0,4.0,215055,1189,2803,4518,7670,3145,0.0
9b7969680fdc328211c101f9e161fc5cbe610e00,597,47,0,0.0,4.0,215055,1189,2803,4518,7670,3145,0.0
6174319a488512c05f71da48558fc2eab1f6f026,597,47,0,0.0,4.0,215055,1189,2803,4518,7670,3145,0.0
7f93d4da9eaa179f3435fe3c9b6a1bbd2421e73a,597,47,0,0.0,4.0,215055,1189,2803,4518,7670,3145,0.0
2b00d1c4be28fba3685b37baaca2a0bf80f0b542,597,47,0,0.0,4.0,215055,1189,2803,4518,7670,3145,0.0
9c7c4ad817f1617744db5aadf090a10ae22a2c8d,597,47,0,0.0,4.0,215055,1189,2803,4518,7670,3145,0.0
a3742c75262c69005cfa7c535ba6062a6a055bac,597,47,0,0.0,4.0,215055,1189,2803,4518,7670,3145,0.0
1bfc5aa94eba193421ccbd679cc4c149a30310e2,597,47,0,0.0,4.0,215055,1189,2803,4518,7670,3145,0.0
87d889cff66920bcfa2f359fbbf86c5a24308203,597,47,0,0.0,4.0,215055,1189,2803,4518,7670,3145,0.0
32116095aecdc6510dc9528436193586b9f2dfab,597,47,0,0.0,4.0,215055,1189,2803,4518,7670,3145,0.0
98fb814cf898ac9101ff0077ae81425093cfecd4,597,47,0,0.0,4.0,215055,1189,2803,4518,7670,3145,0.0
cae9ce6150ca2a7f4c7238fc703732046dc3a3d1,597,47,0,0.0,4.0,215055,1189,2803,4518,7670,3145,0.0
5eca9d9e277c6b7891921343f649d904d30df072,597,47,0,0.0,4.0,215055,1189,2803,4518,7670,3145,0.0
26624e60c5b3a92a67dd786ca8066942154be542,597,47,0,0.0,4.0,215055,1189,2803,4518,7670,3145,0.0
d1a8b1e388576e3ef53e634231de5d00b9648429,597,47,0,0.0,4.0,215055,1189,2803,4518,7670,3145,0.0
ecb9b498d0f8ec7b23d717060453a890cf995cbe,597,47,0,0.0,4.0,215055,1189,2803,4518,7670,3145,0.0
152f783ee9f5989cc4b92c944dc1c276031ba235,597,47,0,0.0,4.0,215055,1189,2803,4518,7670,3145,0.0
f0a84cc459a9d9ba82602d3dcc57a1e86f4c3b46,597,47,0,0.0,4.0,215055,1189,2803,4518,7670,3145,0.0
a7d8c11eb13d3d6a584e928511d1fa30f7c9a513,597,47,0,0.0,4.0,215055,1189,2803,4518,7670,3145,0.0
779944ff313ce7c0cb25c46734bbf894e501e101,597,47,0,0.0,4.0,215055,1189,2803,4518,7670,3145,0.0
affe8c37bf9f0dec4b26a71c84b1fb79447f3f10,597,47,0,0.0,4.0,215055,1189,2803,4518,7670,3145,0.0
becd3b1782b0ab3fe34f76111f3412bc47f82b8d,597,47,0,0.0,4.0,215055,1189,2803,4518,7670,3145,0.0
c34a262b724cec842d3c6c69749e0d565cb7005e,597,47,0,0.0,4.0,215055,1189,2803,4518,7670,3145,0.0
1faefe642606b8077fcc68ffe7637ef61b429b3a,597,47,0,0.0,4.0,215055,1189,2803,4518,7670,3145,0.0
fa546a2d656378fb490a9140c569941e71a48f6d,597,47,0,0.0,4.0,215055,1189,2803,4518,7670,3145,0.0
c150c88c44fe72966f0b75309b43309082da866c,597,47,0,0.0,4.0,215055,1189,2803,4518,7670,3145,0.0
4f855f17af25d9f78b550f0a7deec4c077087401,597,47,0,0.0,4.0,215055,1189,2803,4518,7670,3145,0.0
443961e07a522356b4d20958fc1293f5b7f83563,597,47,0,0.0,4.0,215055,1189,2803,4518,7670,3145,0.0
103df678d46c97087f19a95b23c41fa4101e1e05,597,47,0,0.0,4.0,215055,1189,2803,4518,7670,3145,0.0
ed802ce1bb4c950fcbee5a4ca36509f7d58c6258,597,47,0,0.0,4.0,215055,1189,2803,4518,7670,3145,0.0
89faf3c6e627eb44b2765637c12b0144a5987d49,597,47,0,0.0,4.0,215055,1189,2803,4518,7670,3145,0.0
eb1927a95a5b504e554831a7eacaf48c4cdd7bdd,597,47,0,0.0,4.0,215055,1189,2803,4518,7670,3145,0.0
1d257d0877d330982397b8123f93cd52bf9f64cb,597,47,0,0.0,4.0,215055,1189,2803,4518,7670,3145,0.0
5e3682af3e6377017b6b2b921496005c05460fc0,597,47,0,0.0,4.0,215055,1189,2803,4518,7670,3145,0.0
7ea5481db192d6858ea5f5ccfe245a71391f7604,597,47,0,0.0,4.0,215055,1189,2803,4518,7670,3145,0.0
069fdcb4861d98eef23354c6242d381f232ffa7f,597,47,0,0.0,4.0,215055,1189,2803,4518,7670,3145,0.0
1151074dc6c640674db80453586b070cc551e0cb,597,47,0,0.0,4.0,215055,1189,2803,4518,7670,3145,0.0
fd5c4369d69f2dbfba6ac4f522d6484ca2d0dd60,597,47,0,0.0,4.0,215055,1189,2803,4518,7670,3145,0.0
8fec4a21bc273ad0c2a78eadfd8e9d3b96a8cdcc,597,47,0,0.0,4.0,215055,1189,2803,4518,7670,3145,0.0
5a171f3d532abd9b305cfd7e5ffec8fa294c7dd6,597,47,0,0.0,4.0,215055,1189,2803,4518,7670,3145,0.0
54b4ce2b9d1c0cbe0a0538f8027fc679e58317a3,597,47,0,0.0,4.0,215055,1189,2803,4518,7670,3145,0.0
fd2bbb1e9ccf91e5931283a838edfce567a6fc58,597,47,0,0.0,4.0,215055,1189,2803,4518,7670,3145,0.0
7a98d22815f68c4bab5841127d350e5ff2ce4624,597,47,0,0.0,4.0,215055,1189,2803,4518,7670,3145,0.0
61af20f1f6cdd1b5ec86872c996591c249d1cd8c,597,47,0,0.0,4.0,215055,1189,2803,4518,7670,3145,0.0
8883b475cdff791cc702c24161db84445b2d1ec2,597,47,0,0.0,4.0,215055,1189,2803,4518,7670,3145,0.0
65932f098a647b062e2c2b640baa3124ee0cf49b,597,47,0,0.0,4.0,215055,1189,2803,4518,7670,3145,0.0
c2ae319958bf9aca78ae0f701f2e02629e3341aa,597,47,0,0.0,4.0,215055,1189,2803,4518,7670,3145,0.0
9e5d3b62db987440208391270a98d0db14ad8415,597,47,0,0.0,4.0,215055,1189,2803,4518,7670,3145,0.0
4f51cdcb43113926c53cc619285627b3e005f404,597,47,0,0.0,4.0,215055,1189,2803,4518,7670,3145,0.0
75b894c55a1a16cfce460c93377ac7c461b84f35,597,47,0,0.0,4.0,215055,1189,2803,4518,7670,3145,0.0
2b9aee04f82cd525e43445be8d1ffa49e5855454,597,47,0,0.0,4.0,215055,1189,2803,4518,7670,3145,0.0
d0ea6cd8f00654e6ca228baba32f993044877782,597,47,0,0.0,4.0,215055,1189,2803,4518,7670,3145,0.0
1efc91d4b0e1816b1ad8c76c45dab897ec0c3cd5,597,47,0,0.0,4.0,215055,1189,2803,4518,7670,3145,0.0
81460ca95219b691cde97056219b14ccbb3c9d67,597,47,0,0.0,4.0,215055,1189,2803,4518,7670,3145,0.0
ccf87ad9b2a4a71248f8f8a9f810e0e2645b4321,597,47,0,0.0,4.0,215055,1189,2803,4518,7670,3145,0.0
5be387d6accc9bb6d763ed3a9f430cfe5c348c9d,597,47,0,0.0,4.0,215055,1189,2803,4518,7670,3145,0.0
42a03b352a18416aa2f4b093b9394a5ff5398f17,597,47,0,0.0,4.0,215055,1189,2803,4518,7670,3145,0.0
a345e2e2e1d8f14fdfc84e2e94fa3f992cd03623,597,47,0,0.0,4.0,215055,1189,2803,4518,7670,3145,0.0
00ac2b65b3b94361ac83153080040c62439e8893,597,47,0,0.0,4.0,215055,1189,2803,4518,7670,3145,0.0
5c687129c0ab905c2fd450ddf7d4f9f79a6e9f72,597,47,0,0.0,4.0,215055,1189,2803,4518,7670,3145,0.0
7a899e567eb403c59c0991d8b7e664c5922c05a5,597,47,0,0.0,4.0,215055,1189,2803,4518,7670,3145,0.0
2b18e5fb90e38d50932c348efb03d99f29bbc5b7,597,47,0,0.0,4.0,215055,1189,2803,4518,7670,3145,0.0
5c4ee8e6d5f9b7724a791aa93c3b225269224327,597,47,0,0.0,4.0,215055,1189,2803,4518,7670,3145,0.0
473675696f944050bac84b40591daed0129785ac,597,47,0,0.0,4.0,215055,1189,2803,4518,7670,3145,0.0
048e95864beede0539596937991143a11c20457e,597,47,0,0.0,4.0,215055,1189,2803,4518,7670,3145,0.0
a26b4013b41f311077f3ff8def5711c61da6ae84,597,47,0,0.0,4.0,215055,1189,2803,4518,7670,3145,0.0
587d0cb71df9d320429e89d52e75efa69c9c6770,597,47,0,0.0,4.0,215055,1189,2803,4518,7670,3145,0.0
dea4fa51101dc3b89279214d95f0718491e3aa3b,597,47,0,0.0,4.0,215055,1189,2803,4518,7670,3145,0.0
36034af8ed6f0bcd01dd60c7d6523c65a9e85c57,597,47,0,0.0,4.0,215055,1189,2803,4518,7670,3145,0.0
127a325fd9c552599a1fc72ba196936e3046238b,597,47,0,0.0,4.0,215055,1189,2803,4518,7670,3145,0.0
0d8b945820dd1aab30a2b9c429c8f1efff1b63b8,597,47,0,0.0,4.0,215055,1189,2803,4518,7670,3145,0.0
f0083f0e427b9f715bee1c77eebf664d2b094f24,597,47,0,0.0,4.0,215055,1189,2803,4518,7670,3145,0.0
9729c6dce4fa75a0f82da1b4b540869f4c5af172,597,47,0,0.0,4.0,215055,1189,2803,4518,7670,3145,0.0
6522a994ebec98cbabe8bb57b74a6b4daee4c9d7,597,47,0,0.0,4.0,215055,1189,2803,4518,7670,3145,0.0
cc2c2ec0d64addb1737c439257fdcd97b3f0e1d4,597,47,0,0.0,4.0,215055,1189,2803,4518,7670,3145,0.0
c1b9dc011ed249e75c56facb8d869343fd2e1466,597,47,0,0.0,4.0,215055,1189,2803,4518,7670,3145,0.0
ff18f6a0532950d39e6e38df04106a775f520309,597,47,0,0.0,4.0,215055,1189,2803,4518,7670,3145,0.0
4e8a485de1f644a09c5e32a328c593ed7daefe22,597,47,0,0.0,4.0,215055,1189,2803,4518,7670,3145,0.0
c2233d5b6d7f7d8b4800a65f71db73b91ba2126f,597,47,0,0.0,4.0,215055,1189,2803,4518,7670,3145,0.0
1a95092a22dde2495bb77a5138ee57bf2c1c0ead,597,47,0,0.0,4.0,215055,1189,2803,4518,7670,3145,0.0
06086275be54168a61412afe6e7790c5035885e9,597,47,0,0.0,4.0,215055,1189,2803,4518,7670,3145,0.0
c8b7f15ea51ad2eba59522434b2e17d48d671849,597,47,0,0.0,4.0,215055,1189,2803,4518,7670,3145,0.0
44ed13422e9b0148268ffb5f8717fa0b35a8fc8b,597,47,0,0.0,4.0,215055,1189,2803,4518,7670,3145,0.0
d82f9b27e115799e726de6c700dd9eb933929691,597,47,0,0.0,4.0,215055,1189,2803,4518,7670,3145,0.0
909a6a649c02b570173258a4edaac1fde6ae498b,597,47,0,0.0,4.0,215055,1189,2803,4518,7670,3145,0.0
10a129156ba6712b492c24f1648d272e1f15256f,597,47,0,0.0,4.0,215055,1189,2803,4518,7670,3145,0.0
8b6f0ed73c88e599a952ceb0bfff2be1edad4fb9,597,47,0,0.0,4.0,215055,1189,2803,4518,7670,3145,0.0
570c77b962071181f98697501826d51e0b9b80ea,597,47,0,0.0,4.0,215055,1189,2803,4518,7670,3145,0.0
e90449ce1dd9d0f49e27929bedef83317ca807ab,597,47,0,0.0,4.0,215055,1189,2803,4518,7670,3145,0.0
0616c545d14d98c984d4021ebab051a7e77bffae,597,47,0,0.0,4.0,215055,1189,2803,4518,7670,3145,0.0
5cc7ea90fa77b128223736a40a779de86149fa63,597,47,0,0.0,4.0,215055,1189,2803,4518,7670,3145,0.0
703727054105578e604c1afa9e596f9f5a536a40,597,47,0,0.0,4.0,215055,1189,2803,4518,7670,3145,0.0
4b8ce19021322e550cbb1ad0724835baa595a5d8,597,47,0,0.0,4.0,215055,1189,2803,4518,7670,3145,0.0
1a73c9b31198a7b981d58b14d2eb43b74293bde9,597,47,0,0.0,4.0,215055,1189,2803,4518,7670,3145,0.0
d2a0ee2a16f448371741eb1fb8590a714c57c174,597,47,0,0.0,4.0,215055,1189,2803,4518,7670,3145,0.0
d05f8616bb4b60a1b20b46cbdf0279e58ffaf33f,597,47,0,0.0,4.0,215055,1189,2803,4518,7670,3145,0.0
beff289e4c87a103a3a89d5d043662843c14b597,597,47,0,0.0,4.0,215055,1189,2803,4518,7670,3145,0.0
a826997f57bb500b983ce3ff82080e8cdd05e0b6,597,47,0,0.0,4.0,215055,1189,2803,4518,7670,3145,0.0
d7e7ee3e53a1219b7466b04869d59b03993054a2,597,47,0,0.0,4.0,215055,1189,2803,4518,7670,3145,0.0
fd3c3557186a21dae6284a15827bc6476413dcb5,597,47,0,0.0,4.0,215055,1189,2803,4518,7670,3145,0.0
03b5a703cad1d44ee002e3d94cedd237d04a4216,597,47,0,0.0,4.0,215055,1189,2803,4518,7670,3145,0.0
77f89da326e208c1d73ee22c82b0cd6dd310faa3,597,47,0,0.0,4.0,215055,1189,2803,4518,7670,3145,0.0
93aa5e9e38c2383cf4e6e9267263c82c871098cd,597,47,0,0.0,4.0,215055,1189,2803,4518,7670,3145,0.0
fbc7fc23cddb02631d0b7722985939f2b32f791a,597,47,0,0.0,4.0,215055,1189,2803,4518,7670,3145,0.0
5f74f840017ff2917ca447dadbb3093121209e49,597,47,0,0.0,4.0,215055,1189,2803,4518,7670,3145,0.0
1815625ae9d6d5dbd4e0c32f913d473c92032cf3,597,47,0,0.0,4.0,215055,1189,2803,4518,7670,3145,0.0
3c6968c69668a8b23b870b0f1f06fcae3f6cc98a,597,47,0,0.0,4.0,215055,1189,2803,4518,7670,3145,0.0
124aba54bd6ebb669edea031f5935769c49e6936,597,47,0,0.0,4.0,215055,1189,2803,4518,7670,3145,0.0
611447e268de8d9ecfd391516a795c542a068a51,597,47,0,0.0,4.0,215055,1189,2803,4518,7670,3145,0.0
49e86ea6a39fdf81617a9d2a270664792d84d518,597,47,0,0.0,4.0,215055,1189,2803,4518,7670,3145,0.0
af9aa6caf51ad0dc27b98f701be5ff6730c9ed81,597,47,0,0.0,4.0,215055,1189,2803,4518,7670,3145,0.0
73fec1598a822c6c683194e30be5c6739d0c2891,597,47,0,0.0,4.0,215055,1189,2803,4518,7670,3145,0.0
0e82b5b019618594c467c6a29ceec0818ec04cf3,597,47,0,0.0,4.0,215055,1189,2803,4518,7670,3145,0.0
4cce793410511e7183d009e47c1da0d6aeb7530b,597,47,0,0.0,4.0,215055,1189,2803,4518,7670,3145,0.0
efcae804a1cd67db809444860529754bb839cf70,597,47,0,0.0,4.0,215055,1189,2803,4518,7670,3145,0.0
7c35159bc9a758c70b5d0d450d714d1cfa3ef0a1,597,47,0,0.0,4.0,215055,1189,2803,4518,7670,3145,0.0
0c71d4fc98c8142adbf039af9fbdd29dc38b839c,597,47,0,0.0,4.0,215055,1189,2803,4518,7670,3145,0.0
69ec34a0caacf66284208999bd51eb0c3cbabc80,597,47,0,0.0,4.0,215055,1189,2803,4518,7670,3145,0.0
a4e968ed0594da5b669fd5bfd78877fb246b46a8,597,47,0,0.0,4.0,215055,1189,2803,4518,7670,3145,0.0
4b66dbfc84dddcff58c295a9fee1089b78658996,597,47,0,0.0,4.0,215055,1189,2803,4518,7670,3145,0.0
41d2fefd87ba19751ba0b43794d64b74beed5581,597,47,0,0.0,4.0,215055,1189,2803,4518,7670,3145,0.0
b678b4685cbb6ded23bf7c12d6d4d56c7bf7de1f,597,47,0,0.0,4.0,215055,1189,2803,4518,7670,3145,0.0
d8d2567a7302e975dadf66d7db41bab06e5b24e1,597,47,0,0.0,4.0,215055,1189,2803,4518,7670,3145,0.0
dd3032acd7d1a96bb9fac69af1109bfec1808d7d,597,47,0,0.0,4.0,215055,1189,2803,4518,7670,3145,0.0
2b0bc604687dc6a517b276e2e568220187aa2226,597,47,0,0.0,4.0,215055,1189,2803,4518,7670,3145,0.0
eb8d8aa2586ea1dcbdd87a2068d0215f781421b9,597,47,0,0.0,4.0,215055,1189,2803,4518,7670,3145,0.0
fdcf780cbe554bd4437c99d1b8f7939dcb4d8070,597,47,0,0.0,4.0,215055,1189,2803,4518,7670,3145,0.0
eb1d3165f8c068f32ae7875dc6a4b84701d9c2a4,597,47,0,0.0,4.0,215055,1189,2803,4518,7670,3145,0.0
25049d2c05c452c6db93df2f17b2dd820d3e1f01,597,47,0,0.0,4.0,215055,1189,2803,4518,7670,3145,0.0
548cf85058749d9ddcd051814bc1c42d17067227,597,47,0,0.0,4.0,215055,1189,2803,4518,7670,3145,0.0
26863c3be3511717fbf20c47c03084e5ed081eb4,597,47,0,0.0,4.0,215055,1189,2803,4518,7670,3145,0.0
20264b8a1a74fcffed87b33d7d7e486163c169a9,597,47,0,0.0,4.0,215055,1189,2803,4518,7670,3145,0.0
fc23a1deefd1dba3ad2c22834f2adbbdcff8e360,597,47,0,0.0,4.0,215055,1189,2803,4518,7670,3145,0.0
e01438dfe7c0fd564b3303bb95adf8d44f050a16,597,47,0,0.0,4.0,215055,1189,2803,4518,7670,3145,0.0
fd8d0eccd4b44bd33293681d7b354a8b0c093e86,597,47,0,0.0,4.0,215055,1189,2803,4518,7670,3145,0.0
c9b576fbefb087636c7c786a255eec9415d45260,597,47,0,0.0,4.0,215055,1189,2803,4518,7670,3145,0.0
d367af90496db43658c46f06c525b3eeeaf39bac,597,47,0,0.0,4.0,215055,1189,2803,4518,7670,3145,0.0
