commit_sha,code_smells,bugs,vulnerabilities,coverage,duplicated_lines_density,ncloc,files,functions,complexity,comment_lines,sqale_index,sqale_debt_ratio
b1d38b3cac326da296b770c8ab9219bc4f791666,9794,464,0,0.0,44.3,594788,3968,43350,73023,32994,121869,0.7
1e5dcb1f6b01128032a704258e1730c9936c9a07,9794,464,0,0.0,44.3,594788,3968,43350,73023,32994,121869,0.7
f3c784e166566b494f988b732bf854a9bfae4e64,10019,466,0,0.0,43.6,644589,4282,46576,78801,36663,125493,0.6
474a770aa08abc713282709427a59dca95a35a4c,10019,466,0,0.0,43.6,644556,4282,46572,78798,36651,125493,0.6
2fa8c7d86c72e1869a97b847eb6b31fed2c4abb3,10018,466,0,0.0,43.6,644523,4282,46571,78797,36650,125471,0.6
c07de6fffa762577562f4cc3d0205e7bd57b7a9d,10018,466,0,0.0,43.6,644470,4281,46565,78790,36640,125471,0.6
983ede3976e581cdb687968bf28c1d268106f3f4,10018,466,0,0.0,43.6,644434,4281,46560,78785,36640,125471,0.6
c0d73f4ef5c16401bdfd62e1745faf2fbbf62177,10018,466,0,0.0,43.6,644434,4281,46560,78785,36640,125471,0.6
72fd9ab9f44cfb3e4b08f849cf7b5132f84b9936,10018,466,0,0.0,43.6,644434,4281,46560,78785,36640,125471,0.6
257bad29d7db09f3f9c89663b7c34f8caca3014b,10009,466,0,0.0,43.6,644227,4280,46533,78746,36638,125351,0.6
5a2c1c9c8dd8d61e08bbad713c24e6b726eee323,10009,466,0,0.0,43.6,644227,4280,46533,78746,36638,125351,0.6
ddfe503de70b9be94c8de7f02203acbc7b3d877e,10006,466,0,0.0,43.6,644223,4280,46532,78745,36636,125311,0.6
fc6271ca245f3998d22a2b90d19103cb6bc737b3,10006,466,0,0.0,43.6,644223,4280,46532,78745,36636,125311,0.6
5ed930791862bd5c471428f0843a8c55ecc78249,10006,466,0,0.0,43.6,644223,4280,46532,78745,36636,125311,0.6
b92ed13d6f2162c7d910b901399cc92de8bf0a6e,10006,466,0,0.0,43.6,644223,4280,46532,78745,36636,125311,0.6
4482565d0ec16f2e71a4a77b4d3dd0043e1f7a40,10006,466,0,0.0,43.6,644223,4280,46532,78745,36636,125311,0.6
b2b65df4c60102852798d782470176f6ab89c2f0,10006,466,0,0.0,43.6,644223,4280,46532,78745,36636,125311,0.6
d4af40c9bc2b0d5c6271056f8f10b3c85fbe694e,10006,466,0,0.0,43.6,644223,4280,46532,78745,36636,125311,0.6
60f61c3dd0eaa71e1000d8927543070a956280bd,10003,466,0,0.0,43.6,644130,4280,46529,78736,36636,125275,0.6
79fd977f67592a16579cff31478e7ea98ef126e4,10003,466,0,0.0,43.6,644130,4280,46529,78736,36636,125275,0.6
82cedbbb1935db6a765d9029df4e54c38e95bedc,10003,466,0,0.0,43.6,644130,4280,46529,78736,36636,125275,0.6
e5d9a1594b44491e1811876257a9a3473f8d8347,10003,466,0,0.0,43.6,644130,4280,46529,78736,36636,125275,0.6
ffa13b12eb019480a6fff5a4867301f2c0623b33,10004,466,0,0.0,43.7,643908,4279,46518,78723,36621,125261,0.6
e3088bc098606ae0dfa727a27ff12a0ff3b6ccb9,10004,466,0,0.0,43.7,643908,4279,46518,78723,36621,125261,0.6
bbeadea75e2a5e6e9f2472960b76daaba42a4577,10004,466,0,0.0,43.7,643908,4279,46518,78723,36621,125261,0.6
40ffcb9ad42491c75e4c306fec1486e50849d03c,10002,466,0,0.0,43.7,643664,4277,46506,78700,36619,125237,0.6
f71c7dfb0fe669cff3acc0646666cbc2bb05de4d,10002,466,0,0.0,43.7,643601,4276,46492,78692,36615,125237,0.6
06ed235f9748465a8d85f8772f052bfe64b2f955,10003,465,0,0.0,43.7,643588,4276,46490,78689,36615,125239,0.6
d5b21d82e3adb351c3295465e76c772e2dcb3a54,10002,465,0,0.0,43.7,643556,4276,46489,78687,36609,125224,0.6
5ce7c3091ba90a07a400fd4b407a044686ee8f48,10002,465,0,0.0,43.7,643556,4276,46489,78687,36609,125224,0.6
2e4d5b5b21c8872e347d7f86bc6c72c3484eb7fc,10002,465,0,0.0,43.7,643540,4276,46486,78684,36609,125220,0.6
5582b0ca67894400b988d39ed1bda77e938f763a,10002,465,0,0.0,43.7,643540,4276,46486,78684,36609,125220,0.6
e449d3405cfdb304c94835845bd8f34a73b4a517,10002,465,0,0.0,43.7,643540,4276,46486,78684,36609,125220,0.6
a2b8008da7bc26e03248a35eeee60d1cc7e8499d,9986,465,0,0.0,43.6,642918,4272,46428,78611,36595,125011,0.6
799120636e8f5f19c1d7f217ab4968f524bb1246,9962,465,0,0.0,43.7,641792,4268,46364,78477,36533,124599,0.6
d2087a04bd6ba62b13f2540480a18b5edc710e8e,9959,465,0,0.0,43.7,641327,4265,46339,78419,36517,124579,0.6
e3d3f8845a8ad8d29ebcee0cf3510001dba73874,9959,465,0,0.0,43.8,641213,4265,46328,78402,36515,124577,0.6
ab0594bf71a6884ee0e196470bfe4b4d3baa58b9,9958,465,0,0.0,43.8,641091,4264,46315,78384,36488,124569,0.6
8b4b2c1975ab2c46663e84a9cfbe3a254e172054,9958,465,0,0.0,43.8,641091,4264,46315,78384,36488,124569,0.6
6ff7a6ec2e2790e5d2d2b35a2091e68101ab3aa3,9949,468,0,0.0,43.7,640669,4261,46287,78332,36442,124439,0.6
34cd01ba2e057866cdb13db8f9919bc98e11e638,9949,468,0,0.0,43.7,640669,4261,46287,78332,36442,124439,0.6
0747b604413fa6d3c663ec850dbe6f50a647ca04,9949,468,0,0.0,43.7,640245,4258,46259,78280,36396,124424,0.6
5439cbdb278232779fdd9a392bbf57f007f9bda0,9952,468,0,0.0,43.7,640236,4258,46259,78280,36396,124430,0.6
8d97d54756a1b8ba1986858b2461013864b9e37f,9958,468,0,0.0,43.7,640231,4258,46259,78279,36396,124549,0.6
a5c8f9cd4557639d39eed716d499e9837d13b88e,9958,468,0,0.0,43.7,640231,4258,46259,78279,36396,124549,0.6
e40fe4cdbe9705415955fe2da201a6ad65dbfb9a,9958,468,0,0.0,43.7,640104,4258,46259,78279,36372,124549,0.6
026166f2292ef3462e1008ca0a0fc35ab709ba50,9990,468,0,0.0,43.7,640147,4258,46259,78279,36372,124774,0.6
4873b4b7534de0bcda2e1e0366ffcf83943dc906,9990,468,0,0.0,43.7,640147,4258,46259,78279,36372,124774,0.6
41d00ae64df218f8f955b5d2fa076125bb43a4e5,9990,468,0,0.0,43.7,640147,4258,46259,78279,36372,124774,0.6
153b07069513d2cb772175594acb284fa9540387,9990,468,0,0.0,43.7,640177,4258,46259,78279,36372,124774,0.6
ed73ec43dd25c9023069ea1d3381a6d9229be53a,9990,468,0,0.0,43.7,640149,4258,46258,78274,36372,124774,0.6
3fe4f420dd4fb4c2a0ea6c732e18c1a2889f74ee,9990,468,0,0.0,43.7,640129,4258,46258,78274,36372,124734,0.6
cefb1bbfa20e7bd5dd51910f5024ec053ac3928a,9990,468,0,0.0,43.7,640129,4258,46258,78274,36372,124734,0.6
44eca04b657cd643b0e0cfbd626aa7f92f593f64,9990,468,0,0.0,43.7,640129,4258,46258,78274,36372,124734,0.6
ab2c6f889d07eeee51a1f58605be248e9330d91b,9990,468,0,0.0,43.7,640129,4258,46258,78274,36372,124734,0.6
6e05ae022c71a51778cbfcf1585a92b28d796255,9990,468,0,0.0,43.7,640129,4258,46258,78274,36372,124734,0.6
f7c6d57a03282516c6f988fa23a809416cd765b1,9990,468,0,0.0,43.7,640129,4258,46258,78274,36372,124734,0.6
f508a7ea8e33959020778b3b9e2ce7cd0b2df0b5,9990,468,0,0.0,43.7,640129,4258,46258,78274,36372,124734,0.6
2391bdddca49d568a082988cdecb88c17093b5c0,9988,468,0,0.0,43.7,640105,4258,46257,78270,36372,124704,0.6
4f3704161228efac33eaf831b2582762b21d6a28,9976,468,0,0.0,43.6,639539,4254,46221,78224,36264,124537,0.6
7830a3b938a2f7b74ada46c21d14d12a6bb9c6e0,9976,468,0,0.0,43.6,639539,4254,46221,78224,36264,124537,0.6
896dcd50f959fb5e879229718b5a93161ffcd98e,9976,468,0,0.0,43.6,639539,4254,46221,78224,36264,124537,0.6
a4461640c80db67c4fa7eca64f9cd4fa19c81805,9976,468,0,0.0,43.6,639539,4254,46221,78224,36264,124537,0.6
5319767ee91fd054b272020c58ab25acbe5ec9c2,9976,468,0,0.0,43.6,639537,4254,46219,78222,36264,124537,0.6
113c6e7d62e53d3e3cb15b1712f3a1db473ca940,9976,468,0,0.0,43.6,639537,4254,46219,78222,36264,124537,0.6
d128a2a9811fd46d581b36d29b4e62b7be9246b8,9977,468,0,0.0,43.6,639533,4254,46217,78220,36265,124542,0.6
fa8fbb3d5289a3b17fab810a2b872299fb502314,9948,468,0,0.0,43.6,638299,4252,46123,78096,36248,124233,0.6
e8c614878dc8f5fd24ec1bbdbd325a7a5d9bfd3f,9948,468,0,0.0,43.6,638299,4252,46123,78096,36248,124233,0.6
a07f8620b97d4af7fd1e843909b3c12ddd1f77aa,9948,468,0,0.0,43.6,638299,4252,46123,78096,36248,124233,0.6
4b71d40cc16af328acaa2bcdbe4ffc704846d66e,9946,466,0,0.0,43.5,638053,4250,46111,78078,36224,124217,0.6
9c344f96c874dcdb88c57dff15adba0647ce47e5,9946,466,0,0.0,43.5,638053,4250,46111,78078,36224,124217,0.6
6c7964002b097b933053d8f6db63c0851a55a39a,9945,466,0,0.0,43.5,637711,4248,46091,78054,36158,124202,0.6
3c018333b6f108b5811d56fa2f07b1d8e29faeac,9945,466,0,0.0,43.6,637766,4248,46094,78058,36157,124202,0.6
cd32ec76ecd2866c05185065e4ed7196121de49a,9945,466,0,0.0,43.6,637687,4247,46088,78049,36151,124202,0.6
877f63b0b9e2f47c24a528c55e8adf2018ebd2ff,9945,466,0,0.0,43.6,637687,4247,46088,78049,36151,124202,0.6
8e2eb9ac2e33ce4bac8956d4e2f099444d03c0e3,9945,466,0,0.0,43.6,637683,4247,46088,78049,36151,124202,0.6
f88f128dd971ceaae071761102f021264bf133a0,9945,466,0,0.0,43.6,637683,4247,46088,78049,36151,124202,0.6
c95bf58793b3a7ef9b0ffa630b907ce964cd32fe,9945,466,0,0.0,43.6,637685,4247,46088,78049,36151,124202,0.6
bf00d51e4b80b428c44e429c26077b99f7212fdd,9945,466,0,0.0,43.6,637551,4246,46081,78031,36149,124202,0.6
64b36999d7ff716ae2534fb0972fcc10d22a64c2,9942,466,0,0.0,43.6,637201,4239,46048,77979,36124,124193,0.6
f1764c6894409e802e4b8b8643a2dd7d400b696c,9947,462,0,0.0,43.5,636858,4237,46024,77935,36072,124166,0.6
1898e621642cd0779302ce2c2933f86c3b1f6f6a,9947,462,0,0.0,43.5,636858,4237,46024,77935,36072,124166,0.6
e6f8ab9950267c18734ba0cb2ce29867790e24fe,9947,462,0,0.0,43.5,636858,4237,46024,77935,36072,124166,0.6
bea364c36f30239ec0198a32de423ca1e484c9b5,9947,462,0,0.0,43.5,636844,4237,46022,77933,36072,124166,0.6
a7398aba2143a80861692330726e2523e84d26c6,9839,460,0,0.0,43.0,633931,4223,45852,77666,35786,122879,0.6
2ed61a12bf6fd1582a868a02326e4ad745dfb177,9782,456,0,0.0,43.2,631018,4209,45682,77399,35500,122371,0.6
99e4ab711d42fef2d108b62f7717bc9e557e7e3e,9781,456,0,0.0,43.3,630895,4208,45676,77390,35488,122363,0.6
524fbb895c1f940dd4f5c7bca0b8a8d870993d6f,9781,456,0,0.0,43.3,630723,4207,45664,77368,35462,122335,0.6
244eb1e8d41078ea8f9d6ed7146dcbd6ab06b8e6,9781,456,0,0.0,43.3,630723,4207,45664,77368,35462,122335,0.6
4af2b9e7aed3efbe8c2986b204a37007fb1b16f4,9781,456,0,0.0,43.3,630723,4207,45664,77368,35462,122335,0.6
9aa354d2224eb78c19c773227693df117954312b,9781,456,0,0.0,43.3,630723,4207,45664,77368,35462,122335,0.6
5958065b05c41cc5cd61292ab43d7f9894de06b4,9781,456,0,0.0,43.3,630723,4207,45664,77368,35462,122335,0.6
b9a6645a53a1a7a5143a58b23adaae1ea0af99d4,9781,456,0,0.0,43.3,630723,4207,45664,77368,35462,122335,0.6
586485008355e2a11ea4c78890964dc88613c54f,9781,456,0,0.0,43.3,630723,4207,45664,77368,35462,122335,0.6
e0596fbba21df594b8aa6504f48f982c10941eba,9780,456,0,0.0,43.3,630678,4207,45660,77364,35457,122330,0.6
2424e2c31dbee75d642fed4c10bf5bd9ebbe09bd,9780,456,0,0.0,43.3,630662,4207,45657,77361,35457,122326,0.6
aa1ecc817b6f11ad987cf56cdb207edb3079b614,9780,456,0,0.0,43.3,630651,4207,45657,77361,35457,122326,0.6
f2d62757e210df5498f147aa126926477ac6c156,9782,456,0,0.0,43.2,630520,4207,45647,77341,35453,122354,0.6
ce772a6ecde5ea9f78a7e9145a34e74bdfb3277d,9784,456,0,0.0,43.3,630389,4207,45637,77321,35449,122382,0.6
ac0d2063599e25974165652fa2e23b4b39e29d94,9779,454,0,0.0,43.1,628940,4196,45526,77145,35319,122309,0.6
bf459eed480c79d42cbb97ab4461881d69bc5d91,9764,456,0,0.0,42.9,628080,4194,45481,77037,35133,122118,0.6
7fec19f3fd60ce7979de0f90587849d86cdd27ca,9764,456,0,0.0,42.9,628080,4194,45481,77037,35133,122118,0.6
b2cd6f38edc91d40c21272db6b090cdc03a985ba,9819,456,0,0.0,42.9,627771,4190,45466,77013,35089,123052,0.7
04461781c79d6335c48086f6376effbf43078421,9806,456,0,0.0,42.8,627385,4184,45434,76973,35053,122907,0.7
cbd71ebd12f70da9449a6a1755b141054bbfb389,9779,452,0,0.0,42.9,625936,4173,45323,76797,34923,122468,0.7
2f6e7e6371902bcb72f21deeaea8889d4768004e,9779,452,0,0.0,42.9,625926,4173,45323,76797,34923,122448,0.7
f1076494c807447484b5a154b242611e98e3b582,9779,452,0,0.0,42.9,625913,4173,45322,76796,34923,122448,0.7
bcb32818dab866a81539e04ae807c3a14e0e625c,9592,457,0,0.0,42.9,625250,4167,45259,76722,34899,119654,0.6
85cf79de0156e4bb4d02931c8d8e10e1d6b478c5,9592,457,0,0.0,43.0,625221,4167,45258,76716,34899,119654,0.6
f17c225f6709b430019512f426dafcc323c9b46b,9592,457,0,0.0,43.0,625222,4167,45258,76716,34901,119654,0.6
40d5204fb7282df7a7910dfd3ff9ac785554955c,9586,457,0,0.0,43.0,625029,4164,45242,76696,34883,119589,0.6
24afc1f980201219fd9c7018b48f99af64977fbf,9586,457,0,0.0,43.0,625032,4164,45242,76696,34883,119589,0.6
ce33890314fbab3cf31371a8c5087f5e34f51a81,9593,460,0,0.0,43.0,624133,4162,45166,76589,34876,119492,0.6
b76d81acf09ae129b43a13dac70c8739b70dae1e,9593,460,0,0.0,43.0,624133,4162,45166,76589,34876,119492,0.6
2f2c367b3582b58c9c867d26b203593aa1e8e667,9593,460,0,0.0,43.0,624133,4162,45166,76589,34876,119492,0.6
3028552b41d672fa94cbc5a037481db55dd6601c,9593,460,0,0.0,43.0,624128,4162,45165,76587,34876,119492,0.6
43bbf08adc63c0a5a5edb26934f62d9994c25af1,9592,460,0,0.0,43.0,624002,4161,45160,76578,34871,119472,0.6
ed07fd1cd707a28a4201ea01e330fe2efdc5b494,9592,460,0,0.0,43.0,624000,4161,45160,76578,34871,119472,0.6
9ddde5077b49e2f50d9824002f45c732c0fcbc7c,9598,460,0,0.0,43.0,623988,4161,45160,76578,34871,119502,0.6
b53595b73886f14cb4b71c25b760ac988afbd310,9823,456,0,0.0,43.1,623527,4160,45137,76521,34769,122923,0.7
d4e0b3f2078ee5ed113ba69b800c55c5994e33b8,9823,456,0,0.0,43.1,623527,4160,45137,76521,34769,122923,0.7
65e7cae512206595d6bb50505e40e3758caa6a83,9823,456,0,0.0,43.1,623527,4160,45137,76521,34769,122923,0.7
10fce2700e235c9a1f505fcbe14ba435b20283b9,9823,456,0,0.0,43.1,623527,4160,45137,76521,34769,122923,0.7
49cf9d98818b7d40c9fb7602274b4ba0fd83d82a,9823,456,0,0.0,43.1,623527,4160,45137,76521,34769,122923,0.7
a49202773520072fef7457e0056c37f43e9f9d1b,9823,456,0,0.0,43.1,623527,4160,45137,76521,34769,122923,0.7
9f12cf91dce532b68ce542379647bdc24cd94d07,9822,456,0,0.0,43.1,623479,4160,45135,76517,34768,122918,0.7
3cd2c528a83e14e6d50ca7c9c01b00ea53e5276e,9822,456,0,0.0,43.1,623479,4160,45135,76517,34768,122918,0.7
8c85a5a7f1539b39df65fbaac4c4c6d5d6b97eef,9822,456,0,0.0,43.1,623492,4160,45135,76517,34768,122918,0.7
cf02ffac4329141b30bca265cafb9987f64f6cc4,9823,456,0,0.0,43.1,622674,4153,45086,76408,34767,122933,0.7
4b57cf8d930460251cfc2f9b4ef3ed90ac07e741,9823,456,0,0.0,43.1,622671,4153,45086,76408,34767,122933,0.7
520e7ffce7caed3df6e614bf3921ce2db944d503,9823,456,0,0.0,43.1,622621,4151,45082,76406,34765,122933,0.7
3cd82a7e996db0bfb2cdc599d5dea3ada04f51aa,9823,456,0,0.0,43.1,622621,4151,45082,76406,34765,122933,0.7
bfab2c334e9b4c11de65f1f9bd1de5dab18aae5b,9823,456,0,0.0,43.1,622621,4151,45082,76406,34765,122933,0.7
33259f946baabffc39e50f7a464a21d7fe32d606,9823,456,0,0.0,43.1,622621,4151,45082,76406,34765,122933,0.7
994c0fb790c217501c2fba432a1fda8ec1117c3f,9823,456,0,0.0,43.1,622621,4151,45082,76406,34765,122933,0.7
45bd17294a355b9bab875d9c7ff037607a56526f,9823,456,0,0.0,43.1,622621,4151,45082,76406,34765,122933,0.7
8ecaaeba5aec612dfb6f5d8449ca2a8d2452ce86,9823,456,0,0.0,43.1,622621,4151,45082,76406,34765,122933,0.7
8bc1dde5cb587a840476004477e9f5e827ae5d61,9823,456,0,0.0,43.1,622621,4151,45082,76406,34765,122933,0.7
03c2ce9e39a73e261ba7e1eca64ab75c38bb686c,9823,456,0,0.0,43.1,622624,4151,45082,76406,34765,122933,0.7
b4fcd401293aeb5b48b92467d7f038f415a6db9f,9823,456,0,0.0,43.1,622624,4151,45082,76406,34765,122933,0.7
b4e60e02523233ac3b90f8b74d4b0c4df0f1c413,9823,456,0,0.0,43.1,622624,4151,45082,76406,34765,122933,0.7
ae08334cad1f1a9eebb9cdcf48ce5084da9bc44d,9823,456,0,0.0,43.1,622624,4151,45082,76406,34765,122933,0.7
79620e198009fa243c278c66fd442d107b46206a,9823,456,0,0.0,43.1,622624,4151,45082,76406,34765,122933,0.7
d17a7f189afa25c6be37df1415f4e2f8594effbe,9823,456,0,0.0,43.1,622624,4151,45082,76406,34765,122933,0.7
70c506ebad2dfc6d61b99c05efd59e884282bfa6,9822,457,0,0.0,43.1,622621,4151,45083,76407,34766,122928,0.7
3bee806d0ca5ba356b3da698b3bcadb8a20d8923,9843,457,0,0.0,43.1,622747,4151,45098,76428,34797,123173,0.7
97e034b2cec9408a6f792c410a8eb8dddb452e14,9843,457,0,0.0,43.1,622657,4151,45093,76418,34793,123169,0.7
a3cbdcbae6627b42a52eb8e028ce4f83f30421f9,9843,457,0,0.0,43.1,622657,4151,45093,76418,34787,123169,0.7
71b64399dd5c74a63f97022cdb42d0cdcf615862,9846,457,0,0.0,43.1,622690,4151,45096,76427,34796,123209,0.7
8ec65abdc5916ed19fffc6af6b58a2ee92d71c28,9846,457,0,0.0,43.1,622690,4151,45096,76427,34796,123209,0.7
86611d94dbc6b28f2f7b89addc5886d2d4ea96d8,9846,457,0,0.0,43.1,622690,4151,45096,76427,34796,123209,0.7
257b1d7b18f638b5925de32bcd9bbcbe5a4416c2,9846,457,0,0.0,43.1,622690,4151,45096,76427,34796,123209,0.7
38733f8fe63751826b3d99e5ab79f7e795e5c166,9846,457,0,0.0,43.1,622690,4151,45096,76427,34796,123209,0.7
0d8f2c42ff0d1eff6a6d05f248da7085163ac93f,9846,457,0,0.0,43.1,622690,4151,45096,76427,34796,123209,0.7
fb60ecde9df0342fc628292d1e97dd96d7f25f39,9846,457,0,0.0,43.1,622678,4151,45096,76427,34796,123209,0.7
93f7839fa13d1deb40dc1e208d778cf07620d37f,10119,486,0,0.0,45.2,662261,4456,47932,81056,37045,125482,0.6
6ee6d1327d3811dbd5795c4e87efdc41b7a58eaa,10027,443,0,0.0,42.9,621349,4137,44979,76259,34651,125931,0.7
525d887811b2fd2140779e125243cb70742e169c,9769,455,0,0.0,42.9,621349,4137,44979,76259,34651,122109,0.7
e9364faabcc67eef6c61af2ecdf7bcf9a3fef602,9769,455,0,0.0,42.9,621349,4137,44979,76259,34651,122109,0.7
3d364f6d95600be4e5320fc5931bb51b2af61de6,9769,455,0,0.0,42.9,621349,4137,44979,76259,34651,122109,0.7
b531e97f66ef2bf80f3167152e268be0ce25f459,9769,455,0,0.0,42.9,621345,4136,44978,76259,34644,122109,0.7
04c2533f1de5fdaf23b1dca8227a82d2b84b349d,9769,455,0,0.0,42.9,621345,4136,44978,76259,34644,122109,0.7
5fc1413a5efc4419ccc081f3031325f107ccddab,9746,455,0,0.0,42.9,621329,4136,44976,76257,34644,121764,0.7
87537f995450a098a87b25d72124781b4da99a47,9748,457,0,0.0,42.9,621322,4136,44976,76254,34644,121784,0.7
722a350afa8ef1d6fe3018b290fefb2a836020ec,9746,457,0,0.0,42.9,621326,4136,44976,76254,34640,121764,0.7
74a9adbc0b6c0f8bdb1dbee78c333d64fb52b41f,9746,457,0,0.0,42.9,621326,4136,44976,76254,34640,121764,0.7
9b70fdfd03d4a558d190495c2527d85386de7c94,9746,457,0,0.0,42.9,621326,4136,44976,76254,34640,121764,0.7
1f21989305d92f1530c785c826b221bddfb4ce0b,9746,457,0,0.0,42.9,621326,4136,44976,76254,34640,121764,0.7
e8582c0f00159638f822c831ddeccd47b01d7f9f,9746,457,0,0.0,42.9,621326,4136,44976,76254,34640,121764,0.7
98ecc9a9ef7e7bd136d308828355c107de86f4b2,9746,457,0,0.0,42.9,621326,4136,44976,76254,34640,121764,0.7
4cfa38fbb2d8614eb22014b665b74f3b2c17b8ba,9746,457,0,0.0,42.9,621326,4136,44976,76254,34640,121764,0.7
d9aacd24cc9d730d6416a93d31dd5cde8cbd260a,9746,457,0,0.0,42.9,621326,4136,44976,76254,34640,121764,0.7
479f468c5f389bd7a30938114f8e79445c48f179,9746,457,0,0.0,42.9,621326,4136,44976,76254,34640,121764,0.7
b17d1c9abdb8fbd668ac02194cadd6003c3e37f7,9745,457,0,0.0,42.9,621290,4136,44972,76249,34637,121762,0.7
af75440da8d6e7b509b3197251c965543017b015,9745,457,0,0.0,42.9,621290,4136,44972,76249,34637,121762,0.7
dc7ad7190989d50f3288ea02eb26d527c9f629c6,9750,457,0,0.0,42.9,621291,4136,44971,76248,34637,121865,0.7
674214cb6bbc8f6e739245293ba31f9a3d36114e,9768,457,0,0.0,42.9,620809,4128,44947,76200,34585,122181,0.7
39295753e8e949096236a5dc8b063c77f976650b,9794,454,0,0.0,42.9,620564,4124,44934,76183,34564,122652,0.7
08aed72beeedeeffd80c87803e075593f91e9ba7,9794,454,0,0.0,42.9,620564,4124,44934,76183,34557,122652,0.7
122176a37fed02f6883a75fee440fb1e7ba161ec,9794,454,0,0.0,42.9,620564,4124,44934,76183,34557,122652,0.7
c2db97ce9a31d0af21341deaa22f7b91da04cd32,9794,454,0,0.0,42.9,620564,4124,44934,76183,34557,122652,0.7
9a67f0b85c82ae09089e150f2c663a65f145670e,9794,454,0,0.0,42.9,620564,4124,44934,76183,34557,122652,0.7
6e7113a5291dffad38ffacc7d264456a2366a707,9794,454,0,0.0,42.9,620561,4124,44934,76183,34557,122652,0.7
39373d09c276586ddcec971fe35951975bdac66f,9794,454,0,0.0,42.9,620561,4124,44934,76183,34557,122652,0.7
eb9d3951eeefc51824b87d36ca3824f7a968e81e,9793,454,0,0.0,43.0,620320,4120,44922,76159,34531,122660,0.7
99b8e88a88486f541b0ad2703fdc97ab615c5398,9793,454,0,0.0,43.0,620277,4120,44918,76155,34525,122663,0.7
806da5cfc7dba7b8fd872cf7fc6a6b36ac8a3876,9784,454,0,0.0,42.9,619718,4119,44837,76030,34507,122536,0.7
84c91251738cb86f741952bd1b23daa45c80d2aa,9784,454,0,0.0,42.9,619718,4119,44837,76030,34507,122536,0.7
506fee492620bc8e13d7da4f104462fb97ceef82,9784,454,0,0.0,42.9,619718,4119,44837,76030,34507,122536,0.7
76dba8fe83c4496318cc34436e610cf50f43054d,9780,454,0,0.0,42.9,619436,4117,44823,76008,34487,122492,0.7
72b39ab91dfa04d713552e70b009c24510a1cd07,9768,454,0,0.0,42.9,619165,4116,44808,75976,34485,122330,0.7
0ff90e7732574fa1a1e094bb66c7c3793e3d1ebb,9768,454,0,0.0,42.9,619165,4116,44808,75976,34485,122330,0.7
4d1ceac275859df0ab16a8f919a76fcd3b97d622,9770,454,0,0.0,42.9,618887,4110,44786,75942,34477,122330,0.7
96587abf7fbbeb9c728d60cbdc7bdd7e2096dad5,9770,454,0,0.0,42.9,618887,4110,44786,75942,34477,122330,0.7
f7585932a6d89b04c0d45b5f9dfe6f45483efd0b,9770,454,0,0.0,42.9,618887,4110,44786,75942,34477,122330,0.7
e0a464f1cfd81823940501ecb9f0c88905981ee1,9781,454,0,0.0,42.9,618982,4113,44794,75950,34495,122535,0.7
30e761ebe420cf56f4d985664e6fa6d2a76de171,9782,454,0,0.0,42.9,618843,4110,44783,75933,34491,122535,0.7
94d336ce01381116ce637121e8e59f440148847f,9773,454,0,0.0,42.9,618351,4107,44757,75905,34452,122475,0.7
2c42e673757aeeede3a4d537eeb199254496e1c5,9854,451,0,0.0,42.9,617622,4100,44705,75832,34429,123733,0.7
b8b57b2ff7dd8b1c7ec850ebb7c55ab3b9ce84b6,9854,451,0,0.0,42.9,617622,4100,44705,75832,34429,123733,0.7
349046889a1f18431132b00a8e94f064401b3e75,9854,451,0,0.0,42.9,617616,4100,44705,75832,34429,123733,0.7
31d52c0edb9010b051e6c1ee75cb84e6b94c8929,9854,451,0,0.0,42.9,617616,4100,44705,75832,34429,123733,0.7
265bce76f7a8cac19b231aa8b559f95d392ecdb2,9854,451,0,0.0,42.9,617616,4100,44705,75832,34429,123733,0.7
4dbc7f578eee7ceb9def35ebfa1a4cc236fb598f,9854,451,0,0.0,42.9,617616,4100,44705,75832,34429,123733,0.7
ec2c2e978e40a4bf7bf6a3a0bccbe7e3a68a0cc1,9854,451,0,0.0,42.9,617616,4100,44705,75832,34429,123733,0.7
48841a91209552d761b54a0c6f6ed4a200d97d73,9676,454,0,0.0,42.2,613980,4066,44415,75312,34143,121219,0.7
40d174f61518da87a3827f0ac52bc05d611c3324,9728,452,0,0.0,42.2,613920,4066,44412,75307,34143,121915,0.7
7e2920af400e5d559f8f1742b1043787b0477d74,9728,452,0,0.0,42.2,613920,4066,44412,75307,34143,121915,0.7
5da64e043377636202388773869e43f5b347cb39,9728,452,0,0.0,42.2,613920,4066,44412,75307,34143,121915,0.7
a309728e08ae1dce2534b5553a89d77b6f476c01,9728,452,0,0.0,42.3,613891,4066,44410,75302,34143,121915,0.7
7bced33132088857e790cf22b857ab8840dd1408,9728,452,0,0.0,42.3,613891,4066,44410,75302,34143,121915,0.7
622c127c3838c37f8479f73083dbea8db29207f5,9728,452,0,0.0,42.3,613891,4066,44410,75302,34143,121915,0.7
f5635a65676df12b00f2c8365357d6026202b397,9728,452,0,0.0,42.3,613891,4066,44410,75302,34143,121915,0.7
3495d9edaee30c1714a810eb35635f8be20fc106,9728,452,0,0.0,42.3,613891,4066,44410,75302,34143,121915,0.7
24fb7341afccdd89eba73cab62c73249155cd6b4,9728,452,0,0.0,42.3,613891,4066,44410,75302,34143,121915,0.7
4e311cd5b8ab4ecdfbfd080ad5a807c4a8b27657,9728,452,0,0.0,42.3,613891,4066,44410,75302,34143,121915,0.7
c00635a38a59c916ebc298e9b9a68ede92fbc699,9728,452,0,0.0,42.3,613854,4066,44405,75295,34143,121915,0.7
716d5b319c485c85b42e1fdd9a0f9d79877e4054,9728,452,0,0.0,42.3,613854,4066,44405,75295,34143,121915,0.7
91585e9515ea8e46b981e4a5966bbc9a31966443,9728,452,0,0.0,42.3,613854,4066,44405,75295,34143,121915,0.7
0cce1198ca4b2f057f70f129c732e275142bda94,9728,452,0,0.0,42.3,613854,4066,44405,75295,34143,121915,0.7
b7693912825c11e6da4d7d4ae24dae6b8b3f049a,9726,452,0,0.0,42.3,613713,4065,44398,75284,34133,121893,0.7
f7b3906003cf081c0ec29942582e21d014d8401c,9726,452,0,0.0,42.3,613713,4065,44398,75284,34133,121893,0.7
604b2bb85ccd33a132e0f588fad1611ab655e2c5,9726,452,0,0.0,42.3,613713,4065,44398,75284,34133,121893,0.7
7831a8dfc3a2de546ca069f4fc1e7afd03777554,9739,452,0,0.0,42.0,613787,4069,44422,75300,34135,122043,0.7
344bd3e76cb2652bd4aa980313d753ad9d678e2f,9663,453,0,0.0,42.1,613123,4061,44360,75195,34075,120988,0.7
7477f8bfbcf9cded7129bbf8ca7e91bcaa81c1ae,9661,453,0,0.0,42.1,612994,4061,44355,75182,34068,120950,0.7
fae8f6e733e475099f54675e7d73eac3718cbc2f,9659,453,0,0.0,42.1,612924,4058,44352,75179,34065,120960,0.7
ad59eb7d60e84e8b98415708ec38da5382cf6fc7,9659,453,0,0.0,42.1,612924,4058,44352,75179,34065,120960,0.7
3067261c91d0e02c46a1d4ad2b1df1dc64574fba,9660,453,0,0.0,42.3,612967,4060,44364,75187,34066,120974,0.7
8eb75db09002611d1f45e2fb769c974baf2fa1c1,9660,453,0,0.0,42.3,612967,4060,44364,75187,34066,120974,0.7
5eb9be6fed667d8f07b7f3f50aa01312ae535add,9660,453,0,0.0,42.3,612967,4060,44364,75187,34066,120974,0.7
2a7293343798414d275b0c43cdd9635461fbb325,9660,453,0,0.0,42.3,612967,4060,44364,75187,34066,120974,0.7
224782fe11677e5878e9487a73147cb9f69a1450,9660,453,0,0.0,42.3,612967,4060,44364,75187,34066,120974,0.7
fd0d5889d9f0d9cbf70c53205fd37a8a219c09f7,9660,453,0,0.0,42.3,612967,4060,44364,75187,34066,120974,0.7
0e678ce588c75019948b28a26572e972ce8a07ef,9660,453,0,0.0,42.3,612967,4060,44364,75187,34066,120974,0.7
e02b5c90ef305b4d1ca5c19f0b9b2e99f9392e44,9660,453,0,0.0,42.3,612967,4060,44364,75187,34066,120974,0.7
cb6540c8c9897968127e8fef02950259efed8fcf,9660,453,0,0.0,42.3,612967,4060,44364,75187,34066,120974,0.7
5f970a839674f68a4b2f07cdca012ab4a15566c0,9660,453,0,0.0,42.3,612967,4060,44364,75187,34066,120974,0.7
bc72b2ee6b14e83eff6a49bc664c09259e5bb1c8,9660,453,0,0.0,42.3,612967,4060,44364,75187,34066,120974,0.7
229d8f6fcd109e6c8943ea7cbb41dab746c6d0ed,9660,453,0,0.0,42.3,612885,4060,44361,75182,34067,120966,0.7
3c46178855ecec864e1ea9ff67392c0c96d49e0d,9660,453,0,0.0,42.3,612885,4060,44361,75182,34067,120966,0.7
319f29ea860e42e7cc21cda8c05d882134e6431f,9660,453,0,0.0,42.3,612885,4060,44361,75182,34067,120966,0.7
5a562bb078d30ac0633c2960e2558780cb183e89,9660,453,0,0.0,42.3,612885,4060,44361,75182,34067,120966,0.7
206e471de401da65070ee9099adc2f9691b8e781,9660,453,0,0.0,42.3,612885,4060,44361,75182,34067,120966,0.7
f59055a07030f19904648a4738774cb605196985,9652,453,0,0.0,42.3,612881,4060,44361,75182,34062,120866,0.7
cc1a1e495548d1e1ae7e0c0922824d6f2e35e926,9652,453,0,0.0,42.3,612881,4060,44361,75182,34062,120866,0.7
ff7e833c64806915af47499cbecf926ecdc875ee,9652,453,0,0.0,42.3,612879,4060,44361,75182,34061,120866,0.7
4a0ae22199375e34f9033bed9781da3dc90d53c6,9652,453,0,0.0,42.3,612879,4060,44361,75182,34061,120866,0.7
12f2e14c3b0d78b248cce3fdbd2741f0789a0065,9652,453,0,0.0,42.3,612879,4060,44361,75182,34061,120866,0.7
404c665800b645c2cb2453c5ed20dffd7f59d795,9652,453,0,0.0,42.3,612879,4060,44361,75182,34061,120866,0.7
ab580b9955ade2c4a755d5b8e150058088a48c2a,9652,453,0,0.0,42.3,612879,4060,44361,75182,34061,120866,0.7
5479545e900a604e10eb52312e65bca18fc3ceb4,9652,453,0,0.0,42.3,612879,4060,44361,75182,34061,120866,0.7
6319712b612b724fedbc5bed41942ac3426ffe48,9652,453,0,0.0,42.3,612879,4060,44361,75182,34061,120866,0.7
96e77596ad85275c07146f37aa0edcf4d660b93c,9652,453,0,0.0,42.3,612878,4060,44361,75182,34061,120866,0.7
18c2123cdeaebe60cb671dba8a976bbb1146faa6,9652,453,0,0.0,42.3,612880,4060,44361,75182,34061,120866,0.7
0acdb3f6541605d6f17c0415e6f736060deb15d3,9652,453,0,0.0,42.3,612880,4060,44361,75182,34061,120866,0.7
de4262ddc83fa2f7f0559bec294efbb9eb47e2b9,9652,453,0,0.0,42.3,612880,4060,44361,75182,34061,120866,0.7
9724aa2f77a01537f65ca2b84185cc4c43ab2ab7,9652,453,0,0.0,42.3,612880,4060,44361,75182,34061,120866,0.7
ed228f79cd3e569e04af8a8ab411811803bf3a29,9652,453,0,0.0,42.3,612880,4060,44361,75182,34061,120866,0.7
d9dbb75ed057c4f6673626763f257c0a9049e249,9651,453,0,0.0,42.3,612723,4060,44357,75159,34054,120862,0.7
83bb1bf57c84b9082d81d6e1e7833d04554527d5,9649,453,0,0.0,42.3,612658,4060,44355,75155,34051,120840,0.7
63af974efe51486c89bff8df5416781ab3181976,9649,453,0,0.0,42.3,612640,4060,44355,75152,34050,120840,0.7
07002fae27445408a4f8aeb512b14e1a555aa94f,9649,453,0,0.0,42.3,612640,4060,44355,75152,34050,120840,0.7
5455d30d9b6e0409d517138e9b80d6831ffb233b,9649,453,0,0.0,42.3,612622,4060,44355,75148,34040,120840,0.7
89a0b0ffcebaf640d7df394b97404cb9505817c7,9649,453,0,0.0,42.3,612614,4060,44353,75146,34040,120840,0.7
d8e7642d4e61b6d442c38b2cab1f631864c4e368,9649,453,0,0.0,42.3,612605,4060,44353,75145,34040,120840,0.7
048c92d43d6e1180e399ee9c68ad952310230b2b,9649,453,0,0.0,42.3,612605,4060,44353,75145,34040,120840,0.7
41e19512b996ac2768ca33d9b4c8c470ce40b76e,9700,450,0,0.0,42.4,610790,4033,44226,74926,34014,121666,0.7
61c9b6f0bac595be2fe7d291bffe72ab8b585936,9700,450,0,0.0,42.4,610790,4033,44226,74926,34014,121666,0.7
6a80b7b61b8fc111f10c7c3f9ae9327e3ef6b353,9717,450,0,0.0,42.4,610782,4033,44226,74926,34013,121700,0.7
56e6b6f7b1ae3892534908a9ad276657c5d180f9,9711,450,0,0.0,42.4,610726,4033,44222,74914,34007,121630,0.7
4714bbfa20642516037abac8545c24b326b53787,9734,450,0,0.0,42.4,610726,4033,44222,74914,34007,121676,0.7
05923d6ab821a37108409236e03ef7dd5df62670,9734,450,0,0.0,42.4,610727,4033,44222,74914,34007,121676,0.7
7d796e0b38ad7f2d80e76b3a250e3f8705c1a62f,9734,450,0,0.0,42.4,610746,4033,44222,74914,34007,121676,0.7
1f6ff6c70c8c921f56ee9d538f14a0eca6cfe00c,9733,450,0,0.0,42.4,610718,4033,44220,74908,34004,121666,0.7
06b4610458469c344bb6ecd5207467202b5dc231,9732,450,0,0.0,42.2,610687,4033,44233,74921,34121,121586,0.7
afa913679b8b5db2a120ad6eae7244c7a8451c59,9735,455,0,0.0,42.2,610671,4033,44245,74936,34121,121630,0.7
bbf350c590ec39d1ccf91395888d2a71aa4af66f,9735,455,0,0.0,42.2,610671,4033,44245,74936,34121,121630,0.7
49e416343a1647587072b4f0c4c2bae995d23835,9735,455,0,0.0,42.2,610671,4033,44245,74936,34121,121630,0.7
096e507d04985b3c59a16552c7ec1cece083d4c1,9735,455,0,0.0,42.2,610671,4033,44245,74936,34121,121630,0.7
b911cac63149d47ce1feec5c315de4b8457dffbb,9735,455,0,0.0,42.2,610671,4033,44245,74936,34121,121630,0.7
d06da2dd76454a8e3485fad23de4ccc123611447,9735,455,0,0.0,42.2,610671,4033,44245,74936,34121,121630,0.7
1c3476d953865c1953d54ce02be12b5b19dafe1c,9735,455,0,0.0,42.2,610671,4033,44245,74936,34121,121630,0.7
6223708dd574d2e6f775f8e107a78f217c676481,9735,455,0,0.0,42.2,610671,4033,44245,74936,34121,121630,0.7
ce1279e3d001d2757b61db42e6d460ba649a5e29,9735,455,0,0.0,42.2,610671,4033,44245,74936,34121,121630,0.7
24d26b6a35a1287531e72357691d9dbd3d7f79bd,9735,455,0,0.0,42.2,610593,4033,44243,74925,34118,121628,0.7
83dd59a6f89bf9a93e430ba0cc0995e14897db63,9733,455,0,0.0,42.4,610594,4033,44248,74930,34136,121606,0.7
9a0fc49481c232bf0eb149fa189d875cded6a231,9732,455,0,0.0,42.4,610545,4033,44244,74922,34136,121600,0.7
fc213cc3937b4cefbc21beb6d5b47f564c439810,9732,455,0,0.0,42.4,610545,4033,44244,74922,34136,121600,0.7
4aee3076171141bcbc03f381af84419f6afad54e,9726,455,0,0.0,42.5,610291,4033,44239,74904,34122,121512,0.7
4048987d2f667449bcb62a442177e4c0b36a3c36,9726,455,0,0.0,42.5,610290,4033,44239,74904,34122,121512,0.7
c7eba348d86563e1aefd711e664b45e393a44261,9726,459,0,0.0,42.4,610290,4033,44239,74904,34122,121512,0.7
d1f9f28f4fbf32e4adff324fa5864d73bd522880,9726,459,0,0.0,42.4,610287,4033,44239,74903,34118,121512,0.7
3825477b0175d0e24960c89815c217f1ff8d2563,9729,461,0,0.0,42.4,610295,4033,44239,74907,34118,121535,0.7
d255c87b00c8ca422a1d32a33b3a9cfe2f04cea2,9728,461,0,0.0,42.4,610280,4033,44239,74903,34116,121526,0.7
afda8be25652d44d9339a79c6797b6bf20c55bd6,9728,464,0,0.0,42.4,610280,4033,44239,74903,34116,121526,0.7
0eab91aad705205ebbf675eeb9ea49d3a07d4755,9728,464,0,0.0,42.4,610280,4033,44239,74903,34116,121526,0.7
3df3d29a6938f5999161b39bb219527b8cb67c80,9750,471,0,0.0,42.5,610317,4033,44239,74914,34113,121635,0.7
f4ddaea56b7039ecf4e94273aa037e52da934de4,9754,471,0,0.0,42.4,610263,4031,44239,74910,34111,121603,0.7
d3cb1b696a1631a9cca4619f93252cd0a985fbfc,9754,471,0,0.0,42.4,610263,4031,44239,74910,34111,121603,0.7
a975a955523239ca6423adf2ec26915ca8675f4f,9754,471,0,0.0,42.4,610258,4031,44239,74909,34111,121603,0.7
0e7aa84b1dd378b4be56f5b45b6744b383501bd9,9752,469,0,0.0,42.4,610203,4031,44238,74899,34107,121568,0.7
f0cb1ec2c6c97ed07b1f3acbdb28d985cae3e7e8,9754,469,0,0.0,42.5,610176,4030,44238,74897,34106,121552,0.7
2bdae5e744dc014963cb6c5e1a2372f1718888c5,9754,469,0,0.0,42.5,610176,4030,44238,74897,34106,121552,0.7
7071dc18ed66454542f466b5bfe8821028f2db0c,9754,469,0,0.0,42.5,610176,4030,44238,74897,34106,121552,0.7
c469edf6cd241e848d3926a07d978cc4b5994cc5,9754,472,0,0.0,42.5,610170,4030,44238,74897,34106,121552,0.7
91fbcaa62c25308aa815557dd2c0041f75530705,9754,472,0,0.0,42.5,610170,4030,44238,74897,34106,121552,0.7
f9f30f6b90515b084b9292ead67508a54e115968,9749,472,0,0.0,42.5,610124,4029,44234,74893,34100,121497,0.7
87a988fdda5fc68fd3b04947e000ef190fa54f61,9749,472,0,0.0,42.5,610124,4029,44234,74893,34100,121497,0.7
c88e9422bb5a2a27ff6ee71c26740f20dd00ea29,9749,472,0,0.0,42.5,610124,4029,44234,74893,34100,121497,0.7
9ed33839e7a8820b5069cbb51cd54a80785d6a62,9747,472,0,0.0,42.5,609845,4027,44216,74868,34042,121439,0.7
29ff08a08633ca8df194a26f533b5f9af50fca9e,9746,472,0,0.0,42.5,609822,4027,44215,74867,34042,121409,0.7
10fc04b639136af7e5bf6720e89b00637109374c,9735,472,0,0.0,42.5,609367,4023,44184,74807,34031,121306,0.7
8af8a4da5efcdaecdafb59766a9325fe3f3f5043,9735,472,0,0.0,42.5,609367,4023,44184,74807,34031,121306,0.7
565352d12be30735d9224f894099defd6cd45b09,9735,472,0,0.0,42.5,609367,4023,44184,74807,34031,121306,0.7
4bd9e64f283bc80b2fd41cec2fe939dd5697db0a,9735,472,0,0.0,42.5,609323,4023,44183,74807,34029,121286,0.7
c85f66759e112dd1a02d1636ffe0814f514e64c9,9735,472,0,0.0,42.5,609323,4023,44183,74807,34029,121286,0.7
5733aecd0d010b17b9bd0f10aaccb601b1f13c90,9741,472,0,0.0,42.5,609326,4023,44183,74807,34029,121346,0.7
29fd2a0cb940fd16aa5bfb8003ec1354e678c949,9741,472,0,0.0,42.5,609326,4023,44183,74807,34029,121346,0.7
a75fb1c961128f2fc49dd3f7835edd005410585e,9738,472,0,0.0,42.5,609073,4023,44155,74762,34025,121296,0.7
87d2fdd173db5813869435f2747920f2bdc8eda8,9738,472,0,0.0,42.5,609073,4023,44155,74762,34025,121296,0.7
da6268ef192079b7dfc2d81b7ac7f606a88d7d02,9738,472,0,0.0,42.5,609073,4023,44155,74762,34025,121296,0.7
a47937c0c1fcafe57d7dc83551d8c9a3ce0ab1b9,9738,472,0,0.0,42.5,609073,4023,44155,74762,34025,121296,0.7
e57b9f69543886236297db43923a08994f9e18c4,9738,472,0,0.0,42.5,609073,4023,44155,74762,34025,121296,0.7
1ec69d1ce91fa32bd60df5aec8bf9238f5451ca8,9719,472,0,0.0,42.5,609029,4023,44154,74762,34023,120991,0.7
c67c9124d324207d742307982de31e5ff2ebcd01,9719,472,0,0.0,42.5,609023,4023,44154,74760,34023,120991,0.7
a2a679f7c085ab77c215e00e091d3cea7fc57188,9719,472,0,0.0,42.5,609023,4023,44154,74760,34023,120991,0.7
601efaf309712eca21228f8949813133606a42b8,9719,472,0,0.0,42.5,608907,4023,44148,74750,34020,120985,0.7
23a578e5c68dcb13d7474a6023d866f09ca512a9,9719,472,0,0.0,42.5,608907,4023,44148,74750,34020,120985,0.7
10d7ab11c90f7f0f6b60919e3bca6db251ec697e,9719,472,0,0.0,42.5,608907,4023,44148,74750,34020,120985,0.7
cbd11d7aa54a3b531f59a5e83411a163f9126a0c,9719,472,0,0.0,42.6,608652,4023,44137,74735,34019,120985,0.7
8248663a2a1ffddd2664ea37b45882455466f71c,9719,472,0,0.0,42.6,608652,4023,44137,74735,34019,120985,0.7
791140652c39d9c912ac008c64edea7db6d047f0,9719,472,0,0.0,42.6,608652,4023,44137,74735,34019,120985,0.7
9dbfbbb203c007592b8ba5f4816925043c08923a,9719,472,0,0.0,42.6,608650,4023,44137,74735,34017,120985,0.7
08cc776bfef8c576378b9fc2d8f74f6c6e87370d,9719,472,0,0.0,42.6,608628,4023,44137,74735,34017,120985,0.7
3c714402773296e168263c63b5ffd346fdb654b0,9729,472,0,0.0,42.5,608699,4023,44149,74764,34009,121030,0.7
5ea78e3fbe5d8c9c846a1b86bcd2b77d13a31acd,9729,472,0,0.0,42.5,608699,4023,44149,74764,34009,121030,0.7
316f0a11bf5aa3d24cf7cb0c649960e42c312b36,9729,472,0,0.0,42.5,608704,4023,44149,74764,34009,121030,0.7
0b505de413acb02441efb46ddc7aa1f1cd5621f4,9729,472,0,0.0,42.5,609238,4023,44149,74764,34009,121030,0.7
2862047771da068fe11745064f78d44f39ca9d05,9736,472,0,0.0,42.3,609596,4023,44149,74764,34009,121138,0.7
2289758dc9c1ba75c04be084c1b66884e70c8af9,9736,472,0,0.0,42.3,609626,4023,44149,74764,34009,121138,0.7
ae6f9066eefd1043d3f389f74f05e3279680b65b,9736,472,0,0.0,42.3,609626,4023,44149,74764,34009,121138,0.7
4859b552e961d84ead2e131dd085e05edcbb2453,9736,472,0,0.0,42.3,609626,4023,44149,74764,34009,121138,0.7
d8f26caa97b5c06ee3a428b5c0868762a6f553a3,9736,472,0,0.0,42.3,609626,4023,44149,74764,34009,121138,0.7
52d82f93efe77a33ff6c898126292aadcce65916,9736,472,0,0.0,42.3,609626,4023,44149,74764,34009,121138,0.7
1928257ce3d8ec6dfa96fb9d8424294b27bc3f72,9736,472,0,0.0,42.3,609620,4023,44149,74761,34009,121138,0.7
87810c8f2b6e47c45d1d179f9f84ccb461a5b9bb,9768,472,0,0.0,42.3,609690,4024,44158,74775,34071,121526,0.7
5f3809c5159694618e0619cffd563077f1b56c12,9768,472,0,0.0,42.3,609690,4024,44158,74775,34071,121526,0.7
3d3e565a793280f2925114ada9d853ea304d6b9b,9768,472,0,0.0,42.3,609687,4024,44158,74775,34071,121526,0.7
a3a2b585b9f84ca1f829b6e7dd9ce3315911987d,9768,472,0,0.0,42.3,609687,4024,44158,74775,34071,121526,0.7
26dc338a4d3ffd6e0f3cda1c7be65f5f299c1824,9777,472,0,0.0,42.3,609733,4024,44163,74781,34084,121621,0.7
26c298a934899cb7caf0af69f38f1da6563b9b01,9777,472,0,0.0,42.3,609733,4024,44163,74781,34084,121621,0.7
31654239eb86bf66573102b451d6df8c7722d6e6,9777,472,0,0.0,42.3,609733,4024,44163,74781,34084,121621,0.7
6c76a3a9a7a41db0451992625d54e0109ff6ba53,9777,472,0,0.0,42.3,609733,4024,44163,74781,34084,121621,0.7
636f96304904599c3f1ae7f5f073400ca80a3239,9777,472,0,0.0,42.3,609733,4024,44163,74781,34084,121621,0.7
b7a0bea6e5cd31b871bd6e038ff78588d80a6655,9777,472,0,0.0,42.3,609733,4024,44163,74781,34084,121621,0.7
42c3159226ab8f7f3969760b6d75a40246a19bd7,9777,472,0,0.0,42.3,609733,4024,44163,74781,34084,121621,0.7
a02b551825786b0d7b5653800a69e77d1809b2de,9777,472,0,0.0,42.3,609733,4024,44163,74781,34084,121621,0.7
74cf6977b9db46df2850f29d099764d76950b6a2,9777,472,0,0.0,42.3,609733,4024,44163,74781,34084,121621,0.7
b6c949cd86c372a87a4d43a557c19dd310af80d8,9777,472,0,0.0,42.3,609733,4024,44163,74781,34084,121621,0.7
bdd6225b6296c7fb10e396494f6735b72faf4feb,9777,472,0,0.0,42.3,609733,4024,44163,74781,34084,121621,0.7
282fa73b2c2b51b1d519a91e8bb05b2d2bdf3cf4,9774,472,0,0.0,42.3,609334,4023,44141,74730,34068,121563,0.7
fa95e1277fc38dae2f2cbe1c687b163d928b03aa,9774,472,0,0.0,42.3,609334,4023,44141,74730,34068,121563,0.7
2a754486f7e1ff536d5c9b04742bcf379bc9c340,9774,472,0,0.0,42.3,609334,4023,44141,74730,34068,121563,0.7
bab547474e2dcae7fab76164107404419f4d4fe1,9774,472,0,0.0,42.3,609334,4023,44141,74730,34068,121563,0.7
5a0372c18c02ffb7322ed1eaeb20a89ed771f633,9774,472,0,0.0,42.3,609334,4023,44141,74730,34068,121563,0.7
75b3a052a739f85f28fa3e43ee29456aa01da066,9774,472,0,0.0,42.3,609334,4023,44141,74730,34068,121563,0.7
c7de6cb345995cb47312edbef6edae2f17fb8aba,9774,472,0,0.0,42.3,609334,4023,44141,74730,34068,121563,0.7
e0dc57e3366347c773ff1c333ee158f9a49eb5c6,9774,472,0,0.0,42.3,609334,4023,44141,74730,34068,121563,0.7
c7d3ef44367c46875f0367d312372fb2f246ae73,9774,472,0,0.0,42.3,609325,4023,44141,74730,34068,121563,0.7
afc30818b734879e53a24f90f034685cf8fc56bc,9774,472,0,0.0,42.3,609316,4023,44141,74730,34068,121563,0.7
be46d29d402e44ddc365381933c8770a98ce5fec,9784,470,0,0.0,42.3,608271,4014,44041,74585,33950,121729,0.7
59e937761aac2dddf14d331268aeb0b9adec6908,9784,470,0,0.0,42.3,608272,4014,44041,74585,33950,121729,0.7
cbe391d1faad059a23c861de941636350642f6b4,9784,470,0,0.0,42.3,608268,4014,44041,74585,33950,121729,0.7
a642a9350e06dc244ec167372985564372896850,9784,470,0,0.0,42.4,608242,4014,44039,74581,33950,121721,0.7
0a26f02876dfb3b9bbfac6720fb2506326e97273,9755,466,0,0.0,42.6,607101,4005,43956,74426,33867,121349,0.7
40da6f1e430a233ac82e4b5fb41b29615daf298f,9755,466,0,0.0,42.6,607101,4005,43956,74426,33867,121349,0.7
ab476abfdbdb7fbfc07751c4fc1ba4f32870a4e7,9755,466,0,0.0,42.6,607101,4005,43956,74426,33865,121349,0.7
45bdf3fd438aa8d2919282947e6c820117453ec6,9755,466,0,0.0,42.6,607101,4005,43956,74426,33865,121349,0.7
67e181ea9b706afc8ff9d1bcd0f9e9c240f173cd,9755,466,0,0.0,42.6,607101,4005,43956,74426,33865,121349,0.7
134345dd20d99b4800aaefdab1397fd22819d1ff,9755,466,0,0.0,42.6,607101,4005,43956,74426,33865,121349,0.7
7d75f823ac0606e5efa25dc73b50e74b3bc87411,9755,466,0,0.0,42.6,607059,4004,43946,74420,33863,121349,0.7
252168419f8ac1d251b39f0944a189184056e543,9757,466,0,0.0,42.6,607096,4005,43950,74427,33876,121359,0.7
2dfc0c66fa9e64344bc21d3d820d80a99f7ffd9c,9757,466,0,0.0,42.6,607096,4005,43950,74427,33876,121359,0.7
ee11de91c94f742e3c8e6414a152d753a36384ff,9757,466,0,0.0,42.6,607096,4005,43950,74427,33876,121359,0.7
1837c81758344482086a82432e498fd2d509b48b,9757,466,0,0.0,42.6,607096,4005,43950,74427,33876,121359,0.7
b4ffbf4f18574cd3f461fc967bf600f1435d398c,9757,466,0,0.0,42.6,607096,4005,43950,74427,33876,121359,0.7
23eb5941cd599183be63676c9d1379ba102b1a97,9757,466,0,0.0,42.6,607096,4005,43950,74427,33876,121359,0.7
6a594546b06df9fb75dd7e9713a8dc173e67c870,9757,466,0,0.0,42.6,607096,4005,43950,74427,33876,121359,0.7
2722290a7793dcb4f411aad271d5a22697c696f9,9757,466,0,0.0,42.6,607096,4005,43950,74427,33876,121359,0.7
46732b876a50409915f7ccf79471bb26c09f7ef8,9757,466,0,0.0,42.6,607033,4005,43948,74423,33876,121337,0.7
2843f3233246118cbc963c7c6612da1ec2f60b8a,9757,466,0,0.0,42.6,607033,4005,43948,74423,33876,121337,0.7
d723f9fc63d0be21475c8ca23fa2aefc2115147e,9754,466,0,0.0,42.6,607006,4005,43948,74423,33873,121292,0.7
f9cdde2516daea6d503798ef62e5869b5e46c31d,9754,466,0,0.0,42.6,607006,4005,43948,74423,33873,121292,0.7
795fea9446723cf9c2dbc3cac07883cace8997c9,9754,466,0,0.0,42.6,606943,4005,43946,74419,33873,121270,0.7
580df62d4becd07e18c53bd0df52fe8a094da88c,9754,466,0,0.0,42.6,606943,4005,43946,74419,33873,121270,0.7
6f4b19516bc1cc4d4a89fd2018b918b6f7e6d625,9752,466,0,0.0,42.6,606922,4005,43944,74417,33871,121254,0.7
957cb0d67f077d18ebf9f0b1a6abea7f099ac899,9752,466,0,0.0,42.6,606922,4005,43944,74417,33871,121254,0.7
ca8af31f7dc1044096964b84df6aac2732fee3fa,9752,466,0,0.0,42.6,606922,4005,43944,74417,33871,121254,0.7
9a3db37d393b4eb7a270ffef14f2a6a5ed6c71da,9752,466,0,0.0,42.6,606922,4005,43944,74417,33871,121254,0.7
2a35e239603056d99a5576d25ac20529ee0d04c9,9752,466,0,0.0,42.6,606922,4005,43944,74417,33871,121254,0.7
af9b9ee8a5500308d483016c8b585db8ed6b8c90,9752,466,0,0.0,42.6,606922,4005,43944,74417,33871,121254,0.7
311dbbb10dfa41fd22966ec87a03d449d0d84f96,9752,466,0,0.0,42.6,606922,4005,43944,74417,33871,121254,0.7
d4c2ef89500426eea66106b47e39841ec2383c54,9752,466,0,0.0,42.6,606922,4005,43944,74417,33871,121254,0.7
dd2197f835aa3f180c0f49246055ce665f9fef59,9752,466,0,0.0,42.6,606885,4005,43942,74414,33868,121254,0.7
9114cc87ac48ac77402eb41d398c6371a79f3c79,9752,466,0,0.0,42.6,606839,4005,43939,74405,33868,121254,0.7
b3c25fb7608934d975a054b353823ca001ca3742,9761,470,0,0.0,42.6,606792,4005,43936,74401,33863,121383,0.7
f1a548f9724b25e2630d3a28d4051fbef9155f3a,9761,470,0,0.0,42.6,606763,4005,43935,74397,33863,121383,0.7
fcd07d91aac2c0851e9174c0e0bd84b1a529856c,9761,470,0,0.0,42.6,606763,4005,43935,74397,33863,121383,0.7
8d6bee736884575da7368e0963268d1cbe362d90,9761,470,0,0.0,42.6,606763,4005,43935,74397,33863,121383,0.7
236f6255b1c7eadc8338d23239755e539935c580,9761,470,0,0.0,42.6,606763,4005,43935,74397,33863,121383,0.7
2886ef4bf6cf575f9780a5bfd351a4f4d51cce4b,9755,470,0,0.0,42.6,606596,4002,43923,74379,33863,121344,0.7
2a68edc04e5e0426f449f099b0149c204a4c97e6,9755,470,0,0.0,42.6,606596,4002,43923,74379,33863,121344,0.7
6abb99f0a72e27165131cf73b6e0ff587a8759c5,9759,470,0,0.0,42.6,606600,4002,43923,74379,33863,121384,0.7
bd046f844a1cbad6c98919d8ea63176aeae78d33,9759,470,0,0.0,42.6,606600,4002,43923,74379,33863,121384,0.7
139721fee680fa22c69d28c296563f9acabab8e2,9753,470,0,0.0,42.6,606462,4002,43921,74367,33857,121288,0.7
f4aaa375e9243c9c8c6619a0f8e0a922b6dd9313,9746,470,0,0.0,42.6,606329,4002,43918,74355,33854,121183,0.7
f31315e9357ec29f7d42ef234add4d964a0cbc5d,9746,470,0,0.0,42.6,606338,4002,43919,74357,33854,121183,0.7
788bea2695d78f8d16e7595d41de5ae7ca96b91e,9746,470,0,0.0,42.6,606338,4002,43919,74357,33854,121183,0.7
090fe2eca9e2e01cb96857052fa688be8530edec,9746,470,0,0.0,42.6,606338,4002,43919,74357,33854,121183,0.7
2cd6d0d475a782b23bf53077703873d1c593f2c4,9743,470,0,0.0,42.6,606269,4002,43918,74351,33851,121133,0.7
4c9f47d208b16921f825a66e24d0693f2b76b03b,9743,470,0,0.0,42.6,606269,4002,43918,74351,33851,121133,0.7
2058053b0c6e5b1c7e91fa029162f22d109aafb1,9742,470,0,0.0,42.6,606262,4002,43916,74349,33850,121126,0.7
a6fb9cd2d3f6bd1d6a678795c86b00077846ee53,9742,470,0,0.0,42.6,606231,4002,43915,74346,33848,121126,0.7
5e08f886f367e548834afe1d43f99e0cb8d3ef5e,9742,470,0,0.0,42.6,606192,4002,43914,74345,33844,121126,0.7
ea916c1700ef37377d3e8bba1197b3fe32d1a248,9742,470,0,0.0,42.6,606165,4002,43907,74338,33844,121124,0.7
d23c4902eb7ed319176bb7d74e04b6f2175e3593,9742,470,0,0.0,42.6,606131,4002,43907,74336,33841,121124,0.7
02b1ff968d2a4bbe299dc2668ef9cda493058db7,9742,470,0,0.0,42.6,606131,4002,43907,74336,33841,121124,0.7
b6236302c4d215e8f4fcab43571700093972887a,9740,470,0,0.0,42.6,605919,4002,43895,74322,33841,121112,0.7
d0dbc9cba264572a10fb96c001e4987fd6e07676,9740,470,0,0.0,42.6,605892,4002,43888,74315,33841,121110,0.7
b752b742e4d114df07e285dba018cda3cd7c5261,9738,470,0,0.0,42.6,605835,4002,43886,74310,33840,121073,0.7
485ce3470b070b2b23c50088c08bf8d247c9cecc,9738,470,0,0.0,42.6,605835,4002,43886,74310,33840,121073,0.7
04792cf991608d836a1ce60651bf65d1b7f67120,9738,470,0,0.0,42.6,605835,4002,43886,74310,33840,121073,0.7
e484f0d71b8ef7164df4f8e6ed16142dfe346fbb,9738,470,0,0.0,42.6,605835,4002,43886,74310,33840,121073,0.7
2b21020aedb63c26295005d150c05f0a5a5f0eb2,9739,470,0,0.0,42.6,605824,4002,43884,74308,33842,121078,0.7
3c8e046978b1cc27080ff8fc1d626cdc92066562,9739,470,0,0.0,42.6,605824,4002,43884,74308,33842,121078,0.7
e10098b9ab7cb532d2ca4876f00997102446e52d,9791,470,0,0.0,42.6,605623,4001,43865,74273,33833,121908,0.7
b187b17f3faa15d9fb6f3f0acde7aad7a6213cd8,9791,470,0,0.0,42.6,605623,4001,43865,74273,33833,121908,0.7
e6586e947f8881d010a496a731dbb5524c0e8510,9791,470,0,0.0,42.6,605623,4001,43865,74273,33833,121908,0.7
5d3d647ead118bdbfa718c7b46040e59ecae9b11,9791,470,0,0.0,42.6,605623,4001,43865,74273,33833,121908,0.7
a5b85a73787cf092992f75245a0efe21735a4358,9791,470,0,0.0,42.6,605623,4001,43865,74273,33833,121908,0.7
ed0959257cba02f378f7097d81cecaaaef9fa43f,9791,470,0,0.0,42.6,605623,4001,43865,74273,33833,121908,0.7
2857d3a927527e8116871ef4abe6cfed15340188,9791,470,0,0.0,42.6,605623,4001,43865,74273,33833,121908,0.7
ed84ea004542123d5a839be2e1f879cb3eb8f184,9790,470,0,0.0,42.6,605576,4001,43863,74271,33833,121894,0.7
9cd5977e4e63e7a3b54afd785e58fd678f0aa7f0,9790,470,0,0.0,42.6,605576,4001,43863,74271,33833,121894,0.7
be305b2910848194160073009859b8f600ba5ed3,9790,470,0,0.0,42.6,605576,4001,43863,74271,33833,121894,0.7
51061511edd953cc0456b7e2b8e8c7dff7567795,9790,470,0,0.0,42.6,605576,4001,43863,74271,33833,121894,0.7
7600ba74faef15b4d5593e9ada255e6dc999d0ed,9790,470,0,0.0,42.6,605576,4001,43863,74271,33833,121894,0.7
032330856631ebeb22718acbc64fb19011f2f064,9790,470,0,0.0,42.6,605576,4001,43863,74271,33833,121894,0.7
aeb26820a82859323c46f1879bd96f932a3cfca5,9605,471,0,0.0,42.6,605209,4001,43848,74231,33821,119212,0.7
1757577937d0e9c385ace059b8e8f7f1f75d5fc1,9599,471,0,0.0,42.6,605153,4001,43846,74227,33819,119132,0.7
8396097711c0443cf743c9225c16db9900dd8dea,9600,471,0,0.0,42.6,605157,4001,43847,74228,33820,119142,0.7
839f71c0053d2f453fe57fb3592e7d8e9f1f74ed,9597,471,0,0.0,42.6,605035,4001,43840,74211,33816,119127,0.7
e85884d269555a5608ba4dacc0c1d4e2278c5509,9597,471,0,0.0,42.6,605035,4001,43840,74211,33816,119127,0.7
e785aa7faa08794be26abe32f11422016ddac490,9597,471,0,0.0,42.6,605035,4001,43840,74211,33816,119127,0.7
5aa0d3bf27112fcf5d952f208c4b530d3892ae8f,9597,471,0,0.0,42.6,605035,4001,43840,74211,33816,119127,0.7
96268505b4b9db0df7f866a27c0c25ad0c665a54,9597,471,0,0.0,42.6,605035,4001,43840,74211,33816,119127,0.7
6f0d9dd47c693dc2aa13a38fab3d56473d925563,9597,471,0,0.0,42.6,605035,4001,43840,74211,33816,119127,0.7
426818bfe7fa93e8c677ebf886638d5c50db597b,9597,471,0,0.0,42.6,605035,4001,43840,74211,33816,119127,0.7
a55797d4ac8724befbfa6e27ff1c8591c572bdb3,9790,470,0,0.0,42.6,605358,4004,43883,74264,33839,122283,0.7
6016110d941ec001f593a7c20bdaff81a131208a,9790,470,0,0.0,42.6,605300,4004,43879,74254,33834,122275,0.7
9310bd4828736e26caecd1f6e51274fd840440a9,9790,470,0,0.0,42.6,605300,4004,43879,74254,33834,122275,0.7
a0a6bcfe542518b8fdfb958298e5fb33d4afafdd,9790,470,0,0.0,42.6,605300,4004,43879,74254,33834,122275,0.7
01bc864b8eb8c4ca4240af85f00f4e67c78c466e,9790,470,0,0.0,42.6,605300,4004,43879,74254,33834,122275,0.7
1e35bf96ecacd5c5175116f40fa3e097991d04d2,9790,470,0,0.0,42.6,605300,4004,43879,74254,33834,122275,0.7
646440abf6f1d6a5c06979b5939c33c5a410a7ba,9790,470,0,0.0,42.6,605300,4004,43879,74254,33834,122275,0.7
21c0ec491d394ff15739d986f3bae460cdd722e4,9792,470,0,0.0,42.6,605028,4002,43859,74226,33834,122285,0.7
c9eed438165ff0b399c953a00d65507d02d3971f,9793,470,0,0.0,42.6,604892,4001,43849,74212,33834,122290,0.7
b7d3a7f9d33aae2a85f9a742ed1ab87608283d28,9793,470,0,0.0,42.6,604810,4001,43845,74204,33816,122290,0.7
c9f775b8063e9af4c14de12659c36a4286e4b000,9793,470,0,0.0,42.6,604810,4001,43845,74204,33816,122290,0.7
5821efcdd521fa4d0f244500d3edb5e1c9e06311,9793,470,0,0.0,42.6,604769,4001,43843,74200,33807,122290,0.7
10ffc606219d34c801c2109a9d19d0848a63d2dc,9798,470,0,0.0,42.6,604349,4001,43810,74188,33756,122355,0.7
837a4aab37233827ec01168bc2b835f3ffcdb4bd,9798,470,0,0.0,42.6,604349,4001,43810,74188,33756,122355,0.7
f460964e78dbbfbe81fd093d436dca80c72e7124,9798,470,0,0.0,42.6,604349,4001,43810,74188,33756,122355,0.7
0f11f54c438f946ccf4224f6da3613689f7821bf,9798,470,0,0.0,42.6,604349,4001,43810,74188,33756,122355,0.7
53261312d6313026dd8c8d202faa87f5f428b27d,9798,470,0,0.0,42.6,604265,4001,43805,74173,33753,122349,0.7
bfe0daadd5ab1107a721b73cc0e72c3ad76cef23,9798,470,0,0.0,42.6,604265,4001,43805,74173,33753,122349,0.7
34e181b288464e9ede176b87ee1ecb27f3d3ac78,9798,470,0,0.0,42.6,604265,4001,43805,74173,33753,122349,0.7
866021d7d34f274349ce7de1f29d113395e7f28c,9798,470,0,0.0,42.6,604265,4001,43805,74173,33753,122349,0.7
e3b78be9ac32533500136e1a32d7f02efc03bef8,9798,470,0,0.0,42.6,604265,4001,43805,74173,33753,122349,0.7
a23021d05d882f6c7b621159e151b4b076a7e98b,9623,471,0,0.0,42.6,604138,4000,43799,74166,33737,119724,0.7
4261e18b7f739a48b1cc38b728bdbd3ebfebf193,9623,471,0,0.0,42.6,604095,4000,43798,74164,33737,119724,0.7
2510ef861cf135cd11d65fc8b9ee8b924b0ddcf9,9627,471,0,0.0,42.6,604018,3999,43792,74152,33727,119784,0.7
9664940ae4f241a70bd4759fbe1a9564f7400f52,9627,471,0,0.0,42.6,604018,3999,43792,74152,33727,119784,0.7
e468d02e4a0d8131c7beb75fcbd3863a568de0bc,9627,471,0,0.0,42.6,604018,3999,43792,74152,33727,119784,0.7
3ed04c16ec3d89a95ef35d33b0f8a088d464ece8,9627,471,0,0.0,42.6,604018,3999,43792,74152,33727,119784,0.7
ed2d0410c861c6fcec825dff738d01559f2cd590,9627,471,0,0.0,42.6,604018,3999,43792,74152,33727,119784,0.7
efa14bfb295e0c06f2c8e115a9f8166b3dfa13e3,9627,471,0,0.0,42.6,604018,3999,43792,74152,33727,119784,0.7
1f8cad3c71850645f6656df652df523a5d8108a7,9627,471,0,0.0,42.6,604018,3999,43792,74152,33727,119784,0.7
8136463bd92dabe4c9b677c0d09a30664d584166,9627,471,0,0.0,42.6,604018,3999,43792,74152,33727,119784,0.7
228fc9b41f99f423d500a236c68216f0203dd42c,9613,471,0,0.0,42.5,603546,3997,43764,74042,33651,119700,0.7
928888b579c456ceb82d2771c7ab9f07cc73ad53,9606,471,0,0.0,42.5,603310,3996,43750,73987,33613,119658,0.7
c41c599fe877b676628ce05ff2653401d306c9c6,9606,471,0,0.0,42.5,603310,3996,43750,73987,33613,119658,0.7
0a4e6e6cfbea532745c8bc1523d221c72768506c,9606,471,0,0.0,42.5,603310,3996,43750,73987,33613,119658,0.7
dd194b4391b947ee7caabbefd5e992fd92b9c524,9608,471,0,0.0,42.5,603322,3996,43750,73986,33613,119720,0.7
b3ebcf109a3e94727051908995e3364fa2b89039,9608,471,0,0.0,42.5,603322,3996,43750,73986,33613,119720,0.7
f761d98a1d53cdb6574aeb84733158924635f25f,10013,501,0,0.0,44.5,639395,4274,46372,78168,35603,124386,0.6
fbcd142c5dc1ec99792ef8edc1378e3a027fecf7,10005,499,0,0.0,44.5,639383,4274,46370,78165,35593,124263,0.6
fc5b2b336c774b0b8b032f7d87a1fb21e76b3f20,9550,473,0,0.0,42.4,602737,3994,43719,73902,33557,118827,0.7
97c5700ff53a4ae0a991231add7e80ab2cae3978,9743,469,0,0.0,42.4,602737,3994,43719,73902,33557,121761,0.7
78e8204c53286748ca96dd2cb1d5f7ca899f82f1,9740,469,0,0.0,42.4,602624,3994,43715,73884,33551,121727,0.7
d067677df8cf86bb2161f5dea16a078e99540566,9731,468,0,0.0,42.4,602473,3994,43713,73883,33542,121598,0.7
e6a1a45624b8bd8246c6ef5601cae046015f4532,9730,468,0,0.0,42.4,602421,3994,43710,73877,33535,121574,0.7
943321ee6d1a8fd9da4632c456c4507e62b2898e,9730,468,0,0.0,42.4,602420,3994,43710,73877,33535,121574,0.7
fb657b413e2bb7f6c5e2c78465173df0426d3527,9730,468,0,0.0,42.4,602418,3994,43710,73877,33535,121574,0.7
dd74dd289e5629c9dcf21ad2915bc922b05d0817,9733,468,0,0.0,42.5,602388,3994,43710,73871,33535,121673,0.7
47825ffd8b66d851baaa5fee0b55de8081192024,9733,468,0,0.0,42.5,602394,3994,43710,73871,33535,121673,0.7
2400aa530727585e718ba58e921c6f7cd6277b2e,9733,468,0,0.0,42.5,602394,3994,43710,73871,33535,121673,0.7
496b32098587d80ad5812b24598c98ceb6625ab7,9733,468,0,0.0,42.5,602394,3994,43710,73871,33535,121673,0.7
81b3310ab469408022cc14af51257b7e8b36614f,9733,468,0,0.0,42.5,602394,3994,43710,73871,33535,121673,0.7
1e666578744d26c8f778c3cf276827d111305b16,9733,468,0,0.0,42.5,602394,3994,43710,73871,33535,121673,0.7
2025e79905488c724a180e25b91b487aeb848811,9731,468,0,0.0,42.6,602289,3994,43705,73864,33534,121657,0.7
ce7c2c150ce449666cd690612d075fa9893f3118,9731,468,0,0.0,42.6,602289,3994,43705,73864,33534,121657,0.7
290a6a0c5d6b1fc4cfb738b90d95013315c69605,9731,468,0,0.0,42.6,602290,3994,43705,73864,33534,121657,0.7
0bc6dfa1bd55c8abb4891f1eeadb6fbc89878c92,9731,468,0,0.0,42.6,602280,3994,43705,73864,33534,121657,0.7
528b9b336c1d6e8051b46ee48f0388769f5eda55,9720,468,0,0.0,42.5,601922,3992,43665,73810,33532,121541,0.7
96793bf621524f57e99cd19d410cde734bf588eb,9717,468,0,0.0,42.5,601806,3992,43659,73795,33532,121499,0.7
81bb0d4c9bfe0c227d20342be5ebddcc6fafe4a6,9716,468,0,0.0,42.6,601710,3992,43654,73781,33530,121497,0.7
9bb86fa496a798f360ae3353122b7e1e22e0a89d,9716,468,0,0.0,42.6,601710,3992,43654,73781,33530,121497,0.7
6f4e9c6a68d9b8e344f78624b912d3a8efa7a1f7,9713,468,0,0.0,42.6,601670,3992,43651,73776,33529,121467,0.7
a351e22b6d24a96e059cd668447db3adaa3ddd52,9713,468,0,0.0,42.6,601670,3992,43651,73776,33529,121467,0.7
cd707394ddc8cd41ba12bde83ead059716cf5623,9713,468,0,0.0,42.6,601670,3992,43651,73776,33529,121467,0.7
b3261d07fc687d5df1f0f8309bc5a0f6022434cf,9713,468,0,0.0,42.6,601670,3992,43651,73776,33529,121467,0.7
abf238abccba3b65aa28247bfe6817e0513c14aa,9713,468,0,0.0,42.6,601670,3992,43651,73776,33529,121467,0.7
00f46ac0960237324e69401e98caa79c70407da5,9715,468,0,0.0,42.6,601718,3992,43652,73769,33529,121499,0.7
fab5e18d0db3b6a05ada5e4c2fb9728e21bca35f,9715,468,0,0.0,42.6,601718,3992,43652,73769,33529,121499,0.7
ba1cd36fbbd92e35bf0ad1667daa1c18be723521,9715,467,0,0.0,42.6,601502,3990,43637,73742,33527,121485,0.7
07246b10d848218dfe781afe7fbcbc41e6b6b5b0,9711,467,0,0.0,42.6,601361,3990,43632,73714,33527,121447,0.7
25c909be90d448ebbd070a20726ee2e63f48c717,9711,467,0,0.0,42.6,601362,3990,43632,73714,33527,121447,0.7
356c6cd3089278349f0bd0ad6a12ea03a291a722,9711,467,0,0.0,42.6,601362,3990,43632,73714,33527,121447,0.7
319a482aadd96559bfe65ae103e1f7101f46bfe6,9711,467,0,0.0,42.6,601309,3990,43630,73712,33527,121447,0.7
c65023b1e740280044da034150eacf745147e26a,9711,467,0,0.0,42.6,601309,3990,43630,73712,33527,121447,0.7
ced897ca699d4e91ac8da6ac26bec107ee64ee74,9711,467,0,0.0,42.6,601309,3990,43630,73712,33527,121447,0.7
089c9444cedf2ee189f722123075ae0748238e17,9711,467,0,0.0,42.6,601295,3990,43629,73709,33527,121446,0.7
815b2c649fa51b0ec837a7fa761961820eadfef0,9716,467,0,0.0,42.6,601335,3990,43629,73709,33527,121498,0.7
ededfcb78f75940265cba24e61c5f9c218d45b95,9716,467,0,0.0,42.6,601335,3990,43629,73709,33527,121498,0.7
a7f87c7e05b4127c0c0094576896fdf9ecae903e,9738,468,0,0.0,42.7,602067,3991,43725,73845,33548,121652,0.7
78128283534f13d7fa5146743c0761c14a06354b,9738,468,0,0.0,42.7,602067,3991,43725,73845,33548,121652,0.7
d28fcf2f746945d93d42d63268564d08c7b13a72,9738,468,0,0.0,42.7,602067,3991,43725,73845,33548,121652,0.7
a86e1b3bbd4101bd1ecb3cc8551590022f0211ac,9738,468,0,0.0,42.7,602067,3991,43725,73845,33548,121652,0.7
793c8d05cee9e4a95ffe2b94e31bef5a617e8c85,9738,468,0,0.0,42.7,602056,3991,43725,73839,33545,121646,0.7
6d6fd0b5e967327967142758c999483ae50f95c5,9731,464,0,0.0,42.5,600472,3985,43677,73687,33363,121597,0.7
2d76c91d6a27378fe753eb7f912bf3031368e6b0,9728,464,0,0.0,42.5,600429,3985,43676,73685,33356,121567,0.7
4eef2fe8263f11e8e448a11c4e07acf2cbecda7f,9722,461,0,0.0,42.5,600354,3983,43671,73676,33347,121472,0.7
783158aca9c0287c4990976dc18eafdfb472ae1f,9722,461,0,0.0,42.5,600354,3983,43671,73676,33347,121472,0.7
8e6c08e357a7c6024d146e0add958bf055d8c565,9740,463,0,0.0,42.5,600545,3983,43679,73684,33347,121680,0.7
81b62c78e0c230516090becda7d6040ee03e6a91,9740,463,0,0.0,42.5,600545,3983,43679,73684,33347,121680,0.7
bd4603529ebb32534c90de377919273a007d1ec4,9740,463,0,0.0,42.5,600545,3983,43679,73684,33347,121680,0.7
66a0954e4a77da72cb0cf398ca4a9b17208b939b,9739,461,0,0.0,42.5,599753,3980,43655,73608,33256,121693,0.7
4de819e80b7031b91d4e40c742959a5cbab96a6e,9739,461,0,0.0,42.5,599753,3980,43655,73608,33256,121693,0.7
15e2a16443038f87ecd808c68a764f14030890c8,9739,461,0,0.0,42.5,599753,3980,43655,73608,33256,121693,0.7
003cd9477ac2d6226a776110eaf80af8ef422e38,9739,461,0,0.0,42.5,599753,3980,43655,73608,33256,121693,0.7
baaedc6e041bd0f0dfc7bec2d4f2c67c1db1ef77,9739,461,0,0.0,42.5,599753,3980,43655,73608,33256,121693,0.7
371a6b7ff7f3a776e1616e90a95ec99c64df1ac2,9739,461,0,0.0,42.5,599753,3980,43655,73608,33256,121693,0.7
9987314e540cf8b0d4f4d61b561e0ebf273148e1,9739,461,0,0.0,42.5,599753,3980,43655,73608,33256,121693,0.7
fa80c85007ebf77f59f3bc4f015c1b4bed1b8f76,9739,461,0,0.0,42.5,599753,3980,43655,73608,33256,121693,0.7
4579b7a1e941780496547f313e6fa07e712b09c5,9633,459,0,0.0,42.5,599644,3980,43649,73594,33246,120107,0.7
b6cbb528ee38fa990ac9032dc44932060094e98d,9633,459,0,0.0,42.5,599644,3980,43649,73594,33246,120107,0.7
2eabd52a809fa8c56105b42d552170058fad0489,9626,459,0,0.0,42.5,599535,3980,43643,73580,33236,120019,0.7
817a5e1be1616af77329965ac3742c14ca3ae116,9626,459,0,0.0,42.5,599535,3980,43643,73580,33236,120019,0.7
602186bedc7f5be270f9a0cd5c2c15da7bddcdb9,9626,459,0,0.0,42.5,599505,3980,43642,73578,33233,120019,0.7
83bacf501e116c0923eb6e77bff4500cd3d8042f,9618,459,0,0.0,42.5,599401,3979,43631,73564,33212,119929,0.7
49a66348f0284076fbbc9a1d57ce5c146a6efc60,9618,459,0,0.0,42.5,599296,3979,43627,73556,33212,119913,0.7
8311f052caaf1bcf003c81976e227dee94012950,9618,459,0,0.0,42.5,599280,3979,43625,73553,33209,119913,0.7
857590f7fa8b04212e9ace2efe5f1378ede4f96f,9640,461,0,0.0,42.5,599519,3979,43631,73548,33215,120183,0.7
33838d5a4870e654829e551a1a2770ff82ac94ab,9640,461,0,0.0,42.5,599519,3979,43631,73548,33215,120183,0.7
5d58750841d3a35a352fcf99d315f10626399e71,9640,461,0,0.0,42.5,599519,3979,43631,73548,33215,120183,0.7
c9795fda7105789edc0d1f8a624ceb251dfd4a69,9640,461,0,0.0,42.5,599519,3979,43631,73548,33215,120183,0.7
9cbc2f43c4a7e3feb15703dd4a0dd0f4423f2ced,9640,461,0,0.0,42.5,599519,3979,43631,73548,33215,120183,0.7
e769addf75400e9dffb72e7e417bc752f804622a,9640,461,0,0.0,42.5,599519,3979,43631,73548,33215,120183,0.7
59ffa33e3d317ca2a3b2e0c3ea4a787ae19cc010,9640,461,0,0.0,42.5,599519,3979,43631,73548,33215,120183,0.7
715140113a1d30dc213e677a7d65a5dbe51dde90,9631,461,0,0.0,42.6,598293,3977,43560,73360,33205,120048,0.7
aa17c0a3090a0843fd7e3111a5285d6e23d24dcd,9652,461,0,0.0,42.6,598527,3977,43568,73368,33205,120340,0.7
f8d60ea993c5e87d377dbc07e32cc6d0f28914d4,9652,461,0,0.0,42.6,598527,3977,43568,73368,33205,120340,0.7
fae0f8140b4f0b1dee20679f98e8be7e9b93a373,9683,461,0,0.0,42.6,598782,3977,43574,73374,33205,120786,0.7
f425dc7401b268f92778c3c9b2c6abfc7fb661df,9683,461,0,0.0,42.6,598782,3977,43574,73374,33205,120786,0.7
353e55e24fa751ec877c597b9647bcd75bccbf51,9710,461,0,0.0,42.6,599023,3977,43580,73380,33205,121193,0.7
f614a3f8b0379188efcc0c38caa486c94c6a52a3,9710,461,0,0.0,42.6,599028,3977,43580,73380,33205,121193,0.7
7a6143abbb458ae17fea4cad12c2aa86d74814b0,9710,461,0,0.0,42.6,599028,3977,43580,73380,33205,121193,0.7
a3f8879815138a6e815115578386a1c5f106d807,9710,461,0,0.0,42.6,599028,3977,43580,73380,33205,121193,0.7
e687954579a487217cbc069eea3ffd0a8a75c580,9710,461,0,0.0,42.6,599028,3977,43580,73380,33205,121193,0.7
0cdf62f8fd90f0480d46b2b74787e1db87042ea6,9710,461,0,0.0,42.6,599028,3977,43580,73380,33205,121193,0.7
f79fb3fc188a623dfb989bd3e47ade59a7cbf74e,9710,461,0,0.0,42.6,599028,3977,43580,73380,33205,121193,0.7
1bc5c7c35d5e921dfc08ab4ce4cfd0404d7a24b8,9710,461,0,0.0,42.6,599028,3977,43580,73380,33205,121193,0.7
b0a4a907fd8e27ed48ac936f6b8e9f7dce49f9d0,9723,461,0,0.0,42.6,599107,3977,43584,73384,33205,121325,0.7
82137b9e7cf6ee243eb9895bc44c6b5d572e5283,9723,461,0,0.0,42.6,599107,3977,43584,73384,33205,121325,0.7
20bd4ca8cb2fdb8e2bb51bb41684d4bf7260d474,9723,461,0,0.0,42.6,599107,3977,43584,73384,33205,121325,0.7
1c5022785b84ed46d921ab44ca9c03eb02790b7b,9723,461,0,0.0,42.6,599107,3977,43584,73384,33205,121325,0.7
54246a06a37422a066dec4596c3a0aa888d1f1c1,9723,461,0,0.0,42.6,599107,3977,43584,73384,33205,121325,0.7
2dd30877885081de966b5d85edc3da31f55610ed,9723,461,0,0.0,42.6,599107,3977,43584,73384,33205,121325,0.7
560b72344350816eb31f9a165c2947caa7381a9b,9723,461,0,0.0,42.6,599107,3977,43584,73384,33205,121325,0.7
59d79e773d0bc2061d8ced4cde6917eb4428dec6,9723,461,0,0.0,42.6,599107,3977,43584,73384,33205,121325,0.7
5e31a0caa360a1a60198a0be6af93b689b19ac19,9723,461,0,0.0,42.6,599098,3977,43582,73382,33205,121325,0.7
489ec2972e352a701745f0a15bdfaa722ad07f3a,9723,461,0,0.0,42.6,599098,3977,43582,73382,33205,121325,0.7
969d4ee60f8196d10758d03680bc0157b9d61fa8,9723,461,0,0.0,42.6,599098,3977,43582,73382,33205,121325,0.7
d6c8358ff26957c9234580addb03a0db1e441c4d,9731,461,0,0.0,42.6,599324,3977,43585,73390,33205,121418,0.7
8b58277540fb9c5bc1936dcbc1a13793a72a6fee,9731,461,0,0.0,42.6,599324,3977,43585,73390,33205,121418,0.7
732fbfd516a3dfb2028fd6795f8f564f70e44742,9730,461,0,0.0,42.6,599073,3976,43568,73369,33179,121408,0.7
43c3397528101859250160f123a0749bae79fb4d,9730,461,0,0.0,42.6,599073,3976,43568,73369,33179,121408,0.7
71ff8a484dea72172d33d2133184af8d13481a0b,9730,461,0,0.0,42.6,599073,3976,43568,73369,33179,121408,0.7
3891b48733fd7f98138c0e8988fdccb36af06ce9,9730,461,0,0.0,42.6,599073,3976,43568,73369,33179,121408,0.7
9c2b8f64128758081dbb882e28f3672948818a3b,9730,461,0,0.0,42.6,599073,3976,43568,73369,33179,121408,0.7
0432048515904691d2dfbdb4a01f89883f0a034f,9730,461,0,0.0,42.6,599073,3976,43568,73369,33179,121408,0.7
5f655a323a98a2ee3b04498aec2edeb818766373,9730,461,0,0.0,42.6,599073,3976,43568,73369,33179,121408,0.7
dc5cac4ac42f79dd9a820d971fcc003210169711,9721,461,0,0.0,42.6,598718,3974,43529,73316,33177,121312,0.7
5c27843d77e19fa3eeb3472ee9dbc319566429dd,9719,461,0,0.0,42.6,598549,3974,43522,73305,33170,121260,0.7
1cdb2ebe9b43f75ab8d10649b6cfd28e44c6d906,9719,461,0,0.0,42.6,598549,3974,43522,73305,33170,121260,0.7
790975ffd07e71cd000cb91d0a8a0a2b59f7f4ec,9719,461,0,0.0,42.6,598549,3974,43522,73305,33170,121260,0.7
8b8907e091844229f824755648acc94b7a235e1a,9719,461,0,0.0,42.6,598549,3974,43522,73305,33170,121260,0.7
5ce5c788cba38e5b11745e7e6be24921cae65bb5,9719,461,0,0.0,42.6,598549,3974,43522,73305,33170,121260,0.7
4e149ca4d1cb3da570d1c860608432379ac9296a,9720,461,0,0.0,42.6,598563,3974,43532,73315,33170,121262,0.7
a9d6310b8840e78bf3a4d95ca5c91e548b836c41,9727,461,0,0.0,42.6,598598,3974,43537,73322,33170,121327,0.7
fd7f6b708c12ce8ca7cb72e89fa65c04a686e73b,9727,461,0,0.0,42.6,598598,3974,43537,73322,33170,121327,0.7
c13c0c94daf9f6abc34cb109a1a4fd15c8a47a04,9727,461,0,0.0,42.6,598598,3974,43537,73322,33170,121327,0.7
b261edd0c6d820fa0bc9e215aad84bf90bd273cf,9727,461,0,0.0,42.6,598598,3974,43537,73322,33170,121327,0.7
e447277b6672fd9de95d9cbd183d91982f35054b,9727,461,0,0.0,42.6,598340,3974,43516,73296,33158,121327,0.7
afb200041b17a3f8cce792848ca3abc2bab9bd75,9727,461,0,0.0,42.6,598339,3974,43516,73296,33158,121327,0.7
951d09910c8a1d2db21c70b1698785502db705f9,9727,461,0,0.0,42.6,598325,3974,43514,73294,33156,121327,0.7
80c92cd75e9fc71130c3ae0f847eee2852336368,9727,461,0,0.0,42.6,598307,3974,43513,73290,33156,121321,0.7
d90ac0019b89b03cf2ba34c3896490af22a5575f,9727,461,0,0.0,42.6,598307,3974,43513,73290,33156,121321,0.7
c0486eef4d8bce7089f688d95a39ebccd68a7623,9727,461,0,0.0,42.6,598307,3974,43513,73290,33156,121321,0.7
ad9e4e810043260965b8a55623afb30fffa04391,9727,461,0,0.0,42.6,598307,3974,43513,73290,33156,121321,0.7
783dbe2bd7546b729e79546adbe846c5e383651e,9726,461,0,0.0,42.6,598275,3974,43511,73283,33156,121305,0.7
99b1d0ee4c8fb67d457c4d7a03065e4cb63af435,9728,461,0,0.0,42.6,598311,3974,43518,73290,33156,121321,0.7
f0b3733e0e7071894bdf63133bcc8c00754a1080,9728,461,0,0.0,42.6,598311,3974,43518,73290,33156,121321,0.7
2519ab43d654927802cc02e19c917ce90e8e0265,9728,461,0,0.0,42.6,598167,3974,43506,73275,33146,121321,0.7
1ae13b8bf70c51968d13d6aecdd1b4b69f7e12a0,9728,461,0,0.0,42.6,598167,3974,43506,73275,33146,121321,0.7
05f99b658189e277bbf32a814ee489cf59add3fa,9728,461,0,0.0,42.6,598167,3974,43506,73275,33146,121321,0.7
bcbcbb263ea7e13ab22d0feb918e207c7e42dbbd,9724,461,0,0.0,42.6,598115,3974,43504,73269,33144,121266,0.7
45a086b3e6c34949a37aeca1d2c9439dae28fee9,9723,461,0,0.0,42.6,598063,3974,43502,73263,33142,121256,0.7
1a4f23bc0e6cda520ca815f2a245f5f21bfbc24f,9722,461,0,0.0,42.6,597845,3972,43502,73264,33124,121251,0.7
f9ad8f3733fb7d6128b4f11705f89ae5d07b14eb,9722,461,0,0.0,42.6,597845,3972,43502,73264,33124,121251,0.7
08e31ce32d506e0dd95e4710ec9e9afba35efa7f,9722,461,0,0.0,42.6,597839,3972,43502,73264,33120,121251,0.7
acbf96f4fe5586fc7c7b6840eb19ff492e82c756,9722,461,0,0.0,42.6,597839,3972,43502,73264,33120,121251,0.7
bb53c3d4e0e27ac6706803c2371793ad2476ae04,9722,461,0,0.0,42.6,597837,3972,43502,73264,33120,121251,0.7
50af8c070321ce187b0c8654e0bdcd49251f1631,9722,461,0,0.0,42.6,597830,3972,43502,73264,33120,121251,0.7
c3542e7bdbd2a6c266841cbe41338d8e0f278bf9,9722,461,0,0.0,42.6,597658,3972,43502,73264,33120,121251,0.7
274fc26a7f2060ea9b52aec409c66c9655274017,9722,461,0,0.0,42.6,597658,3972,43502,73264,33120,121251,0.7
6a3b2d7c153412b01c746debb018c544516f2bbd,9722,461,0,0.0,42.6,597658,3972,43502,73264,33120,121251,0.7
bd9c615d5d2fedb1a9fda6eb018017d0cc32f04e,9723,461,0,0.0,42.6,597657,3972,43502,73264,33120,121259,0.7
8a16a417492eb6ccb1895b4b6db3536ff2a8b67d,9739,461,0,0.0,42.6,598059,3976,43536,73324,33122,121409,0.7
22401546e95b4da1ee11457d42d80050572c6c37,9740,461,0,0.0,42.6,598058,3976,43536,73324,33122,121417,0.7
e39ec185d7879c1a310769d33e0b1b6ad12486a9,9740,461,0,0.0,42.6,598058,3976,43536,73324,33122,121417,0.7
b788b5f9e1d7da1a30cc4ada0509f2febb75b2ac,9738,461,0,0.0,43.1,598037,3976,43542,73331,33122,121397,0.7
c18cb969f6d62d41d296571e6a193fc636934fe7,9740,461,0,0.0,43.1,598039,3976,43542,73331,33124,121417,0.7
10ec85ffcab6ac12ecac7fc6df9c3e4139f857b7,9734,461,0,0.0,43.1,597987,3976,43540,73329,33122,121357,0.7
2d927b0ec7ded6a09f57314ebd05686c86b97f11,9734,461,0,0.0,43.1,597987,3976,43540,73329,33122,121357,0.7
487ff98cefa3ae49196b9559309c3b78448eb1fc,9734,461,0,0.0,43.0,597982,3976,43540,73329,33122,121357,0.7
f3817e12819784de279ad4e1a7e1f55e9e636c37,9734,461,0,0.0,43.0,597980,3976,43540,73329,33122,121357,0.7
c649923570ddf417eb048dfb2916432ffb71171d,9734,461,0,0.0,43.0,597978,3976,43540,73329,33122,121357,0.7
f14c0e55361f89dc5cfff3640b0e612befaa4d98,9734,461,0,0.0,43.0,597978,3976,43540,73329,33122,121357,0.7
7a7950e40e4c61b4168681476614ee60934e3756,9734,461,0,0.0,43.0,597978,3976,43540,73329,33122,121357,0.7
b3c68e5407922b9daf022eaa5d863ab986d7640c,9734,461,0,0.0,43.1,597967,3976,43540,73329,33122,121357,0.7
56da99b9f908237ce0a9be565258fa10cd4fe88b,9729,461,0,0.0,43.0,597846,3976,43532,73312,33116,121275,0.7
569c12d7fe415bfba086458b3668f9deadfb17ec,9724,461,0,0.0,43.0,597727,3976,43524,73295,33110,121193,0.7
00b7d5bec31d1215eeac662ed522675447a5b359,9722,461,0,0.0,43.5,597780,3976,43541,73312,33110,121147,0.7
d95bd712ffbd3edf6a6bf9b9450a29bee2709818,9722,461,0,0.0,43.5,597780,3976,43541,73312,33110,121147,0.7
3058e307481f134fade38581b322b9387337ce8b,9720,461,0,0.0,43.5,597778,3976,43541,73312,33108,121127,0.7
f17922bd785743ae86f4c6a947d14eed05adbf3f,9720,461,0,0.0,43.5,597778,3976,43541,73312,33108,121127,0.7
0c8703078443a3c73a5aa5a6bd1cf904e0b5ce09,9720,461,0,0.0,43.5,597778,3976,43541,73312,33108,121127,0.7
811c92075ea4fb1b0734e43e08d7bb1bffd81350,9720,461,0,0.0,43.5,597778,3976,43541,73312,33108,121127,0.7
e1f50fd3505b48e37f98049f8ea243aa9f1e08dd,9720,461,0,0.0,43.5,597720,3975,43534,73302,33106,121127,0.7
53ab0e2099fb11350e8f76b039955a597d6bbad7,9720,461,0,0.0,43.5,597720,3975,43534,73302,33106,121127,0.7
1b6826251b8cc5f688fb7f86b57841abb5693b11,9721,462,0,0.0,43.5,597690,3975,43533,73298,33106,121123,0.7
eab958b620a0d760c2834788f3780ddb94fcd7c2,9721,462,0,0.0,43.5,597686,3975,43533,73297,33106,121123,0.7
66e957bd99ff8d11344efda4cb177c2d243eedaa,9721,462,0,0.0,43.5,597685,3975,43533,73297,33106,121123,0.7
c4d827ef2b6ca5d801e877623195e8ceeae88679,9721,462,0,0.0,43.5,597684,3975,43533,73297,33106,121123,0.7
5b84f34a5386fc61b17bfe7dc7c1cbe565550958,9721,462,0,0.0,43.5,597684,3975,43533,73297,33106,121123,0.7
4c5208a42382a2888a76af85eb52b5d69eca6f7e,9733,462,0,0.0,44.1,597869,3975,43545,73309,33106,121210,0.7
598552e134c2a31a6eb258cb2b071d08f04e079f,9733,462,0,0.0,44.1,597864,3975,43545,73309,33103,121210,0.7
f5ae0add6ed567e8188cfc8f8c9919c4f01457c6,9731,462,0,0.0,44.1,597692,3974,43510,73270,33105,121215,0.7
f1459e214493149f30d13e757b91aa18479778d9,9731,462,0,0.0,44.1,597658,3974,43508,73266,33104,121215,0.7
227553464a172b2df484b847f35f4790594d604c,9731,462,0,0.0,44.1,597658,3974,43508,73266,33104,121215,0.7
f4ee68710dbd16f67b28b35a7db4041ca338fd1e,9731,462,0,0.0,44.1,597658,3974,43508,73266,33104,121215,0.7
bff665278245128a71982ba5ac5981a9e71c4509,9731,462,0,0.0,44.1,597658,3974,43508,73266,33104,121215,0.7
5e139f48505b9b622e2cf389eae2bb74d6420510,9731,462,0,0.0,44.1,597658,3974,43508,73266,33104,121215,0.7
9dcf8dbc4285ad4ab4c1975562bf93fb04747cdd,9731,462,0,0.0,44.1,597628,3974,43507,73264,33098,121215,0.7
0316be363bf76f8692da06c870719bbf5114244a,9705,462,0,0.0,44.1,597509,3974,43504,73260,33096,120839,0.7
1854d08a68c719f8a56dcf9e8e61dbdccbd19346,9703,462,0,0.0,44.1,597294,3974,43497,73249,33090,120856,0.7
062704283918ae843d0e40b3f279f1482f0835e5,9692,458,0,0.0,44.1,596489,3972,43467,73165,33077,120654,0.7
212355e13b3a8c40441725a260ae6e69bb1a0a9e,9692,458,0,0.0,44.1,596461,3972,43467,73163,33070,120648,0.7
42a2c19cec31c626cbff6cc2dfafb86cdf223bd0,9692,458,0,0.0,44.1,596440,3972,43465,73161,33070,120644,0.7
d32abe8aa589e6c93cdc96dc7ae77ca5369af106,9662,458,0,0.0,44.1,595974,3972,43451,73135,33055,120135,0.7
fcd0663ca4addd86501f287b147cb70b544c3b0d,9798,464,0,0.0,44.1,595900,3972,43450,73132,33050,122058,0.7
6d0c5d96daa692ea0590ac97c84d19d4ddc8e0ea,9798,464,0,0.0,44.1,595900,3972,43450,73132,33050,122058,0.7
8991c1a91425bc864772abec9e0af37421b0616b,9798,464,0,0.0,44.1,595900,3972,43450,73132,33050,122058,0.7
9bac5c490c368cbdf70e4e5ec1883e98d8ca903a,9798,464,0,0.0,44.1,595900,3972,43450,73132,33050,122058,0.7
50fb4004d299737fcbae6526e1743dd197c9242d,9798,464,0,0.0,44.1,595900,3972,43450,73132,33050,122058,0.7
053d54172fd903be9eda78957f3cbd3aadef1f7b,9798,464,0,0.0,44.1,595900,3972,43450,73132,33050,122058,0.7
622d1a09d5d7d0989a784feff7d585a951ca006d,9800,464,0,0.0,44.1,595922,3972,43451,73132,33051,122078,0.7
77363ce14739a0dea5e4dbf6f2eab897beb89f43,9800,464,0,0.0,44.1,595922,3972,43451,73132,33051,122078,0.7
12bd9d0055b1a841b5fbe639f66ea09e00a6a12c,9800,464,0,0.0,44.1,595922,3972,43451,73132,33051,122078,0.7
5f577f1b9902ffe6181897a439686a31fc81b89a,9800,464,0,0.0,44.1,595922,3972,43451,73132,33051,122078,0.7
1272145686a3edd33eb00042840020f679ffb284,9800,464,0,0.0,44.1,595922,3972,43451,73132,33051,122078,0.7
90d1c90b6e6f26fdfe7c0c6c09a1ecb2fc2b3f2a,9800,464,0,0.0,44.1,595904,3972,43451,73132,33051,122078,0.7
44eb00daaa654e4b286e8d99bbbf8fd6fd283a56,9800,464,0,0.0,44.1,595904,3972,43451,73132,33051,122078,0.7
3b8fd904ea6c3b0f81afdae59b17ab12e45c5faf,9800,464,0,0.0,44.1,595904,3972,43451,73132,33051,122078,0.7
637a46569da624631719365ec64caf0eba4a505f,9800,464,0,0.0,44.1,595901,3972,43451,73132,33048,122078,0.7
0cab58b04f4c86e556ff2f4aea7a9dbeee801ce7,9800,464,0,0.0,44.1,595901,3972,43451,73132,33048,122078,0.7
4446e4f0abe5c040712ea103594ec31ad8ce902e,9800,464,0,0.0,44.1,595889,3972,43449,73130,33047,122078,0.7
40fbd8dc5cbb47ba2f2bba0a771bb7c0a0d50a10,9800,464,0,0.0,44.1,595889,3972,43449,73130,33047,122078,0.7
97e9b3e775b5587eee5281faaa8a498641f57595,9801,464,0,0.0,44.1,595833,3972,43437,73126,33047,122083,0.7
8a47f718959d4a17d409e8532c01d303dc8b2fc9,9802,464,0,0.0,44.1,595777,3972,43425,73122,33047,122088,0.7
2a39af894f4f00aa37922ef765cc2583517fa1d1,9802,464,0,0.0,44.1,595777,3972,43425,73122,33047,122088,0.7
3c703ccce8fb083a8c4c0084c059a60fd1635094,9802,464,0,0.0,44.1,595777,3972,43425,73122,33047,122088,0.7
5d3be12e0d7e94aa6a63dfdc3cc7a7d712f54427,9802,464,0,0.0,44.1,595765,3972,43423,73120,33046,122088,0.7
9f979a1ff187ebd69ef3b027d857ee697fd9c52c,9802,464,0,0.0,44.1,595765,3972,43423,73120,33046,122088,0.7
3348d88d96e41df58259304d6362f19a50f65f53,9803,464,0,0.0,44.1,595709,3972,43411,73116,33046,122093,0.7
defef48e21936357e0921d1738f211bb32e85e49,9803,464,0,0.0,44.1,595709,3972,43411,73116,33046,122093,0.7
af46487419d9b5beebc2b8b78642987970379073,9803,464,0,0.0,44.1,595709,3972,43411,73116,33046,122093,0.7
a130f8f1c86fa9cf37047bef505f8a8db2e9bbc1,9800,464,0,0.0,44.1,595686,3972,43408,73112,33046,122057,0.7
dd0ac5bce409fd02c0b04039a3ba13f9404b6f5b,9800,464,0,0.0,44.1,595686,3972,43408,73112,33046,122057,0.7
b89c395ca743a8778957a56befbbb4ef3d18083b,9800,464,0,0.0,44.1,595686,3972,43408,73112,33046,122057,0.7
4751a37672d4c2cdaaa047a728261baafcd38807,9800,464,0,0.0,44.1,595686,3972,43408,73112,33046,122057,0.7
e61b0e51e151fb64cb5e39b49ea47c0809c3f84a,9800,464,0,0.0,44.1,595686,3972,43408,73112,33046,122057,0.7
396a8441c4154500733aad87688d9511f88ad9bb,9800,464,0,0.0,44.1,595686,3972,43408,73112,33046,122057,0.7
4835549ac39165fc7e44337b03a081d390e64711,9800,464,0,0.0,44.1,595686,3972,43408,73112,33046,122057,0.7
24a1480f80d248ca79ee2ea97878240b6dbf211d,9800,464,0,0.0,44.1,595686,3972,43408,73112,33046,122057,0.7
b6c3f8f2ba9ae3e5c92a09496837239e27f79311,9800,464,0,0.0,44.4,595695,3972,43415,73119,33046,122061,0.7
c745ac3b6a3b2f24ae5170aa18f9eeec7cf3cbc7,9800,464,0,0.0,44.4,595695,3972,43415,73119,33046,122061,0.7
c4cb0fb9993d6743d81a232def6801ea7dbbe176,9798,464,0,0.0,44.3,595403,3970,43389,73080,33041,122011,0.7
67a8f01bff801f42be5cea303cf26667cecf4d79,9796,464,0,0.0,44.3,595102,3968,43361,73039,33036,121961,0.7
c34efa0687f74794619d744f875305401df11a33,9796,464,0,0.0,44.3,595102,3968,43361,73039,33036,121961,0.7
a1e9e58c0c98bb7f001d70c2cbf5bdc493dce25f,9796,464,0,0.0,44.3,595102,3968,43361,73039,33036,121961,0.7
c516fef72d603c6122f34d0fca286e0ceaad78b9,9794,464,0,0.0,44.3,594816,3968,43351,73027,32994,121873,0.7
a2c23a762233582d3779c6e5bc49d9bfbe1329a2,9794,464,0,0.0,44.3,594801,3968,43351,73024,32994,121873,0.7
4a3e06bd963a6cf40128b635c193447a4b4a4bf4,9794,464,0,0.0,44.3,594801,3968,43351,73024,32994,121873,0.7
d5e00f1022f2e85572bb02e3e2d2b651612958da,9794,464,0,0.0,44.3,594801,3968,43351,73024,32994,121873,0.7
9921937d8285dec9a19fd16b0cd82d451a8aca9e,9794,464,0,0.0,44.3,594788,3968,43350,73023,32994,121869,0.7
f8a4a74584f535d41c21d5cac4457c603eb448a1,9794,464,0,0.0,44.3,594788,3968,43350,73023,32994,121869,0.7
fb02bd2d713c9bef8b8ccee334f6d65087c344b2,9794,464,0,0.0,44.3,594788,3968,43350,73023,32994,121869,0.7
f4ba90d648d1ec692134c43fc24fe389aa687d5e,9794,464,0,0.0,44.3,594788,3968,43350,73023,32994,121869,0.7
49986b7d6567818500b96e936f490be19884d6ce,9794,464,0,0.0,44.3,594808,3968,43350,73021,32993,121869,0.7
338c0b83d03ad41766708b355fb37ed7c21c2a4d,9765,464,0,0.0,44.5,592841,3947,43212,72754,32922,121801,0.7
65a076dedae2e62008ce64c6094dd519d29ce500,9765,464,0,0.0,44.5,592841,3947,43212,72754,32922,121801,0.7
aff5b39a7dddd22790b6ba47f514860c53e33c00,9765,464,0,0.0,44.5,592841,3947,43212,72754,32922,121801,0.7
770342cb5319f177657439075e0f0b4bcba58632,9756,461,0,0.0,44.4,591895,3942,43111,72599,32863,121698,0.7
0f11340bfa6143ab85d16780149b5892c54f277c,9756,461,0,0.0,44.4,591895,3942,43111,72599,32863,121698,0.7
07c4345bbbd4deefe722bbdfe627f26998b3bccf,9756,461,0,0.0,44.4,591911,3942,43113,72611,32863,121698,0.7
d1e24f4c9571ab7fba66d692cde28188f265d34e,9756,461,0,0.0,44.4,591911,3942,43113,72611,32863,121698,0.7
756fa6894a8f87bd0d5213c2bb86ba697ce7f655,9756,461,0,0.0,44.4,591898,3942,43112,72610,32863,121694,0.7
2c247501c4700ebd3c3e1349aca2ff8c9ee840c9,9757,461,0,0.0,44.5,591867,3941,43112,72610,32863,121714,0.7
f8a4cc225db96a50088d2fb3693fa91f783d8f26,9757,461,0,0.0,44.4,591761,3940,43109,72606,32852,121694,0.7
ed288987cce5e2f8c3bea99bf903a548bcd3b29a,9763,461,0,0.0,44.2,592114,3942,43141,72650,32852,121736,0.7
6bbf70a52ebccfaba4e7e08facd72b84b571e2a6,9795,455,0,0.0,44.1,591616,3940,43097,72588,32824,122164,0.7
3547a99d05d892c87a240475ef577abe632eff35,9795,455,0,0.0,44.1,591616,3940,43097,72588,32824,122164,0.7
9a0191e8de151864f27de00b30d6d1bae634a534,9795,455,0,0.0,44.1,591509,3939,43094,72584,32813,122144,0.7
e8c197d360ca75d3be8f9c886615a196c63d36c5,9794,455,0,0.0,44.1,591249,3939,43070,72556,32809,122130,0.7
daaf5a1c873e38938634156df9c8b6568c404874,9794,455,0,0.0,44.0,591206,3939,43067,72550,32808,122130,0.7
187be85319db069fc052f5ee1a06f1fb2489bebb,9797,461,0,0.0,44.0,591265,3939,43071,72555,32808,122216,0.7
66d4cf66e2fd3f53ce4c1f0baba335ad4f968c26,9792,461,0,0.0,44.0,591213,3939,43069,72552,32808,122174,0.7
a05cbcb4b8b531c94d5f35d5abcebf91a5da5187,9789,461,0,0.0,44.0,591005,3936,43056,72518,32804,122136,0.7
9c8e9ba67f41797ded61c11fa90af2d8df0da1cd,9784,461,0,0.0,44.0,590953,3936,43054,72515,32804,122094,0.7
61532a042adcd2c916b62ace533129e9e7ad3128,9784,461,0,0.0,44.0,590952,3936,43054,72515,32804,122094,0.7
974bde343f324988c5d9095b9f65d7a101d9f7c7,9781,461,0,0.0,44.0,590747,3933,43041,72481,32800,122056,0.7
9de693f1e7f46024f47cdc971d8603fd76d87705,9777,455,0,0.0,43.9,590537,3931,43033,72461,32800,121964,0.7
26d62c06bce6f50d46f51860f0014bba2f9538d2,9777,455,0,0.0,43.9,590516,3931,43033,72461,32800,121964,0.7
8138671ab1e5998b70c4b26806380c5b39740d63,9774,455,0,0.0,44.0,590406,3931,43027,72453,32800,121928,0.7
0536ff39896f70afb77d3670894369c2d177980a,9774,455,0,0.0,43.9,590289,3931,43018,72438,32782,121928,0.7
d5a9d34edc5fd944f5c45b9667ddcd8eab33fe37,9772,455,0,0.0,43.9,589953,3926,42993,72400,32778,121906,0.7
f8866bf38e9997dfdea454f3a19c036831277e55,9775,455,0,0.0,43.9,589909,3926,42991,72396,32776,121947,0.7
a25f77d1cd04204efd2bc3ccea5d62f0d34b0d90,9765,455,0,0.0,43.9,589572,3921,42966,72358,32772,121810,0.7
ac46000fcabe6b4d8e46cd1b4027db567ec443d3,9765,455,0,0.0,43.9,589567,3921,42966,72358,32771,121810,0.7
8b429a286db27130116c3cdbb9501e2cb0bf3b91,9765,455,0,0.0,43.9,589567,3921,42966,72358,32771,121810,0.7
7f5e33dd03bd7db817def57b9c91e759be906491,9765,455,0,0.0,43.9,589567,3921,42966,72358,32771,121810,0.7
2af18b318e57f4a8c254342828dc7ade5fa6e308,9765,455,0,0.0,43.9,589567,3921,42966,72358,32771,121810,0.7
d295a45f07ea9af37aabd1afacd64755d0e84f82,9765,455,0,0.0,43.9,589567,3921,42966,72358,32771,121810,0.7
adec50c01ac7d8dfc2c72003305425c4a68f300e,9765,455,0,0.0,43.9,589523,3921,42964,72354,32769,121806,0.7
e5dc5ec9675950ae763b1c5813c2e9e8daa2769a,9747,455,0,0.0,43.9,589352,3921,42955,72345,32754,121544,0.7
3be1939afc01c5032590cf31074389bc1b320141,9747,455,0,0.0,43.9,589352,3921,42955,72345,32754,121544,0.7
10ee51630ff4925b655c0379f7929faea08c7329,9747,455,0,0.0,43.9,589289,3920,42950,72337,32752,121536,0.7
54756b6f5c653be2ab271bfbe262e77109bf9608,9746,455,0,0.0,43.9,589146,3920,42945,72331,32731,121492,0.7
fe422919074eca69ab45e3dbe5fd9fa48dbf3245,9791,455,0,0.0,43.8,588696,3917,42919,72278,32717,122247,0.7
f901ad20583f7dcf6801eba41e7beb4391e89b63,9791,455,0,0.0,43.8,588696,3917,42919,72278,32717,122247,0.7
6852278d6cf01bec2998be954d7bd6f6cc37cc94,9791,455,0,0.0,43.8,588696,3917,42919,72278,32717,122247,0.7
3f6e377a1e994714bfc41c75d9aec7bdb85c95a9,9791,455,0,0.0,43.8,588696,3917,42919,72278,32717,122247,0.7
83408f88830b6e9276095dd8ff6606d6a8037946,9790,455,0,0.0,43.8,588602,3917,42912,72265,32700,122224,0.7
17757276928e87e78314b6c19c8b3ebad9612619,9780,455,0,0.0,43.9,588143,3914,42886,72212,32686,122142,0.7
200b9c16b6f8d5fecb15556c8804e5dd521aedf6,9780,455,0,0.0,43.9,588111,3914,42885,72211,32685,122138,0.7
fd1cf49280bde07d67c6bc1a6ec60238e1e38f7f,9780,455,0,0.0,43.9,588115,3914,42885,72211,32685,122138,0.7
3d66e9dd5cc9473447ad3416aeb2c5957992adea,9780,455,0,0.0,43.9,588115,3914,42885,72211,32685,122138,0.7
20ff1ab33d2e032feb845eb2609bd6eb2c154f2d,9780,455,0,0.0,43.9,588115,3914,42885,72211,32685,122138,0.7
18a9ca7624159e12437ddd540a9726f5ac5f4b35,9786,455,0,0.0,43.9,588119,3914,42885,72211,32693,122138,0.7
70b7aa534b2c79ccd7b6c0e0fd1be980772bb20a,9786,455,0,0.0,43.9,588119,3914,42885,72211,32693,122138,0.7
0f509d2d678db2d7322dafded58ec0ca6d7fb268,9786,455,0,0.0,43.9,588118,3914,42885,72211,32693,122138,0.7
26efa7a3e62866c253a4a4935f14f00dd19211d8,9784,455,0,0.0,43.9,588105,3914,42884,72211,32690,122104,0.7
556b79893c4cf760f031258f0d8ae657e42b4443,9783,455,0,0.0,43.9,588088,3914,42883,72207,32689,122090,0.7
3466ae02ee48a7fe6d4d315cb40c6359f5c0fabb,9783,455,0,0.0,43.9,588088,3914,42883,72207,32689,122090,0.7
a847921487c29d275a4bfb2e1e8d01840e790933,9769,456,0,0.0,43.9,588676,3915,42961,72349,32735,121751,0.7
d740347343a4e03d747aeedc307c5d505415707c,9769,456,0,0.0,43.9,588676,3915,42961,72349,32735,121751,0.7
77ee577a84e49f6e1b103b3f60f585c7b4e46338,9769,456,0,0.0,43.9,588676,3915,42961,72349,32735,121751,0.7
e32df0ce08086758c44e9174c582638068244073,9769,456,0,0.0,43.9,588676,3915,42961,72349,32735,121751,0.7
b1db17dcf75b8f77e44c32908bcf385eb1990431,9769,456,0,0.0,43.9,588676,3915,42961,72349,32735,121751,0.7
e9f26b13f417cb48da83791b700433149f608e5d,9769,456,0,0.0,43.9,588676,3915,42961,72349,32735,121751,0.7
cd0f30e533ad25cc6736dc3cbde26181d32353a9,9769,456,0,0.0,43.9,588676,3915,42961,72349,32735,121751,0.7
fbea7078064039bb7bd89c54fdbd61efff857feb,9769,456,0,0.0,43.9,588676,3915,42961,72349,32735,121751,0.7
78140123790450066ec15690477b62883d7d182e,9769,456,0,0.0,43.9,588676,3915,42961,72349,32735,121751,0.7
1e3b38eb73804e7901e2382c6fdb0dd3d3a77eda,9769,456,0,0.0,43.9,588673,3915,42961,72349,32735,121751,0.7
008d1731cb0d9c2dfbcab640633651dc920953ea,9769,456,0,0.0,43.9,588673,3915,42961,72349,32735,121751,0.7
02836eaac8c8cd18f9998d0ae4411b09d3649e1a,9775,456,0,0.0,43.9,588805,3915,42967,72357,32747,121875,0.7
b6cefe5e1444645b2d29010be3167161e2aa093a,9771,456,0,0.0,43.9,588735,3915,42962,72352,32745,121835,0.7
057f8877136276b3a0c8c01551f733e804fc42a3,9810,456,0,0.0,43.9,588376,3912,42943,72341,32735,122350,0.7
6e7702dabca4e037bb1ab434d6f4a8332af589bc,9810,456,0,0.0,43.9,588376,3912,42943,72341,32735,122350,0.7
5963b0a5c2b3efc6a925b4d3a3cc683a76c88b7e,9810,456,0,0.0,43.9,588343,3912,42941,72338,32735,122342,0.7
97a9a082c1c5e76280dc391f25b17a25f949219b,9811,456,0,0.0,43.9,588350,3912,42945,72335,32736,122352,0.7
2446cee5cf0ad93a2be9a68f0b2f7f6fa6edb865,9806,455,0,0.0,43.9,588018,3907,42920,72294,32728,122268,0.7
2eafdb5bfa834e76d840a0ec65483552d4847a10,9806,455,0,0.0,43.9,588018,3907,42920,72294,32728,122268,0.7
d4056530d27864adb6cf141d85c81adde46c7b28,9806,458,0,0.0,43.9,587987,3907,42918,72290,32728,122268,0.7
66b1aa662761606d4d68d99371c62505e7ac2f1e,9806,458,0,0.0,43.9,587987,3907,42918,72290,32728,122268,0.7
fe004c5bfe26a7bfbb3d7b400dc4376420168c58,9804,458,0,0.0,43.9,587949,3907,42913,72282,32727,122258,0.7
99958d96ea97b05e8605db205f94bd777e88f195,9804,458,0,0.0,43.9,587949,3907,42913,72282,32727,122258,0.7
b3273276fa4bac384b2429b7218fd18b242beefe,9804,458,0,0.0,43.9,587949,3907,42913,72282,32727,122258,0.7
5fce05e8c34b8eb79c2cfe54bdefdaadd0004907,9804,458,0,0.0,43.9,587949,3907,42913,72282,32727,122258,0.7
1da80552c06e749f2b6103f0ab0a184bb77a841c,9804,458,0,0.0,43.9,587949,3907,42913,72282,32727,122258,0.7
31d18f51b9e8590f7ca316463b080bd1153e8f9e,9804,458,0,0.0,43.9,587949,3907,42913,72282,32727,122258,0.7
36841521137713d3962bb08a5d5df6490c8ac466,9804,458,0,0.0,43.9,587975,3907,42914,72282,32730,122238,0.7
684f7a767c2c216a402b60b73d2d55ef605921a0,9804,458,0,0.0,43.9,587975,3907,42914,72282,32730,122238,0.7
bb50ab97d377476bfa3a743448e4afabe619e764,9804,458,0,0.0,43.9,587975,3907,42914,72282,32730,122238,0.7
13d2160bd00e08e1e700a980f2a3e64017211bb8,9718,462,0,0.0,43.9,587045,3900,42801,72100,32633,120911,0.7
7dd01a367b220843773c730363d82091fb42d9e2,9711,462,0,0.0,43.9,586864,3897,42792,72088,32633,120840,0.7
fac03ea3c0d8555d85b1e85c8e9f6ce178bc4e9b,9711,462,0,0.0,43.9,586978,3897,42798,72109,32660,120840,0.7
8845bf49f343eb4c1e8da9b54351d9b02e97269f,9709,462,0,0.0,43.9,586976,3897,42798,72109,32658,120820,0.7
2cda2b9a4c975e40d102d6c3e734cebb186e393a,9710,464,0,0.0,43.8,586991,3897,42804,72120,32659,120830,0.7
581e03713c2b397c2416899fdf1e433540aca3d3,9710,464,0,0.0,43.8,586991,3897,42804,72120,32659,120830,0.7
a60ee5d6833c648ddc7d3d0d7f52f6c705e48d63,9709,464,0,0.0,43.9,586840,3894,42790,72098,32654,120810,0.7
13e108b370716f1589f7df1177ac3c88415ddbf9,9706,466,0,0.0,43.9,586877,3894,42797,72118,32655,120760,0.7
ea30d363e077763524c2f943ff1b1c5fe65eb295,9702,465,0,0.0,43.9,586696,3892,42786,72099,32652,120696,0.7
8018ab844bd58dfc5fce585c0db507f606aff4a0,9702,465,0,0.0,43.9,586696,3892,42786,72099,32652,120696,0.7
bc7e56c2e5e9c5a3b97e599ab518c77d65014db9,9708,465,0,0.0,43.9,586747,3892,42806,72119,32653,120702,0.7
23e17ce665031557f4fc918e2fcff9c18904dfb1,9707,465,0,0.0,43.9,586699,3892,42803,72110,32650,120692,0.7
5a1b0d1802e17f92df7c7e98e1e4e7c1486bd37c,9698,465,0,0.0,43.9,586659,3892,42817,72123,32650,120543,0.7
4b6f5b7b87deaad8fa8999f604265d96ca7122d2,9698,465,0,0.0,43.9,586651,3892,42815,72119,32650,120543,0.7
16ac3edd236024961e3c68ed245d411c0769c120,9698,465,0,0.0,43.9,586651,3892,42815,72119,32650,120543,0.7
e76988b1aa29c3cffca64dc36ccebbfb1c670561,9698,465,0,0.0,43.9,586651,3892,42815,72119,32650,120543,0.7
a3d87e2368e56a33d7284f83c7ae64ea462c66d8,9698,465,0,0.0,43.9,586651,3892,42815,72119,32650,120543,0.7
850cd5c3bcaac86b392d8ab9fa586f355f6e2d76,9698,465,0,0.0,43.9,586639,3892,42815,72118,32650,120543,0.7
8109e420e6d563a73e17ff23c321f1a48a2b976d,9697,465,0,0.0,44.4,586472,3892,42834,72137,32650,120523,0.7
211f5d550b1d505d0c2da1e190551919448e0605,9701,465,0,0.0,44.7,586648,3893,42850,72159,32650,120549,0.7
53a1c8671dd1b9b93f4a857230008c812d79ddbf,9686,465,0,0.0,44.6,586329,3893,42824,72131,32632,120344,0.7
d1a3c104501d2f4bd1fb46cdefb0073d8fa3a227,9686,465,0,0.0,44.6,586324,3893,42823,72130,32632,120344,0.7
c6a772618d91f20820015cd7ec5cf6cdea454acd,9686,465,0,0.0,45.2,586292,3893,42838,72146,32632,120329,0.7
4d34398cfd32465222f55df522fcd5a2db59c92c,9326,466,0,0.0,45.3,585305,3880,42732,71971,32587,115005,0.7
9bd5deccddf63537fb1e34788e7c16c3f1fda6da,9326,466,0,0.0,45.3,585301,3880,42732,71971,32587,115005,0.7
d9498a00dd1d3f0a5468b4b7c7da84750a7636f1,9325,466,0,0.0,45.3,585142,3880,42719,71957,32578,115000,0.7
bc6b6e65ee221fc4c4f7f72d3585b768f7beeecb,9325,466,0,0.0,45.7,580381,3871,42719,71953,32542,115000,0.7
3e47855c2a7bccdaff9e9b25056621d03f6110a9,9325,466,0,0.0,45.7,580381,3871,42719,71953,32542,115000,0.7
e16bfcffc9c1d57bbe331aa9d545919711a9dd6f,9325,466,0,0.0,45.7,580381,3871,42719,71953,32542,115000,0.7
13e1965af44a652d634c54ffe3e2d3739a40eceb,9325,466,0,0.0,45.7,580381,3871,42719,71953,32542,115000,0.7
be155d70ce1707cc9e70717373986620c2df5345,9465,465,0,0.0,45.6,579799,3870,42669,71864,32521,117217,0.7
c87a53aab9222c4345955854795dc40b5c884bd4,9636,464,0,0.0,45.6,579753,3870,42659,71862,32521,119889,0.7
4a996783697faa1c0bd6b4fc6ceb97260f6aeb7a,9636,464,0,0.0,45.6,579753,3870,42659,71862,32521,119889,0.7
12f6d0d0a35522915f5a8da73973403fe12cb01c,9636,464,0,0.0,45.6,579753,3870,42659,71862,32521,119889,0.7
2101ac2e5528049688d4ce3ea2b4db861ea3c78b,9636,464,0,0.0,45.6,579718,3870,42656,71856,32521,119889,0.7
460282433756620310fd346e519b18b74a745305,9636,464,0,0.0,45.6,579718,3870,42656,71856,32521,119889,0.7
c416c298943c9c21928e71f37662b8ffbe11b56b,9623,464,0,0.0,45.4,578943,3867,42600,71779,32495,119715,0.7
0bf2602a7a79ca9d525832f1e72c99b053d6b2af,9622,464,0,0.0,45.9,578963,3867,42604,71783,32495,119707,0.7
12b3ccdd008545dc6c9b3c4fc1a4ea15aaa385a8,9622,464,0,0.0,45.9,578950,3867,42603,71782,32495,119707,0.7
b7e3e21bbb53814c3f7418ba55de0c1d5eea57dd,9621,466,0,0.0,46.0,578952,3867,42607,71789,32496,119702,0.7
996cd5b53a667fd0a5e6f58b94beae531fad038e,9621,466,0,0.0,46.0,578952,3867,42607,71789,32496,119702,0.7
1288eb8e33304e2c5dbf7ea78de9f51f422cfad1,9621,466,0,0.0,46.0,578907,3867,42605,71787,32496,119702,0.7
1a9c3f78f5e2d0b831aadd4636eeb70975463e78,9621,464,0,0.0,46.0,578802,3866,42593,71774,32478,119702,0.7
6d75e7a76ad3aeac702e0e5f62267da141907606,9619,464,0,0.0,46.1,578691,3863,42574,71754,32470,119684,0.7
4ccc29bc2f7115f372baa5c6ea04fafb41db8888,9625,462,0,0.0,46.2,577916,3860,42518,71677,32444,119803,0.7
27e8c421358378bd80bed8b328d5b69e884b7484,9625,462,0,0.0,46.2,577916,3860,42518,71677,32444,119803,0.7
be4e7d20874d6576ac5a4fd516c815b2548181f7,9625,462,0,0.0,46.2,577916,3860,42518,71677,32444,119803,0.7
3aa0fcd7cd3e0d1836395ca02ba473da71154fe4,9625,462,0,0.0,46.2,577916,3860,42518,71677,32444,119803,0.7
c19318e6865f21c117ddb67df23da80984b52b44,9625,462,0,0.0,46.2,577916,3860,42518,71677,32444,119803,0.7
8c7001eb462a69641b3f0546b7efeddb63e501be,9625,462,0,0.0,46.2,577860,3860,42516,71675,32444,119803,0.7
38eb1b18b069d855269ecfe26fe351b79116139b,9625,462,0,0.0,46.2,577860,3860,42516,71675,32446,119803,0.7
e7999a194dc0f32fba8fb515c9108764ed6ba6b5,9625,462,0,0.0,46.2,577858,3860,42515,71674,32429,119803,0.7
ad423142c4d3d41b9423026cd99f8ecf1156a24b,9625,462,0,0.0,46.2,577858,3860,42515,71674,32429,119803,0.7
580e7021ab4701764c3fcfd6c3e5e8f73f405992,9628,462,0,0.0,46.2,577280,3857,42457,71589,32390,119844,0.7
7ebb241232e7a88f30257fa657f44cfe268c8a95,9628,462,0,0.0,46.2,577278,3857,42457,71589,32390,119844,0.7
604422b056efee145f69944c39b4d99787dfd9f1,9628,462,0,0.0,46.2,577277,3857,42457,71589,32390,119844,0.7
a8f468d6ddd0e031d41f7d07ae710511f96cbf36,9628,462,0,0.0,46.2,577245,3857,42454,71586,32390,119846,0.7
22d4e7836ac0bb47bed627e7c773d44105b8f0f8,9613,462,0,0.0,46.3,576686,3854,42367,71461,32381,119764,0.7
6c344dbbbe0fc1e373f588a1bbc4c64029cc7f8c,9612,462,0,0.0,46.7,576678,3854,42370,71466,32382,119716,0.7
cbb50bfa5ad8cd490e991ff4e1d7bf7c025e3d5d,9611,462,0,0.0,46.7,576587,3854,42365,71460,32363,119700,0.7
197b61e756155b95f6c889e7718bf1c2af70af7f,9610,462,0,0.0,46.8,576482,3853,42361,71450,32363,119687,0.7
6f4e33ec222299efc19f1bb75e782f058f5d1131,9611,462,0,0.0,46.8,576483,3853,42361,71450,32363,119692,0.7
226a23f516bea97c1cab52a7ce2213844ca12c63,9611,462,0,0.0,46.8,576475,3853,42360,71448,32359,119692,0.7
c8fc591cba1dbdc8ba24f8f04071e93fe7802390,9611,462,0,0.0,46.8,576485,3853,42360,71449,32359,119692,0.7
c83308c118370c079815dc155c3998b4df49c07c,9619,462,0,0.0,46.8,576479,3853,42365,71454,32359,119710,0.7
1fb47316fedd81449c5df69a5be7cbf8075877ac,9619,462,0,0.0,46.8,576479,3853,42365,71454,32359,119710,0.7
23fc3a36eba76b3b0325c62f0d9c07ed4af923f9,9619,462,0,0.0,46.8,576479,3853,42365,71454,32359,119710,0.7
19b24b3f6f2e08bc95e929e75ea218eff90b5a87,9619,462,0,0.0,46.8,576479,3853,42365,71454,32359,119710,0.7
4f6c5fc6403de9a4843f54b58fcd371e1e206873,9619,462,0,0.0,46.8,576479,3853,42365,71454,32359,119710,0.7
58d3ad39d5978ec9a2e14fea668c2832edc44e32,9614,462,0,0.0,46.8,576220,3850,42351,71423,32340,119677,0.7
a077a2be318b6b21c849ba7754987604c728715b,9610,462,0,0.0,46.9,576048,3849,42331,71377,32335,119652,0.7
3d53060e2868da4bb9eb939e6f492e6fbcc9688d,9609,462,0,0.0,47.2,576029,3849,42331,71377,32335,119631,0.7
bfa8006e57db8758d49f31d4ba7b06a8e924e163,9609,462,0,0.0,47.2,576029,3849,42331,71377,32335,119631,0.7
a654bf920a24ece5026309d4e26f9c71b5136bc5,9605,467,0,0.0,47.5,575839,3848,42320,71364,32329,119588,0.7
2eea697297a4c724a950a4bdc9dd29822ea90d8c,9605,467,0,0.0,47.5,575839,3848,42320,71364,32329,119588,0.7
c340915b054b8b1ae1e03a2a5f0214a0d8853c7a,9605,467,0,0.0,47.5,575839,3848,42320,71364,32329,119588,0.7
a83bfe72ccc18ec6f22621630b6dbabaf4648064,9605,467,0,0.0,47.5,575837,3848,42319,71363,32318,119588,0.7
980733c2e1eb10b6e0d2ac6643490a827c806c28,9605,467,0,0.0,47.5,575835,3848,42319,71362,32318,119587,0.7
c2018f894920ff6c50190c2b4ee113a4b10fb15a,9605,467,0,0.0,47.5,575835,3848,42319,71362,32318,119587,0.7
838787e296b502740470ce70f68bb27af4210121,9605,467,0,0.0,47.5,575860,3848,42322,71368,32318,119587,0.7
892e47cd329b271517dd6ac5cf6b2591092b1146,9604,466,0,0.0,47.5,575847,3848,42321,71368,32318,119579,0.7
5fce7ecaa3094c19d86e9243cf0d2f0d8537c65f,9604,466,0,0.0,47.5,575847,3848,42321,71368,32318,119579,0.7
97666096e8ad3fb46d23ab8c868197be08353c67,9612,461,0,0.0,47.5,575677,3845,42304,71341,32286,119691,0.7
b1bf4168c481fe44b98ac6e425d7b15c02b44464,9611,461,0,0.0,47.5,575661,3845,42303,71337,32286,119671,0.7
d6eba2a2b6ecf76dc11910d88febca6c4833338d,9611,461,0,0.0,47.5,575637,3845,42303,71331,32274,119659,0.7
6e21bbf4c4cd2c8351a64636f91d05d00492dff2,9611,461,0,0.0,47.5,575661,3845,42307,71337,32268,119659,0.7
ad3cf9d813e943f5f82a312ba028d7bf31d7b033,9611,461,0,0.0,47.5,575628,3845,42306,71333,32263,119658,0.7
9342f64a713ed4a1c540046ae5db91b3ac86ac02,9625,461,0,0.0,47.5,574972,3839,42239,71258,32234,119859,0.7
24578a28fe69db96da460ac49eeb1a60fee7b8c7,9622,460,0,0.0,47.5,574639,3839,42209,71198,32209,119794,0.7
395e01e65d88953ced40a24bc4f53094f1a29a77,9622,460,0,0.0,47.5,574636,3839,42209,71198,32199,119794,0.7
d6a4ca7a33b7be3426ed119b1fb1529a160613eb,9622,460,0,0.0,47.5,574623,3839,42208,71197,32199,119794,0.7
8181f84c96e6ebc66910e3c74c1d1b91fe28f01c,9622,460,0,0.0,47.5,574605,3839,42207,71195,32199,119782,0.7
d56dd63f8e26fe08025933f33176599703013844,9622,460,0,0.0,47.5,574574,3839,42206,71194,32199,119782,0.7
8572c56e8dce17b9cc3d7ee05a61fdcc8b707021,9685,460,0,0.0,47.5,574512,3839,42202,71182,32193,120749,0.7
5487c17474f5ed2b507af369e3540fcd46aff9e2,9685,460,0,0.0,47.5,574512,3839,42202,71182,32193,120749,0.7
09290c58c5257078641367a76fa3c12aaf1ebc9b,9685,460,0,0.0,47.5,574504,3838,42202,71182,32192,120749,0.7
7a421206d54fcf39d99bd41c3ab25a89051ed028,9686,460,0,0.0,47.5,574509,3838,42200,71181,32187,120783,0.7
5e62e478d8eda41fc46f441717e4a43e33f2cba1,9690,463,0,0.0,47.4,575175,3843,42256,71255,32283,120818,0.7
c6bbbdbc11d42713c86dd52185f577b81d946963,9690,463,0,0.0,47.4,575175,3843,42256,71255,32283,120818,0.7
46df2ce069dd03bfb81004d663c9000416896426,9690,463,0,0.0,47.4,575175,3843,42256,71255,32283,120818,0.7
11608e10245875ca2972c1dba1c92182c16ec887,11192,510,0,0.0,50.4,643464,4285,46732,79214,35387,140498,0.7
7240752e18278b3454be141c2e4b121079004d8b,11193,510,0,0.0,50.4,643465,4285,46732,79214,35388,140508,0.7
60876e4a925537780fc2198a21fbf26dd8598d36,11190,510,0,0.0,50.4,643398,4285,46729,79211,35383,140464,0.7
3112ec91617ef080604f47ac92c255b517458522,11190,510,0,0.0,50.4,643398,4285,46729,79211,35383,140464,0.7
d631e2c3858b29c79acf00406a851590031acabd,11189,510,0,0.0,50.4,643379,4285,46724,79205,35383,140459,0.7
36ecab4601b34114224e10b579eaee9018e57344,11189,510,0,0.0,50.4,643379,4285,46724,79205,35383,140459,0.7
09b44bb66f4b56bb093a070dec9fcedea98d67ab,11195,510,0,0.0,50.5,643245,4285,46685,79150,35378,140587,0.7
0c5b87a27e0564ddaae2fa1cb93c32dd7a5e8681,11190,509,0,0.0,50.5,643012,4283,46659,79108,35369,140539,0.7
b309d9babea9bd58e54f9c8597a8853379751c2b,11190,509,0,0.0,50.5,642885,4283,46652,79099,35367,140539,0.7
f21199d002c6ad008a6772783b4fdad622c09b59,11189,509,0,0.0,50.5,642724,4281,46628,79072,35370,140534,0.7
492018902cd044adb8bdc312f01d70a4a63cdcc0,11184,509,0,0.0,50.5,641867,4278,46575,78969,35344,140451,0.7
1b953050958f7df9d299f00f76465e2336336c9f,11184,509,0,0.0,50.5,641869,4278,46575,78970,35344,140451,0.7
61cf766c4301b44fd077ee5487b4f605f54905cb,11184,509,0,0.0,50.5,641870,4278,46575,78970,35344,140451,0.7
4090a8860061f58748e3faa6804094f90d3575f3,11184,509,0,0.0,50.5,641870,4278,46575,78970,35344,140451,0.7
7d06af33ff787c86e0edf14856b6873021e8ea45,11184,509,0,0.0,50.5,641870,4278,46575,78970,35344,140451,0.7
0331aba1a3ea5853d320b3244bb096fc9eebdc55,11184,509,0,0.0,50.5,641840,4278,46575,78964,35344,140451,0.7
ce9186f6bc5dc1fdcce96775898e4b3f9e769ded,11185,509,0,0.0,50.5,641812,4278,46572,78957,35347,140441,0.7
d3deeecd8133e8effc0eb59562808a6b7b7279d3,11185,509,0,0.0,50.5,641812,4278,46572,78957,35347,140441,0.7
06894dbc5407b59e07aae9c56ebd904bb5388cf5,11185,509,0,0.0,50.5,641812,4278,46572,78957,35347,140441,0.7
ec92fa33f780d48aa1f0a146428cd26e1c9bdbcc,11185,509,0,0.0,50.5,641812,4278,46572,78957,35347,140441,0.7
1b80537e821b7bf901a5b221fc3bfe53c8d87794,11185,509,0,0.0,50.5,641812,4278,46572,78957,35347,140441,0.7
5e03d06d27dfb68dc931197533825f7992a411b7,11185,509,0,0.0,50.5,641812,4278,46572,78957,35347,140441,0.7
2c31acc8aea7b807c91623c21c7fa2d979462021,11185,509,0,0.0,50.5,641812,4278,46572,78957,35347,140441,0.7
21522697c42cee3bedd758aa399b9530b001e30a,11185,509,0,0.0,50.5,641812,4278,46572,78957,35347,140441,0.7
4d0b69beba104e6912f6e6850189121fcd23ef8a,11324,508,0,0.0,50.4,641325,4273,46532,78879,35345,142556,0.7
beb41b649c47ec8bf677127b3cba1bd9690e1aac,11323,510,0,0.0,50.4,640837,4268,46492,78801,35343,142571,0.7
62a23a37758792b31e2590bd7d1aa46da1074512,11323,510,0,0.0,50.4,640849,4268,46494,78804,35340,142571,0.7
504c13428cd4ad4d343c644736b957d7f2653b37,11328,510,0,0.0,50.5,640362,4263,46454,78726,35338,142661,0.7
3f5f4d924be94c6f06793a3667c8da95c52c4064,11328,510,0,0.0,50.5,640302,4262,46452,78722,35338,142661,0.7
feeaa8c73034f60f1ab55d0db763fe13fa3c229f,11327,510,0,0.0,50.5,640295,4262,46452,78722,35338,142649,0.7
263b530502e5597b19b6b5e282917af8eede7600,11183,511,0,0.0,50.5,640190,4262,46449,78713,35338,140489,0.7
b79a8ffce3a95e5e67a4f926ee63d165153e1c54,11197,511,0,0.0,50.5,640098,4261,46440,78701,35329,140699,0.7
22b95dc70eb46e82a0d51fd4cfb71ad4cbdf946a,11196,511,0,0.0,50.5,640063,4261,46439,78698,35329,140689,0.7
274390f3d65d9f48b26e3c682225d6f9edb35bce,11195,511,0,0.0,50.5,640074,4261,46440,78700,35329,140681,0.7
b8ef64a2cd879cac284189455ab0579c5be80441,11195,511,0,0.0,50.5,640052,4261,46439,78691,35329,140681,0.7
820fc3ceda386149f42db8b54e6db9171d1a3a6d,11599,541,0,0.0,51.8,674690,4531,49007,82740,37194,145267,0.7
d9295903abbabbbed77e12476aef62ae5260663c,11384,508,0,0.0,50.4,639603,4260,46415,78627,35299,143473,0.7
ea7665e788cb33507e6eb19eddd4f0c24eb92983,11183,507,0,0.0,50.4,639603,4260,46415,78627,35299,140504,0.7
af9522ac7e8e25dc044622c566b66301b6df9581,11183,507,0,0.0,50.4,639603,4260,46415,78627,35299,140504,0.7
6a9d3c77977baff4295ee2dde0150d73c8c46af1,11133,507,0,0.0,50.4,639066,4260,46387,78549,35290,139735,0.7
e276753290dad4cefcb289b925d12d7287fbec16,11133,507,0,0.0,50.4,639066,4260,46387,78549,35290,139735,0.7
d69ba0568a2e07dfb5af233350ad5668d9aef134,11131,507,0,0.0,50.5,638652,4258,46339,78469,35275,139709,0.7
70ec4e5ead8db9bd946c44731192b47862bfdeea,11132,507,0,0.0,50.5,638597,4258,46330,78458,35273,139714,0.7
a89fc4646ae5e328a2ccadb98d41b79632afcf3b,11131,507,0,0.0,50.5,638350,4258,46312,78424,35273,139700,0.7
367dc8b1b94fd8cbae2b5e4da5d01225e717c49b,11131,507,0,0.0,50.5,638350,4258,46312,78424,35273,139700,0.7
8e1900dc9ab917cd97a41e7145166a8c8a4bdfc5,11131,507,0,0.0,50.5,638350,4258,46312,78424,35273,139700,0.7
faa8b5075cb70d1cebea54700e39f038c623f08e,11131,507,0,0.0,50.5,638346,4258,46312,78424,35273,139700,0.7
d80d7da3d0a956e1b6aeadbe26e0cb3f3ef2fb25,11131,507,0,0.0,50.5,638339,4258,46312,78424,35273,139700,0.7
8b7a280a9fd0b51eb43538fbb9f6879d1c92de18,11131,507,0,0.0,50.5,638334,4258,46312,78424,35271,139724,0.7
7b12a4171e9e6b7829e7a66b447fc15cada151fc,11131,507,0,0.0,50.5,638331,4258,46312,78423,35271,139724,0.7
68d491e6a344a0e081cc784db28dec60670d4d36,11131,507,0,0.0,50.5,638331,4258,46312,78423,35271,139724,0.7
8519224de33b26cfd7c539ffe6f123ea66165711,11131,507,0,0.0,50.5,638325,4258,46312,78423,35269,139724,0.7
afe4aec4db795f4829757d738a5bbcf1b7db8fd2,11131,507,0,0.0,50.5,638325,4258,46312,78423,35269,139724,0.7
f19643a93f5dac99bbdbc9881ef19c89d7bcd3eb,11131,507,0,0.0,50.5,638325,4258,46312,78423,35269,139724,0.7
b4c050bc9c425b7b614058f420ba79b99db5d75f,11131,507,0,0.0,50.5,638286,4258,46306,78411,35263,139712,0.7
cbd33a6f626161bd1a4f0894a9dd4d96aed1a35b,10916,511,0,0.0,50.6,636750,4248,46188,78240,35193,136448,0.7
a4d47567e1fef44f4443250537f09dc73a1f7583,10916,511,0,0.0,50.6,636744,4248,46187,78240,35193,136453,0.7
99843f03efecc3f5ef7d3e1d32aae5eff22cb315,10916,511,0,0.0,50.6,636741,4248,46187,78240,35192,136453,0.7
1ed1b4ba965462698ec24bd2920d29195e2acae4,10919,511,0,0.0,50.6,636466,4248,46181,78232,35178,136363,0.7
9bd62f79f8cd973c39d14e89163cb1c707470ed2,10920,511,0,0.0,50.6,636450,4248,46180,78229,35178,136367,0.7
09a8ad5c391d4e1b1027a02b7e2d366d0ff56fc2,10920,511,0,0.0,50.6,636450,4248,46180,78229,35178,136367,0.7
de2505027e82962fc7c48623c9e1a1e85a596f1b,10920,511,0,0.0,50.6,636450,4248,46180,78229,35178,136367,0.7
ac71ceaa8d19405da4a4018a90ade8717c2a63c8,10920,511,0,0.0,50.6,636433,4248,46180,78229,35178,136367,0.7
d247b20f166ccb0b92443d4b05330b1e0d9c5d49,10920,511,0,0.0,50.6,636433,4248,46180,78229,35178,136367,0.7
d2ab70927c9509b10b858845bfac8c4ebb9acfec,10920,511,0,0.0,50.6,636433,4248,46180,78229,35178,136367,0.7
5e059c1bfb664cc1880883425bfd68b2a8df3190,10918,511,0,0.0,50.6,636466,4248,46184,78237,35179,136332,0.7
5fb26f8394b8b0b286aa0c7bb49426d6a21282e8,10918,511,0,0.0,50.6,636466,4248,46184,78237,35179,136332,0.7
b21a8ce2497eb560feb9ed771a1e28ca57d1cf60,10759,511,0,0.0,50.4,634904,4234,46097,78078,34921,133947,0.7
4e62b58f04aba4ccc2a2a846494b478d3b03f58f,10759,511,0,0.0,50.4,634904,4234,46097,78078,34921,133947,0.7
6fc5be738d317eb1e8a5b525f5b8e40841dee678,10753,511,0,0.0,50.4,634359,4230,46056,78026,34902,133890,0.7
f246614ed9d98f84eae13ff57768d377a95d3ced,10753,512,0,0.0,50.4,634355,4230,46056,78033,34902,133890,0.7
1a073ddc47d53c005adcbb35399da6255123b652,10753,512,0,0.0,50.4,634336,4230,46054,78029,34902,133882,0.7
10a856e0f4e6bd1653ed66a5ba232277834b9a8d,10749,512,0,0.0,50.4,634116,4226,46032,78001,34880,133802,0.7
b20d30ca04ddc19e440036b0c554f0b16ec61a1c,10749,512,0,0.0,50.4,633874,4226,46018,77973,34878,133802,0.7
c427a5628be6f1b5f2c4783c36c3cf7783a1916b,10749,512,0,0.0,50.4,633880,4226,46018,77973,34878,133802,0.7
c817c8503d8570ed5b8a187471e02a0895f34598,10737,512,0,0.0,50.4,633527,4223,45986,77916,34876,133699,0.7
13fcf62b871dfec1b5ff09c1df35a5075cec328a,10731,512,0,0.0,50.4,633417,4221,45975,77902,34865,133599,0.7
c1190990760509e40dd8e10092196a569d684f1b,10731,512,0,0.0,50.4,633361,4220,45963,77894,34864,133599,0.7
0831eb03b09cce2d09dd62da829323004b41f423,10730,512,0,0.0,50.4,633307,4220,45961,77890,34863,133573,0.7
229a243ddad20a725d9f7e4446ce8bb3fc2c9a53,10730,512,0,0.0,50.4,633307,4220,45961,77890,34863,133573,0.7
c61c3ca017aaec145f57948f0da9cb307bf45cde,11369,512,0,0.0,50.5,632534,4213,45918,77809,34736,143334,0.8
42614cc8d6527284cb45800b5b37e6a98c466ef6,11369,512,0,0.0,50.5,632528,4213,45918,77807,34736,143334,0.8
506cdbfd5309963d84094b58cd58a4d6c97a3cc5,11369,512,0,0.0,50.5,632538,4213,45918,77809,34737,143334,0.8
7320899deab780597c101beddc8561adde7938f4,11369,512,0,0.0,50.5,632538,4213,45918,77809,34737,143334,0.8
3f90a23c1a545a5cf091f74c3f6e96f53fe41869,11366,512,0,0.0,50.5,632520,4213,45918,77809,34734,143319,0.8
f8d21116b1990ff0f7d7960a0f41f3a807756141,11366,512,0,0.0,50.5,632520,4213,45918,77809,34734,143319,0.8
c193de9e8f6ef8195506eeebe4a3721cf9884bd9,11366,512,0,0.0,50.5,632520,4213,45918,77809,34734,143319,0.8
04d1a9d85e2732d885c435085e53b7fc7318379a,11366,512,0,0.0,50.5,632520,4213,45918,77809,34734,143319,0.8
a3bf0c7e328a8d514c9918cc80cc775169d6b53b,11366,512,0,0.0,50.5,632520,4213,45918,77809,34734,143319,0.8
573f3f30da1d9739547f8f98c4a0d61613d26412,11366,512,0,0.0,50.5,632520,4213,45918,77809,34734,143319,0.8
9e94dc85764dd1321c9782a2a0d834a9bfd84b7d,11366,512,0,0.0,50.5,632520,4213,45918,77809,34734,143319,0.8
8c7ebeee82b59904753fb6eab61a1e28e9852ae3,11366,512,0,0.0,50.5,632520,4213,45918,77809,34734,143319,0.8
b6b5d4473f7ecbd0961caf528728ef024f70a927,11366,512,0,0.0,50.5,632520,4213,45918,77809,34734,143319,0.8
e69418ae8d6d041acae0af4fe59ea3c8b8f8705f,11366,512,0,0.0,50.5,632520,4213,45918,77809,34734,143319,0.8
abbfdae108dd342191dcc685021edbc0113fe302,11366,512,0,0.0,50.5,632520,4213,45918,77809,34734,143319,0.8
17c7815d433ae075e16351f264ecf17598169dc9,11312,512,0,0.0,50.6,632023,4211,45874,77747,34706,142503,0.8
1e2a71398fb5564d1cd9f4e12b3d1acc568f8ef7,11312,512,0,0.0,50.6,631744,4209,45857,77724,34702,142503,0.8
3d6072ad4d94ba8fb83fcecfdaa2a2a326e99e15,11323,508,0,0.0,50.6,631701,4208,45855,77719,34696,142670,0.8
2e2ac8dfd2ab2c214444cccb0e6024e1f80b0502,11323,508,0,0.0,50.6,631693,4208,45855,77719,34698,142670,0.8
ccaeb2f4d5be44b4ab177b8fb790194eff8070a5,11318,507,0,0.0,50.6,631401,4206,45817,77660,34678,142578,0.8
798f1c8abe3ed24a2229d4f3d1b5d7c009a7fa7e,11318,507,0,0.0,50.6,631332,4205,45810,77651,34674,142578,0.8
72da856b3c9ba2da92a5aa5d8e69afdf9a3c24b0,11317,507,0,0.0,50.6,631341,4205,45810,77652,34672,142568,0.8
bfe1d03c75b4a8bd2c15c925f39cdec28c312489,11316,507,0,0.0,50.6,631284,4205,45809,77645,34672,142556,0.8
6ec3de390d3fa6e797c6975b1eaaea41719db0fe,11316,507,0,0.0,50.6,631284,4205,45809,77645,34672,142556,0.8
fba7d612539fe978e0281e89bb351e821fd02a05,11316,507,0,0.0,50.7,631146,4204,45801,77634,34670,142556,0.8
188847428309701c2ec0debf9e94da94b39058b6,11314,507,0,0.0,50.7,630884,4203,45772,77590,34645,142543,0.8
69025712b41e744304e2a7d971ccdad784e25bec,11314,507,0,0.0,50.7,630884,4203,45772,77590,34645,142543,0.8
75ff4a99a9f72bf8735f6062d671ed088380e94e,11314,507,0,0.0,50.7,630884,4203,45772,77590,34645,142543,0.8
9c51427f18f37d94aaa55913de0c4b0bb1195608,11314,507,0,0.0,50.7,630884,4203,45772,77590,34645,142543,0.8
9cfbbdc9ef8a39bfc800a1cb7892b3900bd57be7,11314,507,0,0.0,50.7,630884,4203,45772,77590,34645,142543,0.8
efa5945f12e85076bd665e5fa2bef53f4cf3f945,11314,507,0,0.0,50.7,630884,4203,45772,77590,34645,142543,0.8
fd00207cdddf179828e3fde788d3f68933fea061,11314,507,0,0.0,50.7,630884,4203,45772,77590,34645,142543,0.8
7ff8f264581c0878e85c360b92a79f925aad758e,11314,507,0,0.0,50.7,630884,4203,45772,77590,34645,142543,0.8
9476f62ff2ea1220df85376c906a46596008d42b,11314,507,0,0.0,50.7,630884,4203,45772,77590,34645,142543,0.8
7f21b538f30809e77fef32fce2138d0322fa73c8,11314,507,0,0.0,50.7,630884,4203,45772,77590,34645,142543,0.8
28a95652540515252728b90e85d00e09f5d67f31,11314,507,0,0.0,50.7,630884,4203,45772,77590,34645,142543,0.8
7ece5faaf839dfe8adb113b8b2fb1e94245f01cf,11314,507,0,0.0,50.7,630884,4203,45772,77590,34645,142543,0.8
930750d3e21f38eb7a5ca53438279ad2a10656cf,11314,507,0,0.0,50.7,630884,4203,45772,77590,34645,142543,0.8
fd4231f5e27c6a98bbf4ff38850e1700b7584c0a,11314,507,0,0.0,50.7,630884,4203,45772,77590,34645,142543,0.8
d7f8e91c0983048768be1cb17893a485088da937,11314,507,0,0.0,50.7,630884,4203,45772,77590,34645,142543,0.8
13fd06d90ddc6f5c6bacf79b2c0dbe64838e7b65,11314,507,0,0.0,50.7,630878,4203,45772,77587,34645,142543,0.8
6a9c182b47476025da1cfb741cc2f581e955330b,11314,507,0,0.0,50.7,630866,4203,45769,77584,34645,142543,0.8
774d0e8bc9528b057201d8e2cea31405bd49afbd,11314,507,0,0.0,50.7,630862,4203,45768,77583,34645,142543,0.8
09e6a9f7b8d733ca7a02c3933b8c88917bdb8477,11314,507,0,0.0,50.7,630850,4203,45765,77580,34645,142543,0.8
7cec1d97965a2823878aef17d5c54fc768e8612f,11314,507,0,0.0,50.7,630850,4203,45765,77580,34645,142543,0.8
255986a8e7c59915ff0f2b98c9021ddbbc45e675,11314,507,0,0.0,50.7,630850,4203,45765,77580,34645,142543,0.8
8c625dd7d21e38235d2864e081c008ef11e0fd20,11314,507,0,0.0,50.7,630850,4203,45765,77580,34645,142543,0.8
942988744e96e8c133a7fcce267e93942ce556ec,11315,507,0,0.0,50.7,630871,4203,45756,77572,34650,142565,0.8
175a7fb7a00af30e68fd217947f5342fe337d6b8,11313,507,0,0.0,50.7,630419,4203,45745,77558,34579,142534,0.8
f00d3094a1728b60dba96fc251707dd08d8a6310,11303,507,0,0.0,50.7,630376,4203,45742,77552,34578,142384,0.8
af132c7f8d0e820a3bdc23de4dd76f343c7bb399,11303,507,0,0.0,50.7,630340,4203,45741,77537,34578,142384,0.8
e8cf33db7d3fc637504a51a801c055dce54474b7,11279,507,0,0.0,50.7,629883,4183,45680,77466,34552,142141,0.8
1fb8e4fbd11dea3c16e7c16d56d543bee2b53464,11279,507,0,0.0,50.7,629883,4183,45680,77466,34552,142141,0.8
6105375d47f9d8b80dcbba72302e70b3f370642c,11279,507,0,0.0,50.7,629883,4183,45680,77466,34552,142141,0.8
e8bb8b502c981f6e5dea27cc6f833655bf79f4c6,11279,507,0,0.0,50.7,629874,4183,45678,77464,34552,142141,0.8
7c4bdaa3a26f2a8b36f22b1a1257aa11bf136969,11279,507,0,0.0,50.7,629874,4183,45678,77464,34552,142141,0.8
f3e50717149b61d4701c2691be50cd2442afc967,11299,507,0,0.0,50.7,629911,4183,45671,77457,34552,142341,0.8
0b54f1e0071184b375ce8180a1c370290f946099,11299,507,0,0.0,50.7,629914,4183,45671,77457,34552,142341,0.8
b0bf62a448617bd5f57ca72c2648452e6600fa20,11299,507,0,0.0,50.7,629914,4183,45671,77457,34552,142341,0.8
2c890109c17bfb971490cab007be23029b81bad8,11299,507,0,0.0,50.7,629914,4183,45671,77457,34552,142341,0.8
a445925016f21ef51a1a4acac94689528134a74c,11300,507,0,0.0,50.7,629935,4183,45662,77449,34557,142358,0.8
4a3d266a6946f00602cfddc809e5480f3139f352,11297,507,0,0.0,50.7,629831,4183,45654,77417,34549,142305,0.8
94de98555d25c8f49c7bda70278598ecb04dc717,11044,508,0,0.0,50.8,629374,4163,45593,77346,34523,138431,0.7
b95330a257b544be976a8e5bb1ea02ab8c8fcb7e,11045,508,0,0.0,50.8,629373,4163,45593,77346,34523,138441,0.7
0b5aacd94207f9d880b9ddd38d04c13f59075c10,11307,507,0,0.0,50.8,629797,4164,45601,77356,34524,142472,0.8
0180ef91a733c3b6fc3c3ec8ad1d0231a5a6265e,11307,507,0,0.0,50.8,629797,4164,45601,77356,34524,142472,0.8
52e69fb2b21669345a8d4dba495746fddbe0b376,11307,507,0,0.0,50.8,629755,4164,45598,77351,34516,142472,0.8
8387b508f96e9f38d45a982f75c262fdd8e2b621,11302,507,0,0.0,50.8,629659,4164,45594,77347,34508,142351,0.8
da392f259cd8fc4788453e309e3369a3a190bbb1,11302,507,0,0.0,50.8,629659,4164,45594,77347,34508,142351,0.8
50c5f267b7f2919fec77f8f690412c0cb24b0de5,11345,507,0,0.0,50.8,629744,4164,45594,77347,34508,142597,0.8
0e09ac15e7e5bef5b5ac063e568d894b09ddeacf,11345,507,0,0.0,50.8,629736,4164,45594,77347,34508,142597,0.8
da555037cf0f19a635927df043fd02af0193d49d,11345,507,0,0.0,50.8,629670,4164,45593,77340,34508,142597,0.8
d4d747d55f767410b71a1baf6dba742ecc194c07,11345,507,0,0.0,50.8,629670,4164,45593,77340,34508,142597,0.8
eea5547462507727156678c153675e8595a38526,11345,507,0,0.0,50.8,629670,4164,45593,77340,34508,142597,0.8
b9a4478b0f8f5eeae553eb3900b08a7a08dbdb40,11350,507,0,0.0,50.7,629720,4164,45593,77342,34510,142667,0.8
4433aa8c62002e2f3c589c7d3d8ef61dee8284b1,11351,507,0,0.0,50.7,629776,4164,45593,77344,34512,142677,0.8
86bb1c09f5ffd2b6a7c72683cb86bb95f4c2b72f,11457,507,0,0.0,50.8,629877,4164,45593,77344,34512,143826,0.8
721419db01ee20faafd303199d88c8be8d24e310,11457,507,0,0.0,50.8,629865,4164,45591,77342,34510,143826,0.8
c171c5703389a551065f6aa86aa4a6648c9ebcee,11456,507,0,0.0,50.8,629852,4164,45591,77343,34510,143816,0.8
fceea89cb4a8f781641aa65456801b1cd40d0d03,11455,507,0,0.0,50.8,629839,4164,45591,77344,34510,143806,0.8
a66166326d0ab3ee54065ac3accd6a3a1c3b89d9,11454,507,0,0.0,50.8,629826,4164,45591,77345,34510,143796,0.8
0f44262a9e107cb5d0a0969ec87d97ef65f65815,11453,507,0,0.0,50.8,629813,4164,45591,77346,34510,143786,0.8
a7828dbeb2ef644169f83de1288a4e00f6c6cdca,11453,507,0,0.0,50.8,629808,4164,45591,77346,34497,143786,0.8
64e2deba53f696882f517a6010b81d83b55389b7,11453,507,0,0.0,50.8,629808,4164,45591,77346,34497,143786,0.8
8bb52bc39ad48c2b0158990b60c2818702cbffa6,11453,507,0,0.0,50.8,629779,4164,45586,77341,34495,143786,0.8
7e9e02c0e3f1304be89d094b0eab238da46c34ab,11453,507,0,0.0,50.8,629778,4164,45586,77340,34495,143786,0.8
3c6259193790ad8a0685233b12b7a20c891e6cbf,11454,507,0,0.0,50.8,629812,4164,45586,77340,34495,143792,0.8
b56ec5ed421cb82d0c87c4fdd2a579db40f0e036,11457,508,0,0.0,50.8,629756,4164,45587,77337,34497,143867,0.8
b5aba2ffeb6303c9e2dba518b8e08d419797286c,11457,508,0,0.0,50.8,629756,4164,45587,77337,34497,143867,0.8
884efd4c6612b801dab71b6137032f5a5e08087a,11457,508,0,0.0,50.8,629756,4164,45587,77337,34497,143867,0.8
2f487f448f6bc43542cedde3e2b43470064c00ab,11457,508,0,0.0,50.8,629756,4164,45587,77337,34497,143867,0.8
385a6bd296e551bdfdab48d2a291d3516f999f5a,11457,508,0,0.0,50.8,629756,4164,45587,77337,34497,143867,0.8
d7f46b4552a88c3966a924aba2dfd51c0c8b451e,11457,508,0,0.0,50.8,629756,4164,45587,77337,34497,143867,0.8
aa891acf20040d15e7ca59dc503adb3c1e4325b8,11456,508,0,0.0,50.8,629712,4164,45585,77332,34495,143837,0.8
9b9b22de303ef2075bc3c25c2ee4dc395498340f,11456,508,0,0.0,50.8,629608,4164,45577,77308,34495,143837,0.8
c10a4d02a2f5596e5e9407044c96c8047e277852,11456,508,0,0.0,50.8,629608,4164,45577,77308,34495,143837,0.8
3bced93376d51511f5cb3254484223743f723f6b,11456,508,0,0.0,50.8,629608,4164,45577,77308,34492,143837,0.8
94ae419c59b30336b3db85f5873569201b3fe0e7,11456,508,0,0.0,50.8,629608,4164,45577,77308,34492,143837,0.8
9ff517c02dce25bb0b985283a2c3504a0b179367,11456,508,0,0.0,50.8,629608,4164,45577,77308,34492,143837,0.8
4e05dcf6bfe709df9d6918ea7b90ce48020f1e3b,11456,508,0,0.0,50.8,629608,4164,45577,77308,34492,143837,0.8
2ec938f3f18427292bb970fdd049469140d8d1c4,11456,508,0,0.0,50.8,629608,4164,45577,77308,34492,143837,0.8
fce19e1200bb0b59f3897dcbc4a6b804eeb67cc1,11456,508,0,0.0,50.8,629608,4164,45577,77308,34492,143837,0.8
e2b56daf35724700a9b57dbeee5fe23f99c592c4,11456,508,0,0.0,50.8,629608,4164,45577,77308,34492,143837,0.8
b1f7008517bf9da0fe4eea6755878a87cf64341d,11456,508,0,0.0,50.8,629608,4164,45577,77308,34492,143837,0.8
43fce1b56bc8364908941eee8a4b5a9ccca6c7fe,11456,508,0,0.0,50.8,629608,4164,45577,77308,34492,143837,0.8
94edb0e12176775c506a548bf5394183fe8626f9,11456,508,0,0.0,50.8,629608,4164,45577,77308,34492,143837,0.8
6f1517546aceee19e10f38e36df7b072267fe6db,11458,508,0,0.0,50.8,629531,4164,45575,77296,34492,143843,0.8
1e5fcbf15ae8e5a66d102b9c0815f22130d7b8df,11457,508,0,0.0,50.8,629470,4164,45574,77293,34492,143835,0.8
0cc74f1709fc0127cfb1e2c7d6df36d32e3bb06b,11463,508,0,0.0,50.8,629476,4164,45574,77293,34491,143897,0.8
7a60b00cd671bd28c3ade5ca55f75ae027c312db,11463,508,0,0.0,50.8,629476,4164,45574,77293,34491,143897,0.8
dd4139705c1bd1cff347793a8e9bf481ac11077b,11462,507,0,0.0,50.8,629447,4164,45573,77291,34491,143887,0.8
bbfe30a9db57d5595d132f2fddfb316c3945b9c5,11462,507,0,0.0,50.8,629447,4164,45573,77291,34491,143887,0.8
1a9a7d004b6e8fb135782caf810c5066ac8408bc,11463,508,0,0.0,50.8,629447,4164,45573,77292,34491,143907,0.8
046fa74ca5476f3ca238167b5d247370669a07bf,11464,509,0,0.0,50.8,629447,4164,45573,77293,34491,143927,0.8
d1cb2341667c975ad04670814e73dd2cfdd0a45b,11465,510,0,0.0,50.8,629447,4164,45573,77294,34491,143947,0.8
d581e79d39b3d2c00e8b70f9921be823bd6434f5,11465,510,0,0.0,50.8,629447,4164,45573,77294,34491,143947,0.8
d3af82f6edd02d8f0c9a03f1f7823c986db10b8e,11465,510,0,0.0,50.8,629447,4164,45573,77294,34491,143947,0.8
d92be9b8d539fed4d25c06ba486e1d5019932821,11465,510,0,0.0,50.8,629447,4164,45573,77294,34491,143947,0.8
45da568f1c659783f25a357fda043c6c18102e15,11465,510,0,0.0,50.8,629465,4164,45573,77294,34493,143975,0.8
bd66d0f54802aaf269fe426901d54d69e08c577a,11464,510,0,0.0,50.8,629445,4164,45572,77293,34493,143965,0.8
62662db6e12778412fe4f9d524b655555a472e21,11464,510,0,0.0,50.8,629445,4164,45572,77293,34493,143965,0.8
16c2af49a142d7044b619403de3e52aed13893e0,11465,510,0,0.0,50.8,629464,4164,45573,77295,34493,143975,0.8
e837973d194e3679fe6c52fc3939f1a5613791df,11465,510,0,0.0,50.8,629464,4164,45573,77295,34493,143975,0.8
ad602a379584512d1d96eda557c20cf2af21d1b2,11465,510,0,0.0,50.8,629464,4164,45573,77295,34493,143975,0.8
f7f165446f55f44a1d30e1063a47fa2b5046b3ac,11465,510,0,0.0,50.8,629476,4164,45573,77295,34494,143989,0.8
069d93010ca9142c96757ba3288b77fa02e74a60,11465,510,0,0.0,50.8,629454,4164,45572,77291,34491,143989,0.8
cb20bdbea7b299b2948e908a7775ce90818e6a92,11468,510,0,0.0,50.8,629490,4164,45575,77300,34500,144019,0.8
46cad6ddaeff8104d96defab25206a4ff7e01629,11469,511,0,0.0,50.8,629490,4164,45575,77301,34500,144039,0.8
05c789beee1afd3f043188fcaf02e11960920fc6,11469,511,0,0.0,50.8,629490,4164,45575,77301,34500,144039,0.8
8f86a06c1405b68fa2935c06a87d50a02ca400b3,11469,512,0,0.0,50.8,629486,4164,45575,77304,34501,144039,0.8
96d2fa77f2614fd78414c518e3c0695834168c43,11469,512,0,0.0,50.8,629486,4164,45575,77304,34501,144039,0.8
67667901687c12a477438494e821422fedd9920d,11469,512,0,0.0,50.8,629486,4164,45575,77304,34501,144039,0.8
247e715a26677c563b8a41cb6ec898204fc1b1db,11469,512,0,0.0,50.8,629486,4164,45575,77304,34501,144039,0.8
49b1ceb337d58a50a975839ed62daa798376965f,11469,512,0,0.0,50.8,629486,4164,45575,77304,34501,144039,0.8
fd1eae815af69efe543ec147a2ea13f6f16ba7a6,11469,512,0,0.0,50.8,629486,4164,45575,77304,34501,144039,0.8
738103fb18328a26893679ed3ce45a631d73e830,11469,512,0,0.0,50.8,629486,4164,45575,77304,34501,144039,0.8
b47fb4eb6bcbe5d4ce9f5bc1224b85cc8ac559b2,11469,512,0,0.0,50.8,629486,4164,45575,77304,34501,144039,0.8
6d3b0b78420a7e1104e4626799ad0c414146a9fb,11469,512,0,0.0,50.8,629486,4164,45575,77304,34501,144039,0.8
3e522e84f566ee1f195009decffc4b6b235fe262,11469,512,0,0.0,50.8,629486,4164,45575,77304,34501,144039,0.8
2aac63688054ac36540072cfa13aac08fccf9421,11463,510,0,0.0,50.8,628560,4155,45522,77226,34462,143959,0.8
a339f409178e2f3148bad8cd162ee92cd3c76985,11453,507,0,0.0,50.6,627566,4146,45464,77141,34423,143806,0.8
004d3b11fb405301e27d47eec12c051b5f321fb4,11460,507,0,0.0,50.6,627566,4146,45464,77141,34423,143820,0.8
287f90a2839ffafd7d5e785e0f56b255e5517015,11460,507,0,0.0,50.6,627566,4146,45464,77141,34423,143820,0.8
2268bd8acaaee2748b20ad93430ca7073ac53009,11460,507,0,0.0,50.6,627566,4146,45464,77141,34423,143820,0.8
8463d6623a32ade3ea62750e66d6316510bcfdb5,11499,507,0,0.0,50.6,627566,4146,45464,77141,34423,143898,0.8
6530a3e88ae47dc792b53bb50d2df8e94feb63e0,11503,507,0,0.0,50.6,627566,4146,45464,77141,34423,143906,0.8
4398803cb3630d4650863582e8b158e60f9ad59c,11503,507,0,0.0,50.7,627531,4146,45464,77141,34423,143906,0.8
e6a6cffc7d5e30e02dacb2d70918d054d79a5836,11503,507,0,0.0,50.7,627531,4146,45464,77141,34423,143906,0.8
b7e5d685c00a0b57d7b363146e1c15546a1ac1d1,11503,507,0,0.0,50.7,627531,4146,45464,77141,34423,143906,0.8
b5ea0d5a7f55e5b8d9eec8e764bbcc35f8301db3,11502,507,0,0.0,50.7,627521,4146,45463,77139,34422,143896,0.8
4b020a41a292f6320d30fb7ff2c0ac872f6ef921,11327,510,0,0.0,50.7,627445,4146,45461,77133,34422,141116,0.7
9210a10598f4d1c4a44ae3959fae275b8a49ebb6,11327,510,0,0.0,50.7,627445,4146,45461,77133,34422,141116,0.7
d85e7a439f4498406db2677b9530f55675a0eaad,11327,510,0,0.0,50.7,627445,4146,45461,77133,34422,141116,0.7
9cb22b93ada3bb89040f6efc59b4f7b714035a3b,11327,510,0,0.0,50.7,627445,4146,45461,77133,34422,141116,0.7
dbaa92e0ba1ded6a55888de374277e211e0082fa,11327,510,0,0.0,50.7,627445,4146,45461,77133,34422,141116,0.7
4a08140ada653a625ffedf782e73a25963d52e21,11327,510,0,0.0,50.7,627445,4146,45461,77133,34422,141116,0.7
c3b9afe2fca2b84cbb5b937df2b1f83c1605e7b6,11327,510,0,0.0,50.7,627445,4146,45461,77133,34422,141116,0.7
1413984e50de7e69522dd15d6bdbc76e253a1451,11327,510,0,0.0,50.7,627445,4146,45461,77133,34422,141116,0.7
aa43e1f24f462b8c941ec7ab9afab2c9108bc0e1,11327,510,0,0.0,50.7,627445,4146,45461,77133,34422,141116,0.7
b3ebccccfb7af6ee99a37b95ef15e655b55f5590,11327,510,0,0.0,50.7,627445,4146,45461,77133,34422,141116,0.7
d8a07ff276dc0efbfbbe3df3579c638c863b2686,11327,510,0,0.0,50.7,627445,4146,45461,77133,34419,141116,0.7
d8f29155e505b42a1a7279099f768e0684c397d6,11327,510,0,0.0,50.7,627445,4146,45461,77133,34419,141116,0.7
982242ba8e9bbd34686e429ba893f7bad379799e,11327,510,0,0.0,50.7,627445,4146,45461,77133,34419,141116,0.7
103038db4f60e96cd24d7f6e5710954a7a53ff78,11327,510,0,0.0,50.7,627445,4146,45461,77133,34419,141116,0.7
90cf38c50ab4e7b7d85011d8fd69bf60a82ea4c0,11327,510,0,0.0,50.7,627445,4146,45461,77133,34419,141116,0.7
82e0a56323537432e087a07b4cfd5100bf37073d,11328,510,0,0.0,50.7,627444,4146,45461,77133,34419,141118,0.7
f74749eba1bdd8e1d045eb268c4eb9cb27a01f2e,11328,510,0,0.0,50.7,627450,4146,45460,77133,34419,141118,0.7
2504c5810821f83061ec5688c2b6aee082085ecc,11328,510,0,0.0,50.7,627471,4146,45460,77133,34419,141118,0.7
39239a19555f55e0facc0a585086791a606a4b32,11328,510,0,0.0,50.7,627471,4146,45460,77133,34419,141118,0.7
71cddb8aeea20d32e3e97bbecd93c52cb22ad959,11328,510,0,0.0,50.7,627471,4146,45460,77133,34419,141118,0.7
9bb7de118b5ade56904c494d7b2dfd0c064d05b3,11330,510,0,0.0,50.7,627488,4146,45461,77135,34419,141143,0.7
5a98aef61a598057169c229ca0b804b0fef140f8,15068,521,2,0.0,44.6,758152,4268,56384,105311,52234,168204,0.7
0259918eb2bac08beb1329f53046aa099de15021,15068,521,2,0.0,44.6,758152,4268,56384,105311,52234,168204,0.7
00a88d0fffb714d8e1dc2bd0bcc02b2d0cffd891,15063,521,2,0.0,44.6,757964,4268,56372,105295,52202,168124,0.7
dd02085b12e9b509efef2d9a8b9fe730c0c60b03,15063,521,2,0.0,44.6,757964,4268,56372,105295,52202,168124,0.7
036cef946eb0f006a3d8c2e8397bf3c149d9ac0c,15063,521,2,0.0,44.6,757964,4268,56372,105295,52202,168124,0.7
dd26f3630954e69c584faa06c9395f77d49337b1,15063,521,2,0.0,44.6,757964,4268,56372,105295,52202,168124,0.7
a960d43a58cc201183027c38ce679f7bf3a43891,15063,521,2,0.0,44.6,757966,4268,56372,105295,52202,168124,0.7
d2e1094ee0cc6239d43f63ba5114272f59d605d2,15063,521,2,0.0,44.6,757962,4268,56372,105295,52202,168124,0.7
c862b9177af8e2d83122220764a056f3b96fd00c,15063,521,2,0.0,44.6,757962,4268,56372,105295,52202,168124,0.7
06d420f7cbfc0b19bc5208348fe589100b75e4fe,15069,521,2,0.0,44.6,757801,4267,56359,105274,52191,168193,0.7
df0f408c05f33d90600aac846306c539787f2250,15069,521,2,0.0,44.6,757801,4267,56359,105274,52191,168193,0.7
c68abfc9fd3956077b43aba20441f089bb8b93d6,15069,521,2,0.0,44.6,757801,4267,56359,105274,52191,168193,0.7
3f2884c6d2e514f1112bd440fedfbb7d30227a96,15069,521,2,0.0,44.6,757801,4267,56359,105274,52191,168193,0.7
8062aef8b68ef18647ea10e01ff6e82a89582fe9,15069,521,2,0.0,44.6,757790,4267,56358,105273,52188,168193,0.7
6172f5c7207899a0983b28a09026644d568595ab,15066,521,2,0.0,44.6,757731,4267,56355,105267,52179,168163,0.7
28dd49f5bf0c1e8d4793faeaa7d0bdbc29ebec56,15065,521,2,0.0,44.6,757022,4266,56312,105171,52145,168154,0.7
6100efc1a764b204e5a879e0ae6d535a71301249,15065,521,2,0.0,44.6,757022,4266,56312,105171,52145,168154,0.7
eaf7c4f2e2adc952b5a150cf0b854adebfb9fdf0,15065,521,2,0.0,44.6,757022,4266,56312,105171,52145,168154,0.7
863f396e894996a9a50dc9ff803490dc6f4f7ef2,14785,520,2,0.0,44.7,755167,4257,56195,104961,52070,164023,0.7
8f37faa6a21e863551b17992370edc0f8706465d,14782,520,2,0.0,44.7,755038,4257,56187,104950,52049,163973,0.7
8547faf94844c0554ce899bd4a80c5f07d26bfb6,14782,520,2,0.0,44.7,755038,4257,56187,104950,52049,163973,0.7
a1966fedccee1ed10fe35f48113807640c8bfa42,14782,520,2,0.0,44.7,755038,4257,56187,104950,52049,163973,0.7
0b1b6241dd334d6e25ee83cd6c0bbde7b337da7f,14782,520,2,0.0,44.7,755019,4257,56185,104948,52049,163973,0.7
3e37106fc334968b070b1b97f9c704869be8f4e0,14784,520,2,0.0,44.7,755023,4257,56185,104948,52053,163993,0.7
1e52f2edc4ec79179662b2179d64833d88f3311d,14784,518,2,0.0,44.8,754694,4255,56154,104904,52038,163993,0.7
b7296a755ba9c3e9236a43f99225c580cd9abdc0,15893,556,2,0.0,46.5,806355,4616,59591,111021,54252,177430,0.7
6b33b82ca91c3ae8f545f9e6ca687087fdfe1088,15890,556,2,0.0,46.5,805920,4615,59571,110957,54218,177406,0.7
ad6d21a3d9bb1a57fe398656ef73d108e18157d1,15895,556,2,0.0,46.7,806142,4615,59584,110975,54216,177529,0.7
a582968975dd30ff4917fbbe999f1be903efac02,15898,556,2,0.0,46.7,806208,4615,59587,110979,54222,177591,0.7
85d22d70c6c8993fd5f7c12abb5dd537a31e5ade,15952,558,2,0.0,46.7,806339,4615,59594,110998,54229,178239,0.7
82bce4f1055f79f387e79ec39eebb675d148c6fb,15952,558,2,0.0,46.7,806339,4615,59594,110998,54229,178239,0.7
8a1f50a6fe85bc52b170fb102fb6c93ff18f428c,15953,558,2,0.0,46.7,806339,4615,59594,110998,54229,178247,0.7
c0bed74d345cc275427d476b2e842880ee33678a,15953,558,2,0.0,46.7,806343,4615,59594,110998,54229,178247,0.7
34f8c35a885f833138cc8531626eea00e3b26df5,15953,558,2,0.0,46.7,806343,4615,59594,110998,54229,178247,0.7
a249c41192fb6dcb87ac4a7a768da7e4581c20ea,15948,558,2,0.0,46.7,805948,4615,59564,110928,54229,178057,0.7
8e1c2afa8fdfc2e206300071c923da9481cae22a,15948,558,2,0.0,46.7,805948,4615,59564,110928,54229,178057,0.7
e8a28affb8bc8eb023352da2556be9c1b5e50141,15948,558,2,0.0,46.7,805948,4615,59564,110928,54229,178057,0.7
8082f680a850b31dff0de6eb3f0cbe5cc087ecfd,15948,558,2,0.0,46.7,805948,4615,59564,110928,54229,178057,0.7
30b132d775647912ff15c93cce3d01124c1f2cbf,16161,554,2,0.0,46.8,804954,4606,59506,110843,54190,181277,0.8
bd3ed9af627f8e3a5f45609e70079f5ccbc50ef7,16161,554,2,0.0,46.8,804959,4606,59508,110845,54189,181277,0.8
c5b4e677b94536aff90a414effa35e51feb89da6,16161,554,2,0.0,46.8,804959,4606,59508,110845,54189,181277,0.8
94537f00c429dfa33efa36a8f3d9408f6bcf750b,16161,554,2,0.0,46.8,804959,4606,59508,110845,54189,181277,0.8
4f22dd89f80c8080808bc57bba83e2b212e1b9a8,16161,554,2,0.0,46.8,804959,4606,59508,110845,54189,181277,0.8
f2ce4ef1bc65906908a2b091a20a0ee21a4dbab4,16161,554,2,0.0,46.8,804959,4606,59508,110845,54189,181277,0.8
9aeea63f8b74a6e0a468baaf7c705c19df0ebfb7,16161,554,2,0.0,46.8,804961,4606,59508,110845,54189,181277,0.8
d455c6e7d2d1ad13dd4a71efc06922b348396020,16161,554,2,0.0,46.8,804956,4606,59506,110843,54188,181277,0.8
4cc609a72c421d313311f1c8fb998b0210e1c103,16158,552,2,0.0,46.8,804782,4606,59499,110834,54188,181189,0.8
4e99c199927e0f79c60489e77a49eb00fe139205,16121,552,2,0.0,46.7,805149,4604,59538,110882,54624,180017,0.7
bc71976fa22b5432c1eb8b04ccef3a494299e1ce,16120,552,2,0.0,46.7,805147,4604,59538,110880,54621,180002,0.7
37d48901c6062d2bcd3c1eaf44521f1808b89ace,16120,552,2,0.0,46.7,805146,4604,59538,110881,54621,180000,0.7
db66706ef8e9c26792e4e16e671ac87b42981ac0,16120,552,2,0.0,46.7,805128,4604,59536,110875,54620,180000,0.7
d95bad31acf8cf4941e3c9b8e1841e3eb1df43d3,16110,552,2,0.0,46.7,804610,4598,59496,110793,54592,179856,0.7
3ca14b8c1e7af524793ca39e60a92fdcc52f35bb,16110,552,2,0.0,46.7,804610,4598,59496,110793,54592,179856,0.7
f826cf461ab299bee4b3783c1f41679e5558fd3b,16110,552,2,0.0,46.7,804602,4598,59496,110793,54592,179856,0.7
f574743abc8ca62e25c7c02f2c4d54f435b3238c,16110,552,2,0.0,46.7,804525,4597,59488,110784,54592,179856,0.7
d213b16627bb89e6c3a1cb0d06171eb6abfb2b69,16110,552,2,0.0,46.7,804482,4597,59483,110777,54589,179856,0.7
2e291c2b67a643ffe93e139483df55f3639cc39d,16106,552,2,0.0,46.7,804368,4597,59477,110769,54585,179812,0.7
f49227813b9ade737852ed0799cbe42114ad8fa5,16107,552,2,0.0,46.7,804095,4594,59456,110727,54567,179825,0.7
a63b1aba2bdb42aa27b1992a6a0dee7e9f6ddd93,16626,552,2,0.0,46.7,804087,4594,59455,110724,54564,187855,0.8
1354fb299f327234e3fd46072d660e190234b76f,16624,552,2,0.0,46.7,804082,4594,59457,110725,54564,187840,0.8
f7a7eb2c10cb4a9b6b3ea5bfdfc5d085be8b9c31,16624,552,2,0.0,46.7,804074,4594,59457,110725,54564,187840,0.8
ca1e0ffeb3b6399cc4c2f890bfad032b0aecef4e,16622,552,2,0.0,46.7,803984,4592,59446,110712,54564,187828,0.8
6dee8d68cc3df5f17ccbb4e90beb5cff711039a9,16622,552,2,0.0,46.7,803984,4592,59446,110712,54564,187828,0.8
da2ad389fd9ba8222f6fb3f57922209c239a7045,16634,548,2,0.0,46.7,803835,4592,59440,110686,54564,188003,0.8
0d793720be6e05f8bb9853eb2248f383e011b760,16634,548,2,0.0,46.7,803767,4592,59432,110678,54564,188003,0.8
d9eb937bfb6bfed98b0a7e64ef402792a1a2b777,16634,548,2,0.0,46.7,803716,4592,59431,110673,54560,188003,0.8
317b198330650e761476fdcd700201970693d3f7,16634,548,2,0.0,46.7,803706,4592,59429,110667,54560,188003,0.8
31651e892f8f94841f2c3d48038825368659d13a,16635,548,2,0.0,46.7,803635,4592,59425,110659,54557,188004,0.8
47ae4ac7d8dff3cb82e342dbb57a451f8265f169,16635,548,2,0.0,46.7,803597,4592,59421,110654,54556,188004,0.8
c1e877a567b5b5f4b4895b7ec9b1cf9b449d4bfe,16635,548,2,0.0,46.7,803601,4592,59422,110655,54555,188004,0.8
09a5dbc8166489d5e58eeb17cc96217bc75c55b9,16628,548,2,0.0,46.8,802687,4589,59372,110559,54451,187933,0.8
a6e24590e3b594d0f06b48a2df22b2e9fa49418d,16630,549,2,0.0,46.8,802619,4589,59372,110559,54451,187968,0.8
e88d0f433c152675e14c3cd0bce8c45284e5e7f7,16630,549,2,0.0,46.8,802573,4589,59370,110551,54451,187968,0.8
5aa0b2ede62bb06454d374d4f9ef614c363fb83a,16630,549,2,0.0,46.8,802573,4589,59370,110551,54451,187968,0.8
16b6cefbb5c5992dccee086fae8912fe5b3fbd00,16629,549,2,0.0,46.8,802490,4589,59367,110548,54439,187896,0.8
29a2c456353a6120b8c882ed2ab544975b168d7b,16629,549,2,0.0,46.8,802497,4589,59367,110549,54442,187896,0.8
1b9a835b76bc04cd66712bfe2dff67546813fd5f,16630,549,2,0.0,46.8,802446,4589,59363,110542,54437,187902,0.8
faab8136788234f9217ac98bcec5c7acbd584625,16629,549,2,0.0,46.8,802397,4589,59362,110541,54434,187893,0.8
4e5d2a19cf6210b8e298fd9d1fa2963fed07b559,16629,549,2,0.0,46.8,802399,4589,59362,110542,54434,187893,0.8
6d88320ee3a359c6c9df7a344b3874aa90f0da64,16629,549,2,0.0,46.8,802392,4589,59361,110541,54432,187893,0.8
31e31fd819c846f49d2bd459b8bfadfdc3c2bc3a,16626,549,2,0.0,47.0,804407,4620,59494,110867,54670,187827,0.8
e627dea157a735b11a134beafb0ebda57cbeba19,14241,513,2,0.0,41.8,720464,4119,53990,101217,50764,155262,0.7
2817dd4af905b5c18eb6aaf84a36a08fa012dc55,14347,514,2,0.0,41.8,720464,4119,53990,101217,50764,156877,0.7
d6bc248adb67de74e31dcb9c0af43fef68853d59,14348,514,2,0.0,41.8,720459,4119,53990,101217,50764,156882,0.7
ebd68629d3245be1d54d8bcba1cbbd2487b643ce,14342,514,2,0.0,41.8,720385,4119,53986,101213,50757,156781,0.7
9a8484a1b3814764156b9556e27df04f16f7b8a8,14342,514,2,0.0,41.8,720385,4119,53986,101213,50757,156781,0.7
1610a370d902bc00eafe119c508ea231a34b3469,14342,514,2,0.0,41.8,720385,4119,53986,101213,50757,156781,0.7
92967381f1cbc2246b7a78f460249fca2d7cdb55,14342,514,2,0.0,41.8,720385,4119,53986,101213,50757,156781,0.7
6f880289b758db0dc62a11287242ca01b9d615ca,14342,514,2,0.0,41.8,720385,4119,53986,101213,50757,156781,0.7
cf32bdead13815daf26c9feceebc6cd606a7bab8,14342,514,2,0.0,41.8,720385,4119,53986,101213,50757,156781,0.7
cb25b98f45d3f97566df0e18302ec53c2fa0cbe0,14342,514,2,0.0,41.8,720385,4119,53986,101213,50757,156781,0.7
d73e51a86ab07e15aa6f5b14329fa19fe604f0c9,14342,514,2,0.0,41.8,720385,4119,53986,101213,50757,156781,0.7
e10453a10d3f9237032ba7e649808347c699f6a2,14342,514,2,0.0,41.8,720385,4119,53986,101213,50757,156781,0.7
3a3c6eddbc7f1da1c4d5934e63b67af16cff29d1,14342,514,2,0.0,41.8,720385,4119,53986,101213,50757,156781,0.7
11a708af9d3417a1840968f46b231248b3388018,14341,514,2,0.0,41.8,720358,4119,53985,101211,50754,156773,0.7
8fcc891c2e49442381e039bc707864067f2c9c4a,14387,512,2,0.0,41.8,720118,4117,53965,101180,50730,157470,0.7
0da896d1c5e68eb8e22ae87d7a6352a9de459500,14387,512,2,0.0,41.8,720118,4117,53965,101180,50730,157470,0.7
bb32b90c4ad63f037f0bda197cc53fb08c886934,14387,512,2,0.0,41.8,720114,4117,53965,101180,50730,157470,0.7
a8ef09eb0b73b478ef8c9a710a6d6b3a673c1d4a,14387,512,2,0.0,41.8,720116,4117,53965,101180,50730,157470,0.7
f798b06246e67131d413dfceece5ccaf269e01fe,14386,512,2,0.0,41.8,719905,4116,53939,101148,50723,157422,0.7
3cb841927f4ed58c5d5a4cafb0a0b1a017939808,14354,510,2,0.0,41.8,719840,4115,53933,101143,50720,156872,0.7
187c9441a1830d323c862136e74f83876ab400c8,14354,510,2,0.0,41.8,719840,4115,53933,101143,50720,156872,0.7
c4e35a55f26b58ca71295adfe2b9c7b8bc34b55e,14373,510,2,0.0,41.9,719313,4111,53891,101082,50716,157188,0.7
75862a8a9af17e30890a4f19f93d9684cf212986,14373,510,2,0.0,41.9,719304,4111,53891,101082,50716,157188,0.7
ed799b47a5b5899c9e40a46fc85d7882d0065c37,14065,510,2,0.0,42.0,718247,4099,53775,100923,50650,152705,0.7
450641916cf9c261623f832b4f8b61138fa9ef2b,14063,510,2,0.0,42.0,718202,4099,53774,100921,50649,152689,0.7
f8093e04d45e03bcf84b3806c8ef9c35356d427e,14063,510,2,0.0,42.0,718202,4099,53774,100921,50649,152689,0.7
3323281045a72f1156d58c261067469e383fb26d,14063,510,2,0.0,42.0,718202,4099,53774,100921,50649,152689,0.7
9ad9976551e8697d60ed7e0169ba0776ff1cffe5,14063,510,2,0.0,42.0,718200,4099,53774,100920,50649,152689,0.7
7d513f471cf24fe40ace222e4f8019211f4c6b3d,14063,510,2,0.0,42.0,718200,4099,53774,100920,50649,152689,0.7
688a92e1c0ee37720f7f7562a307c9405b27d347,14063,510,2,0.0,42.0,718195,4099,53772,100918,50650,152689,0.7
2a48d356238fc6e74044c0aa8d7a91268dbf12be,14341,509,2,0.0,42.0,717421,4094,53723,100809,50621,157032,0.7
8e70d74b6cfa39018a8f384ff0f2a4c9c8f73d4d,14342,509,2,0.0,42.0,717438,4094,53724,100809,50621,157037,0.7
467146e142dbf93cc02359b2aefc18beadce42b7,14342,509,2,0.0,42.0,717439,4094,53724,100809,50624,157037,0.7
4e44336e34e03d7aa85fac117dfc149d0f837745,14342,509,2,0.0,42.0,717439,4094,53724,100809,50624,157037,0.7
4f99fa6b183b3c5cee76597c0a42e2dc15108cd3,14342,509,2,0.0,42.0,717439,4094,53724,100809,50624,157037,0.7
dc686242971d82dd0788f099c4b955d01e962150,14342,509,2,0.0,42.0,717439,4094,53724,100809,50624,157037,0.7
a1cb17703222fda5cf6b2c051e36e19f6eea5c73,14342,509,2,0.0,42.0,717439,4094,53724,100809,50624,157037,0.7
d09e7b8d3372cea4660ce806f5614e39b47af926,14342,509,2,0.0,42.0,717439,4094,53724,100809,50624,157037,0.7
d28e8de5f9fb50e4c77da62efa29fe70acaf3d8d,14342,509,2,0.0,42.0,717439,4094,53724,100809,50624,157037,0.7
a45b7ac12f33026d62e04442631ab7424ef3a7a9,14342,509,2,0.0,42.0,717416,4094,53722,100807,50624,157037,0.7
a113e2662608782d746a5995fa2cb9dc3e2ad555,14341,509,2,0.0,42.0,717396,4094,53720,100800,50623,157024,0.7
768e516e0b138a6e996fe38fe5be4a0f624862db,14341,509,2,0.0,42.0,717396,4094,53720,100800,50623,157024,0.7
d8ded687681f4c194198026c347b79e77d166c09,14341,509,2,0.0,42.0,717396,4094,53720,100800,50623,157024,0.7
3ed03c646ada141944c217fd9bff3d9671f7a00c,14337,509,2,0.0,42.0,717194,4093,53710,100776,50614,156992,0.7
38e1c331914373dd331ffe782d1bc68fb0a5ea6f,14337,509,2,0.0,42.0,717195,4093,53710,100776,50614,156992,0.7
2b189759a902cdd8ad433d0c1643376b78ec867c,14333,509,2,0.0,42.1,716810,4093,53697,100751,50613,156926,0.7
5bd7c649e4743a61eace5f52517db9b5b56ff8e6,14333,509,2,0.0,42.1,716810,4093,53697,100751,50617,156926,0.7
e4a4837682f5726376a13537df8bb31cd5180001,14334,509,2,0.0,42.1,716811,4093,53697,100751,50617,156931,0.7
abc3f746bfb00fdcd7ea1f170df242f1857ced75,14334,509,2,0.0,42.1,716811,4093,53697,100751,50617,156931,0.7
be818b65f36250cf36a20719b31baf3dc3ca076e,14334,509,2,0.0,42.1,716811,4093,53697,100751,50617,156931,0.7
751d15337f436c9416b828e50c5373de093b32a9,14334,509,2,0.0,42.1,716793,4093,53695,100745,50611,156931,0.7
6bb5a1afbfac16d9afd9c848934a7a4aea0e22b6,14328,509,2,0.0,42.0,716627,4093,53685,100735,50527,156875,0.7
ee19dffb4d1e63977b0aa87035e7e11c88582cc3,14316,509,2,0.0,42.1,714414,4092,53594,100553,50414,156783,0.7
1b9f4128f461f85b6a6cf065fe14ca6cdb23cca1,14297,509,2,0.0,42.1,713868,4092,53548,100480,50394,156519,0.7
c3b256436ea9ea61b9789e5144262c7e11806d7f,14297,509,2,0.0,42.1,713868,4092,53548,100480,50394,156519,0.7
c9ce6a123b49c1c4e5bd950b388d69e6ff849b5d,14297,509,2,0.0,42.1,713868,4092,53548,100480,50394,156519,0.7
ff07e11ddbd5fa207c8b62b8aa4d5a580d52fa00,14297,509,2,0.0,42.1,713868,4092,53548,100480,50394,156519,0.7
b9fc08cecc6601a5a21a619ad097d54515d845db,14297,509,2,0.0,42.1,713868,4092,53548,100480,50394,156519,0.7
6ee57292972f89d6d8f6a121f252a8cff1d08b7f,14297,509,2,0.0,42.1,713868,4092,53548,100480,50394,156519,0.7
63275dc154637065e6554101b4fbfff5e780022d,14304,509,2,0.0,42.1,713874,4092,53548,100479,50401,156519,0.7
023b0de8c8566f161a0da9776d2f4238a75a2aeb,14304,509,2,0.0,42.1,713874,4092,53548,100479,50401,156519,0.7
04f9cd566fdc3dfdaf055dfa563e6846f32f8af8,14304,509,2,0.0,42.1,713874,4092,53548,100479,50401,156519,0.7
599d87d6962f27b484a15f7cb360972979aea243,14304,509,2,0.0,42.1,713874,4092,53548,100479,50401,156519,0.7
63b5ec835cfad2402da9eddeb5b663883255a873,14304,509,2,0.0,42.1,713874,4092,53548,100479,50401,156519,0.7
317e0fb418beffe13a97eb9b46f240493cb49e84,14304,509,2,0.0,42.1,713874,4092,53548,100479,50401,156519,0.7
5996b3de518b27cd356aa020456dcedb169c5b00,14304,509,2,0.0,42.1,713874,4092,53548,100479,50401,156519,0.7
0200cc2d8231dbe779acdb12d88bf3db29ca589c,14304,509,2,0.0,42.1,713874,4092,53548,100479,50401,156519,0.7
cc050bc4dce4a52bb4826a9b1ca2a0031af6cec5,14304,509,2,0.0,42.1,713851,4092,53543,100474,50399,156519,0.7
f905fa5309e2251b02007e0aea6ba79209d146e2,14304,509,2,0.0,42.1,713851,4092,53543,100474,50399,156519,0.7
7ee6663c3302d16fa8823478d928ed4356c714f7,14304,509,2,0.0,42.1,713851,4092,53543,100474,50399,156519,0.7
73b03777b86a84b20e85189e652bb134145856e1,14304,509,2,0.0,42.1,713851,4092,53543,100474,50399,156519,0.7
afbcc98679f56c2d0902ab91be7663b7b7e263f6,14304,509,2,0.0,42.1,713851,4092,53543,100474,50399,156519,0.7
f688363a9aad31d24f60fee4ce6952d6d991bc92,14304,509,2,0.0,42.1,713851,4092,53543,100474,50399,156519,0.7
92b8366433812a96aedba14ef53f6c38d02f416c,14304,509,2,0.0,42.1,713851,4092,53543,100474,50399,156519,0.7
2f03e7a4c05b63b11ccd27af7b28e620f19d6eb8,14304,509,2,0.0,42.1,713849,4092,53543,100474,50399,156519,0.7
4e4f5a82ccc16bd7c71feaf27a63ed9c292a30f6,14304,509,2,0.0,42.1,713834,4092,53542,100473,50387,156519,0.7
afb02f32f5319e92401c4a4d69bd33aad83a610b,14266,509,2,0.0,42.1,713532,4092,53521,100415,50383,156173,0.7
ab0a2fd7c75204185df1c67ebf060db69dde1440,14266,509,2,0.0,42.1,713532,4092,53521,100415,50383,156173,0.7
96bda46a9226802273958a5e0d08c481eab95cfb,14266,509,2,0.0,42.1,713532,4092,53521,100415,50383,156173,0.7
a2737a799c694f935fc047708df73ac17b2b7628,14266,509,2,0.0,42.2,713215,4091,53506,100388,50380,156192,0.7
e12ea75747baf2fc700049d8e59ec4d4a42444ae,14266,509,2,0.0,42.2,713204,4091,53503,100385,50380,156192,0.7
2b6c84fb3df0a6e0ae052c69df3a0129f83c21b6,14266,509,2,0.0,42.2,713204,4091,53503,100385,50380,156192,0.7
eb0a53579c86a520491ef07ae5701f485ac29ae9,14266,509,2,0.0,42.2,713204,4091,53503,100385,50380,156192,0.7
e5ad5ce4c09d1efcd26e3cf0bd27bcf8c06c2400,14266,509,2,0.0,42.2,713204,4091,53503,100385,50380,156192,0.7
16dedd469bc9ec64fad3a40d3a9926edc8cc65f6,14266,509,2,0.0,42.2,713214,4092,53503,100385,50396,156192,0.7
51d07f50facdc5c55dcbd0b8135119e84c9a436a,14266,509,2,0.0,42.2,713214,4092,53503,100385,50396,156192,0.7
25c8e19aed58623b680121bf1ed276452c6aed0f,14266,509,2,0.0,42.2,713101,4092,53489,100359,50373,156192,0.7
0295a709e6cc20320c4d5ba4e76c4d5d05682bea,14266,509,2,0.0,42.2,713101,4092,53489,100359,50373,156192,0.7
69be0694976079a119251ea899aca63077429b39,14266,509,2,0.0,42.2,713101,4092,53489,100359,50373,156192,0.7
b4adf2c4532bf34f1e6a3e0f277fc06321a27b03,14266,509,2,0.0,42.2,713101,4092,53489,100359,50373,156192,0.7
258c18419b4cdc033f710ce1f3de4ebbb6e7bf23,14266,509,2,0.0,42.2,713101,4092,53489,100359,50373,156192,0.7
a7608281c032d88fdacb91245311a874f22fa78d,14266,509,2,0.0,42.2,713101,4092,53489,100359,50373,156192,0.7
99410a1371b59878539aa499db6d01baef5340ab,14264,509,2,0.0,42.2,713029,4092,53483,100344,50369,156186,0.7
1f8dbae31aab98654ebf4d64d37b04bff8eb22fd,14258,509,2,0.0,42.2,712981,4092,53483,100330,50369,156132,0.7
4f6d86dee1e00b13998f77a8587f3a175c19fcf1,14239,504,2,0.0,42.2,711808,4077,53371,100177,50317,155872,0.7
181d3e21efaf287abdbaf2897b456fe44805d24f,14239,504,2,0.0,42.2,711808,4077,53371,100176,50317,155872,0.7
d61159e32213ffb767aa43e9e9da955d2facded7,14239,504,2,0.0,42.2,711808,4077,53371,100176,50317,155872,0.7
9df8ddb05428cf3d7145bc5cf4a130de36dbb96a,14239,504,2,0.0,42.2,711707,4077,53358,100149,50316,155872,0.7
6e239bc4c23abfca12ff56198bc0b21f0f2b3609,14239,504,2,0.0,42.2,711428,4076,53338,100117,50308,155872,0.7
da127a44439f4084062c512101d27efb4e85ace7,14239,504,2,0.0,42.2,711425,4076,53337,100116,50308,155872,0.7
419bfdd8b3d53c2e9ea44b55be8ec640b862d944,14235,504,2,0.0,42.2,711183,4076,53314,100081,50262,155819,0.7
b7fb00735d25e53ce36f07e5af116c8ccd368011,14235,504,2,0.0,42.2,711183,4076,53314,100081,50262,155819,0.7
1fbb5cbb99925402bce58ef23137e134de83f3ea,14235,504,2,0.0,42.2,711183,4076,53314,100081,50262,155819,0.7
7cc7a1e6f70854c75fcad4789b402477c503f9b4,14234,504,2,0.0,42.3,710670,4076,53279,100008,50191,155811,0.7
74a7d959a504ce5b7ae20baf95d99dfd3b9223ce,14234,504,2,0.0,42.3,710662,4076,53279,100008,50191,155811,0.7
87d2a92b6aa492f948456fb518adb06199733b45,14234,504,2,0.0,42.3,710662,4076,53279,100008,50191,155811,0.7
19637903e9b417ff724821adabb1252757741380,14233,504,2,0.0,42.3,710551,4076,53274,99998,50182,155777,0.7
17d606eb26e5c4dfc80cde81e7d45feb62011ec7,14233,504,2,0.0,42.3,710523,4076,53271,99993,50179,155771,0.7
0474236fdbf447c5246bdbbfb432558d0ab8bdcf,14216,504,2,0.0,42.3,710470,4076,53269,99988,50179,155629,0.7
7d6cf407d2de47a0ec0e743dbcfa46f12e78dcc8,14216,503,2,0.0,42.3,710159,4074,53245,99950,50172,155601,0.7
1a2e334ca8a15dbf37f3f6944811d4c0ec7eb052,14216,503,2,0.0,42.3,710131,4074,53244,99946,50172,155601,0.7
836743415b94e5eb4b20e311e9c76fe754b95f34,14216,503,2,0.0,42.3,710131,4074,53244,99946,50172,155601,0.7
8078226c078c51299755d56ebddaafe91d476b80,14216,503,2,0.0,42.3,710126,4074,53241,99943,50172,155601,0.7
05c995b95d8eca668b3d526fe07b4ecc23840ee1,14216,503,2,0.0,42.3,710126,4074,53241,99943,50172,155601,0.7
0850cb9e998bc5ddc2f121a851cff4ea289c6596,14216,503,2,0.0,42.3,710126,4074,53241,99943,50172,155601,0.7
5f3d495e7f5b417932b1742a6bd191384a0979cd,14216,503,2,0.0,42.3,710126,4074,53241,99943,50172,155601,0.7
e629470c82e8d760df94121210ad26b88c2b6567,14216,503,2,0.0,42.3,710126,4074,53241,99943,50172,155601,0.7
fcd3576adc073ea1886ad0689c88753737592a4e,14216,503,2,0.0,42.3,710126,4074,53241,99943,50172,155601,0.7
ecc02dfb019c1f49e1e45e4982a29dedf64ca79a,14216,503,2,0.0,42.3,710126,4074,53241,99943,50172,155601,0.7
767828d6d0f7ebb501dba11de66da8b92b979ace,14216,503,2,0.0,42.3,710126,4074,53241,99943,50172,155601,0.7
9012232df1c494934321c93a80d7540a45c19ccd,14216,503,2,0.0,42.3,710126,4074,53241,99943,50172,155601,0.7
21acd34facf8837b363a01d0d0e4b7ff09c653c4,14216,503,2,0.0,42.3,710126,4074,53241,99943,50172,155601,0.7
2521c3cf2514341d373843fb5e8908fcb24ca3b2,14216,503,2,0.0,42.3,710110,4074,53240,99940,50167,155601,0.7
a2eb83863c1450e73844f0b79a40ffd45a4e838d,14206,499,2,0.0,42.2,708920,4058,53138,99782,50025,155424,0.7
24b972296f89376f62011102e02536e96bcfb852,14206,499,2,0.0,42.2,708920,4058,53138,99782,50025,155424,0.7
e28590a51adfb78ea392e8352be0c14b167d9ebc,14206,499,2,0.0,42.2,708920,4058,53138,99782,50025,155424,0.7
44f140473ae429f38289358291421b75935a3457,14202,499,2,0.0,42.2,708776,4058,53132,99772,50023,155388,0.7
d2b7ba9d7b0b0e7ff45f213741ca9dcd81f4b549,14203,499,2,0.0,42.2,708708,4058,53116,99743,50005,155377,0.7
02fdbf28df9d531f935dd9b96d54234a65108eaa,14203,499,2,0.0,42.2,708708,4058,53116,99743,50005,155377,0.7
c1fc55022557653cfeb6125c1d51bf8ab12c8f96,14203,499,2,0.0,42.2,708691,4057,53116,99735,49994,155379,0.7
732e30541348f977e2c7783b1ba2ab4117721efe,14203,499,2,0.0,42.2,708691,4057,53116,99735,49994,155379,0.7
cf358a4d150a3c7dcef9d1bccb09986a938aa128,14203,499,2,0.0,42.2,708690,4057,53116,99735,49994,155379,0.7
bfa052924ecb9ca14b571b55ca98489bae4f524b,14200,499,2,0.0,42.2,708662,4057,53115,99727,49994,155352,0.7
86737e6a68a54997bc0406d013a749e8b465c63a,14200,499,2,0.0,42.2,708604,4057,53113,99717,49994,155336,0.7
ff3fa2bba4e9ea894ed46985300381a5a99b1461,14200,499,2,0.0,42.2,708599,4057,53112,99716,49994,155336,0.7
34b605890956fd87340f304ac5763b61d99f9a26,14200,499,2,0.0,42.2,708595,4057,53112,99715,49994,155336,0.7
8da6f3e551e43d146658ec48afb16f958f564ecf,14200,499,2,0.0,42.2,708595,4057,53112,99715,49994,155336,0.7
513a2d803245726eb211cb6a0c14abcdb397e9f3,14263,499,2,0.0,42.3,709348,4069,53193,99804,50092,156157,0.7
462a203e67dd42d111a7fd2d3a0090b5aeb80833,14263,499,2,0.0,42.2,709234,4069,53187,99798,50092,156145,0.7
4c1188a35b601281d7418343f93d7204d7d23dda,14263,499,2,0.0,42.2,709228,4069,53187,99796,50092,156145,0.7
9a283f5eba3529a5a6a3e62dfa8afea36b1b0e08,14262,497,2,0.0,42.2,709154,4069,53181,99788,50088,156137,0.7
700127d6bac73361cc18dd49068352e47204467b,14262,497,2,0.0,42.2,709184,4069,53182,99790,50088,156139,0.7
06f3929e57b0d0bba3a7daa2fc07788338f5d023,14262,497,2,0.0,42.2,709184,4069,53182,99790,50088,156139,0.7
bb36f28abc948529602e52f35a5fe4a62ef1e156,14262,497,2,0.0,42.2,709152,4069,53177,99785,50087,156139,0.7
fa7b49181e9b5895b96c287db24e52d036429a97,14262,497,2,0.0,42.2,709152,4069,53177,99785,50087,156139,0.7
62331b6f9edea5bd42752882f980f6768bb69d16,14262,497,2,0.0,42.2,709152,4069,53177,99785,50087,156139,0.7
fdda529377509918351775efd8b75cca69b29e73,14262,497,2,0.0,42.3,709103,4069,53175,99781,50087,156139,0.7
2477ae7263a0a4b880cb73d297739698392b5464,14261,497,2,0.0,42.3,709067,4068,53175,99777,50085,156137,0.7
bf748dab6cf986f54f4272a6ff0d4adc1effd93a,14261,497,2,0.0,42.3,709067,4068,53175,99777,50085,156137,0.7
b22a02910a470637e8315ad1f606a89b045c1117,14258,497,2,0.0,42.3,708727,4068,53148,99746,50051,156119,0.7
753611da45323e5197f6c34dfc59aeba4fd8de14,14258,497,2,0.0,42.3,708727,4068,53148,99746,50051,156119,0.7
0bcbb2dd2557a0629d63703c88f9dfd69cb121a9,14258,497,2,0.0,42.3,708727,4068,53148,99746,50051,156119,0.7
9affb38b48c513706d910ae5b5db2bf9d03d7393,14258,497,2,0.0,42.3,708727,4068,53148,99746,50051,156119,0.7
9d52b54416ba50d2f585b37c861a66862e2d7183,14258,497,2,0.0,42.3,708727,4068,53148,99746,50051,156119,0.7
a3aff95f9e60962240b94242e24a778760bdd1d9,14258,497,2,0.0,42.3,708727,4068,53148,99746,50051,156119,0.7
989a1acc01d0570c99e055d3a5604c695789ec74,14257,497,2,0.0,42.3,708657,4065,53146,99742,49994,156116,0.7
f4d830b0faba6e602932cf81ec03206b19e371bd,14257,497,2,0.0,42.3,708657,4065,53146,99742,49994,156116,0.7
36ca2fffead7e97a562d6e1cf41412300f9339b2,14245,497,2,0.0,42.3,708455,4063,53134,99723,49993,156006,0.7
9ecd9bfbc493db07d4d06ea0e6344022f125f66a,14244,497,2,0.0,42.3,708370,4063,53131,99709,49987,155986,0.7
de816cbfea2e33d77e7bc289cabf394e2903281f,14244,497,2,0.0,42.3,708370,4063,53131,99709,49987,155986,0.7
9ec6084cc21217dc27bb5db870fb0d7b607e3ad1,14244,497,2,0.0,42.3,708366,4063,53130,99708,49985,155986,0.7
b2de240ffa5bc016f9f5d955478ae2971fd62b3a,14244,497,2,0.0,42.3,708365,4062,53128,99707,49985,155986,0.7
b033de7ed0a408e542013c8c9d48ec556c8e54c6,14243,497,2,0.0,42.3,708369,4062,53128,99707,49986,155979,0.7
b94145aae4f19a7a233104c13b604770b61ffa59,14243,497,2,0.0,42.3,708385,4062,53136,99715,49986,155979,0.7
2d2bfaa725c286b78b80bf7058896b9bb65834fe,14253,495,2,0.0,42.2,708213,4062,53122,99683,49990,156001,0.7
1dbf29ea34ee805de03222c6c647d53ed4ccf271,14252,494,2,0.0,42.2,708072,4062,53116,99663,49986,155985,0.7
84d00b873b310896bbdcf9e2d3cf1bf2a575d48c,14252,494,2,0.0,42.2,708030,4062,53114,99658,49985,155985,0.7
b975850043d6033d2f82ea92b0aeca191903a288,14252,494,2,0.0,42.2,708030,4062,53114,99658,49985,155985,0.7
fe522c57d3949d991f84f3626b56a1c4db7b08a5,14251,494,2,0.0,42.2,707983,4062,53108,99652,49985,155973,0.7
2535c3a8b18910a926df45d267271aecd83317b3,14251,494,2,0.0,42.2,707983,4062,53108,99652,49985,155973,0.7
01ab0d931644ffd4677e98c0d3ab3919edea0c62,14251,494,2,0.0,42.2,707969,4062,53107,99650,49984,155973,0.7
0794609b0846d54a57426a3c4bf7fd139dcd7db4,14251,493,2,0.0,42.2,707786,4062,53096,99619,49983,155973,0.7
a7a55b5cbbacadf4d04c605c95e2e95a0187d8bc,14245,493,2,0.0,42.2,707191,4054,53045,99540,49912,155922,0.7
f5f543a54ff7460648bb864f4f06a29eb28938b9,14245,493,2,0.0,42.2,707157,4054,53042,99535,49912,155922,0.7
51505498bbbed643332033fba6f50cc48611c636,14245,493,2,0.0,42.2,707157,4054,53042,99535,49912,155922,0.7
00f771de3a71c4de39e310114f0f776c7a81838d,14245,493,2,0.0,42.2,707182,4054,53042,99535,49912,155922,0.7
51782d37476cea05294e0e31aef0d97c2e258578,14245,493,2,0.0,42.2,707182,4054,53042,99535,49912,155922,0.7
427d23b7ba4d45355e6f7912737efa99a89098d7,14245,493,2,0.0,42.3,707178,4054,53042,99534,49912,155922,0.7
70f9239cde0ca96adef70e91c97b0e7f1d1ee086,14241,492,2,0.0,42.3,706858,4054,53028,99501,49882,155913,0.7
6b1c9f0a398235b56977e817eb5d3d9457c160b5,14240,491,2,0.0,42.3,706796,4053,53049,99526,49877,155907,0.7
15d68da87317e1f1caed42d732eb3119e8a6450e,14240,491,2,0.0,42.3,706684,4053,53043,99507,49873,155903,0.7
b85884e48dfa3ea7f17341a50e438299ab1cee59,14240,491,2,0.0,42.3,706684,4053,53043,99507,49873,155903,0.7
d0f632cca79bf9930ffe602c9f1b6a896e255193,14240,491,2,0.0,42.3,706683,4053,53043,99507,49873,155903,0.7
b64446ce8eb139f06903691158d7acf93e18be88,14240,491,2,0.0,42.3,706683,4053,53043,99507,49873,155903,0.7
680241ba5ec1a17d169c13f4012fd8cfcb324e5b,14240,491,2,0.0,42.3,706683,4053,53043,99507,49873,155903,0.7
9e5a685eca0fe7ee6b6006b8369be1a207877626,14228,491,2,0.0,42.3,706481,4051,53031,99488,49872,155793,0.7
41b1ecad6b2146ca16c201a91a387bb3fef2da14,14228,491,2,0.0,42.3,706476,4051,53031,99487,49872,155793,0.7
748e7d073c99fa273ae069dcd0de0a521bb892e6,14228,491,2,0.0,42.3,706476,4051,53031,99487,49872,155793,0.7
3f949497f946aa0eb2391c3f0e31ed4d0f9e58a6,14228,491,2,0.0,42.3,706476,4051,53031,99487,49872,155793,0.7
4f401a7779a56c25e9371cc3a95a13a51012cd6c,14228,491,2,0.0,42.3,706476,4051,53031,99487,49872,155793,0.7
b34f4f2356b9ee3cc5b5b5ce0eff554dc5f862d0,14224,491,2,0.0,42.3,706273,4049,53012,99457,49861,155762,0.7
8a0496bce0ac9c833c868a0dd181c56a85f28e03,14224,491,2,0.0,42.3,706273,4049,53012,99457,49861,155762,0.7
ba3653edce17b3d5abc1a34f13331e91b1de1fa9,14224,491,2,0.0,42.3,706240,4049,53008,99450,49861,155762,0.7
da6e611d5d19a08c915fdad51c9f1f147c4e1b91,14224,491,2,0.0,42.3,706240,4049,53008,99450,49861,155762,0.7
42db993538cc958a407aa60da631c2146f2ee961,14224,491,2,0.0,42.3,706227,4049,53004,99446,49860,155762,0.7
b27a216f25b525162ef90881e47a48562589f174,14225,491,2,0.0,42.3,706265,4049,53004,99446,49860,155767,0.7
f2780275826d80961e635645d641b4f84fd5628a,14225,491,2,0.0,42.3,706265,4049,53004,99446,49860,155767,0.7
e8d9611535f26a83e4c4ee37d6efb99f09edf6d8,14225,491,2,0.0,42.3,706259,4049,53003,99443,49859,155767,0.7
dada24df179caf744b1f35abb629b33f8bb4c75a,14220,491,2,0.0,42.3,705791,4043,52975,99383,49857,155711,0.7
50b799a1ad7cb0137235f1ae3ee62ff878634ef1,14220,491,2,0.0,42.3,705791,4043,52975,99383,49857,155711,0.7
0790e2aa2d569b10960d792405e0a6f186409dca,14220,491,2,0.0,42.3,705791,4043,52975,99383,49857,155711,0.7
6875577a453092399abb3c78a53cbfb52ed7e294,14220,491,2,0.0,42.3,705791,4043,52975,99383,49857,155711,0.7
8203b72a3429955b349810d76ebc52c18b480701,14220,491,2,0.0,42.3,705791,4043,52975,99383,49857,155711,0.7
455ab75c7cad4138637749bf4924554013c09c14,14200,489,2,0.0,42.3,704784,4042,52900,99274,49832,155401,0.7
82ccd7820b057f3759a978e1f040c18e5eb8d8f9,14200,489,2,0.0,42.3,704770,4042,52900,99276,49832,155401,0.7
621d301b17417af4b71a0e8c93db9db6f8266839,14200,489,2,0.0,42.3,704800,4042,52900,99276,49842,155401,0.7
3bfb2b2ce328983d99719de1e6e3f4f6e0209398,14200,489,2,0.0,42.3,704787,4042,52899,99273,49840,155393,0.7
f98c6411da7e71604d66c729f7c6d8d0fc9764db,14200,489,2,0.0,42.3,704786,4042,52899,99273,49840,155393,0.7
6bdb841ea40c59debad4f6de00115d3745509b8e,14200,489,2,0.0,42.3,704795,4042,52902,99274,49840,155383,0.7
84e526f24140ee77d412e1a4b2736fc0c93a070f,14200,489,2,0.0,42.3,704718,4042,52896,99267,49833,155371,0.7
06b25aae2fbc92a9ac37290fefa7593727e7eb01,14190,489,2,0.0,42.4,704562,4034,52885,99256,49837,155311,0.7
520ed74313e802606df6befe2f3f2a728e653703,14190,489,2,0.0,42.4,704562,4034,52885,99256,49837,155311,0.7
50141faf595636090dc31195d196e8ba178eccdb,14190,489,2,0.0,42.4,704562,4034,52885,99256,49837,155311,0.7
6fce3cb7c5cdb2c4a3c495575869a988731da0e8,14190,489,2,0.0,42.4,704562,4034,52885,99256,49837,155311,0.7
209f7464d7823be560316f12ce97b8a139233169,14190,489,2,0.0,42.4,704562,4034,52885,99256,49837,155311,0.7
ebce8538db20fd13859b6af841cf433d9423b53c,14190,489,2,0.0,42.4,704562,4034,52885,99256,49837,155311,0.7
808794bcb4924212e545c92dee5ec033a431167f,14190,489,2,0.0,42.4,704562,4034,52885,99256,49837,155311,0.7
869301b96bd3897ae11b4e8c5701f4091cd7914b,14190,489,2,0.0,42.4,704562,4034,52885,99256,49836,155311,0.7
a7a09d43b10e4584faf5598c40bc8fc424c402e1,14292,491,2,0.0,42.4,704500,4034,52877,99246,49835,156869,0.7
e209f188f93acf53c34d43ededc40b9daeb040ba,14292,489,2,0.0,42.4,704461,4034,52873,99239,49828,156869,0.7
91161185ce53abbaaee992ebc1d412052e87852b,14291,489,2,0.0,42.4,704186,4033,52852,99198,49804,156860,0.7
5cad65ad1fbbf214675de6a19f068e5672cb25a7,14283,489,2,0.0,42.4,703939,4033,52846,99154,49784,156730,0.7
9cc9a5d90fab4707e6bb0b7423c3a730a77c31b0,14283,489,2,0.0,42.4,703939,4033,52846,99154,49784,156730,0.7
3349e5f082f1815a1f8353ca9c0b77c66ca4a426,14283,489,2,0.0,42.4,703939,4033,52846,99154,49784,156730,0.7
a83e885cd3c0e9ac71e35fae7bf1ba41a5a54985,14281,487,2,0.0,42.4,703585,4032,52805,99096,49777,156720,0.7
5902671b22313083929b036443b704eb53599841,14281,487,2,0.0,42.4,703579,4032,52804,99094,49777,156720,0.7
d28f899c802cb3b7b6bd4d6c44f6adf3a20a1bd9,14283,487,2,0.0,42.4,703547,4032,52798,99086,49777,156736,0.7
2a3554249fcc0f97cad379cde062cdabea94fe8c,14283,487,2,0.0,42.4,703547,4032,52798,99086,49777,156736,0.7
c071273c1bcda4b657f3ccd5063710dfe712377d,14282,487,2,0.0,42.4,703522,4032,52797,99085,49776,156730,0.7
f967317de564ec4af28d962fa48a26844b71007f,14182,485,2,0.0,42.4,703530,4028,52798,99084,49773,155194,0.7
e79abc6a009a912f4fc94833ae6e9fdbde4a358e,14182,485,2,0.0,42.4,703524,4028,52797,99082,49773,155194,0.7
3648b041acb8e29289e0c50bbbf60cbbae63917a,14182,485,2,0.0,42.4,703524,4028,52797,99082,49773,155194,0.7
b5b916bd90d5fd60e736fade47874b52ca30ab39,14182,485,2,0.0,42.4,703532,4028,52797,99082,49773,155194,0.7
b15dcb50703bf80b318371ea8331ce8eddf35b08,14182,485,2,0.0,42.4,703530,4028,52797,99082,49773,155194,0.7
51ecb1cc8ed55e5ec635c48cf36de3fa2e208bd4,14181,485,2,0.0,42.4,703370,4028,52776,99040,49741,155184,0.7
e7d21a948865dc182a718f779757cb5f181856cb,14181,485,2,0.0,42.4,703370,4028,52776,99040,49744,155184,0.7
1526757e92c2d64c39ca3826593605ad10575e70,14180,485,2,0.0,42.4,703193,4028,52749,99004,49634,155164,0.7
2e3731994d99ac0fdff49dc0939b8276b5edd691,14180,485,2,0.0,42.4,703192,4028,52749,99004,49634,155164,0.7
9d24e2e157f258e8024c4c1b8844ec1a6ffea849,14180,485,2,0.0,42.4,703192,4028,52749,99004,49634,155164,0.7
a5142199d864aa2e96cac4d8a2a1973e3b3b282a,14180,485,2,0.0,42.4,703192,4028,52749,99004,49634,155164,0.7
a5d2b1c3affa3443189ad6facb564c1159b2e032,14180,485,2,0.0,42.4,703192,4028,52749,99004,49634,155164,0.7
73bafc2d3d5d9516e2e6136301e3e48d058a1eb6,14180,485,2,0.0,42.4,703192,4028,52749,99004,49634,155164,0.7
f7646111c513b32725243c62bb6afe741e9c989f,14180,485,2,0.0,42.4,703192,4028,52749,99004,49634,155164,0.7
53d83f7ad16c54ef3fb0a05df634d5dacf36028f,14180,485,2,0.0,42.4,703164,4028,52747,99000,49634,155164,0.7
ca218e1c55262ee86df87a7c833d67d4f2f3a194,14180,485,2,0.0,42.4,703164,4028,52747,99000,49634,155164,0.7
8e89f6b08e06510ac9f997cbd8dc22d761447462,14180,485,2,0.0,42.4,703164,4028,52747,99000,49634,155164,0.7
ce40e3c80910479cb3e33b40f0c76020c756dc21,14168,485,2,0.0,42.4,702939,4028,52733,98968,49634,155007,0.7
4a0daf33b2f994dc0a96e34ec2ed91c0954c9962,14168,485,2,0.0,42.5,702553,4014,52691,98917,49634,155007,0.7
9204b2dd17809380744870f57016ca053f6fd312,14168,485,2,0.0,42.5,702553,4014,52691,98917,49634,155007,0.7
7da759bd9e86682ad5e8345f381a5284a9de480d,14168,485,2,0.0,42.5,702553,4014,52691,98917,49634,155007,0.7
0b95a2ca6a4c83d46caf62baf5dda8e9fa349369,14167,485,2,0.0,42.5,702472,4014,52686,98905,49634,155001,0.7
c0ad67129d1787bd1c2a7cdb11264fdf30584d60,14164,485,2,0.0,42.5,701914,4012,52637,98826,49467,154982,0.7
a1335218c3c61802fc23967f90353471c0a268a2,14164,485,2,0.0,42.5,701914,4012,52637,98826,49467,154982,0.7
1bb853191fd378fb1dfda5a5cb297475b7fc204b,14164,485,2,0.0,42.5,701907,4012,52635,98824,49466,154982,0.7
d3d9155d91b72dafd50ccb98faae229cd974752a,14225,487,2,0.0,42.6,701832,4012,52635,98824,49466,155932,0.7
cf3e50bad95f9fd7755a7d590a2b6807d1a94fb2,14225,487,2,0.0,42.6,701832,4012,52635,98824,49466,155932,0.7
7d3859306dec7d9bd59b9959d05800b49d0c85a7,14225,488,2,0.0,42.6,701793,4012,52634,98825,49470,155928,0.7
760853812b347fd53805ce53b5aed561cd4ad577,14233,488,2,0.0,42.6,701813,4012,52634,98825,49470,155968,0.7
6103199832a3d882f16d33be485b9be17e957e4e,14233,488,2,0.0,42.6,701770,4012,52632,98823,49470,155940,0.7
0be5140b412b32ca7b8ef0057b67c711251d5f94,14224,488,2,0.0,42.6,701332,4011,52600,98763,49467,155805,0.7
a8eb65c936d2bec6581b2d0c6c75e41c50769312,14224,488,2,0.0,42.6,701332,4011,52600,98763,49467,155805,0.7
97412b9ae96cbd6a90c4ceb4bb3d2e41a6b8ca5c,14224,488,2,0.0,42.6,701332,4011,52600,98763,49467,155805,0.7
fc89f0b4bb334d85b9f7d0ea325ef1db35f455c1,14224,488,2,0.0,42.6,701332,4011,52600,98763,49467,155805,0.7
b679d0ce71920075f4f04cf4659295f179da273b,14224,488,2,0.0,42.6,701332,4011,52600,98763,49467,155805,0.7
8517a10242d6fed4aece3d49ef1c23537a0d55cf,14224,488,2,0.0,42.6,701304,4010,52594,98757,49444,155805,0.7
0a50f06f30bf06ba0f9c55019a46fa24f5a0cb18,14224,488,2,0.0,42.6,701241,4010,52594,98757,49444,155805,0.7
cdbaf5754e0cd2ee7439a1d94cb4cfc92fc29731,14224,488,2,0.0,42.6,701241,4010,52594,98757,49444,155805,0.7
c27c1fb1f279c8be96847fc41ce637b3eff19661,14224,488,2,0.0,42.6,701241,4010,52594,98757,49444,155805,0.7
3caa3a28d07a2d08b9a0e4196634126f1e016d6a,14224,488,2,0.0,42.6,701282,4011,52601,98765,49476,155805,0.7
981f1a0ee0d2bb7f72712dfc8027acc7a7aca472,14224,488,2,0.0,42.6,701269,4011,52600,98764,49476,155805,0.7
3eaeeae3fe8aa76902be34719a3b0dfe27c8cffb,14224,488,2,0.0,42.6,701250,4011,52600,98766,49476,155807,0.7
25dc42184fc273408dba7c62eaa29e2a013a12c5,14218,488,2,0.0,42.5,700877,4010,52569,98702,49473,155774,0.7
d230bb4f55c7343cb1a9cbb71c5a211a74af7236,14215,488,2,0.0,42.5,700817,4010,52563,98693,49473,155726,0.7
3d929d459ab21efe313f42754b58b4392d547aee,14302,488,2,0.0,42.5,700436,4009,52531,98628,49470,157095,0.7
98a29a377796723f855fc96b65e6fdb4b186da55,14315,488,2,0.0,42.5,700494,4009,52531,98628,49470,157213,0.7
31dd70cecca052f1d57fbd695ab14235bd68f341,14315,488,2,0.0,42.5,700472,4009,52530,98624,49469,157207,0.7
cff2ff9d2f533c8e733324a66f3101eafbc2e932,14315,488,2,0.0,42.5,700472,4009,52530,98624,49469,157207,0.7
45d834a6ddda0136b846a13e653b59ce7cd66471,14315,488,2,0.0,42.5,700472,4009,52530,98624,49469,157207,0.7
95725857791333f4fa8a8db6d37472cd457cb9f9,14314,487,2,0.0,42.6,700372,4008,52522,98610,49443,157187,0.7
7a44ee2f8447eb571f9d78615ddcfae3a084192f,14314,487,2,0.0,42.6,700399,4008,52526,98616,49443,157187,0.7
6cafd7055e3e943f44d12640c241d870d2a9cfbe,14314,487,2,0.0,42.6,700398,4008,52526,98616,49443,157187,0.7
37f53518a09803e4ef6b4669f58fbcc960ea5994,14313,487,2,0.0,42.6,700378,4008,52524,98613,49443,157171,0.7
9607a52348a28048603f465f4a62568db4db453b,14313,487,2,0.0,42.6,700378,4008,52524,98613,49443,157171,0.7
62cb7b5c50451085d6e59f0594292bf883af4220,14313,487,2,0.0,42.6,700378,4008,52524,98613,49443,157171,0.7
f94de0f3872e24ae063a97db220fa63912e8c085,14300,487,2,0.0,42.5,700318,4008,52524,98611,49437,157023,0.7
d964700246fe3f67771995ff129d305a128a3d5e,14297,487,2,0.0,42.5,700254,4008,52521,98603,49432,156997,0.7
e389e4d139624a49729379acd330dd9c96187b04,14297,487,2,0.0,42.5,700256,4008,52521,98604,49432,156997,0.7
4056a5027ccbc3e074877e3a1da1706c57a10612,14297,487,2,0.0,42.5,700202,4007,52518,98600,49417,156997,0.7
a1f35d1bd034cc78a40ca730db033d1af6e83a38,14297,487,2,0.0,42.5,700202,4007,52518,98600,49417,156997,0.7
38db671888a2630dbe2940c79c6290d4cb2f8e7b,14297,487,2,0.0,42.5,700202,4007,52518,98600,49417,156997,0.7
e105e27fb035fb7c0c5be34b5ee5ec6de4f9be12,14297,487,2,0.0,42.5,700202,4007,52518,98600,49417,156997,0.7
623b9b7238fed229853049b132fe06c0a6665c20,14297,487,2,0.0,42.5,700202,4007,52518,98600,49417,156997,0.7
3a9516f629b548373f453c013424847cb0da4af2,14297,487,2,0.0,42.5,700202,4007,52518,98600,49417,156997,0.7
025cdf0115212ac265fadad357234f9aa9cf1dfd,14302,486,2,0.0,42.5,700116,4007,52511,98584,49419,157008,0.7
31e8c17971ad1dbd49b943aa908f1557a29cc1e3,14278,486,2,0.0,42.6,700052,4007,52508,98576,49414,156662,0.7
a73f10b3e7a98d7efcab7e01382b78bffdc7028e,14274,486,2,0.0,42.5,699851,4007,52496,98560,49414,156586,0.7
1f1ec4be478feae79b04bcea3e9a8556d8076054,14281,486,2,0.0,42.6,699921,4007,52496,98560,49414,156660,0.7
46f57cc71f5edce9512720c4ecee276e3d93112a,14281,486,2,0.0,42.6,699921,4007,52496,98560,49414,156660,0.7
6e7a4c9dadb841cfd944bedddb14d328ac93ec44,14281,486,2,0.0,42.6,699991,4007,52497,98561,49414,156668,0.7
eeb0253373322bf2e8eb195955e21ff9904b8e1b,14279,486,2,0.0,42.7,699210,4003,52366,98389,49251,156658,0.7
155701639313bf644c776197a6327f7ae0656fc9,14279,486,2,0.0,42.7,699203,4003,52366,98387,49251,156658,0.7
1781ffa64174d561977eb16bed69f96f5f196300,14279,486,2,0.0,42.7,699187,4003,52366,98387,49251,156658,0.7
efd257a742944d901c6758790fbf4e5e42087a39,14287,486,2,0.0,42.6,699307,4003,52366,98389,49251,156772,0.7
c8e140d640564d1b02525c53be23c3628c2a5249,14287,486,2,0.0,42.6,699307,4003,52366,98389,49251,156772,0.7
c6b64e6536ce63db0cdff6e27f666a4af8c13d54,14287,486,2,0.0,42.6,699307,4003,52366,98389,49251,156772,0.7
f3826bd9b1111d08262109df741ca8bf5aa0b697,14283,486,2,0.0,42.7,699284,4003,52366,98388,49249,156720,0.7
b8102d596c75e8b5c805c1ee6ad3c38bb37a0d0c,14283,486,2,0.0,42.7,699244,4003,52358,98379,49235,156720,0.7
03a8b061f19d978ef4d4d974b36d76e68c9f2f99,14283,486,2,0.0,42.7,699014,4000,52341,98353,49233,156712,0.7
2afd1dc0c30b19d1f626c922e3de6b26931f91cb,14291,484,2,0.0,42.7,698896,4000,52335,98339,49233,156834,0.7
3ed6c226ab8bde0765b661f5f1c244a21aa708ac,14295,484,2,0.0,42.7,698986,4000,52344,98354,49204,156842,0.7
3498749c73d39b5da9c7adf9589544f62a2be505,14295,484,2,0.0,42.7,698986,4000,52344,98354,49204,156842,0.7
21d85642f492169f7c3aaf39802a4bbe73873aa1,14295,484,2,0.0,42.7,698986,4000,52344,98354,49204,156842,0.7
ba057afa5415f82038f4f023dda74ec4f53b5511,14295,484,2,0.0,42.7,698986,4000,52344,98354,49204,156842,0.7
c76cda442d1c860645ff0ac87960c05f99376631,14295,484,2,0.0,42.7,698973,4000,52343,98353,49204,156842,0.7
ffdfb97108b6155b8eb6a192fb73a8ac4d9376d4,14295,484,2,0.0,42.7,698973,4000,52343,98353,49204,156842,0.7
d5ec74306e6013a45ad2485eaa764f4b6f9d44cd,14295,484,2,0.0,42.7,698973,4000,52343,98353,49204,156842,0.7
e62e0add11f5deab9cbd81c7fa122c8047e2f497,14298,484,2,0.0,42.7,698928,4000,52343,98353,49204,156864,0.7
394ec9f79d8347dcceb5cf0419c70096a9717ab6,14303,484,2,0.0,42.7,698925,4000,52343,98353,49204,156904,0.7
d2e570a57658a9e2dc20193120338183590a1651,14303,484,2,0.0,42.7,698925,4000,52343,98353,49204,156904,0.7
d89ba12416260029c44e40441735cf5ec89288ef,14303,484,2,0.0,42.7,698925,4000,52343,98353,49204,156904,0.7
f5346cacf17d63257ab433215e1661ed221750d0,14303,484,2,0.0,42.7,698925,4000,52343,98353,49204,156904,0.7
0c37a971430807a329adff81ebc7bbe6ee0020bf,14303,484,2,0.0,42.7,698893,4000,52342,98350,49203,156900,0.7
8af5b1d8c032ff2b0b2d738b3b5f791e16b83e84,14298,484,2,0.0,42.7,698691,3999,52328,98319,49170,156834,0.7
1d88e80bacbcb689e7f97932b25bf11b3633b190,14284,484,2,0.0,42.7,698602,3999,52322,98311,49155,156690,0.7
231b8616cd0c1338eedac3543678bb03a3f4e568,14284,484,2,0.0,42.7,698602,3999,52322,98311,49155,156690,0.7
5a268e7569d8ecaef03adf5d77ae0dd40fce7839,14259,484,2,0.0,42.7,698400,3998,52308,98280,49122,156324,0.7
5faeb2f6dfcd1b4d52e9fe6ca2b193e2f1915b51,14253,484,2,0.0,42.7,698358,3998,52306,98277,49122,156260,0.7
b57e2c40167d39c63477eae416c98e7d4ca2b8f2,14248,484,2,0.0,42.7,698309,3998,52304,98273,49122,156210,0.7
2167bddf9359978e83821bb076fffa8ec0dfc603,14248,484,2,0.0,42.7,698309,3998,52304,98273,49122,156210,0.7
1909e2a68b4fffe99185cd4a31aa54eba8fb31a6,14248,484,2,0.0,42.7,698309,3998,52304,98273,49122,156210,0.7
8a8508de70f54335e5f551ff39e5954da7274b5c,14248,484,2,0.0,42.7,698309,3998,52304,98273,49122,156210,0.7
db3fa83ae487e5be10df843817c0fecd598c8feb,14248,484,2,0.0,42.7,698309,3998,52304,98273,49122,156210,0.7
d96402a2de5aee808daac97c7bcaad98a02670a7,14248,484,2,0.0,42.7,698309,3998,52304,98273,49122,156210,0.7
582ec1cfb8b87d52e6c4c65f72e06ee135e597a7,14248,484,2,0.0,42.7,698309,3998,52304,98273,49122,156210,0.7
13295ce4d372bc97ac906b22de5537f24d9d5dcc,14248,484,2,0.0,42.7,698309,3998,52304,98273,49122,156210,0.7
37900b3706e01d5bf9adb9aff48b53e60f22c5fc,14248,484,2,0.0,42.7,698309,3998,52304,98273,49122,156210,0.7
51eaf6806361e6e0a5cd163071dce684ec05350b,14248,484,2,0.0,42.7,698309,3998,52304,98273,49122,156210,0.7
2fea2dd70aca56a11a5e9f1cde992cd4659130ae,13735,485,2,0.0,42.7,698145,3998,52298,98263,49118,148371,0.7
dd0ee24860a0080c5eff85fdcf4c6b48a0e5e84e,13735,485,2,0.0,42.7,698139,3998,52298,98263,49118,148371,0.7
c96edfc0965fd38fcd019aa0a6855591d32353b5,13737,485,2,0.0,42.7,698147,3998,52298,98263,49118,148391,0.7
4e6c7bad35ae3886378ec50a79dac0368df875a8,13737,485,2,0.0,42.7,698121,3998,52297,98262,49118,148391,0.7
15a9af72280c3657d6ff33fc00ebbd5fc1ac88b1,13737,485,2,0.0,42.7,698132,3998,52297,98264,49122,148391,0.7
96c87dd49f5d6211a63907056e993cdafe5e17f8,13737,485,2,0.0,42.7,698132,3998,52297,98264,49122,148391,0.7
d98e7a115259d92695a22ac301f7bf66649d7396,13737,485,2,0.0,42.7,698125,3998,52296,98264,49122,148391,0.7
f5bb0c0da053dcd9791502c434747f5d3ce4d5ae,13737,485,2,0.0,42.7,698125,3998,52296,98264,49122,148391,0.7
fbed421697c17cf78c416a0210dc1d539a13f681,13734,485,2,0.0,42.7,697970,3996,52285,98246,49103,148361,0.7
b8db3f00424c2cc2910a760b9068d38916e8c27a,13740,485,2,0.0,42.7,698032,3996,52288,98249,49109,148418,0.7
9f12b85667362dbf0cc1bbb16972602a103938a8,13738,485,2,0.0,42.7,697950,3996,52285,98244,49107,148408,0.7
e85ec9447c08c1a21e9ef21278f3237811f3f67f,13769,485,2,0.0,42.8,697168,3992,52244,98140,49087,148872,0.7
18a42e43c604773cb3af48e3407f27717572a187,13757,486,2,0.0,42.8,696921,3990,52233,98121,49080,148702,0.7
70ab49ed77907646833d84392ce126fd1010519c,13757,486,2,0.0,42.8,696921,3990,52233,98121,49080,148702,0.7
47a930b0d5ea469d6f90194714ee8ceb90d12323,13757,486,2,0.0,42.8,696921,3990,52233,98121,49080,148702,0.7
6a9cf4f0c0aed39025164809a58cc5d3d47aca1e,13757,486,2,0.0,42.8,696921,3990,52233,98121,49080,148702,0.7
5e0e5e39fa8110b3e9c01e1b7994c575a8dde8ba,13757,486,2,0.0,42.8,696921,3990,52233,98121,49080,148702,0.7
607c2682685dfb68e1cb8ef99e50873c45c55d7d,13757,486,2,0.0,42.8,696921,3990,52233,98121,49080,148702,0.7
006591c876f6dfb8a0877f5c55d540359f84fcf2,13757,486,2,0.0,42.8,696789,3987,52230,98115,49080,148702,0.7
fb929437af7f25777d33f5dfe6d14698f09e511e,13759,486,2,0.0,42.9,696891,3987,52230,98115,49080,148724,0.7
d5884f37ce24469288f6196f0c48e63cf734857a,13766,486,2,0.0,42.8,696427,3977,52192,98061,49016,148829,0.7
c6d9b92110144a569a6218a0be94bfc930238701,13766,486,2,0.0,42.8,696421,3977,52191,98060,49004,148829,0.7
3ac871a9e3cfc263d83d3c0d17c73b2bfaee3ef8,13766,486,2,0.0,42.8,696436,3977,52191,98060,49004,148829,0.7
a29c6cebfd39b8c628cf901e7c37cf18a2fd064a,13766,486,2,0.0,42.8,696436,3977,52191,98060,49004,148829,0.7
ec7da7aafb17fd0aa1ff110451cc351abd2828ce,13766,486,2,0.0,42.8,696437,3977,52191,98060,49003,148829,0.7
6b23d2555d542b83396ce488e253813276d0c25d,13751,486,2,0.0,42.8,695809,3977,52186,98044,48978,148307,0.7
6d517236fb4459c801d883e53465cc4d60871421,13751,486,2,0.0,42.8,695808,3977,52186,98044,48978,148307,0.7
3a9d6508a646ed70b0714a9663f6738bf18c134a,13751,486,2,0.0,42.8,695808,3977,52186,98044,48978,148307,0.7
97d00f9eb3d9ea65e19069794dae2d1d1634d279,13751,486,2,0.0,42.8,695809,3977,52186,98044,48978,148307,0.7
806580e36e2ec692ec1fa2cddd162b598479b10a,13753,488,2,0.0,42.8,695799,3977,52187,98064,48979,148327,0.7
80aee853830ed0a62ff2575196e1f436939c6e06,13753,488,2,0.0,42.8,695799,3977,52187,98064,48972,148327,0.7
5c641007527e23311aef08a9f75aaa0b317430f8,13753,488,2,0.0,42.8,695805,3977,52187,98064,48797,148327,0.7
9ffb762153ce050c2d961327886ef9a41b2d6145,13753,488,2,0.0,42.8,695493,3976,52155,98027,48659,148327,0.7
717b3d7faf5d87c844f90492d4c175c815001c80,13752,488,2,0.0,42.8,695523,3976,52154,98025,48659,148322,0.7
d8f2daf96782456fdce6fba42136a4239b3d126d,13751,488,2,0.0,42.8,695157,3976,52136,97978,48587,148299,0.7
6586788e9915c76a252e82808073fd0a64d56361,13751,488,2,0.0,42.8,695157,3976,52136,97978,48587,148299,0.7
7c3c34897a2e452311f085af67d6f546ba56e44e,13751,487,2,0.0,42.9,694962,3975,52124,97963,48581,148299,0.7
53a9c8c773cc488a7d70690c63d1f7712d35278b,13749,487,2,0.0,42.8,694853,3975,52123,97961,48577,148281,0.7
944ec4977eca090f0bb30ced741206a8d57eb995,13758,487,2,0.0,42.8,694895,3975,52122,97960,48577,148334,0.7
82157460d97048b08f58eafb66bda5dee7d4fc5f,13758,487,2,0.0,42.8,694895,3975,52122,97960,48577,148334,0.7
aeafd2246c4c752fda3feec3890339db11487ceb,13758,487,2,0.0,42.8,694895,3975,52122,97960,48577,148334,0.7
563236f62f1c04e071f5ac6addcfcf53bc1b0c3e,13758,487,2,0.0,42.8,694895,3975,52122,97960,48577,148334,0.7
8cabd87c83db630b42edd0df632d2912e2499db5,13758,487,2,0.0,42.8,694895,3975,52122,97960,48577,148334,0.7
b897cd132e7327166c368d24dcb7b36e689600fc,13758,487,2,0.0,42.8,694895,3975,52122,97960,48577,148334,0.7
f2b01f8ab56d7ab03d697f4817c527bbf6ec6bcc,13758,487,2,0.0,42.8,694895,3975,52122,97960,48577,148334,0.7
c85ba939ab28e978bd08655cf61eca428ccb0610,13759,487,2,0.0,42.9,694663,3970,52103,97933,48545,148349,0.7
5584426b7de05b81624b0ff8d91f8891c69faaa8,14073,491,2,0.0,42.9,694037,3965,52060,97864,48543,152944,0.7
6f212e22da330bdb1883f4d64d755ff8848415d7,13954,490,2,0.0,42.9,692851,3959,51958,97653,48499,151284,0.7
d29f392e09733b4d75c24f49bbd036d536a6c3e7,13954,490,2,0.0,42.9,692851,3959,51958,97653,48499,151284,0.7
c115f499f05eb33d695c2ebeb1a643d72e2fc758,13954,490,2,0.0,42.9,692851,3959,51958,97653,48499,151284,0.7
84b8338ed1b7d799ba546f313d8a27d87c837a82,13954,490,2,0.0,42.9,692813,3959,51957,97647,48496,151284,0.7
3fb7dab4f37709c585b3cfc3e613d0389a261d0e,13954,490,2,0.0,42.9,692646,3959,51957,97647,48496,151286,0.7
54062ac619892f81844fa88a7650dd68a715e118,13954,490,2,0.0,42.9,692646,3959,51957,97647,48496,151286,0.7
c36c7bad3ce60c6ca225760f332342fbc75b6528,13954,490,2,0.0,42.9,692646,3959,51957,97647,48496,151286,0.7
461f8d0f8f43272a377616073a2e2630148b27eb,13954,490,2,0.0,42.9,692646,3959,51957,97647,48444,151286,0.7
426313525676387a44aca0c767d2f4f55cd73455,13954,490,2,0.0,42.9,692583,3959,51945,97635,48444,151286,0.7
9130acf6c2f0cc09be75375ae560ce88b80d7a31,13954,490,2,0.0,42.9,692583,3959,51945,97635,48460,151286,0.7
50fefe4036f604af1575aa78331529ce4037cd62,13953,490,2,0.0,42.9,692584,3959,51945,97635,48460,151276,0.7
a63d18f1cf0c2f5b2940fc69666fd16bc3056a7e,13953,490,2,0.0,42.9,692584,3959,51945,97635,48460,151276,0.7
c256604b34233885f6565902719bbfcf55e4cacf,13953,490,2,0.0,42.9,692584,3959,51945,97635,48460,151276,0.7
fc381a81a1fdb8f51a0637ca27cd30673bd7aad3,13953,490,2,0.0,42.9,692565,3959,51944,97633,48460,151276,0.7
81a5b337e90129f3e1249fadbdcf780a809dc435,13953,490,2,0.0,42.9,692565,3959,51944,97633,48460,151276,0.7
f309dd098dd7d476e82d100ffc39ac30088562f7,13953,490,2,0.0,42.9,692553,3959,51944,97633,48460,151276,0.7
dd70b7e8f7c9c948b197e0799903928db5efe9c4,13953,490,2,0.0,42.9,692553,3959,51944,97633,48460,151276,0.7
386f9b8cee4738fffca588544f0bb64328de97ab,13953,490,2,0.0,42.9,692521,3959,51941,97628,48458,151272,0.7
8aefc6925fdd8501040dfaf7d8ee0cdfec60a92d,13954,490,2,0.0,42.9,692597,3959,51941,97630,48458,151280,0.7
264376773a6e7c56229d8e1309237ffba7f7731e,13954,490,2,0.0,42.9,692597,3959,51941,97630,48458,151280,0.7
c2bf539bb43735600b73f2930fe9188ad8463da8,13954,490,2,0.0,42.9,692597,3959,51941,97630,48458,151280,0.7
35ad710dd399bbd8829786dab82a42641832f007,13954,490,2,0.0,42.9,692597,3959,51941,97630,48458,151280,0.7
94c07f6735eacfa2332cbb4d17584948d6231bb5,13954,490,2,0.0,42.9,692597,3959,51941,97630,48458,151280,0.7
791460646b98e12d3b38644c75a7f33b4d2166f5,13954,490,2,0.0,42.9,692597,3959,51941,97630,48458,151280,0.7
39fb3d1630d9c8fa674605984248c5f957f0a2f3,13954,490,2,0.0,42.9,692597,3959,51941,97630,48458,151280,0.7
13addef17d0ae4a5fbba42216aca7d7a95277f37,13954,490,2,0.0,42.9,692591,3959,51941,97630,48458,151280,0.7
cdc1a27ade910a01fb64721664c99c43cf482276,13954,490,2,0.0,42.9,692591,3959,51941,97630,48458,151280,0.7
2a83d9e58f89c8881f11d0bb25c852c9a34a19a1,13954,490,2,0.0,42.9,692591,3959,51941,97630,48474,151280,0.7
3221b1c4e70dcd6ec95d46449fee99587645f43d,13953,490,2,0.0,42.9,692312,3956,51923,97593,48470,151270,0.7
5a2eba3d79112f76037b2ccfdf15ca01bf03716b,13951,488,2,0.0,43.0,692072,3951,51898,97558,48455,151248,0.7
e674cca20fb7af494e00a812cce70475fa2f503b,13951,488,2,0.0,43.0,692072,3951,51898,97558,48455,151248,0.7
814a22f7bca358850ed30bef930f1a7e88342d87,13951,488,2,0.0,43.0,692072,3951,51898,97558,48455,151248,0.7
18c343beae319881f2ea48f68f6e49477f000a3a,13949,488,2,0.0,43.0,692070,3951,51898,97558,48453,151228,0.7
c4db21784fbb514bd1156ab6616b562be1325552,13949,488,2,0.0,43.0,692070,3951,51898,97558,48453,151228,0.7
fbfe584f84c83c0e15c2d578e1ea17a11a3f07db,13949,488,2,0.0,43.0,692066,3951,51898,97555,48453,151228,0.7
04b3e6bda027c76a4cbf366b70f2511d77b47d03,13950,488,2,0.0,43.0,692038,3951,51900,97549,48421,151233,0.7
e3edb77b98423833406367cacfd76af7bfd0ecc8,13950,488,2,0.0,43.0,692038,3951,51900,97549,48421,151233,0.7
cfa090531e955911e792e24f3d14103c69a63c63,13949,488,2,0.0,43.0,692025,3951,51899,97548,48421,151219,0.7
54648263d618a8f434019291d9d02ade1c12f3a2,13949,488,2,0.0,43.0,692002,3951,51898,97543,48421,151219,0.7
23e0d1075477b0eeccd36754223cc94c24786f8d,13949,488,2,0.0,43.0,692002,3951,51898,97543,48421,151219,0.7
20f0d0cc0194275cf67265eaee4752170a92a3be,13949,488,2,0.0,43.0,691485,3950,51898,97543,48340,151219,0.7
66b0631b3f67dfbfe69bfd5974db034e9500a6fe,13949,488,2,0.0,43.0,691485,3950,51898,97543,48340,151219,0.7
c591c26e5e05158be635a35c5125293c70c86839,13959,488,2,0.0,43.0,691532,3950,51898,97543,48340,151278,0.7
26af4c7387d68a04762bb50d388d3227536527b9,13961,488,2,0.0,43.0,691509,3950,51898,97543,48340,151324,0.7
2fe8e138352dad5a1a20c94dea050c884b510a29,13961,488,2,0.0,43.0,691509,3950,51898,97543,48340,151324,0.7
9d17cdd35f8895603c244389e603b22f9f387318,13961,488,2,0.0,43.0,691494,3950,51897,97541,48340,151324,0.7
f5e393d09a7e4991cf098fbc589639b879b8e068,13961,488,2,0.0,43.0,691472,3950,51897,97542,48336,151324,0.7
677105c2b0e44d5de2a3a8aed546b0dc3daca2bc,13961,488,2,0.0,43.0,691472,3950,51897,97542,48336,151324,0.7
9d42eb44a32ff4a1f86e8427fe023bde1e9652f7,13961,488,2,0.0,43.0,691472,3950,51897,97542,48336,151324,0.7
96f0f22bd829a5dbe0ac8194c70a878493300b7d,13961,488,2,0.0,43.0,691472,3950,51897,97542,48336,151324,0.7
5f39174fc4ea7404561e8ec44b7097c227d3dfc7,13971,488,2,0.0,43.0,691533,3950,51897,97542,48335,151502,0.7
3ca8aabfe3887cacdb02639bcce7d63ba1f0061a,14000,488,2,0.0,43.0,691402,3950,51897,97544,48335,151978,0.7
9829b44a6dca1e557d24d7bcdd2ecd3a5046efd7,13997,488,2,0.0,43.0,691195,3950,51887,97532,48325,151958,0.7
479c1c096fbf271d99cf14c6e9d6f04f14582177,13997,488,2,0.0,43.0,691194,3950,51887,97532,48325,151958,0.7
7a1ebc1cdfe58efcbea09b368af52cc6a142f7d0,13997,488,2,0.0,43.0,691194,3950,51887,97532,48325,151958,0.7
7d46f9b2e822b7908846fa72be6b91d635c1e77b,13997,488,2,0.0,43.0,691194,3950,51887,97532,48325,151958,0.7
aff1c4767eb0ebe7f22e856fbf975f8cfc92b47c,13997,488,2,0.0,43.0,691194,3950,51887,97532,48325,151958,0.7
08f3ca767d359dfd75b68024700acc4af5e80050,13997,488,2,0.0,43.0,691194,3950,51887,97532,48325,151958,0.7
ce23dbdec15ae4261b16c7690ec3264fe1bc0d2d,13997,488,2,0.0,43.0,691186,3950,51887,97532,48325,151958,0.7
1ea185290ac505e6c2e4d6f4eb429448860701e8,13997,488,2,0.0,43.0,691186,3950,51887,97532,48325,151958,0.7
54119bd0f17849656e165226f558b59c4de98c3e,13997,488,2,0.0,43.0,691186,3950,51887,97532,48325,151958,0.7
ee1040e50437f604934fb87addbae11b40073fef,13997,488,2,0.0,43.0,691186,3950,51887,97532,48295,151958,0.7
8858f1cfd3d1b0bd9b2d4230d1975a48d8bea1a8,13997,488,2,0.0,43.0,691185,3950,51887,97532,48294,151958,0.7
7d3fa50fc24907bc9a4e2a3b2b8fce33cb770eaa,13997,488,2,0.0,43.0,691190,3950,51887,97532,48294,151958,0.7
9b6397f31f11a29d18b2ec61a68a8223e6eb4a8f,13997,488,2,0.0,43.0,691212,3950,51887,97531,48298,151958,0.7
601c5af9b6abded79dabeba177331310d5487f43,13997,488,2,0.0,43.0,691212,3950,51887,97531,48298,151958,0.7
06ce8b2f18ed16f74363c5bc2e0894394077bda0,13997,488,2,0.0,43.0,691212,3950,51887,97531,48298,151958,0.7
b430775ea2105e8fe6214a3fe637df14eeb18c7d,13971,488,2,0.0,43.0,691273,3950,51887,97531,48298,151568,0.7
893af4a19841ae23e18b1e2196df9176d9d90bc2,13965,488,2,0.0,43.0,691231,3950,51885,97528,48298,151504,0.7
b69e84b6cf93a330adb31bf4a46d09c98202873d,13970,490,2,0.0,43.1,691032,3950,51880,97515,48258,151584,0.7
aa1c1ef49eb0cd969c18676495983f5b6a231a5c,13967,490,2,0.0,43.1,690922,3950,51877,97506,48258,151542,0.7
6872b7cd277980949a4562c7b438b9d5bc351029,13964,489,2,0.0,43.1,690867,3950,51875,97487,48258,151468,0.7
3a584a28352e5f13ca128599f4d331aa5eeaa374,13957,487,2,0.0,43.1,690493,3948,51858,97451,48254,151419,0.7
5eb45117fae738ff087e38aaf6b961b6a9cd38ec,13957,487,2,0.0,43.1,690493,3948,51858,97451,48254,151419,0.7
82880be39654bb94aaf370338bdd61f706caa6da,13957,487,2,0.0,43.1,690471,3948,51858,97452,48250,151419,0.7
4b8941e03141573c310110092d2f3feebd745e4f,13950,487,2,0.0,43.1,690214,3946,51842,97427,48227,151319,0.7
8fe6248736a8a15a8dc85376c8741cbce62e6b47,13950,487,2,0.0,43.1,690214,3946,51842,97427,48227,151319,0.7
7dbdfd33a667a721fbb21c7c7d06fec9daa30b88,13948,487,2,0.0,43.1,690158,3945,51837,97421,48218,151299,0.7
11eed7180b3eb39bca795840dfecc0c7a880d2f1,13947,487,2,0.0,43.2,690103,3945,51836,97419,48214,151289,0.7
d898de52f0e6ce35714eb4fcff61b2528265d3a5,13947,487,2,0.0,43.2,690128,3945,51837,97422,48195,151289,0.7
a2dee506ab0c1221c1714242bf356a6df4338349,13947,487,2,0.0,43.1,690144,3945,51834,97427,48197,151289,0.7
711780b6cc835f3401cf8570072cc44ac03047cc,13947,487,2,0.0,43.1,690144,3945,51834,97427,48197,151289,0.7
9585525e92bce1a4053c3bd20fc00d67c5a4ed28,13947,487,2,0.0,43.1,690144,3945,51834,97427,48197,151289,0.7
53683f87fb0f1dab12358f826e6f8a7b1ce13b25,13946,487,2,0.0,43.1,689957,3943,51820,97410,48195,151281,0.7
9464bc49f57fc8fdf7f7295bcb2e90363f773918,13946,487,2,0.0,43.1,689785,3942,51804,97392,48188,151282,0.7
2502a236638c32cb7f3ac439e052ac98716cc814,13944,487,2,0.0,43.1,689644,3942,51800,97387,48180,151246,0.7
7d13b48896e1c60296264b47175d5a9e641b39e1,13942,487,2,0.0,43.0,689503,3942,51796,97382,48172,151210,0.7
b2e99b5b35df8ced7366ad32e2c4fdf26ab3c331,13933,487,2,0.0,43.2,689067,3941,51764,97360,48076,150934,0.7
65004c15f0ba290ac028b004c3e88f308de48967,13985,483,2,0.0,43.0,687812,3937,51688,97227,48056,151755,0.7
be6235cf753aa2518404177b1b6f884bff60bf04,13951,483,2,0.0,43.1,687622,3938,51664,97192,48057,151502,0.7
81a9f6a5f7c9ee7f94fe1b34ff32cc665cd0977f,13951,483,2,0.0,43.1,687622,3938,51664,97192,48057,151502,0.7
fa9d0dad7d0ae1c32cbf640019fba0182d400490,13951,483,2,0.0,43.1,687622,3938,51664,97192,48057,151502,0.7
17cf01581c6aeee492681f3045441f238e2fdaae,13951,483,2,0.0,43.1,687622,3938,51664,97192,48057,151502,0.7
41c510fdb1e0682a56ef3866db4bb2565b35040e,13951,483,2,0.0,43.1,687624,3938,51664,97192,48057,151502,0.7
98b92a4e6a8701a1640be9e171517e8743ef1477,13951,483,2,0.0,43.1,687624,3938,51664,97192,48057,151502,0.7
c03f1268cb68d5098d73694e1a85f24cfcd78655,13951,483,2,0.0,43.1,687624,3938,51664,97192,48057,151502,0.7
f5f2bb3b9bdcd52e214eabf6a78d8601137d407e,13951,483,2,0.0,43.1,687624,3938,51664,97192,48057,151502,0.7
8c2a924a8d712a273205c9b4e38afcd0f36717ec,13951,483,2,0.0,43.1,687624,3938,51664,97192,48057,151502,0.7
b5e2f3608e0db12be9ce7b0c11bdcc2145b1db0e,13951,483,2,0.0,43.1,687624,3938,51664,97192,48057,151502,0.7
950daa5702bf9ac7490b273c8f7d3132817c2491,13951,483,2,0.0,43.1,687624,3938,51664,97192,48057,151502,0.7
d8fc5b3c0ae26ee673f2f9007d6e3ff7f7386c38,13951,483,2,0.0,43.1,687501,3938,51652,97170,48040,151502,0.7
08ae725e1ac75fb146ec916f27813fc2ab986561,13948,483,2,0.0,43.1,687441,3938,51648,97162,48040,151476,0.7
8ace681824c1c11ac06c3e8d2f86be8eb2b75600,13882,483,2,0.0,43.1,686991,3932,51621,97106,48038,150485,0.7
14a30c015be6e6a9d3f2f1c1afc1ac67a3d40382,13882,483,2,0.0,43.1,686911,3932,51617,97102,48028,150473,0.7
2f61a082745739f61fd07c56344afa88363d1d51,13882,483,2,0.0,43.1,686911,3932,51613,97101,48030,150473,0.7
22d19c28478ff763f8c8fd945c1a76e6fccd6ffe,13882,483,2,0.0,43.1,686891,3932,51612,97100,48030,150473,0.7
d3fcd9890aaf456deaac3041e62f01451ced338f,13882,483,2,0.0,43.1,686407,3929,51565,97033,48031,150446,0.7
bfe3a25b68da4c53558104e029b923a3cb3edc60,13881,483,2,0.0,43.2,686377,3929,51563,97029,48031,150436,0.7
24490b0da3124bf28817130e64b2fe4db8ecd7fd,13881,483,2,0.0,43.2,686381,3929,51563,97029,48031,150436,0.7
45549389121ec5fb76e96670219307e5783593fc,13881,483,2,0.0,43.2,686378,3929,51563,97029,48031,150436,0.7
4e87cff70db15209e7f06f11138f09e1b287636a,13881,483,2,0.0,43.2,686374,3929,51560,97027,48031,150436,0.7
39a5f503c1d19d41a15b74ea53e3d5e51d495874,13880,483,2,0.0,43.2,686342,3929,51557,97023,48031,150428,0.7
67decf90d90c45c5ac820ee3a4e29ccf4d76620c,13902,483,2,0.0,43.2,686201,3929,51553,97018,48023,150752,0.7
477da36e3fd5be7f96903010557ddf5ebfad7c6d,13908,482,2,0.0,43.1,685561,3929,51525,96954,47983,150797,0.7
202af0335b654aa89373a0c14a62c34d1341bd07,13904,482,2,0.0,43.0,684865,3929,51437,96834,47967,150827,0.7
70386f92abb2779610af64071026162f10100d16,13900,482,2,0.0,42.9,684595,3929,51423,96810,47945,150747,0.7
d65fa091b9bffccba99ac39eea3c65ebd07cfe56,13877,482,2,0.0,42.9,684334,3929,51409,96775,47913,150473,0.7
9d7ef2e9dd27375c2b8bd7a143e4f623118185f8,13877,482,2,0.0,42.9,684334,3929,51409,96775,47913,150473,0.7
f07bedc86fae9a271f6d585081345eabb8982cee,13876,482,2,0.0,42.9,684147,3927,51395,96758,47911,150465,0.7
7cbde142f71236ed71a2cb036db46e7e7672e3de,13876,482,2,0.0,42.9,684139,3927,51395,96756,47911,150465,0.7
890ca0ef731cb38706b5deadece4d34bd9806e18,13876,482,2,0.0,42.9,684139,3927,51395,96756,47911,150465,0.7
abac62f8577c8c5b5b524f89f26056dc1c581bc9,13874,482,2,0.0,42.9,684004,3927,51388,96744,47900,150425,0.7
9907a97351138e676d08e02ea53b746f4e331ec6,13873,482,2,0.0,42.9,683999,3927,51382,96739,47900,150423,0.7
d23b36c31d1c1488c4ea57bce61343a6975d9c84,13873,482,2,0.0,43.0,683830,3926,51366,96721,47893,150424,0.7
29eebdd89efdcb9fb32e53325dfd2b29b9a3377b,13868,482,2,0.0,43.0,683610,3926,51348,96694,47873,150376,0.7
f2c065b445d7020e35d1013a7e943b5f8e88ce55,13868,482,2,0.0,43.0,683575,3926,51346,96688,47873,150376,0.7
42cf1579ab97ff0080630c752e877593882a4fac,13868,482,2,0.0,43.0,683420,3922,51334,96674,47858,150376,0.7
36ad90b8765221709506dcbed2717ab258a6f0de,13868,482,2,0.0,43.0,683420,3922,51334,96674,47858,150376,0.7
f551673589ca7af71f266bd68425aff137c81fec,13868,482,2,0.0,43.0,683384,3922,51330,96672,47857,150376,0.7
04a79ec9d7b0bb519841a5d6a2e8f0c4c0f49197,13868,482,2,0.0,43.0,683367,3922,51329,96670,47855,150376,0.7
adbc4ff3e6ac0f028a13508d24b31835c3686095,13868,482,2,0.0,43.0,683367,3922,51329,96670,47855,150376,0.7
ce01bec3d45e30bb6ced7c1e1e13cb8ade7c07f3,13881,482,2,0.0,43.1,683602,3922,51337,96681,47871,150546,0.7
198fb723dd50c15e1129bcbcaaaa97832503a74d,13881,482,2,0.0,43.1,683593,3922,51337,96681,47867,150546,0.7
203b8db4dcfe6defc8f241db2b336124b9639b1b,13866,482,2,0.0,43.1,683413,3922,51327,96669,47863,150396,0.7
1144241009ee02de7a550e04891f0a25db092283,13843,482,2,0.0,43.1,683087,3922,51313,96637,47843,150031,0.7
81af3f76abe98419495bd4d18440a14bfaae2e0e,13841,484,2,0.0,43.2,682739,3922,51269,96577,47835,150071,0.7
00f7babfdcc2d21694dc50522c201d3bd0050732,13841,484,2,0.0,43.2,682739,3922,51269,96577,47835,150071,0.7
e3592e8a5593d46b0a3702a996a8f4ee98d20453,13841,484,2,0.0,43.2,682727,3922,51269,96577,47835,150047,0.7
95be02c91267e355c62818efb265ffea9a8ba8cb,13842,482,2,0.0,43.2,682781,3922,51269,96580,47835,150009,0.7
7c60be7e5b4c4149bf536956e371fcdb5517eade,13842,482,2,0.0,43.2,682781,3922,51269,96580,47835,150009,0.7
aafb3cee4094b9516bbcd4a5b86559970dd18b31,13856,482,2,0.0,43.2,682830,3922,51269,96580,47835,150219,0.7
1cdc8711072efb30fbe45119a16d45d89e1a9c8b,13856,482,2,0.0,43.2,682830,3922,51269,96580,47835,150219,0.7
83f0c7d9d881fbe0e7ac6a8d23366cfff447cb6f,13856,482,2,0.0,43.2,682830,3922,51269,96580,47835,150219,0.7
eea7bb1cc1b6b5945ecf58d68bec8510d0f3bff1,13856,482,2,0.0,43.2,682830,3922,51269,96580,47835,150219,0.7
e01bc223b6278b800ce5954dbd409d082eefd086,13856,482,2,0.0,43.2,682830,3922,51269,96580,47835,150219,0.7
b88951bbef5140e69aac9da5dc39e7e6eeb5100f,13856,482,2,0.0,43.2,682830,3922,51269,96580,47835,150219,0.7
dbaeadfc4ff496e2f3e406452769b0387a284f58,13856,482,2,0.0,43.2,682830,3922,51269,96580,47835,150219,0.7
852c1bf0116d8656199cc45c3c2201c8e1987c8b,13856,482,2,0.0,43.2,682820,3922,51269,96579,47832,150219,0.7
cf082af91dd1bfafa9343b495763f690fba7652c,13854,482,2,0.0,43.2,682793,3922,51268,96577,47828,150203,0.7
8865be48bcb20ce07972bf5176955d03a1347d27,13854,482,2,0.0,43.2,682793,3922,51268,96577,47828,150203,0.7
4fe9e593a82d465ca30aa813d45917a9387edbb0,13854,482,2,0.0,43.2,682793,3922,51268,96577,47828,150203,0.7
2a06bb5aabae96ec8a32a4a80211950338318000,13854,482,2,0.0,43.2,682793,3922,51268,96577,47828,150203,0.7
46fa4e2a217ede3132ae161010d5f2d1862793de,13854,482,2,0.0,43.2,682793,3922,51268,96577,47828,150203,0.7
5808344390452d59f3883a84ca3c48818375f0f7,13854,482,2,0.0,43.2,682793,3922,51268,96577,47828,150203,0.7
46fe807df3e284f01e3194b189e5f875e1530d04,13821,482,2,0.0,43.2,682359,3918,51241,96536,47650,149843,0.7
66bd2782ba3a0104021633c8101158440e0ee847,13817,482,2,0.0,43.2,681995,3914,51213,96484,47588,149781,0.7
08dace77d52cede478621950ed7e4a4661fd4cce,13817,482,2,0.0,43.2,681990,3914,51213,96483,47586,149781,0.7
b60bf8b3a69a9e3f2303bfdfd960c1584755f96b,13815,482,2,0.0,43.2,681967,3914,51212,96479,47586,149736,0.7
615ab116a6935d334ae5c6666cfcc0a65eaaa631,13830,481,2,0.0,43.2,681785,3912,51198,96453,47555,149960,0.7
217efffe032ec08d1f523078cc7e2ad47e87222e,13830,481,2,0.0,43.2,681785,3912,51198,96453,47555,149960,0.7
ef64c0af9c13e218814a1907ed37739553147f25,13829,481,2,0.0,43.2,681781,3912,51197,96452,47553,149950,0.7
bbe7a64d1c6f5b8b680c74caa9880f9e83a8d754,13829,481,2,0.0,43.2,681779,3912,51197,96452,47553,149950,0.7
174c4ca52f89ea81ac04228895a6e35da60e2903,13829,481,2,0.0,43.2,681779,3912,51197,96452,47553,149950,0.7
39bbb98286d104b99cd201f8f29a81277ffbf472,13829,481,2,0.0,43.2,681778,3912,51197,96452,47553,149950,0.7
f7b1b726216778245fdb4c16c6854872f72aa21e,13829,481,2,0.0,43.2,681778,3912,51197,96452,47553,149950,0.7
23419b4e7548348c770d35ebfcf8759573c194dc,13829,481,2,0.0,43.2,681778,3912,51197,96452,47553,149950,0.7
bbd24684fe0ab8d6f8185742ed145b9bfb362754,13829,481,2,0.0,43.2,681778,3912,51197,96452,47553,149950,0.7
f3c90f9d532bc93f21652b4421324c982c15255d,13825,481,2,0.0,43.2,681715,3912,51181,96428,47515,149910,0.7
fbdbaec5a54d253b0a16da249dbd44c3e992ee41,13825,481,2,0.0,43.2,681715,3912,51181,96428,47515,149910,0.7
98f4bc427fae3f19689f3eea8d43a409c5724c4f,13825,481,2,0.0,43.2,681715,3912,51181,96428,47515,149910,0.7
5da1bfaab750708fe3333936af5c279775dc7074,13826,481,2,0.0,43.2,681730,3912,51181,96428,47511,149910,0.7
6a0732f7c48f81cac8b382b47edaec98b58b8d30,13826,481,2,0.0,43.2,681730,3912,51181,96428,47508,149910,0.7
492d60e3ce8a7e4930d1a112f1df13dccdd00fed,13826,481,2,0.0,43.2,681730,3912,51181,96428,47508,149910,0.7
475fc65b66acb1a88bd51883d52fa16680553e43,13826,481,2,0.0,43.2,681677,3912,51177,96420,47502,149910,0.7
9980ef7b6e83e8fda4bde31244e0d159940295e1,13826,481,2,0.0,43.2,681677,3912,51177,96420,47502,149910,0.7
ed105e1b7093d73b4389fc4525f5d4ba76970fa7,13826,481,2,0.0,43.2,681677,3912,51177,96420,47502,149910,0.7
f5de7fb80c8dde3e3e54b052a353f4e0453809c4,13826,481,2,0.0,43.2,681677,3912,51177,96420,47502,149910,0.7
3ab00171b48bb793a3b71845eb12d5077ba892f1,13826,481,2,0.0,43.2,681677,3912,51177,96420,47502,149910,0.7
445ee94e2cc5a5836d0c377ebad4f686875d974f,13826,481,2,0.0,43.2,681677,3912,51177,96420,47502,149910,0.7
7406098ee7fdb2c9b4cd5060afbb39e5e5b3f7f3,13826,481,2,0.0,43.2,681676,3912,51177,96420,47502,149910,0.7
1cb1320e20dac24eeb5577750efbe1adca272293,13827,481,2,0.0,43.2,681684,3912,51177,96420,47502,149918,0.7
7e71c3fd984d364a83e0521123c01996ad850dcd,13832,483,2,0.0,43.2,681675,3912,51177,96420,47502,149993,0.7
667fd860336f3614724f3b76ee2f20d447a8982f,13807,483,2,0.0,43.2,681081,3912,51166,96385,47477,149497,0.7
d8142d1035b015d264dfbb3492e0049530c7b5e5,13806,483,2,0.0,43.2,680952,3912,51163,96373,47438,149484,0.7
7fa5fca9b1121950f03dce6d8b985b283dc256b6,14104,487,2,0.0,43.3,679534,3905,51059,96214,47367,154057,0.8
c0253429d2314326841011b757455fc639510969,14104,487,2,0.0,43.3,679534,3905,51059,96214,47367,154057,0.8
db3800d3c4effcca830384af3caff0bb4b5a515a,14104,487,2,0.0,43.3,679382,3905,51054,96200,47322,154045,0.8
4aa9e9fe3b68b5164189395b704651745e86cd15,13662,484,2,0.0,43.3,678705,3903,50994,96123,47051,147652,0.7
8d8db30aeb37d379caf8734b349f7e4a42c9d3e4,13659,484,2,0.0,43.3,678679,3903,50992,96118,47051,147602,0.7
c751cb24b6f59084f473395745a4778f64aaca75,13659,484,2,0.0,43.3,678655,3903,50991,96117,47042,147602,0.7
f0149a5860efe3f78d7cb07b81b4e1910b438020,13659,484,2,0.0,43.3,678649,3903,50990,96114,47041,147602,0.7
3db4e896587d95318a690979e97bab55db250e23,13659,484,2,0.0,43.3,678659,3903,50990,96115,47057,147602,0.7
4f9584cea665aaac4c9c8670332e975664bdf5bf,13659,484,2,0.0,43.3,678659,3903,50990,96115,47057,147602,0.7
b58bf17ae3bd71665f6398885de3e11478285075,13663,484,2,0.0,43.3,678780,3903,50990,96115,47057,147644,0.7
c19e7e9d5d056f09c4c0bca2f4fd07073f4ad7e0,13662,484,2,0.0,43.3,678681,3903,50979,96095,47055,147636,0.7
5117b6bfa990f7edcc122212180de7317d4ccb78,13661,484,2,0.0,43.3,678582,3903,50968,96075,47053,147628,0.7
c9bdae12cee9cba09f9428ea47c64bfdd4655d1c,13660,484,2,0.0,43.3,678483,3903,50957,96055,47048,147620,0.7
8a7a1ed99b80a74c4f0730a93e91809ca2eaa322,13660,484,2,0.0,43.3,678483,3903,50957,96055,47034,147620,0.7
f9f85e7f2647020ef7e9571f76027c8e55075690,13660,484,2,0.0,43.3,678484,3903,50957,96055,47034,147620,0.7
cad9c6e795ddd5d3e7b98e1b19940daf1fdb1450,13665,484,2,0.0,43.3,678551,3903,50957,96061,47036,147647,0.7
6cf4d9e410495e83b480fce3970b77bee869251d,13666,484,2,0.0,43.4,678605,3903,50957,96063,47038,147657,0.7
fc3cd2ed8c5672e1a73758c06c5d8254c8a2e6c9,13676,484,2,0.0,43.4,678696,3903,50957,96063,47038,147730,0.7
79c88a1775c4e2019fff00de7520826388158424,13675,484,2,0.0,43.4,678274,3902,50909,95993,47003,147726,0.7
4ce5318e5cfae71622c7e980ae660f7a66f443de,13674,484,2,0.0,43.4,678142,3902,50894,95966,47003,147718,0.7
f8b1601902ac162305bfd92ed546ca491432df35,13674,484,2,0.0,43.4,678099,3902,50893,95965,47003,147718,0.7
a0b1df28665abc2156dd22d5c5c49161afd10e01,13674,484,2,0.0,43.4,678101,3902,50893,95965,47023,147718,0.7
2b8850b619b8176b271b11d7a162c95fd4e1c921,13681,484,2,0.0,43.4,678149,3903,50901,95975,47024,147818,0.7
9de9a2ae777bff19d0256a3bfcbafab53ada842d,13681,484,2,0.0,43.5,678196,3903,50901,95975,47024,147826,0.7
9fb90acdac3e35c40a2882e0d88175416e99f1f8,13681,484,2,0.0,43.5,678196,3903,50901,95975,47024,147826,0.7
5e6a0147d8b19d75e85a19db8ae59d2b9cfa4f81,13681,484,2,0.0,43.5,678362,3906,50909,95995,47047,147826,0.7
9414adc21d4c80905ed71b667b74afd80f946dbd,13681,484,2,0.0,43.5,678362,3906,50909,95995,47048,147826,0.7
4d54f4cf8f19f74a8f2463f4b10a7c39ba417d14,13681,484,2,0.0,43.5,678362,3906,50909,95995,47048,147826,0.7
dc82f98f01712bde4510a78e7674e5e2c41a4e3f,13681,484,2,0.0,43.5,678362,3906,50909,95995,47048,147826,0.7
c8b80b0b315fa48a1ec8fc4b94ff454803bca2e4,13681,484,2,0.0,43.5,678362,3906,50909,95995,47048,147826,0.7
251c9fa796157b06fc89e18fbb9a43045f459b07,13681,484,2,0.0,43.5,678362,3906,50909,95995,47048,147826,0.7
8c5605dfd1e9e5b6ebcbd49a5f9d25ee802f9a8b,13681,484,2,0.0,43.5,678362,3906,50909,95995,47048,147826,0.7
78aafdb55e65463fb518714b4c1d164ce890cc2b,13681,484,2,0.0,43.5,678356,3906,50908,95994,47047,147826,0.7
3d651a1fc299e490b0eaffef55f724fd98993f6b,13681,484,2,0.0,43.5,678356,3906,50908,95994,47045,147826,0.7
ea416b25e6f70ccc1997ae8bc8089b1b347bcc21,13681,484,2,0.0,43.5,678356,3906,50908,95994,47045,147826,0.7
5f156d73bd66a2727e83f0f690a651bb7275f71e,13849,483,2,0.0,43.5,678166,3906,50897,95963,47026,150376,0.7
b1d25db291c837ead3e90a0aa259ac522fbc4441,13849,483,2,0.0,43.5,678166,3906,50897,95963,47026,150376,0.7
91327e7c57541c767cf0dcca2869570cb2e5b61c,13841,483,2,0.0,43.5,678148,3907,50898,95963,47025,150262,0.7
1969775f1425a372bb4b2918cee6324fe863643b,13841,483,2,0.0,43.5,678090,3907,50896,95959,47024,150262,0.7
97a99c3cf4f3293fe3536402f015c5b65906e0ba,13842,483,2,0.0,43.6,678518,3911,50909,96037,47040,150281,0.7
449509df46b0bbdee19017852ffa34bc7b4b5289,13842,483,2,0.0,43.6,678518,3911,50909,96037,47040,150281,0.7
faddf308eda97228119bb3cdaecec6faf2307ae4,13842,483,2,0.0,43.6,678261,3910,50889,95988,47088,150233,0.7
8ca688531c9001a2ee99c47bb38514804941379d,13921,485,2,0.0,43.6,678761,3914,50926,96040,47157,151582,0.7
882459d488a3fae73eda5b1f09f18d1af9fe6f51,13921,485,2,0.0,43.6,678761,3914,50926,96040,47157,151582,0.7
bbacaf41e23923af3640f3cba3e7aec834abb9e8,13921,485,2,0.0,43.6,678764,3914,50926,96040,47159,151580,0.7
b4ad20f80340082087938a91df660cf30f4797f6,13922,485,2,0.0,43.6,678962,3914,50927,96046,47159,151600,0.7
f475a6bef57e1a4a929d521f7fd39f3f34c7f92e,13922,485,2,0.0,43.6,678952,3914,50926,96045,47156,151600,0.7
455542d5ff44137c6b399e64d6333ee1cf383e7f,13922,485,2,0.0,43.6,678952,3914,50926,96045,47156,151600,0.7
f70e52cc72a7274fa2745cc02c6ff1e6b70f1309,13921,485,2,0.0,43.6,678946,3914,50925,96045,47156,151592,0.7
1f0e493fbbdacea736262ff797fda33618786c5b,13921,485,2,0.0,43.6,678946,3914,50925,96045,47156,151592,0.7
14fc167d688c907433bc2dc6ed2133576be30393,13921,485,2,0.0,43.6,678839,3914,50925,96045,47156,151592,0.7
8e7381330cc0b2c95e4fc508d22afc7c20980cc1,13919,485,2,0.0,43.6,678814,3914,50924,96043,47156,151575,0.7
a13115d6dd5189bc80e2730f51bfd5525e4d5a83,13921,485,2,0.0,43.6,678759,3914,50921,96038,47149,151553,0.7
50ca63bde82547c42475591455c00a429c854d4b,13921,485,2,0.0,43.6,678732,3913,50919,96039,47149,151553,0.7
f917e2800e93b19cd96b2e8bdd5b59d04fc815f6,13922,485,2,0.0,43.6,678753,3913,50919,96043,47154,151564,0.7
ce51d5f54a6971f5f045ec5484788f70fbb46deb,13920,485,2,0.0,43.6,678756,3913,50919,96045,47155,151544,0.7
c3232b664745ebf761b6a74f4c5b55cc48bfd209,13918,485,2,0.0,43.6,678672,3913,50917,96041,47155,151524,0.7
973676a1bd0c6bdfaf858da8f22c7c503c985de4,13918,485,2,0.0,43.6,678672,3913,50917,96041,47155,151524,0.7
8459fa0c9dfa26bb4916dc3422e958cc4420a3e1,13917,485,2,0.0,43.6,678548,3912,50909,96027,47131,151513,0.7
e2c7e77310329b2113d4122eda4bd0d46e1d252d,13917,485,2,0.0,43.6,678563,3912,50909,96028,47131,151513,0.7
3a04faa54fbef29602950877d58009d6d4306bc7,13917,485,2,0.0,43.6,678563,3912,50909,96028,47131,151513,0.7
38cf2a105f7ce86c63a347cb8dd7a0035b0ed5fd,13917,485,2,0.0,43.6,678563,3912,50909,96028,47131,151513,0.7
69c3249338697b8d09915c1a26bddd829c8f7277,13917,485,2,0.0,43.6,678591,3912,50911,96029,47126,151513,0.7
6a111717a0fede21d9993d8c9d12f992f04eb634,13917,485,2,0.0,43.6,678628,3912,50914,96032,47126,151513,0.7
37cb7caa75e7419a683f84793b77190f4cd3c899,13918,485,2,0.0,43.6,678541,3911,50908,96025,47126,151518,0.7
a9b8eff23b794c368bc596825e7c3084598c3dbd,13918,485,2,0.0,43.6,678514,3910,50908,96021,47110,151518,0.7
370f7fd54ac2a8701452112e0fa8497a9d74693e,13918,485,2,0.0,43.6,678444,3910,50903,96007,47110,151514,0.7
bdcc55b7318f0f026d31024366910e4d1671cf7e,13918,485,2,0.0,43.6,678444,3910,50903,96007,47110,151514,0.7
38a636cbaf6565b6c8803ac64f0b32b63537c7a3,13916,485,2,0.0,43.6,678286,3910,50899,95999,47078,151486,0.7
1531e59e57955f521e093d045e5808cf130ebe32,13917,485,2,0.0,43.6,678282,3910,50898,95998,47078,151492,0.7
1168312e01e8cf2115fc0e44e2303be882dc5bff,13917,485,2,0.0,43.6,678282,3910,50898,95998,47078,151492,0.7
029622b42091a17ca386977dba4a68f511ffba21,13917,485,2,0.0,43.6,678282,3910,50898,95998,47078,151492,0.7
a36d120d755b003ae6bb19a27107a49bf1d780c6,13917,485,2,0.0,43.6,678282,3910,50898,95998,47078,151492,0.7
283107d3608e65804314ba8fd2cb76aafdc36bbd,13913,485,2,0.0,43.6,678071,3910,50886,95964,47054,151459,0.7
7a91debf38a60c81e53f20deb020ed9c0cc3ed34,13672,486,2,0.0,43.6,677791,3908,50868,95936,47050,147630,0.7
74b18ddded73288cda1563e5825bcd889ff97515,13660,486,2,0.0,43.6,677381,3900,50829,95893,47013,147485,0.7
d04efee702fcdcdbe3659c12f7442f5000aa246a,13659,486,2,0.0,43.6,677293,3900,50826,95887,46991,147471,0.7
37ec2df0903de6f15e21deb04284808e390e752f,13659,486,2,0.0,43.6,677140,3898,50813,95856,46990,147471,0.7
403efd11ef9411980efde3bbe8a04cb347f9be3d,13659,486,2,0.0,43.6,677140,3898,50813,95856,46990,147471,0.7
6504fd809199cbc88ef890cc2f5b42a2cf00e102,14515,517,2,0.0,44.7,706059,4087,52724,99342,48169,158474,0.7
a88079466b7a959ea8c34aa24d6f8d66bb234c14,14514,517,2,0.0,44.7,706017,4087,52723,99340,48169,158464,0.7
215293a3d46e6bb898b430bc1f228c554115c40e,14510,517,2,0.0,44.7,705964,4087,52719,99333,48166,158442,0.7
fd52bde36bf1fba90f4a24558647b165ce36d0c6,14507,517,2,0.0,44.8,706290,4099,52752,99368,48201,158442,0.7
c7b2e95fb9f7734cdbe12f80b86b291f385dc69b,13050,469,2,0.0,38.7,631031,3622,47879,90654,44630,139816,0.7
456c9264dc221aeb1548fa35cb4296f98f42efae,12819,471,2,0.0,38.7,631031,3622,47879,90654,44630,136286,0.7
c57952ecac0f55d978228df238916f0239160bb1,12819,471,2,0.0,38.7,630947,3622,47877,90654,44624,136286,0.7
5c85dd345934f0148bf3c36bb563f9a89c31dfb6,12818,471,2,0.0,38.7,630905,3622,47876,90652,44624,136276,0.7
7301f38eaaca8095a208bc1df7b66f6f3280ea7a,12814,471,2,0.0,38.7,630795,3621,47869,90640,44622,136245,0.7
6910f70383889663c6bc59cda9247b56433c9f62,12813,471,2,0.0,38.7,630783,3621,47868,90637,44622,136240,0.7
9b590cfb60d99ecc45083bb367ba9bfd2c3419ad,12809,471,2,0.0,38.8,630761,3620,47863,90634,44610,136232,0.7
2a087875bc63a0d151575863ef47f4125fa8dbf6,12809,471,2,0.0,38.8,630749,3620,47861,90632,44610,136232,0.7
854f007641b4917da7a92e006ab3e28d0f281929,12809,471,2,0.0,38.8,630749,3620,47861,90632,44610,136232,0.7
ec2c6ece6e1be15f7988c3bbdb155b9a4c30152b,12809,471,2,0.0,38.7,630762,3620,47861,90632,44610,136232,0.7
d3f1ec31ec795d8c410496a3cb3fd83caca0c59b,12809,471,2,0.0,38.7,630762,3620,47861,90632,44610,136232,0.7
9dd00fab1dc160bb531091cbdda8f19ef5b3a32e,12809,471,2,0.0,38.7,630762,3620,47861,90632,44610,136232,0.7
7d1bb55d357dee68bb039f79e17da3497e62de84,12809,471,2,0.0,38.7,630773,3620,47862,90633,44607,136232,0.7
dc05e1f867f077ca71fb71de4279e78258d97d5c,12809,471,2,0.0,38.7,630773,3620,47862,90633,44607,136232,0.7
b78d3361635e924ed23fd8fe87b5f966b1953dd9,12809,471,2,0.0,38.7,630773,3620,47862,90633,44607,136232,0.7
b756a5da3559be9deee9cdc674c4bf36ac291231,12809,471,2,0.0,38.7,630773,3620,47862,90633,44607,136232,0.7
522480dc4dff7305808403281980f6afdedf9cf1,12809,471,2,0.0,38.8,630731,3620,47861,90633,44604,136232,0.7
f53c4eeec5dc187957264bf2f7a6675caf9054e2,12802,471,2,0.0,38.8,630421,3618,47849,90609,44603,136149,0.7
db424ea5d67101530ed3fa2eded9ee848b6c5a3a,12809,471,2,0.0,38.8,630128,3618,47841,90600,44577,136311,0.7
ecc2492aa6f356fe0d8e0491da962c72cc2616bb,12909,470,2,0.0,38.9,629241,3609,47761,90486,44465,137905,0.7
d29cf6b6e30bc0c9774c63b22d1f1577f5af0d4f,12909,470,2,0.0,38.9,629240,3609,47761,90485,44465,137905,0.7
430702bae7d9a108d6959f2f73a67e9c9d59c3b8,12909,470,2,0.0,38.9,629240,3609,47761,90485,44465,137905,0.7
e7df8c1a5ce53c9d2b3bfd7720441be0c85d18bc,12740,471,2,0.0,38.9,629236,3609,47761,90489,44465,135320,0.7
6e4a6ff0cd552c15a647485861efd641b1114862,12740,471,2,0.0,38.9,629236,3609,47761,90489,44465,135320,0.7
09a1efc0c03d64a4c178587cab479ca8fe4f32ac,12740,471,2,0.0,38.9,629233,3609,47761,90489,44465,135320,0.7
325d282766a7151b68111191a92ea91fbac02f88,12740,471,2,0.0,38.9,629233,3609,47761,90489,44465,135320,0.7
df31406b3d0d4be8369e2c0019a749a0c4b5e383,12740,471,2,0.0,38.9,629189,3609,47759,90484,44465,135320,0.7
982e4930379977355772cca600fd22044a9d87eb,12740,471,2,0.0,38.9,629145,3609,47757,90479,44465,135320,0.7
9f9e189ed41049fa6ae088fc05febb25545cb501,12740,471,2,0.0,38.9,629145,3609,47757,90479,44465,135320,0.7
fc6bd1e7ab92086611bab87037b9edd17f99ed40,12740,471,2,0.0,38.9,629145,3609,47757,90479,44465,135320,0.7
cd56cee2f8e7bcfcd55700941cba12693bdc75c7,12741,472,2,0.0,38.9,629161,3609,47757,90479,44465,135335,0.7
012386261841c1eb50cdc01d13ae146ad40ae011,12741,472,2,0.0,38.9,629161,3609,47757,90479,44465,135335,0.7
af4ddd25475ff049c451bec3c567ca89353da87d,12745,475,2,0.0,38.9,629117,3609,47755,90474,44465,135380,0.7
3aaae6b27f77f213178d59d9eb63e54144c4ab1e,12734,475,2,0.0,38.9,628912,3609,47737,90449,44452,135244,0.7
92ef136a0e2dbe47c2840d539e3670d9570386ed,12732,475,2,0.0,38.9,628800,3608,47729,90440,44445,135230,0.7
1c6ee94025a4b268d27cb39927b349626fbffee5,12732,475,2,0.0,38.9,628800,3608,47729,90440,44445,135230,0.7
4be7d49a2ecb74b336a3be726d22deb6033f4810,12729,475,2,0.0,38.9,628770,3608,47729,90438,44433,135200,0.7
198cfc94a731fe1047efc490301dc3d9fc62fdcd,12729,475,2,0.0,38.9,628770,3608,47729,90438,44433,135200,0.7
4f49a3772e37d851b9cdd09fbd3de541bdf6397c,12729,475,2,0.0,38.9,628770,3608,47729,90438,44433,135200,0.7
9f3707bc7fd133735b83c245a6545a83521e4e02,12729,475,2,0.0,38.9,628733,3608,47728,90429,44429,135200,0.7
18024c528c10c2d15dacc1797ba78129f0a645f6,12729,476,2,0.0,38.9,628733,3608,47728,90429,44429,135200,0.7
e46bb09588803c6b3f6d26fd8c4905268e1b4601,12729,476,2,0.0,38.9,628513,3606,47711,90388,44410,135196,0.7
e86c6eac2286f87868d662a3653b6bf107eb6f8a,12729,476,2,0.0,38.9,628513,3606,47711,90388,44410,135196,0.7
922325165d671d69305290b75606ee7c5acf283b,12729,476,2,0.0,38.9,628513,3606,47711,90388,44410,135196,0.7
fe6f3b2325bce0acba4c75f4a9e9edec6021a3b0,12729,476,2,0.0,38.9,628513,3606,47711,90388,44410,135196,0.7
fa1bf12ec94d71bd9e16241b8466c70a628e22a1,12729,476,2,0.0,38.9,628510,3606,47711,90388,44407,135196,0.7
16e257483d10e5deca2776d13bb45717c88bf3dc,12184,449,2,0.0,36.9,598258,3372,45437,86824,42905,128296,0.7
3afa71aae65adf3d293d812db2a22e64844d1acb,12228,449,2,0.0,36.9,598258,3372,45437,86824,42905,128941,0.7
60032f65aca07c0361eb5d77ccc6984b93095748,12750,483,2,0.0,38.8,628276,3599,47685,90374,44367,135473,0.7
ea85cb4f610cc3961f28307a59a228ce9278c0a0,12750,483,2,0.0,38.8,628276,3599,47685,90374,44367,135473,0.7
4b53fb6f1892cb81cd3d72629e563683b8a3de9c,12750,483,2,0.0,38.9,628279,3599,47685,90377,44360,135473,0.7
a648533a84c4090bdf07bba56d9d952d7d5e98f2,12750,483,2,0.0,38.9,628261,3599,47684,90373,44358,135473,0.7
7c61537194f9ab68e3d83a16b339ec47180f5f10,12742,483,2,0.0,38.9,628251,3599,47684,90371,44358,135333,0.7
d18eb527ec41976f1062a344ab3786a693e19e28,12745,483,2,0.0,38.9,628147,3598,47677,90364,44356,135338,0.7
22d29a5a9ae0d96139ceb0b5675981178fda210a,12744,483,2,0.0,38.9,628146,3598,47677,90364,44356,135318,0.7
d485cc83ec58bd587fbfaaacebcf624c7f4c44d3,12744,483,2,0.0,38.9,628145,3598,47677,90364,44356,135318,0.7
49e930877a16bce2df51d6e51b737d2969208644,12705,482,2,0.0,38.9,627215,3594,47636,90291,44270,134708,0.7
562acc4a3520a1d21be79650b5e68336325b31e7,12705,482,2,0.0,38.9,627210,3594,47633,90291,44270,134705,0.7
6f7b434ae73bd5a670c04df842bb2e6513a1811d,12705,481,2,0.0,38.9,627192,3594,47632,90287,44266,134705,0.7
aa8fcf21d3b485ac6b315351160c7574675f8e06,12705,481,2,0.0,38.9,627192,3594,47632,90286,44266,134705,0.7
f7166be21f604ced1929c271cda21b9190e1465e,12705,481,2,0.0,38.9,627201,3594,47633,90287,44266,134705,0.7
a4a07ba0cd49d1679a76a79b468be11355a4f2c2,12705,481,2,0.0,38.9,627198,3594,47633,90286,44266,134705,0.7
2371323f07c6323ba584f19416363552e681bf5f,12706,481,2,0.0,38.9,627144,3594,47631,90280,44265,134725,0.7
885c47badad887a4804debc4a2e7be10225501b6,12706,480,2,0.0,38.9,627135,3594,47630,90278,44265,134725,0.7
7c818c0f8369d50e6d27ff8dc4421429b951b4e3,12706,480,2,0.0,38.9,627135,3594,47630,90278,44265,134725,0.7
a2ce3dcbc5282e5bc2e722bb1fd40437abb6e094,12706,480,2,0.0,38.9,627135,3594,47630,90278,44265,134725,0.7
e86510ce82a45ebd1fc16fff36593434640eaae8,12677,479,2,0.0,38.9,626892,3593,47608,90241,44239,134436,0.7
00b47416d1b277f7a99acd7a2c86207907500196,12677,479,2,0.0,38.9,626698,3593,47602,90186,44236,134436,0.7
f536c840350bd5628d7c514d2a4719404c9b8ed1,12709,479,2,0.0,38.9,626697,3593,47602,90186,44236,134911,0.7
aa0e7ab0e2f648f3b87cb02c200ea7faa890434b,12708,479,2,0.0,38.9,626684,3593,47600,90184,44236,134903,0.7
47f42f59650cfea5b38d65e27ac8a009c0dfe0a6,12704,479,2,0.0,38.9,626634,3593,47596,90176,44233,134895,0.7
04742281a14026d2abb45d056b3a9eaea8bb2491,12704,479,2,0.0,38.9,626634,3593,47596,90176,44233,134895,0.7
6d0daae99ee135b04663b4c664b1a4d2086fb2ed,12695,479,2,0.0,39.0,626320,3586,47564,90140,44198,134835,0.7
eb9aa8542886a92e0daf88b7ad17c1c98bc43a17,12695,479,2,0.0,39.0,626320,3586,47564,90140,44198,134835,0.7
f3fcc1d608716374e558fa76fcc2727174b9c23d,12695,479,2,0.0,39.0,626320,3586,47564,90140,44198,134835,0.7
07b0a15130db1592fcd1c43c8d872e91c2901f22,12695,479,2,0.0,39.0,626320,3586,47564,90140,44198,134835,0.7
d2bbfc39b79e44fa7d792f1bf08d9c9c84335868,12695,479,2,0.0,39.0,626320,3586,47564,90140,44198,134835,0.7
ef5c7318aa98c016cc32c4595cc65d70ec1ab7be,12689,479,2,0.0,39.0,626261,3586,47556,90130,44191,134827,0.7
25360c00f53674bde2ad6dd448c1004d067ffbc7,12689,479,2,0.0,39.0,626300,3586,47556,90130,44191,134827,0.7
3fa9d672c74a81464c0acfd3edecfe29925a4bf4,12684,477,2,0.0,39.0,626064,3585,47545,90104,44172,134777,0.7
faf974e343ee5af05b29bc05f9aa7855e4baa188,12684,477,2,0.0,39.0,625983,3585,47542,90096,44172,134777,0.7
e394d868cbdd21a237d1c38408ba0efdfc3b1eed,12668,477,2,0.0,39.0,625938,3585,47533,90089,44169,134367,0.7
d6ad70c0a209cdc4ac001dc21f85679b26fd75c3,12667,476,2,0.0,39.0,625873,3585,47531,90080,44168,134347,0.7
e25ee182d577ef8975a668c92831b3fd8e921518,12667,476,2,0.0,39.0,625873,3585,47531,90080,44168,134347,0.7
afb40ff751f428d35d67081cb000a84aae01f08e,12667,476,2,0.0,39.0,625866,3585,47531,90080,44168,134347,0.7
c07fa0f9c208ecb2e0824b63ebd1ffc9e260f2bb,12662,476,2,0.0,39.0,625667,3585,47507,90048,44138,134304,0.7
82528f2f5e3cb4871570573697bec2284ba65ce3,12662,476,2,0.0,39.0,625608,3585,47501,90042,44138,134304,0.7
370029b74050e85dfe965b7134ef6ab8c6d0855a,12686,476,2,0.0,39.0,625704,3586,47519,90061,44166,134599,0.7
14016a78ca6945a7e2aef24ab9ce65f24b2a7c72,12670,476,2,0.0,39.0,625659,3586,47510,90054,44163,134189,0.7
793db20ae566b9a2ad5256bf8dcf1eb7ea21dfcd,12670,476,2,0.0,39.0,625626,3586,47508,90052,44163,134187,0.7
a66b15c0f47ce5cee1016f2be59ef88e50cf9bb3,12670,476,2,0.0,39.0,625593,3586,47506,90050,44163,134185,0.7
c60516bbc270b9dcd8be3f9ae63bca34645316e2,12669,476,2,0.0,39.0,625553,3586,47504,90048,44163,134175,0.7
f30c080950aa17451c8370a8729a59fe0d36de4e,12669,476,2,0.0,39.0,625553,3586,47504,90048,44163,134175,0.7
d6e258120d86de791fd7363391c0301ba5c39ae3,12669,476,2,0.0,39.0,625553,3586,47504,90048,44163,134175,0.7
08d5c50b60b7c3747e4c2a6a2cfa5c354e88c999,12652,476,2,0.0,39.0,625503,3586,47504,90048,44150,133945,0.7
b099a33ad02c2fb0079f50be06923b4be96c037a,12652,476,2,0.0,39.0,625503,3586,47504,90048,44150,133945,0.7
34e8e2e0b217e2d80f71059162de8252058a0e45,12652,476,2,0.0,39.0,625497,3586,47504,90048,44150,133945,0.7
67d59e73a2738e3e2f40f29535bbb5f208bfa705,12652,476,2,0.0,39.0,625316,3584,47494,90028,44149,133945,0.7
3cb76f61ea2ff49fc72fe17af00637756c26170a,12652,476,2,0.0,39.0,625318,3584,47493,90025,44149,133945,0.7
f8072ba9b7cec120237232fc31221dedd08faf54,12652,476,2,0.0,39.0,625318,3584,47493,90025,44149,133945,0.7
26625912d9bbe1e9c6e85ae79eb43bf3557e474e,12652,476,2,0.0,39.0,625318,3584,47493,90025,44149,133945,0.7
30daf662b7f617d472618d30be8cecea7fcf1523,12662,477,2,0.0,39.0,625422,3586,47501,90039,44156,134075,0.7
73e2b6cea3bd17df22a3bf46512d1df787fded35,12646,477,2,0.0,39.1,625377,3586,47492,90032,44153,133665,0.7
ee08ce5455df57a347081594dfc6ea5ca1380c74,12647,477,2,0.0,39.1,625382,3586,47492,90032,44153,133673,0.7
e298db488480cfe2fa0c5969e6f2acc2fb241de8,12658,477,2,0.0,39.0,625457,3586,47502,90042,44222,133778,0.7
a31f941a387c06878f9186704bb1cb0d2759c93b,12671,477,2,0.0,39.0,625506,3586,47502,90042,44222,133861,0.7
ef6b1daed30efd7efa4e8e4829c41700c51154fb,12671,477,2,0.0,39.0,625506,3586,47502,90042,44222,133861,0.7
e82ecf6d4b63157cc67a416941cc8773d7487594,12671,477,2,0.0,39.0,625503,3586,47502,90042,44222,133861,0.7
49fb12e66e865c0b0e1dcabb68cd9ebf1e9989b1,12671,477,2,0.0,39.0,625507,3586,47502,90042,44222,133861,0.7
98ee4adeef23f78c70f63050c659a4657ecaa3cf,12671,477,2,0.0,39.0,625524,3586,47502,90042,44222,133861,0.7
3da403f596a43fb721ed5e93bd34e925bf32994b,12668,477,2,0.0,39.0,625508,3586,47501,90043,44220,133837,0.7
c92efd46515f5352f4a6e1dd37ead9cfb6e86a9d,12668,477,2,0.0,39.0,625508,3586,47501,90043,44220,133837,0.7
af8efc60fa48df385174d4346a8698712cadb425,12668,477,2,0.0,39.0,625508,3586,47501,90043,44220,133837,0.7
5ebb1aadcae1cc4e59df2d5cc9f70785ce5ca999,12668,477,2,0.0,39.0,625508,3586,47501,90043,44220,133837,0.7
053028ceb6d3bc04c223a521600b053235bf344a,12668,477,2,0.0,39.0,625500,3586,47501,90043,44220,133837,0.7
f0a250d6e38afa05ebf2a5b1a820b8cd8aa908e2,12668,477,2,0.0,39.0,625501,3586,47501,90043,44218,133837,0.7
08078571b7560c39da2fe087db8a873920a4ba78,12668,477,2,0.0,39.0,625501,3586,47501,90043,44218,133837,0.7
8dadf16fd8f089b594c19a71c80ed2a7a96c0cc5,12668,477,2,0.0,39.0,625501,3586,47501,90043,44218,133837,0.7
f5131af5db564427acf7618649796272c1784784,12668,477,2,0.0,39.0,625383,3584,47494,90035,44189,133837,0.7
e340ad5be04e902398c576f431810c3dfa4fe717,12668,477,2,0.0,39.0,625383,3584,47494,90035,44189,133837,0.7
e7d9ec18a06cec1970e62cfa76aa218c1ceabda8,12668,477,2,0.0,39.0,625389,3584,47495,90037,44189,133837,0.7
7f20b367a49a11388f14d2ad3e5c755da56ed12b,12668,477,2,0.0,39.0,625375,3584,47494,90035,44187,133837,0.7
4fc96711b84e0d2f4a69d0f3305c8adc9063be4c,12646,478,2,0.0,39.1,625067,3583,47481,90001,44183,133494,0.7
80ba1e1343708e62d3badc7c2ffc9a5bad3ef982,12647,477,2,0.0,39.1,625055,3583,47480,89998,44184,133494,0.7
a05fe0a496fcd4369acfb8a304642b78d4540610,12598,477,2,0.0,39.1,625045,3583,47480,89998,44159,132804,0.7
6671c373dee46f6a865700295ae8d58b7ff9f386,12599,477,2,0.0,39.1,625031,3583,47480,89996,44159,132809,0.7
83b1fdf9cb32b690ec146de86fd03664fb657828,12599,477,2,0.0,39.1,625031,3583,47480,89996,44159,132809,0.7
dc3af6551711bc081d6edf49b280c76822a14339,12599,477,2,0.0,39.1,625031,3583,47480,89996,44159,132809,0.7
179707346a22c53e2d4811a061651f65239d0d66,12599,477,2,0.0,39.1,625031,3583,47480,89996,44159,132809,0.7
bc650a1cd586b9c2f8063851e6d583533435f31e,12599,477,2,0.0,39.1,625031,3583,47480,89996,44159,132809,0.7
c88920d4d0c3fdad28adc9ab056ccd847c985110,12599,477,2,0.0,39.1,625031,3583,47480,89996,44159,132809,0.7
6072390293448ba23f4ebbfa1a44258eec270204,12599,477,2,0.0,39.1,625088,3583,47483,90003,44162,132812,0.7
c6f1b374bf6cffb2d34e323db60af6d4c1407b77,12599,477,2,0.0,39.0,624954,3582,47468,89984,44161,132812,0.7
81f2510db7de1db1116fbbdf91f490629f202904,12600,477,2,0.0,39.0,624963,3582,47469,89985,44167,132822,0.7
ba2a21506407df117bf55e6725c2ec4f44304898,12601,477,2,0.0,38.9,624846,3582,47464,89974,44167,132838,0.7
40806a67a673d0d8f33e31b054c76f1e590093a1,12585,477,2,0.0,39.0,624659,3579,47446,89945,44158,132657,0.7
168b4cbfe23350275e94cb40b48cc00624b0aeb4,12684,480,2,0.0,39.6,624017,3575,47411,89870,44143,134176,0.7
5ffecbb1950d550514a35a824a287d86effe8cb0,12684,480,2,0.0,39.6,624019,3575,47411,89870,44145,134176,0.7
abffff9dfb0ae6793f1a5ccdff6d69a101cbe27f,12685,480,2,0.0,39.6,624027,3575,47410,89872,44145,134181,0.7
e6cb1c599db4e6bc180e00d0bd271525f9b05000,12682,480,2,0.0,39.6,623923,3574,47400,89859,44144,134158,0.7
fa6fa237ebaa4ac6c4b0c40b117aff22466d2b17,12672,480,2,0.0,39.6,623824,3573,47391,89847,44143,134015,0.7
5921421cfe70346284778fa2d4ebd594ba470205,12673,480,2,0.0,39.6,623833,3573,47392,89848,44149,134025,0.7
3c42a105883ff6edcc3cee71155b59ba89d5146d,12673,480,2,0.0,39.6,623814,3573,47389,89845,44149,134025,0.7
9a76f46caba9e6b9ddfcac385073e7f5a928ba04,12673,480,2,0.0,39.7,623684,3573,47382,89832,44143,134031,0.7
adf6120caab7e67d2a8429c5bfeb89d01eaa331a,12673,480,2,0.0,39.7,623550,3572,47367,89813,44142,134031,0.7
c270b294a902ee8a57a458a806b03572ecb227ae,12675,480,2,0.0,39.7,623444,3572,47363,89793,44142,134028,0.7
f5f45ea81d6f7f1b0c205a6256f6adde08d32b88,12672,480,2,0.0,39.7,623433,3572,47360,89790,44139,133998,0.7
8f8f0f1b16bfa71ac44b16c96b169a51aeb642e3,12672,480,2,0.0,39.7,623433,3572,47360,89790,44139,133998,0.7
171e1e8538ab9c6acfcf32e5916001daed9eb010,12672,480,2,0.0,39.7,623432,3572,47360,89790,44139,133998,0.7
0c2f5240146035029081a5a12ac4d71e64258602,12668,480,2,0.0,39.7,623333,3571,47351,89778,44138,133945,0.7
91cb441cf31e7271f54856a10076ae43e85a988a,12666,480,2,0.0,39.7,623323,3571,47350,89777,44138,133905,0.7
ccb82f718bedb9205eeab7023bb2c9094f1b4edd,12665,480,2,0.0,39.7,623035,3569,47323,89714,44132,133895,0.7
f27ded3d9a0b302fa465b0595e03b5f577525637,12660,480,2,0.0,39.7,622922,3569,47320,89704,44123,133831,0.7
3b37f581371c1fd70d2a56f5bd900ec7a8436e7e,12659,480,2,0.0,39.7,622893,3569,47317,89701,44120,133823,0.7
dc8efe10dbc71cc4a511219f2569a0f8c88fda94,12659,480,2,0.0,39.7,622893,3569,47317,89701,44120,133823,0.7
b9523bd8b37043d65ff1d09656322f547d95c6f0,12646,481,2,0.0,39.6,622353,3567,47283,89654,44081,133686,0.7
ab398a0d5ff195f763f8c7a4358ac98fa38a8de7,12646,481,2,0.0,39.6,622345,3567,47282,89654,44076,133686,0.7
85174b977c97a4b96e82367f6184559a01dc43f9,12646,481,2,0.0,39.6,622344,3567,47282,89654,44076,133686,0.7
ba4818b871d36eb34fcdd20dc7f824447f5daa4a,12646,481,2,0.0,39.6,622335,3567,47281,89652,44075,133686,0.7
b4ce47c68a0dde173dcfea3d19b1882f7baeb70d,12646,481,2,0.0,39.6,622318,3567,47281,89652,44075,133686,0.7
50863d7c028ea36c4cfb5d857f1324f7f978e579,12646,481,2,0.0,39.6,622312,3567,47281,89651,44075,133686,0.7
50e9d01b482bfeddbd858710161c3c05b8b576bb,12646,481,2,0.0,39.6,622312,3567,47281,89651,44075,133686,0.7
7b2b24063ff24ba96d603dc5478c39dd31eebff2,12649,481,2,0.0,39.6,621978,3565,47264,89618,44043,133756,0.7
06df1702f8bcf0f1e1908dbd845085ad1ba92bde,12649,481,2,0.0,39.6,621978,3565,47264,89618,44043,133756,0.7
d59e6c85e216dab2316d52cd45f18fa4896302c0,12649,481,2,0.0,39.6,621978,3565,47264,89618,44043,133756,0.7
dd1f4ab0067e228c9aeb253599467149cbf82a81,12649,481,2,0.0,39.6,621978,3565,47264,89618,44043,133756,0.7
b8dfb2a4011d981d76ef248416c5d5c837be7ffc,12649,481,2,0.0,39.6,621971,3565,47263,89616,44042,133756,0.7
12bcffbebf98555449435a8aa5408435ffbc4c16,12549,454,2,0.0,39.6,621824,3564,47254,89599,44032,132253,0.7
62479596528ce7c565574840c13365d1577bdddb,12548,454,2,0.0,39.6,621765,3564,47253,89597,44031,132233,0.7
afc83066f838969812de4884eff759a465b86f52,12548,454,2,0.0,39.6,621706,3564,47252,89595,44030,132219,0.7
552b031bd61e82d99ee4b8661784c919ff489c69,12548,454,2,0.0,39.6,621706,3564,47252,89595,44030,132219,0.7
caee9680868d9583fa732d79deb3e8ffc66bd27d,12546,454,2,0.0,39.6,621559,3564,47246,89574,44024,132123,0.7
8257332f8045ee2b62f566d10b68b068437562f1,12546,454,2,0.0,39.6,621559,3564,47246,89574,44024,132123,0.7
b42659fbdf6fbc1c5df09649bf7b730cfd1e429e,12546,454,2,0.0,39.6,621559,3564,47246,89574,44024,132123,0.7
db5f44088b559426c81689b28b7dbe7619219fd8,12546,454,2,0.0,39.6,621559,3564,47246,89574,44024,132123,0.7
b5e4a79aba5c29bba8e3010ba3dbd0beb7fbf219,12546,454,2,0.0,39.6,621559,3564,47246,89574,44024,132123,0.7
1e625ea49bb87e4f689f377c2cdb7c3d203aaa8b,12546,454,2,0.0,39.6,621559,3564,47246,89574,44024,132123,0.7
4ac5d0858cf65d280776e24852507372e186054c,12546,454,2,0.0,39.6,621552,3564,47246,89574,44024,132123,0.7
9cf9ca23eef196b3615f14dfa5cf6024dff85f6d,12546,454,2,0.0,39.6,621548,3564,47246,89574,44024,132123,0.7
ad0f04dd90cf42011535207e661924c3b0456f1c,12546,454,2,0.0,39.6,621485,3564,47242,89569,44023,132123,0.7
182ac2b1fda0d674ae10668d3d962f54b4c249b8,12604,453,2,0.0,39.6,620945,3562,47208,89522,43984,133041,0.7
937d0523925cc639e104270d24274f22a8b07e6a,12604,453,2,0.0,39.6,620918,3559,47202,89516,43984,133041,0.7
d42d1e89c0616c203f7ad29f002811ddd440e14f,12604,453,2,0.0,39.6,620918,3559,47202,89516,43984,133041,0.7
8fcf02c26583d6ea506d083e02cafe3f9419dbf3,12604,453,2,0.0,39.6,620919,3559,47202,89516,43984,133041,0.7
274b373f0d29443a84d95e39205016120547ce28,12604,453,2,0.0,39.6,620919,3559,47202,89516,43984,133041,0.7
5e40182d954f17d825c6d3fca889acab989acd7f,12604,453,2,0.0,39.6,620900,3559,47202,89512,43985,133041,0.7
9eb1ca7a7d191424a2e94052b85d48fded0ffe6c,12604,453,2,0.0,39.6,620900,3559,47202,89512,43985,133041,0.7
fa0bcdf2593bd70425a4cae0148b26f96b1e46b1,12618,452,2,0.0,39.7,620719,3559,47193,89480,43976,133225,0.7
76c1df0cfde27167d31c112c81daa2d4fcc96686,12618,452,2,0.0,39.7,620719,3559,47193,89480,43976,133225,0.7
2f15f73cff085f00f6a597f3fd44e39c1ddbd796,12610,452,2,0.0,39.7,620356,3559,47151,89404,43956,133119,0.7
35692a360ffd2d1b9107ec6018f9fd97fda04671,12610,452,2,0.0,39.7,620356,3559,47151,89404,43956,133119,0.7
97ce9a10b23caf489a20178fa83fd006e656f5e4,12610,452,2,0.0,39.7,620354,3559,47151,89404,43956,133119,0.7
fb624cccb4c7461d84409e4fd834c4350a15e24a,12610,452,2,0.0,39.7,620354,3559,47151,89404,43956,133119,0.7
75600d4195fedb1aa32f4c1039acfab74da38fe8,12610,452,2,0.0,39.7,620354,3559,47151,89404,43956,133119,0.7
a9c94c94a3ee192a2f2fdc8ca85d99589e70704d,12610,452,2,0.0,39.7,620336,3559,47150,89402,43953,133119,0.7
88ccf9a545e525592bb0fecaa58ea97d5f25f30b,12610,452,2,0.0,39.7,620336,3559,47150,89402,43953,133119,0.7
141f4d4d3aa62042fbb672cc9a82ec563eb96f0b,12610,452,2,0.0,39.7,620336,3559,47150,89402,43953,133119,0.7
fe18883ad5880caf5f78db35eecea1b50a3ca4d7,12610,452,2,0.0,39.7,620320,3559,47150,89401,43939,133119,0.7
8a1bdd5de463e2d06132c7025c11a99fc8a3d54b,12617,450,2,0.0,39.7,620285,3559,47149,89397,43934,133111,0.7
d1679dfac55d9cc12d8f869a85109054a41ebd31,12611,450,2,0.0,39.6,619107,3547,47081,89265,43930,133055,0.7
2df3423450e67c6c384576af584a47f164b601d5,12611,450,2,0.0,39.6,619101,3547,47081,89265,43930,133055,0.7
cfa8a48bd35f1abb8ed022fac7bc86d9b9c95f9e,12612,450,2,0.0,39.4,618494,3539,47023,89193,43920,133054,0.7
54b9ef934e943fd08f008e51d5d31722ab6fbb27,12615,450,2,0.0,39.4,618494,3539,47023,89193,43920,133069,0.7
386d8b292fcb0d1a3d8bc40a567a1eee2314bfe4,12615,450,2,0.0,39.4,618456,3539,47021,89187,43920,133069,0.7
a725dad7454a1cbfe1602e88a212c5bda8a7f9ab,12822,458,2,0.0,38.5,630603,3731,48964,92212,46761,134795,0.7
bd31345ab49f2d153a2879032c7e4b4eecdac4f7,12822,458,2,0.0,38.5,630603,3731,48964,92212,46761,134795,0.7
049ec491b51dbcaef61e30301a14eb71a4497a5f,12822,458,2,0.0,38.5,630603,3731,48964,92212,46761,134795,0.7
1fa276f422048a09ce201fbf78ff730aa8b61e64,12822,458,2,0.0,38.6,630560,3731,48962,92210,46761,134763,0.7
baceaf8b75e9e610eb64c872cb82e02d1085f2fc,12822,458,2,0.0,38.6,630555,3731,48962,92209,46760,134763,0.7
353c7989c891c73e866f89a23bce0e140ab8bb2e,12822,458,2,0.0,38.6,630563,3731,48963,92210,46760,134763,0.7
7184691a60e2ac21dfd6b22fba56d2fe60f9af51,12822,458,2,0.0,38.6,630560,3731,48963,92210,46760,134763,0.7
36b7c933b444bd3df2137e38eb275e12a8ea7afc,12822,458,2,0.0,38.6,630541,3731,48962,92207,46760,134763,0.7
6b3129152bc9a9a6430b06e5e71b63bb9bfd7a19,12822,458,2,0.0,38.6,630540,3731,48962,92207,46760,134763,0.7
e82ff367b61bb0193a681d878ed47575890b3c9f,12810,458,2,0.0,38.6,629902,3731,48925,92101,46723,134625,0.7
cb612ed142b600a7a4c8bb756fb71ffa5c1a0909,12805,458,2,0.0,38.5,629534,3731,48899,92056,46718,134557,0.7
ab6391767e75357a9a12691513d9f83a4180f7e4,12800,458,2,0.0,38.5,629166,3731,48873,92011,46713,134489,0.7
6bf13e2eae33bdacf2cd94d77c6696ece1604107,12800,458,2,0.0,38.5,629158,3731,48872,92010,46713,134489,0.7
c1e23f9147dc3dfe84af0e45a86f3fccea8e7db8,12800,458,2,0.0,38.5,629215,3732,48876,92019,46715,134487,0.7
8c3c9cc9ceecdfb2fd7322b79dae94753d9538a5,12800,458,2,0.0,38.5,629215,3732,48876,92019,46715,134487,0.7
90feccceb94f5c57c16986bb1652287dd667e2c2,12800,458,2,0.0,38.5,629215,3732,48876,92019,46715,134487,0.7
449d0d505aff81fa7f45301124c1cb16a0e6d804,12800,458,2,0.0,38.5,629215,3732,48876,92019,46715,134487,0.7
b5a31a14d56c1ee24bad87e1ac7f119d638ee320,12800,458,2,0.0,38.5,629215,3732,48876,92019,46715,134487,0.7
2ddd32d28b69bcccf9f223ca5b21c518bf1920cc,12800,458,2,0.0,38.5,629215,3732,48876,92019,46715,134487,0.7
776c6e6e61bc90573545f9dc788ee40eb451254d,12909,456,2,0.0,38.4,629020,3730,48854,91994,46700,136172,0.7
3efaee1790fe541d0969e12fa24afa4e1a3041c3,12909,456,2,0.0,38.4,629020,3730,48854,91994,46700,136172,0.7
83d4cb37dc09b917e287725331d5894344a52944,12909,456,2,0.0,38.4,628998,3729,48853,91992,46700,136172,0.7
0797b89b25b01960e23efe55aa048cb8a02b77ec,12907,456,2,0.0,38.4,628802,3727,48831,91967,46685,136147,0.7
38e94f5574dba4a35bc61b7dfe5c34ec2e734f8c,12907,456,2,0.0,38.4,628802,3727,48831,91967,46685,136147,0.7
41f881452f4098c6fc5488df24f8cee0becb4393,12611,475,2,0.0,38.5,627371,3716,48715,91719,46653,131839,0.7
bda35ce7cf5f618679b886a651bd91c2ab7ad141,12610,475,2,0.0,38.5,627372,3716,48715,91719,46653,131837,0.7
ce0d075e4014743cb80dac774c3804ff8051070a,12608,475,2,0.0,38.5,627296,3716,48709,91711,46635,131809,0.7
fd50aa8ef91127c86581913e027267e58639b7cb,12606,474,2,0.0,38.5,627248,3716,48706,91707,46635,131769,0.7
c0555c89b9191c895c1f46143602e58e77a7ddbc,12604,474,2,0.0,38.5,627094,3716,48704,91694,46629,131630,0.7
49f394864ccd2ab45a23f80dcfcd31f163ad853b,12604,474,2,0.0,38.5,627077,3716,48704,91692,46629,131630,0.7
8592dee5b896050aaf25af3e56d82895e889ddde,12600,473,2,0.0,38.5,627028,3716,48701,91688,46622,131560,0.7
98c58f7b9586b98b191cb36b88b33f857514b81b,12607,474,2,0.0,38.5,627011,3716,48701,91686,46622,131670,0.7
240306744197a9d1c60763a97ae95904a279a0b5,12613,474,2,0.0,38.5,626882,3716,48693,91675,46615,131766,0.7
ed2ad9dff88cd8897b4ddb7de583c2192ef8f830,12613,474,2,0.0,38.5,626871,3715,48692,91674,46615,131766,0.7
ee317a58bdc52ae3c8d921ef3dc131d53a27953a,12613,474,2,0.0,38.5,626871,3715,48692,91674,46615,131766,0.7
e16a51bd16479d9f777a3d8de243a80019907632,12613,474,2,0.0,38.5,626716,3714,48683,91661,46611,131766,0.7
cd7bd16ca97d81b27114ce9b9d6d52cd2cc1347d,12612,474,2,0.0,38.4,626521,3714,48674,91651,46607,131726,0.7
237e99146656f4a76e5b31d4daa18d6c35ddabf3,12612,474,2,0.0,38.4,626523,3714,48674,91651,46607,131726,0.7
42d209f491733c412748706fe99756d8767ed3ee,12612,474,2,0.0,38.4,626524,3714,48674,91650,46604,131726,0.7
2dea41dffe9f7c0aef966e242c31363ff65082a3,12610,474,2,0.0,38.4,626399,3714,48671,91642,46599,131710,0.7
66e2ffcb716b1851833f4f6503a5d4882cdb7195,12610,474,2,0.0,38.4,626399,3714,48671,91642,46599,131710,0.7
2a9e65399664c4a3b421bfe4a374aebf371514b2,12610,474,2,0.0,38.4,626399,3714,48671,91642,46599,131710,0.7
f7470b84b334b31ae9e4ac6ac61117cb6be31586,12610,474,2,0.0,38.4,626399,3714,48671,91642,46599,131710,0.7
bd58ca5dd7759c990993c3d85a824bec595078e2,12610,474,2,0.0,38.4,626399,3714,48671,91642,46599,131710,0.7
d67d06a89d0df8d96ac90b3add9db4b7645e467f,12609,474,2,0.0,38.4,626265,3713,48661,91628,46592,131690,0.7
f0df880a808d204f17ccada9a91e1821fa586ae2,12574,479,2,0.0,38.5,625476,3711,48624,91550,46513,131183,0.7
bb95e8bb1a9c283b86afeae978d2f838456c5d03,12574,479,2,0.0,38.5,625441,3711,48623,91549,46512,131173,0.7
59b94366ae30e62a6385ea6e8008c9b439ca2239,12574,479,2,0.0,38.5,625286,3710,48614,91536,46508,131173,0.7
aa3cc32c98d83ae0acf65997c74e3b6eb7ac5019,12575,479,2,0.0,38.5,625284,3710,48614,91536,46508,131193,0.7
5a4761c8fd227fa582b78d14f0a49de33b17b443,12575,479,2,0.0,38.5,625284,3710,48614,91536,46508,131193,0.7
e1a09e78efd41bc8dbb095879254a89213b80464,12575,479,2,0.0,38.5,625274,3710,48613,91532,46501,131193,0.7
085b556cca202db900755b7023e6d6aea0ae24fa,12575,479,2,0.0,38.5,625226,3710,48607,91526,46495,131193,0.7
b0f55ce83544ea802d3211cccc20dc297192ed9d,12575,479,2,0.0,38.5,625225,3710,48607,91526,46495,131193,0.7
370a43e26f8602ea4ed82a24295856211a7974f1,12612,480,2,0.0,38.4,625102,3710,48605,91523,46484,131774,0.7
ab6ba6801cddd70d261357b514103fd8e95775f9,12612,480,2,0.0,38.4,625017,3710,48604,91521,46478,131774,0.7
27311cea110dfdb7ed7f92f1be00b2ca21754e0b,12612,480,2,0.0,38.4,625008,3710,48603,91519,46478,131772,0.7
7d08f4f6fa2748ad37a8c3f8046f2ad6a1913558,12612,480,2,0.0,38.4,625008,3710,48603,91519,46478,131772,0.7
630201e8da28621396e659521e5e2835a3632381,12612,480,2,0.0,38.4,625008,3710,48603,91519,46478,131772,0.7
7fff07c6e262403ccbd1b7b0e8684e57b76f5a75,12612,480,2,0.0,38.4,624991,3710,48600,91515,46478,131772,0.7
a6ad1d1312bd1a0937bf7c9297f8bd553ab050a0,12612,480,2,0.0,38.4,624991,3710,48600,91515,46478,131772,0.7
8c4fd98e15756bd1cbd913b7366bf31fa84c53ec,12612,480,2,0.0,38.4,624987,3710,48599,91514,46478,131772,0.7
ec8531426682f5431deab065ecb9f2417eb98e5a,12611,480,2,0.0,38.4,624792,3710,48590,91504,46474,131732,0.7
d79acd4d68cdfdc41adea3e0b41311c3430d65ed,12611,480,2,0.0,38.4,624764,3710,48589,91503,46473,131722,0.7
49d833aa83f6d4681c6c9f8473080f6e78124a0e,12611,476,2,0.0,38.4,624736,3710,48588,91502,46472,131712,0.7
14663ed63301a5cbbff4afdef366afb62121c585,12611,476,2,0.0,38.4,624733,3710,48588,91502,46469,131712,0.7
18d45b42b6504c03c71467a91ac5e67c9528f068,12606,476,2,0.0,38.5,624591,3710,48582,91495,46455,131688,0.7
3bbea4aee93ea90f153af4640a548fe40c4a7e65,12605,476,2,0.0,38.5,624575,3710,48582,91495,46455,131666,0.7
1ab43a919297851e8d581bcb1adb7432c82270b4,12600,476,2,0.0,38.5,623515,3707,48504,91389,46262,131647,0.7
becba79d85a5e90ab9201a44137be68fb28228b6,12599,476,2,0.0,38.5,623516,3707,48504,91389,46262,131589,0.7
634215fcd411dd8a6d5c0b6d7d8dbf4eb66494d8,12599,476,2,0.0,38.5,623516,3707,48504,91389,46262,131589,0.7
72adc7c0ede01e25cd77437eaef7a21b3530157f,12599,476,2,0.0,38.5,623516,3707,48504,91389,46262,131589,0.7
38d7602d8630c1cb235accfc5d460c969e9d9d6d,12610,476,2,0.0,38.6,623510,3707,48503,91388,46262,131722,0.7
6cd3d240fb0492ffb8164022bfd9b382c33d1c7f,12606,476,2,0.0,38.6,623365,3705,48492,91366,46261,131674,0.7
ef7e20e12eae2638015ff91b3356eb2f32f601cc,12606,476,2,0.0,38.6,623351,3705,48492,91366,46261,131674,0.7
775b3ce3a7421a9265b3fa7ef11bc31bcf212cf9,12601,476,2,0.0,38.7,622971,3705,48463,91317,46256,131606,0.7
1e57760394583889f2cb7fb87d021471e8c46f0c,12604,476,2,0.0,38.7,622978,3705,48462,91316,46256,131632,0.7
e5a93e83b5706ff3178bdcc4d9d13f6693a34e95,12603,476,2,0.0,38.7,622955,3705,48456,91310,46254,131627,0.7
96dc0c6a6e2be2f32714acba94299511b8948e95,12602,476,2,0.0,38.7,622926,3704,48447,91304,46224,131617,0.7
a7a6d354b109164c99efdab323401b55d81c528d,12602,476,2,0.0,38.7,622926,3704,48447,91304,46224,131617,0.7
1521296dd253c829dedc3e83ffda4cd2622667e2,12602,476,2,0.0,38.7,622927,3704,48447,91304,46225,131617,0.7
b6b9972538ffcbae10b7e80e82cc444254d49103,12606,477,2,0.0,38.8,622620,3700,48418,91268,46220,131722,0.7
970aeaedbd3f83f7817a3c84973931488d56adfc,12610,477,2,0.0,38.8,622396,3699,48397,91235,46217,131709,0.7
4c06b4c35d2bc7c3e639755218db1b1f5f6d1c74,12610,477,2,0.0,38.8,622396,3699,48397,91235,46217,131709,0.7
d365e78e33345f5e40def8a78f882e8f551a3879,12610,477,2,0.0,38.8,622304,3697,48388,91218,46216,131709,0.7
824c6d8ad389bd9659a43cff81d2eaea3875fc95,12608,477,2,0.0,38.8,621994,3693,48371,91182,46215,131693,0.7
370c135144ce2d1b00e9938e267548e78ee6edaf,12608,477,2,0.0,38.8,621996,3693,48371,91182,46224,131693,0.7
e5846a573f238bde05eb74850f892bc1171773ca,12608,477,2,0.0,38.8,621998,3693,48371,91182,46224,131693,0.7
03443f5efd5c82caf400fb8e019744f4240ae2f2,12608,477,2,0.0,38.8,622002,3693,48372,91183,46226,131693,0.7
e3c18e297e87705284b602b17b37a7d87c38c843,12625,478,2,0.0,38.8,621750,3688,48356,91146,46225,132106,0.7
038f831d5b30aea78b5903ce5329906e649fde63,12625,478,2,0.0,38.8,621697,3688,48353,91141,46223,132106,0.7
20fd2df1e9a99e4032a9ce44d115a2ca2fad99a3,12625,478,2,0.0,38.8,621697,3688,48353,91141,46223,132106,0.7
44ff2a10491b48f393b46703b8b22d9699497337,12625,478,2,0.0,38.8,621681,3688,48352,91139,46223,132106,0.7
4d43c25447375cd2011d4c114d1d10cfa1875f2c,12625,478,2,0.0,38.8,621708,3688,48352,91142,46223,132106,0.7
99659a15c8b94a6066aaf7bb840feb987eafee76,12625,478,2,0.0,38.8,621686,3688,48352,91142,46223,132106,0.7
a180d63e187c370d1ac4327483a712311a900da5,12589,479,2,0.0,38.8,621768,3685,48352,91138,46215,131596,0.7
2a7186f4a9b899a21d3ea5f20d5fb75e97717db6,12589,479,2,0.0,38.8,621743,3685,48349,91135,46212,131596,0.7
2c9c5f8274718d627d09b6b63b7d358fff5a03de,12589,479,2,0.0,38.8,621743,3685,48349,91135,46212,131596,0.7
505368ad3f02d490cc969a5949cfcb9e51c00828,12589,479,2,0.0,38.8,621743,3685,48349,91135,46212,131596,0.7
3a0686d88c512a7460181843999ef621283ce740,12589,479,2,0.0,38.8,621755,3685,48349,91135,46212,131596,0.7
eeb055a37705b8c8ff1e13acefe0ba24382c66fe,12586,479,2,0.0,38.8,621736,3685,48348,91132,46211,131564,0.7
10df74af013f304596cb1f715178a46e7d0c55c0,12586,479,2,0.0,38.8,621736,3685,48348,91132,46211,131564,0.7
7dc48008befe33d14e032625eaf36e6698de61cb,12590,477,2,0.0,38.9,620495,3674,48264,91002,46116,131958,0.7
cce25865cfd3dffbb9b08bfb473ca98ea160b357,12590,477,2,0.0,38.9,620499,3674,48264,91002,46116,131958,0.7
9421ba0f1117d48d9dd5aeb3dc06a2393af4e927,12590,477,2,0.0,38.9,620494,3674,48263,91002,46107,131958,0.7
8bba0b1d713b5b8f178cccb8c5d601286ab676ce,12590,477,2,0.0,38.9,620494,3674,48263,91002,46107,131958,0.7
32a8ef52ddf20aa2068dfff8f9e73bd5d27ef610,12590,476,2,0.0,38.9,620471,3674,48262,91001,46107,131956,0.7
531a81581aed152bdbcfa8801593f26918dc1d02,12590,476,2,0.0,38.9,620457,3674,48262,91001,46107,131956,0.7
b9a62860b1b8eaf626e599f55a4c195feaf365f8,12591,476,2,0.0,38.9,620454,3674,48262,90999,46107,131961,0.7
4ee65c29130b5a32f24a4c3f5bc330ac6febbac2,12594,476,2,0.0,38.9,620500,3674,48262,91001,46107,132006,0.7
0be1b6748fe63c0cd0de3a68168d23f476d86740,12592,476,2,0.0,38.9,620562,3674,48267,91004,46128,131990,0.7
bc6862bb0d0699adc6d66def24bcf3288e277bc8,12592,476,2,0.0,38.9,620562,3674,48267,91004,46128,131990,0.7
6e19b53dd79864e03b60cd2be77d072bca6a90c0,12592,476,2,0.0,38.9,620562,3674,48267,91004,46128,131990,0.7
17cbcd86a8526248369ee77d5c690a5789e44fa1,12592,476,2,0.0,38.9,620556,3674,48264,90998,46128,131990,0.7
2c9fe06fc5883ff89a67edddc4528c10134befc0,12592,476,2,0.0,38.9,620522,3674,48263,90994,46127,131988,0.7
70057949d2f178601136d1b4822fbf20ef3aaac1,12592,476,2,0.0,38.9,620493,3674,48262,90990,46125,131978,0.7
80766723588985c4592ffb336a76eabc046d01a9,12592,476,2,0.0,38.9,620464,3674,48261,90986,46123,131968,0.7
333227fbd13821365cec1bdbfcb9314a239bea0f,12592,476,2,0.0,38.9,620463,3674,48260,90985,46122,131968,0.7
6165a7d816519b96294453eebfde7d80dd941c14,12582,476,2,0.0,38.9,619188,3663,48158,90836,46079,131865,0.7
8b6c777369e43af36d4a18a046989b0c9b354e39,12536,473,2,0.0,39.0,619054,3660,48144,90820,46082,131181,0.7
efe7ea6fd0e5634de1df899af132b87429537b97,12536,473,2,0.0,39.0,619025,3660,48143,90816,46080,131171,0.7
0739dc533b50425c17c584f55e60678fd2fe36a6,12534,473,2,0.0,39.0,618752,3658,48132,90796,46081,131147,0.7
0a6e6fe6fab5fd8e680e6406e192ff755fe1044a,12533,473,2,0.0,39.0,618712,3658,48131,90794,46081,131133,0.7
9c230f1b7cf1e9d9ecbd100c7b8f65fa0f7c3a55,12533,473,2,0.0,39.0,618712,3658,48131,90794,46081,131133,0.7
831931fa4bdb10eddb0cb0a52f8aea63f4419487,12533,472,2,0.0,39.0,618712,3658,48131,90794,46081,131133,0.7
eb44a711fba8adf81001207d5c000f43880b0bb4,12533,472,2,0.0,39.0,618682,3658,48128,90787,46072,131133,0.7
d6e770e3491b75fa20c02336db89d269abc05070,12533,472,2,0.0,39.0,618682,3658,48128,90787,46072,131133,0.7
89e7e50bbb91ba8524a0d45e67d19869c1d29dce,12533,472,2,0.0,39.0,618682,3658,48128,90787,46072,131133,0.7
949039303c6a0f3665fc114a0cad3a861e0a76a4,12533,472,2,0.0,39.0,618628,3658,48127,90784,46071,131133,0.7
172de686f1e1df9daa05f93dd8256e0fcebeb10c,12533,472,2,0.0,39.0,618620,3658,48127,90784,46071,131133,0.7
77d3c768ec4b8c38409480b7f5787411697860d6,12533,472,2,0.0,39.0,618620,3658,48127,90784,46072,131133,0.7
bdab3b5e96df102166b778d564dada65e3e87457,12532,472,2,0.0,39.0,618593,3658,48126,90783,46071,131125,0.7
947f8b68c99533beb2d67d5c4f829548e1ec83a6,12532,472,2,0.0,39.0,618593,3658,48126,90783,46071,131125,0.7
c3d36cdd88e76d0a6ac721bd7c004631f5bfb6a5,12532,472,2,0.0,39.0,618593,3658,48126,90783,46071,131125,0.7
f4ca80cfa95302d4a74f15c4ff0bb63dfbaed9b2,12532,472,2,0.0,39.0,618593,3658,48126,90783,46071,131125,0.7
a76724f7ae7ff3722fea3e1145aa0a978c721b45,12532,472,2,0.0,39.0,618593,3658,48126,90783,46071,131125,0.7
038091f6b65bf63d028af175dbbbc7285815d6be,12532,472,2,0.0,39.0,618593,3658,48126,90783,46071,131125,0.7
9fcfe79ce3ef67ece696b7b2e854543990c79f19,12532,472,2,0.0,39.0,618533,3658,48107,90764,46052,131125,0.7
81bf8d30766b1b129b87abde15239645cb127046,12532,472,2,0.0,39.0,618535,3658,48107,90764,46052,131125,0.7
de9d8ef1a5d1707631fee53c70b36b882960983c,12543,472,2,0.0,39.0,618483,3658,48103,90757,46051,131305,0.7
2cc38c460ff912238efc759a499c7f144981efbc,12543,472,2,0.0,39.0,618431,3658,48100,90755,46051,131307,0.7
a1b90de21c544609d9e328a5e9d46b167884f200,12543,472,2,0.0,39.0,618431,3658,48100,90755,46051,131307,0.7
2671621565cde8adda27b81d1699663f71d9b3d4,12543,472,2,0.0,39.0,618431,3658,48100,90755,46051,131307,0.7
3c27c5763d9049f0d000d5670dea033122361883,12543,472,2,0.0,39.0,618431,3658,48100,90755,46051,131307,0.7
5cd0075cc0c387cf143c28390e513f400dc2cd74,12543,472,2,0.0,39.0,618402,3658,48097,90754,46050,131307,0.7
8de81a8b780807ca50b883b01f0ce671933a00a2,12550,470,2,0.0,39.0,617828,3653,48057,90686,46030,131434,0.7
3164220df93579fd013bdab6dab1bfc3d855db09,12550,470,2,0.0,39.0,617854,3653,48059,90684,46036,131434,0.7
c248fe29bc9d52741e69ee425dfccdf7edb99f83,12550,470,2,0.0,39.0,617854,3653,48059,90684,46036,131434,0.7
4ac92995c5779a1d069789e7ca54bc74ec4052e2,12550,470,2,0.0,39.0,617854,3653,48059,90684,46036,131434,0.7
89e603788a50be3c45ac11690551d6a8124dfe89,12550,470,2,0.0,39.0,617852,3653,48059,90683,46036,131434,0.7
127f88731a547eaf6e99f3aa144715bca1f98554,12550,470,2,0.0,39.0,617852,3653,48059,90683,46036,131434,0.7
550ce61dc8c0c491da9329c8609aadd1d47ca0f3,12550,470,2,0.0,39.0,617846,3653,48059,90683,46036,131434,0.7
3d8bd0283eab9121678a09186e5dfa0e82b44ee6,12549,470,2,0.0,39.0,617752,3653,48056,90676,46027,131400,0.7
75b349d93a6dde904fae7065be7fd724ae5d7f36,12550,470,2,0.0,39.0,617765,3653,48057,90682,46033,131405,0.7
eec20ed14f02ede937dd6bf98d613e8c8228bc80,12549,470,2,0.0,39.0,617678,3653,48049,90672,46031,131400,0.7
881be5e5d3746da0d8f1a837d2d1bb0f83776b81,12549,470,2,0.0,39.0,617594,3653,48047,90668,46029,131366,0.7
4491e7d6d6911ca0ecf129d7528dda2717f8c938,12538,470,2,0.0,39.0,617279,3653,48033,90629,45949,131263,0.7
f6d13c7e180bb426f95664c9af00e8cc9ed65d47,12538,470,2,0.0,39.0,617277,3653,48033,90629,45949,131263,0.7
9cdec9cece8b8ca4a38b1136c51b2ecb181072f9,12535,470,2,0.0,39.0,617256,3653,48030,90623,45955,131248,0.7
a1d994c131dc5b5f42e1693e92e058493382593e,12535,470,2,0.0,39.0,617256,3653,48030,90623,45955,131248,0.7
fc079210152174fa3bfd08fd6443c1f23761b891,12535,470,2,0.0,39.0,617256,3653,48030,90623,45955,131248,0.7
9c833437a19b270e2dcf4e081908b49a0dfaa0ca,12535,470,2,0.0,39.0,617254,3653,48030,90623,45955,131248,0.7
2d9e3ff6879d41c3d9bca5629b35d1162734e7f5,12534,470,2,0.0,39.0,617020,3650,48016,90597,45954,131238,0.7
c04e0497de929ce60714d6606e6284b3fc8d24c0,12458,469,2,0.0,39.0,616189,3636,47956,90515,45922,130105,0.7
eae322d2038ab18ddee022ea97fcd8e7d1a38d19,12457,469,2,0.0,39.0,616155,3636,47955,90512,45922,130083,0.7
83b7263922e2e97b7cdc7208afec55184b12ccb2,12457,469,2,0.0,39.0,616155,3636,47955,90512,45922,130083,0.7
22ecf8ae069c3e623132c1babff7e0e67f6c7ec3,12457,469,2,0.0,39.0,615741,3629,47925,90471,45906,130083,0.7
b008af50a121e3e1043520fc44334c4a36639cd6,12457,469,2,0.0,39.0,615741,3629,47925,90471,45906,130083,0.7
c05d03565f1e460ffde706c05b4485d03b4f3a35,12452,469,2,0.0,39.0,615620,3628,47921,90465,45894,130003,0.7
66ed965406de8325fb586821ab985a8e9329af0f,12452,469,2,0.0,39.0,615618,3628,47921,90465,45894,130003,0.7
df87b2e214c7576184e85e1be145069fc0c4d871,12450,469,2,0.0,39.0,615546,3628,47917,90460,45882,129967,0.7
b0050dc23848ff4a809f451db9e74250e32ab4ac,12450,469,2,0.0,39.0,615546,3628,47917,90460,45882,129967,0.7
35151fe17b47c0af22787db4e4964b0cfcfdb215,12450,469,2,0.0,39.0,615504,3627,47914,90457,45882,129977,0.7
046a81aa734dc4b61b66c3214ba6888a72d68bc9,12449,469,2,0.0,39.0,615447,3627,47910,90448,45869,129957,0.7
ab1a19b0ab16a877c518d7003d4ba03ca0eb3e41,12491,483,2,0.0,38.7,612463,3615,47736,90094,45795,130898,0.7
32cfb62fdb9dca215250e4ca8285754e9393767d,12490,483,2,0.0,38.7,612389,3615,47732,90089,45794,130893,0.7
dc750454dbc1bf7f00734bd6503ec63e470770cb,12483,483,2,0.0,38.7,612088,3615,47717,90059,45763,130790,0.7
b7e5893dfba5e88c57d40a11a37103a3e06c9318,12483,484,2,0.0,38.7,612085,3615,47717,90059,45763,130790,0.7
8a70fe0ff5f241aec8856f8091c77fdce35ad256,12483,484,2,0.0,38.7,612002,3615,47717,90053,45763,130699,0.7
37142709edd2b1b5da5a0db2036eacd9f608c8b5,12483,484,2,0.0,38.7,612002,3615,47717,90053,45763,130699,0.7
96a912507c7fa942dfe842cef8090255edc5bc1e,12476,484,2,0.0,38.7,612032,3614,47715,90050,45754,130605,0.7
67d637fc3e18260c24709492150646bbcf5852a7,12476,484,2,0.0,38.6,612033,3614,47715,90050,45754,130605,0.7
ad09085cb757f32320a444b82432449b46883190,12476,484,2,0.0,38.6,612033,3614,47715,90050,45754,130605,0.7
8685bc8f28bdbe86166439e716c97617fc804764,12476,484,2,0.0,38.6,612033,3614,47715,90050,45754,130605,0.7
24726b05f18e958f4d2492a805352f6442e0bd7a,12476,484,2,0.0,38.6,612033,3614,47715,90050,45754,130605,0.7
ee09d679b5138b4d075a4ff3c38904c61b2487a5,12476,484,2,0.0,38.6,612033,3614,47715,90050,45754,130605,0.7
d2c21399cc01a25f2a4bcf1f786d3be9dc2ace6e,12476,484,2,0.0,38.6,612033,3614,47715,90050,45754,130605,0.7
d57c7052586a95455645fe9800dce8b65baf1237,12476,484,2,0.0,38.6,612033,3614,47715,90050,45754,130605,0.7
fc3f778860fae5c6cfa09046b97e198856ec70c5,12476,484,2,0.0,38.6,612033,3614,47715,90050,45754,130605,0.7
9b373b1541e7ec5f187fb775477dba2e3b8d11bc,12480,484,2,0.0,38.7,611991,3614,47715,90047,45754,130633,0.7
24211aa2741f29eda14f21781138119a461ce289,12479,484,2,0.0,38.7,611963,3614,47711,90042,45752,130631,0.7
e56c1cf8c16f527bf91b74399602138e215f4186,12479,484,2,0.0,38.7,611963,3614,47711,90042,45752,130631,0.7
7943e94f0eb916d2d274e2da44640ceb14b3b590,12510,484,2,0.0,38.7,612530,3615,47705,90034,45767,130907,0.7
c05bde8b9c2e4258d250d85c8db5f6056f2a2f0a,12529,478,2,0.0,38.8,610823,3604,47568,89796,45616,131259,0.7
e5ea152fd3d36852dd2831757c62b21e11dd4bfe,12529,478,2,0.0,38.8,610823,3604,47568,89796,45616,131259,0.7
6ab1986e1e31cb54ea3864f6389829ea9bf36582,12529,478,2,0.0,38.8,610739,3602,47559,89781,45616,131259,0.7
0704ab47faaf74f5c31a1b2304bfbb6449c33b25,12529,478,2,0.0,38.8,610765,3602,47561,89781,45616,131249,0.7
b2349a98e4e2d6d19469e1557a771946ae9afe43,12322,434,2,0.0,38.9,609194,3595,47466,89590,45568,128126,0.7
9208cb2e5e44623ebe3adb587a665dcca8604879,12321,434,2,0.0,38.9,609209,3595,47466,89593,45577,128111,0.7
6580a0db156c2cc761e4f094409a66eaacc6c4a1,12513,433,2,0.0,38.7,607125,3585,47256,89381,45509,131150,0.7
bd1abcc92b36f05f6e75e1a2b8449ec5ddd7a135,12513,433,2,0.0,38.7,607125,3585,47256,89381,45509,131150,0.7
3def7f1d4f2db5878159f42403113262292a4528,12512,433,2,0.0,38.7,607105,3585,47254,89373,45509,131159,0.7
fc501f33761ae35a48f257d6d973d835fccd6da7,12482,433,2,0.0,38.7,606706,3582,47205,89323,45483,130789,0.7
d7d792e74a75b1aa147d424a51e9c3459e6becea,12478,433,2,0.0,38.7,606708,3582,47205,89323,45483,130769,0.7
5787ff407e67cd751944b555c54141e40f9a5276,12478,433,2,0.0,38.7,606699,3582,47204,89322,45483,130769,0.7
fede493d59f17ff2bfc0744b296d90bd36130386,12478,433,2,0.0,38.7,606711,3582,47205,89324,45483,130767,0.7
ba63f25864a132ce6d3ea1ace62c7df7013a73ef,12478,433,2,0.0,38.7,606648,3582,47191,89310,45475,130767,0.7
ce6c95025d33aac663ecdfb99ff92f2d71731263,12447,437,2,0.0,38.7,606345,3581,47173,89268,45440,130364,0.7
ceaddbfa33fce56f091a8b656e11c9a3cab9b5d0,12457,432,2,0.0,38.7,606293,3581,47169,89261,45439,130472,0.7
8c938724d16fc2f36099cec3063465634d3ab186,12457,432,2,0.0,38.7,606293,3581,47169,89261,45439,130472,0.7
457a1f1991a1d01faa074796cc476f6f0b7846cd,12457,432,2,0.0,38.7,606277,3581,47169,89253,45439,130472,0.7
f02817f6fa1df304b2a1ad2df266406b79a00f0b,12457,432,2,0.0,38.7,606277,3581,47169,89253,45439,130472,0.7
0507817f192975dc1959772571df3b0d88e58053,12426,434,2,0.0,38.7,606154,3579,47156,89232,45423,130031,0.7
4ddbf2bb4bb4769c0dc84a9e51f34da2910985c1,12426,434,2,0.0,38.7,606154,3579,47156,89232,45423,130031,0.7
a6cf25909da76a3250c07d5e7e8be813e678ba51,12426,434,2,0.0,38.7,606152,3579,47157,89231,45421,130031,0.7
40cb99e30ea4b169182c1f94b6700efbd7def28f,12426,434,2,0.0,38.7,606152,3579,47157,89231,45421,130031,0.7
4ac99dfea9d7fed6093d9aa9df8e1cb46e74f751,12426,434,2,0.0,38.7,606152,3579,47157,89231,45421,130031,0.7
97ea13651f88a8d4a1862146c35069c1f8066f54,12426,434,2,0.0,38.7,606155,3579,47157,89231,45421,130031,0.7
d1f268d0b75b82bd3e0f68da13b30e084dec056f,12426,434,2,0.0,38.7,606155,3579,47157,89231,45421,130031,0.7
0368d59ddb67093d15873f37a2319bdc2d5611be,12426,434,2,0.0,38.7,606155,3579,47157,89231,45421,130031,0.7
01b5e02eb4db1b461f62bbb19c1e85db366050be,12426,434,2,0.0,38.7,606155,3579,47157,89231,45421,130031,0.7
596d7b876dcd9a9d5a5242622e3abaf8f069f3dc,12426,434,2,0.0,38.7,606155,3579,47157,89231,45421,130031,0.7
904fc8e66186298f0d030013dc5fedea4ddf4058,12426,434,2,0.0,38.7,606155,3579,47157,89231,45421,130031,0.7
f6c8cf91614d118bb13cc4fd643a02cd23318325,12426,434,2,0.0,38.7,606154,3579,47157,89231,45421,130031,0.7
ff7cb4537e91f575821700e104608d73a3ce177d,12426,434,2,0.0,38.7,606154,3579,47157,89231,45421,130031,0.7
5028e4a928fee90f353dc820089761758817c0f0,12426,434,2,0.0,38.7,606154,3579,47157,89231,45421,130031,0.7
8026442e486c5fde70c855fe88839bc2411a5ba1,12426,434,2,0.0,38.7,606186,3579,47161,89235,45425,130039,0.7
0c09e9fee15b5621086fc03e60a4deaa29d83c01,12426,434,2,0.0,38.7,606172,3579,47161,89232,45426,130039,0.7
445503f7fc970494163b113d7bc8734693ded417,12426,434,2,0.0,38.8,606080,3579,47156,89221,45415,130023,0.7
8828ac173a57f77ab0b89904f6456de08d480044,12426,434,2,0.0,38.6,605830,3579,47154,89215,45405,130023,0.7
145417135d75eb8cf627b585ea3231380610fd9f,12424,434,2,0.0,38.6,605545,3576,47135,89166,45370,130007,0.7
daa28d4d6eb9c83457c7a8b9abee5190021d353e,12424,434,2,0.0,38.7,605420,3576,47134,89163,45365,130007,0.7
e2bd4bb6c6a584b6e93040bfa09d2f1d0fcf7ce1,12424,434,2,0.0,38.7,605415,3576,47134,89163,45365,130007,0.7
370682527a0369d3443cd1058eb24e83edbcaa0f,12424,434,2,0.0,38.7,605414,3576,47134,89163,45365,130007,0.7
9cc78cbedaea83dc9ac0d593a4b1352d5f990f0c,12422,434,2,0.0,38.7,604976,3575,47117,89136,45227,130099,0.7
50c736b33a87cd95ac263b76d90b5ae7380eb73f,12420,434,2,0.0,38.7,604689,3572,47098,89087,45192,130083,0.7
73b70e3824f049e3e3808e8255a8188a924daf64,12420,434,2,0.0,38.7,604662,3572,47097,89085,45179,130081,0.7
1b52fdc61be68b64ccb09f35ee117a83fd0a3b4b,12417,434,2,0.0,38.7,604642,3572,47096,89083,45179,130055,0.7
cf00f6a06b256e9c4defe226b6a37aa83c40f561,12450,430,2,0.0,38.7,604615,3572,47095,89080,45178,130564,0.7
adecd8aa6f1e57974f115a2e33b4288eb044a4bd,12450,430,2,0.0,38.7,604615,3572,47095,89080,45178,130564,0.7
145767dbd1be0dac565ae841e8f41b9a85117515,12450,430,2,0.0,38.7,604503,3572,47071,89045,45155,130564,0.7
7085640e72e1451e3f0e960f2d4bd8b128e09ce4,12450,430,2,0.0,38.7,604503,3572,47071,89045,45155,130564,0.7
a1a196da850a65050232ab10a929ac9eb66560b5,12450,430,2,0.0,38.7,604503,3572,47071,89045,45155,130564,0.7
f13e7e506a761bdc8c004e53478c0dd17739dde1,12450,430,2,0.0,38.7,604503,3572,47071,89045,45155,130564,0.7
4d4392ae07d36e0afc56ad20eeda602bc62e5e0f,12448,430,2,0.0,38.8,603775,3572,46976,88908,45096,130542,0.7
3b5ff3f21ab164fa78f4e1ba67316edf9de46180,12448,430,2,0.0,38.8,603774,3572,46976,88908,45096,130542,0.7
659dd43350e99cb3fb258a3552c6c558f844ebf0,12448,430,2,0.0,38.8,603774,3572,46976,88908,45096,130542,0.7
2a72008cdc6eb6c879c76a032ff0e9cd874ba3a7,12447,430,2,0.0,38.8,603744,3571,46969,88902,45082,130537,0.7
93eda84f7ab7fe3924577d4af57a3cffbe8562ef,12447,430,2,0.0,38.8,603744,3571,46969,88902,45082,130537,0.7
31cee6b2d8d238bcc54799f1152f8fb95c48a2d1,12447,430,2,0.0,38.8,603744,3571,46969,88902,45082,130537,0.7
31c801104303678a790e33586aeb388833fd90d6,12447,430,2,0.0,38.8,603744,3571,46969,88902,45082,130537,0.7
5b62b13eb1027b9d0a50059d744c231658ff5449,12447,430,2,0.0,38.8,603744,3571,46969,88902,45082,130537,0.7
7a7e6ff61220ca866e73619a7b6176a9b863df75,12406,431,2,0.0,38.9,602720,3568,46892,88802,44997,130076,0.7
6725dc4d5168f41180d4e4acb73fde5b78abf062,12406,431,2,0.0,38.9,602720,3568,46892,88802,44996,130076,0.7
19f9794d81029d0c2eb4d3086b15b1142babc1fb,12406,431,2,0.0,38.9,602722,3568,46892,88802,44996,130076,0.7
beed583f8ea3d19285a5ec6745ee0cf3206ee4a3,12409,431,2,0.0,38.9,602729,3568,46892,88802,44996,130095,0.7
46a45e35c70847a1b9d790e1660897a69668d854,12409,431,2,0.0,38.9,602729,3568,46892,88802,44996,130095,0.7
e3a7b160e7087b6331ea28d9ad421755e5b59f33,12384,431,2,0.0,38.9,602465,3568,46893,88803,45001,129903,0.7
3e28b55d7808546fc42afdfa492f22f2a2323502,12384,431,2,0.0,38.9,602470,3568,46895,88805,45006,129903,0.7
a237cd555b7524c8385fe64b3573093bacace159,12384,431,2,0.0,38.9,602449,3568,46891,88797,45006,129903,0.7
82ae1c6818d23f0cdf4c045589851bf82f7facc6,12384,431,2,0.0,38.9,602417,3568,46891,88797,45006,129903,0.7
e01084ed83316768a3d8996c9034c1b7e46a57c2,12384,431,2,0.0,38.9,602405,3568,46889,88793,45006,129903,0.7
705bb71fa30383d08afeb3fed9553ae37ba1e7e8,12384,431,2,0.0,38.9,602409,3568,46889,88792,45004,129903,0.7
ccdeddd70c8e1ca54cf2367fdd5c41962f055421,12384,431,2,0.0,38.9,602409,3568,46889,88792,45004,129903,0.7
69bbcc70983d4f30b5ce21cba188cbca6fac7df4,12384,431,2,0.0,38.9,602409,3568,46889,88792,45004,129903,0.7
b582246ce27c53379c64c013205081c6a65ca325,12384,431,2,0.0,38.9,602409,3568,46889,88792,45004,129903,0.7
53189c77ba52b7077ab7eb33a7238e2ee69ed4e0,12384,431,2,0.0,38.9,602383,3568,46888,88790,45004,129901,0.7
67b5ca239ead5549122a5b10e8a372cd1c8dca81,12384,431,2,0.0,38.9,602357,3568,46887,88788,45004,129903,0.7
715c9b90f537a215f38da5a8ddad19977222860b,12376,431,2,0.0,38.9,602328,3568,46886,88785,44999,129776,0.7
0c37a153864edc338a2a3ce9f0c67513861286bf,12376,431,2,0.0,38.9,602322,3568,46886,88784,44999,129776,0.7
3ce88dfd9eb849693f1b196cf5d790b4eb59261b,12584,429,2,0.0,39.0,601159,3559,46809,88684,44986,133019,0.7
be0c8ddfd2a6d3c0f2e38b0b980d8fe73980ca3f,12584,429,2,0.0,39.0,601130,3559,46808,88681,44981,133012,0.7
bd526a1ad698d7e181b98c866b7669acb5b6c9bb,12584,429,2,0.0,39.0,600967,3559,46795,88667,44956,133012,0.7
c06ebe2a3a7dd93e8ea554419fced892ec4ecce7,12584,429,2,0.0,39.0,600967,3559,46795,88667,44956,133012,0.7
5a2ec17669723102a8201d255d34dec942abed5d,12584,429,2,0.0,39.0,600967,3559,46795,88667,44956,133012,0.7
b4d9770a7097491451c03c4dda1479e8d389a898,12584,429,2,0.0,39.0,600967,3559,46795,88667,44956,133012,0.7
5a9eb3c20a3867d6ca5ba0d4bea87e1760bab84c,12574,429,2,0.0,39.0,600782,3559,46791,88651,44944,132896,0.7
708d634e8c4db75642b3e7ea07226397664870ae,12598,429,2,0.0,39.0,600469,3557,46750,88601,44927,133289,0.7
59d0dee02501570bca198ad007d9658fdfe08457,12623,429,2,0.0,39.0,600671,3558,46776,88632,45011,133573,0.7
04e9ff7d1e9d7b7cc5811a1ebdf3ebf098e9505a,12623,429,2,0.0,39.0,600671,3558,46776,88632,45011,133573,0.7
5a19b043027cea223a47bb1a19e637114827308d,12616,429,2,0.0,39.0,600550,3558,46766,88618,45004,133537,0.7
dea5ec2f00cfffeb0be15367c56afef395b94e8f,12626,429,2,0.0,39.0,600672,3558,46794,88653,45027,133552,0.7
02e828cf72c6f0393b3ea6f48363f516ad335121,12626,429,2,0.0,39.0,600678,3558,46792,88651,45028,133552,0.7
886e5663dc804d9ce5ddb0a8cee9a592d4fd39d9,12626,429,2,0.0,39.0,600678,3558,46792,88651,45028,133552,0.7
0c79e40f8772672daedd45db516e003d9569e038,12626,429,2,0.0,39.0,600678,3558,46792,88651,45028,133552,0.7
6dc6308cc6ba0f189b83cba889ee7134e56ec002,12626,429,2,0.0,39.0,600672,3558,46791,88650,45028,133552,0.7
9396ba216a4f2f115bd7d73c0f78dbf12e57219c,12626,429,2,0.0,39.0,600672,3558,46791,88650,45028,133552,0.7
5851eb329df74c2b509e9cabf13660ed4331b581,12626,429,2,0.0,39.0,600672,3558,46791,88650,45028,133552,0.7
a1f4642314ba36dd788c3c15838a0b32c9b91963,12626,429,2,0.0,39.0,600672,3558,46791,88650,45028,133552,0.7
407e5431cbcf956f153ecc74f1a8f7ad9f420fd0,12626,429,2,0.0,39.0,600672,3558,46791,88650,45028,133552,0.7
deb15db02c297df608ede52936b49658d985847e,12626,429,2,0.0,39.0,600756,3558,46791,88645,45028,133552,0.7
78a448ee83a3648f5dc8d0b41bca345d236b0742,12630,429,2,0.0,38.9,600649,3558,46782,88624,45026,133590,0.7
b7354017922d73f79adcf967e11e483154bdae17,12630,429,2,0.0,38.9,600649,3558,46782,88624,45026,133590,0.7
263a67b2772b870322d9007ff9ca36a35ebfa36b,12639,433,2,0.0,39.0,600542,3558,46773,88603,45025,133703,0.7
5147a0b52451ef5c6aa09c67ff82ee1e188f2c30,12639,433,2,0.0,39.0,600452,3558,46776,88606,45025,133703,0.7
4e6af3667861d2951ab18be0bc9db8b3f6698f88,12640,433,2,0.0,39.0,600452,3558,46776,88606,45029,133708,0.7
548028b86abbeea348cb94cea1c5f2f99ba2cdb7,12640,433,2,0.0,39.0,600455,3558,46776,88606,45030,133708,0.7
694bc3038bcf2c8e5c4053fc31a5c784c9366da3,12640,433,2,0.0,38.9,600459,3558,46776,88606,45031,133708,0.7
716e290a60c801c082bd32d7d4641f0f2a1af0cc,12399,461,2,0.0,38.9,599821,3556,46720,88550,45023,129887,0.7
c35d63c455399a97bf2f885339f2784518460cdf,12399,461,2,0.0,38.9,599821,3556,46720,88550,45023,129887,0.7
531b1e9840f37b76fa0d5806d4ee3e2d1434c441,12399,461,2,0.0,38.9,599821,3556,46720,88550,45023,129887,0.7
8b1ac95708f96d50d83c60b70c66e714cbc91196,12394,459,2,0.0,38.8,599256,3550,46656,88463,45009,129841,0.7
d1868765dc157ba8c44dcaa2542899136821a7c0,12394,459,2,0.0,38.8,599256,3550,46656,88463,45009,129841,0.7
8770503fd4051c44b90b7ad7f57cc81efb2cb6b2,12394,459,2,0.0,38.8,599191,3550,46640,88446,44990,129841,0.7
3b6c74d5a434ccab2116bf1984be9012198ff4bf,12394,459,2,0.0,38.8,599191,3550,46640,88446,44990,129841,0.7
d350c9b8c995a2953aa8b80a0a1fc7cadc4dd16a,12394,459,2,0.0,38.8,599185,3550,46638,88444,44990,129841,0.7
06656f2333abdede42dd42f40b7f5243c65b63f8,12394,459,2,0.0,38.8,599185,3550,46638,88444,44990,129841,0.7
ded0abbbaf0ed9ba7873958459f84adec5d1b049,12394,459,2,0.0,38.8,599162,3550,46635,88437,44988,129841,0.7
2f57522f7ac017bd2e006a02609eb3da3065ba40,12394,459,2,0.0,38.8,599162,3550,46635,88437,44988,129841,0.7
fbf0de6d66a8f7732eb143155c28972e9188e918,12394,459,2,0.0,38.8,599162,3550,46635,88437,44988,129841,0.7
0387308bfc291645d3ad8134a101cf5c7e4ee3d2,12394,459,2,0.0,38.8,599162,3550,46635,88437,44988,129841,0.7
7f97a5d3861bcc5131a900f4f896755c47c3340a,12394,459,2,0.0,38.8,599162,3550,46635,88437,44988,129841,0.7
2f195674eaea8869ec2612f5fa67d8b66d11e910,12394,459,2,0.0,38.8,599162,3550,46635,88437,44988,129841,0.7
6d47097151b4df1d3269563a7ebfdb4b6c270a64,12394,459,2,0.0,38.8,599162,3550,46635,88437,44988,129841,0.7
0694269cd20a3625d5587d544bec621e9bec305a,12394,459,2,0.0,38.8,599162,3550,46635,88437,44988,129841,0.7
ed31f86aaf47835aaf69e447802c39e51a6dc641,12394,459,2,0.0,38.8,599162,3550,46635,88437,44988,129841,0.7
a878ad7cd61b68cf17ead57c3aa7c2b3dae5ab6f,12392,459,2,0.0,38.9,598884,3547,46603,88395,44981,129824,0.7
b07da59957f512972ed83411b6faacb3689034ab,12392,459,2,0.0,38.9,598883,3547,46603,88394,44981,129824,0.7
52c9548784b841e4693b3a7f763b033b5e04db21,12392,459,2,0.0,38.9,598883,3547,46603,88394,44981,129824,0.7
83a5d0ed0d73bbe7ddf0f91e7483860a86f20a6f,12392,459,2,0.0,38.9,598879,3547,46603,88394,44981,129816,0.7
d2f0bdb02437abf61048042c73f3c459d3d4fbaf,12403,459,2,0.0,38.9,598788,3547,46603,88395,44910,129844,0.7
2ca060c34c1c50d9f36b45a55dd01752d2b6bd6f,12401,459,2,0.0,38.9,598767,3547,46602,88394,44910,129824,0.7
8a76b4bf681c9d245b6825d7b3b920f15e48bf97,12401,459,2,0.0,38.9,598767,3547,46602,88394,44910,129824,0.7
b176202d8e6f22c2ee1f9fea813a2a00445c668a,12401,459,2,0.0,38.9,598767,3547,46602,88394,44910,129824,0.7
75bf001eef3898b3e6a36cb4221e1413f31d48cf,12401,459,2,0.0,38.9,598767,3547,46602,88394,44910,129824,0.7
f5f79a98b5bead5b976378cc2fc45c9454ac7731,12539,450,2,0.0,38.7,597883,3543,46532,88274,44766,131840,0.7
5b1505378414295476a73e07aca65fdb1a29da7d,12539,450,2,0.0,38.7,597884,3543,46532,88274,44766,131840,0.7
cd1d918f66b592fc262da237a9ac6d5d21866b0a,12539,450,2,0.0,38.7,597884,3543,46532,88274,44766,131840,0.7
c21b5ed337cb13279d9b16a6532c9ef03055272d,12539,450,2,0.0,38.7,597884,3543,46532,88274,44766,131840,0.7
9a00f7477dedac4501fb2de9e1e6d7aa83dc20b7,12539,450,2,0.0,38.7,597884,3543,46532,88274,44766,131840,0.7
b2f4694b4d15c2e065ac2739d9d22bb7edd3b537,12505,450,2,0.0,38.8,597442,3541,46497,88214,44694,131311,0.7
2ecce262355c3362ba126d9d30e6df0ce42d14c2,12498,450,2,0.0,38.8,596740,3540,46448,88127,44663,131315,0.7
574a55bbc489d439570445ef9294cd730f1462ae,12360,462,2,0.0,38.8,596614,3531,46396,88119,44532,129241,0.7
577867e88da86ab70f4efcb12ab993d01062712a,12360,462,2,0.0,38.8,596614,3531,46396,88119,44532,129241,0.7
7fd9ded0a119c050746d765bd90c59fef93506b1,12360,462,2,0.0,38.8,596599,3531,46394,88115,44532,129241,0.7
a980d7654685d5d2f691f4006fc958b03a249bf8,12360,462,2,0.0,38.8,596592,3531,46393,88113,44532,129241,0.7
3de462efe946b790626b6c5bc40ed71a1accdc3e,12360,462,2,0.0,38.9,596642,3530,46395,88118,44532,129241,0.7
bc465add69cda31b5c6f32c9616a889d95be5471,12360,462,2,0.0,38.9,596642,3530,46395,88118,44532,129241,0.7
4b51de3110bf5ea7846c170fdfdb86a71adcaa68,12351,462,2,0.0,38.9,596216,3524,46338,88028,44523,129163,0.7
8e79259136601e45bfb031edde21775dc2c0879e,12347,462,2,0.0,38.8,596110,3524,46336,88020,44521,129135,0.7
95227dbbd558d057f515be969a8031ef77505085,12347,462,2,0.0,38.8,596110,3524,46336,88020,44521,129135,0.7
09fdbda9e6c7a5e9414350f87166b247421e7ef8,12348,462,2,0.0,38.9,596251,3525,46339,88029,44521,129155,0.7
af0f35258b9caadb0bfc5311c224c2facc0f18aa,12348,462,2,0.0,38.9,596218,3525,46338,88026,44518,129155,0.7
eadf6498f457c3b16a7682cf96be0d71c2a6242e,12348,462,2,0.0,38.9,596108,3523,46325,88007,44514,129155,0.7
bf8e68b4a7b4cca187ab0b152da9d5e98d4a45d8,12348,462,2,0.0,38.9,596104,3523,46325,88007,44514,129155,0.7
4ebd44abe4e0d6f60d276350b5cb35396d24d736,12348,462,2,0.0,38.9,596104,3523,46325,88007,44514,129155,0.7
b202dff3faa45954171f7c95787b094fa2d459c5,12346,462,2,0.0,38.9,596000,3522,46317,87996,44514,129133,0.7
b67bb55ca9cbe762b85b5b87d8426e0bfd8c4cc8,12347,462,2,0.0,38.9,595963,3522,46317,87990,44506,129141,0.7
49a0ea956e3a4b9979754c887d803d4ab51131ae,12347,462,2,0.0,38.9,595955,3522,46316,87988,44505,129141,0.7
ae15c7e36973501b40443e75816d3eac39eddc90,12347,462,2,0.0,38.9,595955,3522,46316,87988,44505,129143,0.7
48eb101141b04b30ae8dda0f677009d49ae5ed75,12347,462,2,0.0,38.9,595955,3522,46316,87988,44505,129143,0.7
cecb10bb8ab0458fb3f6a650692a8e432f08cbd2,12346,462,2,0.0,38.9,595954,3522,46316,87988,44504,129133,0.7
8f529830ad5ae9929feb98f22fac8ff8a7b723f7,12346,462,2,0.0,38.9,595954,3522,46316,87988,44504,129133,0.7
9f27cb333dea397314dafc0d3e1ca7fa89b21ab3,12346,462,2,0.0,38.9,595914,3522,46315,87985,44496,129133,0.7
f325006f2d638d0396ae78bf9765146ce58ee9c6,12346,462,2,0.0,38.9,595914,3522,46315,87985,44496,129133,0.7
ac5f6a0034dfd88cfd5b10fc97e6a4ef05a07493,12347,462,2,0.0,38.9,595840,3521,46303,87970,44489,129138,0.7
66fd615cd4cdab2ff76915dc5929d5c93705063e,12347,462,2,0.0,38.9,595840,3521,46303,87970,44489,129138,0.7
51b5f08b842b5319ac490174e69feae66e3c912f,12334,463,2,0.0,38.9,595691,3519,46285,87944,44482,128904,0.7
617d8ea080119c4b954e4a3a3ddb23b3de8309bf,12330,463,2,0.0,38.9,595564,3519,46252,87906,44476,128884,0.7
15630f47a532736f6b8b038c97c424fb3bc4516f,12330,463,2,0.0,39.0,595287,3517,46207,87852,44447,128884,0.7
56309c24020eb47cb2e3f0db005afa4563d9a766,12330,463,2,0.0,39.0,595287,3517,46207,87852,44447,128884,0.7
3ddcaa0033718879e985244d565b03e7a86e65bc,12330,463,2,0.0,39.0,595287,3517,46207,87852,44447,128884,0.7
d7be97593e4606abf76fd374ffe4c493b2bd5d42,12330,463,2,0.0,39.0,595104,3517,46170,87814,44444,128884,0.7
6b8f7e0e31a81029b478e7757aba749f5ed27f42,12327,463,2,0.0,39.0,594783,3516,46137,87774,44417,128844,0.7
666d601c4fa03f11d38925d3399f5970f097e556,12327,463,2,0.0,39.0,594774,3516,46137,87774,44417,128844,0.7
a8e4eeaa70da8a1f645d6da39f96d6a6d346599f,12321,463,2,0.0,39.0,594368,3516,46130,87753,44417,128694,0.7
b5102a6f6603b4ec776c849b2c0e5f212366f11d,12321,463,2,0.0,39.0,594368,3516,46130,87753,44417,128694,0.7
b00a3c83c5ac8f5333ad88712d884fad5e5a6944,12321,463,2,0.0,39.0,594368,3516,46130,87753,44417,128694,0.7
f86f3eee4c1d5c42646d678484846bedeb65f9fc,12321,463,2,0.0,39.0,594368,3516,46130,87753,44417,128694,0.7
6a2e900c665b5488a1821211cb96b4acebe935af,12321,463,2,0.0,39.0,594368,3516,46130,87753,44417,128694,0.7
4caf1b44ec9d1ad6c9e90ccd1203b77c45784b87,12322,463,2,0.0,39.0,594368,3516,46131,87755,44417,128699,0.7
c64c4b2466aee300cebfa40d5603521880dec39a,12322,463,2,0.0,39.0,594368,3516,46131,87755,44417,128699,0.7
4b23ecbb4577c2c61890070c450a2345fa48d21a,12322,463,2,0.0,39.0,594372,3516,46131,87755,44418,128699,0.7
7b0bda9367b6d0e035dda74375ef6ce9fc0c9f7b,12322,463,2,0.0,39.0,594372,3516,46131,87755,44418,128699,0.7
6dab162e03aac55f66e988cb401a58b45edde634,12322,463,2,0.0,39.0,594372,3516,46131,87755,44418,128699,0.7
814bc230b365c292e61056e8e63c7f245eed8ea1,12322,463,2,0.0,39.0,594372,3516,46131,87755,44418,128699,0.7
f671053dfa8960eb85ae8531e56daf9ee2fe7fac,12322,463,2,0.0,39.0,594369,3516,46131,87755,44418,128699,0.7
ba23ce9a137572117fb8753be504952d90cadda2,12322,463,2,0.0,39.0,594369,3516,46131,87755,44418,128699,0.7
c4f9337a61bf9f4e80f058e3f77b9cb8f617522e,12322,463,2,0.0,39.0,594206,3514,46112,87728,44412,128699,0.7
1d20055e811964b0c00fe937a781285f68755167,12322,463,2,0.0,39.0,594206,3514,46112,87728,44412,128699,0.7
3a95e6afe032fc2a6e6fc5055356e5916f3515f8,12322,463,2,0.0,39.0,594202,3514,46112,87728,44412,128699,0.7
1806bac0bbad95612c6f21a884eeb5c0840c9ffa,12322,463,2,0.0,39.0,594198,3514,46111,87726,44407,128699,0.7
ede085d0f7529f24acd0c81dd0a43f7bb969b763,12322,463,2,0.0,39.0,594014,3511,46089,87696,44400,128699,0.7
a59599d29745adb33760d02ea18e656a46e486f1,12322,463,2,0.0,39.0,593987,3511,46088,87694,44400,128699,0.7
b156fffb3170b182c46c7711ceaaeb12f818b8fc,12319,463,2,0.0,39.0,593938,3511,46082,87684,44391,128669,0.7
bfdd9b2ad72e9d54fcec6cc2fe4a8466b35d2809,12318,463,2,0.0,39.0,593928,3511,46080,87682,44391,128664,0.7
7190637b7f8836564b9070daa68e64d2aff51ff0,12317,463,2,0.0,39.0,593914,3511,46079,87681,44391,128656,0.7
c0c5824e840bece666af19f2647bf33b71ef414f,12317,463,2,0.0,39.1,593409,3511,45988,87575,44361,128656,0.7
f7ac12f5a47caa9b9e442c39fbb0b3f7cd87f696,12315,463,2,0.0,39.1,593285,3511,45973,87548,44353,128656,0.7
79bf0f69a2ccc723174c40a1678bc0dcdf32ae7f,12315,463,2,0.0,39.1,593267,3511,45973,87548,44335,128656,0.7
383d9caec804293e27b23b50c2cd89168346a848,12310,463,2,0.0,39.2,592210,3508,45876,87387,44110,128621,0.7
132cb94fea66644bdefe0c3608693cf317a72f3f,12310,463,2,0.0,39.2,592208,3508,45876,87387,44110,128621,0.7
e736d6dfbac16bef6f5f7ab4fe73bd9a27fe3f82,12310,463,2,0.0,39.2,592205,3508,45876,87387,44110,128621,0.7
5ac099cb3d7fee0f50c2c8d7e8c29a82b02f3fa2,12310,463,2,0.0,39.2,592205,3508,45876,87387,44110,128621,0.7
29187353e18a0ec477f638a00353340f24fb704e,12310,463,2,0.0,39.2,592205,3508,45876,87387,44110,128621,0.7
194b45f138d786520bad7172a92cc77a899b9e1d,12310,463,2,0.0,39.2,592204,3508,45876,87387,44110,128621,0.7
7b5c64c541cfee3151ea35ccc5be9488d9e68f4c,12310,463,2,0.0,39.2,592171,3508,45876,87386,44110,128621,0.7
dbf91118c9333977fd0a3dcfc294c646dbd5e2b9,12310,461,2,0.0,39.2,592002,3507,45835,87343,44096,128621,0.7
7a13c0965d99c80768d760aa2ec3c4d8ff041c8f,12310,461,2,0.0,39.2,591999,3507,45834,87342,44098,128621,0.7
25335a0d9dcb0375a80abfb5920b4b43c3681330,12310,461,2,0.0,39.2,591848,3507,45771,87255,44101,128621,0.7
36387fce7936237e87ab63163aae129c42333fd9,12312,461,2,0.0,39.2,591847,3507,45772,87255,44102,128631,0.7
bcc4fa07fd443c25b9a0b2cdd6b0e74eabf8ebc0,12306,461,2,0.0,39.2,591602,3505,45750,87212,44096,128584,0.7
7fa9ee427a59fdb22ad897b197a293aa13db45a8,12306,461,2,0.0,39.2,591575,3502,45747,87209,44093,128584,0.7
b3eaf0c6cb9cf6357a925c7443baadd54515a971,12306,461,2,0.0,39.2,591545,3499,45741,87203,44087,128584,0.7
cae14e3d0baa464d242c26bc5494ac2f0603f215,12306,461,2,0.0,39.2,591545,3499,45741,87203,44087,128584,0.7
6697129a314d98cb793601495f7ebb2ae000b40a,12174,462,2,0.0,39.2,591513,3499,45732,87188,44087,126589,0.7
b76fff71e1f3554b3843c6f487e441c0fee8c4a9,12172,462,2,0.0,39.2,591467,3499,45722,87176,44085,126585,0.7
c6a1cc4947bd624057ac9dbb178b9d9c426055c5,12172,462,2,0.0,39.2,591458,3499,45721,87174,44085,126585,0.7
c7365f0302048d5437a75ee30a5215d8d32aaef3,12172,462,2,0.0,39.2,591458,3499,45721,87174,44085,126585,0.7
5195d280da11dd5a250d551b595eaca462ebb173,12160,462,2,0.0,39.2,591475,3499,45722,87177,44087,126405,0.7
1d10c53906847893b45c6acb0137dcb55a15353d,12200,432,2,0.0,39.2,591294,3499,45704,87155,44068,126931,0.7
0fdead77d48aaf3fb3d72bd30c6e5378418f926b,12200,432,2,0.0,39.2,591231,3499,45704,87155,44068,126931,0.7
47fb706073e2cfd022947b7a537d12c5e8a9fb74,12198,432,2,0.0,39.2,591127,3498,45696,87144,44068,126909,0.7
4cb068ff94d25cbc9d2af058cc1d490d7283b159,12196,432,2,0.0,39.2,591023,3497,45688,87133,44068,126887,0.7
186ee7e9a68762afde08e6d0d68ff25f8039d0a3,12198,432,2,0.0,39.2,591035,3497,45689,87135,44068,126897,0.7
f8aa513ff0d0188ffe15a798b55dc037d4f170ce,12198,432,2,0.0,39.2,591035,3497,45689,87135,44068,126897,0.7
fed2d1715fa28f3cd38a8330a539b6acd4da24d5,12196,432,2,0.0,39.2,590931,3496,45681,87124,44068,126875,0.7
33217abf7f88c6c22a8c43b320f9de48de998b94,12177,432,2,0.0,39.2,590809,3496,45663,87100,44017,126655,0.7
2d1e100be5199d9aabdf886bc7c324d353afd2d9,12173,432,2,0.0,39.2,590732,3496,45661,87096,44011,126617,0.7
b0d7abcb21d321039d0c69ec9290fb654a69038a,12167,432,2,0.0,39.2,590540,3495,45647,87070,43999,126579,0.7
a9d36309ea2a51e7f4c5c4bf7461a7bdb0e5870d,12168,432,2,0.0,39.2,590462,3495,45635,87057,43995,126584,0.7
abf31566e2147b721254af9ef92c721e7d353f38,12168,432,2,0.0,39.2,590460,3495,45635,87057,43995,126584,0.7
436e2d66dd3fa0d475f67e228acc42ebb9609388,12168,432,2,0.0,39.2,590451,3495,45635,87057,43995,126584,0.7
0c4a10e54ac2df3747d007130747125abc8bf5e8,12168,432,2,0.0,39.2,590436,3495,45635,87057,43995,126584,0.7
0499f57fe1f7a3bcf9c7a8625d0d0e4ee06e140e,12168,432,2,0.0,39.2,590436,3495,45635,87057,43995,126584,0.7
a7596887400243184a75efdc2eaafe0a4e96ec2c,12168,432,2,0.0,39.2,590436,3495,45635,87057,43995,126584,0.7
8de3b1c987b48b773b2cf66b9704c40514f45806,12168,432,2,0.0,39.2,590365,3494,45630,87050,43990,126574,0.7
f54a10c464666cdcb2867e80c27c245fbfaabb12,12170,432,2,0.0,39.2,590362,3494,45630,87050,43990,126586,0.7
048f3f6c064ddb4206469698de280478bb41d2b9,12170,432,2,0.0,39.2,590362,3494,45630,87050,43990,126586,0.7
d41f74915631f3e2a0812e5ef02e76831fb2a93a,12170,432,2,0.0,39.3,590220,3494,45608,87017,43982,126586,0.7
15cdc250aff84be2568e8cf397f3880c073ddc16,12170,432,2,0.0,39.3,590220,3494,45608,87017,43982,126586,0.7
e4dc3fc83aea7741f9f63950e9d4ff0bad49fe39,12177,432,2,0.0,39.2,589909,3493,45593,86994,43967,126702,0.7
d5c4fe08c934346b46f0aee147059141524007f1,12177,432,2,0.0,39.2,589861,3493,45590,86988,43966,126702,0.7
7fe4037e778583489ccdf6e06a78645384d4b9f3,12177,432,2,0.0,39.2,589842,3493,45590,86987,43961,126702,0.7
a50a2956f6738bbce4f271fd426eecb8f956340c,12174,432,2,0.0,39.2,590058,3493,45612,87008,43953,126734,0.7
305e320b0fc8fb7aebc447fc291777c27fb8486b,12172,432,2,0.0,39.2,590008,3493,45606,87005,43953,126685,0.7
febba7470004805cb9bebdc0de5d683b8fd9429a,12172,432,2,0.0,39.2,589991,3493,45605,87004,43953,126685,0.7
7265f73ce37afdda63bda6941ed2429d084866f5,12183,432,2,0.0,39.3,589836,3493,45599,86985,43944,126814,0.7
abcc65b4f2e25dc9830cf0def907540fe15f5f76,12183,432,2,0.0,39.3,589818,3493,45601,86987,43941,126812,0.7
6104d0e6f294b56846cec315e510a0323ef9ae00,12183,432,2,0.0,39.3,589818,3493,45601,86987,43941,126812,0.7
c7aa5c878faec17bca2c516bcdef51914c1bc63a,12183,432,2,0.0,39.3,589818,3493,45601,86987,43941,126812,0.7
286887185a59084e58d6df9b310fc39b0200b5aa,12183,432,2,0.0,39.3,589818,3493,45601,86987,43941,126812,0.7
cd21f68e7bb62d3be76e98ac519849944e4dbedf,12183,432,2,0.0,39.3,589818,3493,45601,86987,43941,126812,0.7
9ee8457766a966252ea1a7d2e40ff2d812df7c4e,12183,432,2,0.0,39.3,589818,3493,45601,86987,43941,126812,0.7
bc9c68675807bc6d5bf802d188d9aa37fde2e733,12181,432,2,0.0,39.3,589771,3493,45598,86980,43941,126793,0.7
75005fb7455a5db5f3b30a94be766bd374ad2f1d,12181,432,2,0.0,39.3,589624,3491,45587,86967,43941,126803,0.7
b14a3bae12c9df70ec83ffa7a4faaca443d33776,13423,462,2,0.0,42.7,637513,3829,48767,92615,46037,142487,0.7
157b707a5407da9361af83a9999b007b975cfdf6,13423,462,2,0.0,42.7,637513,3829,48767,92615,46037,142487,0.7
167a8ccd7c578296c40f8fc61c90135e71cf1183,13423,462,2,0.0,42.7,637512,3829,48766,92614,46037,142487,0.7
97511652a0464221c25e913e32de2a78e663719a,13423,462,2,0.0,42.7,637512,3829,48766,92613,46037,142487,0.7
bcd15188aa9f73609b986c033df5b03eeaa07b58,13423,462,2,0.0,42.7,637494,3829,48763,92610,46036,142487,0.7
3a4a857ddef84c6b04861442472edb5e43913d8a,13423,462,2,0.0,42.7,637488,3829,48763,92610,46036,142487,0.7
03427584d307331841cf4e5ab4fd4009c7040a91,13423,462,2,0.0,42.7,637508,3829,48763,92612,46036,142487,0.7
396c6be6869176edf7bf4c41e50feb35d660d5c1,13423,462,2,0.0,42.7,637494,3829,48763,92611,46036,142487,0.7
cee3ad43f53440c35e89992c0002d616de2bfae3,13423,462,2,0.0,42.7,637494,3829,48763,92611,46036,142487,0.7
34f8251a209e455b2ab4a9a0988645ca40582524,13423,462,2,0.0,42.7,637494,3829,48763,92611,46036,142487,0.7
6887df3dca42645ab950f1c5565240c21617200d,13423,462,2,0.0,42.7,637424,3829,48758,92603,46030,142487,0.7
bd225d5125baad78dc296911963dfd868520b4d8,13423,462,2,0.0,42.7,637424,3829,48758,92603,46030,142487,0.7
a61069d0a6706960b371fa4742d0fee32bd7f775,13423,462,2,0.0,42.7,637420,3829,48758,92603,46030,142487,0.7
1b50317c7090b67f915d712eaa1bb505efb112c3,13423,462,2,0.0,42.7,637420,3829,48758,92603,46030,142487,0.7
fb3740d2584daec113dd74e2d6cedf0ab0f71f4f,13423,462,2,0.0,42.7,637388,3829,48756,92601,46029,142487,0.7
0e74cdf8f0724ae92a5f95b72dc394374162a27c,13423,462,2,0.0,42.7,637381,3829,48755,92598,46031,142487,0.7
7a247fdb44110363bd9e87d1ace91497fd72ba92,13423,462,2,0.0,42.7,637381,3829,48755,92598,46031,142487,0.7
602850df9c989d9310655d017ce1db52c5c28666,13423,462,2,0.0,42.7,637380,3829,48755,92598,46031,142487,0.7
957ea6d1462fa5b494f443f88bff167e4ec11e11,13423,462,2,0.0,42.7,637361,3829,48754,92597,46031,142487,0.7
de98e4bfd10ce83be801d2f26973b47b4ca2b2f1,13423,462,2,0.0,42.7,637361,3829,48754,92597,46031,142487,0.7
ddf0e27c6b5304f3a7af7b5952ea36a3bcce4318,13423,462,2,0.0,42.7,637361,3829,48754,92597,46031,142487,0.7
9e76a846d2e08dcc471071031333efc16eae90e3,13423,462,2,0.0,42.7,637358,3829,48754,92594,46030,142487,0.7
f3182356f74debcf54a859fbf90ae5f52b92e904,13423,462,2,0.0,42.7,637337,3829,48754,92594,46030,142487,0.7
b2a95f56254d9247696861982999824fff4e1b65,13423,462,2,0.0,42.7,637365,3829,48754,92600,46032,142501,0.7
3373a414c1e62942fb465873e79e29bdaecb300e,13103,438,2,0.0,41.2,612341,3634,46893,89622,44757,139008,0.8
db7e09e54ac7f4c48a5fa906c6e54b838e555ef7,13189,469,2,0.0,41.2,612341,3634,46893,89622,44757,140202,0.8
5687e5f0a3cf6a1091dec989b333889a66905273,13189,469,2,0.0,41.2,612341,3634,46893,89622,44757,140202,0.8
dc7e6ef1013c41de7c4ce81a6d8e0b5dab2c5b2f,13172,469,2,0.0,41.2,612148,3634,46883,89591,44757,139924,0.8
6450ae53a89a0178c5c408b2237ae5628a343c95,13172,469,2,0.0,41.2,612148,3634,46883,89591,44757,139924,0.8
a0a353d06d0095bbbf1bc46dab4c4122397bfe03,13172,469,2,0.0,41.2,612140,3634,46883,89591,44757,139924,0.8
aaefa6669c98150dba0758bed02008f2a577427a,13172,469,2,0.0,41.2,612140,3634,46883,89591,44757,139924,0.8
b8a637c61a5cd022ffa7d82b7d90965aa635e862,13172,469,2,0.0,41.2,612140,3634,46883,89591,44757,139924,0.8
8f9155ec75370d22cb66fd7905ac0a80b3eafb67,12974,444,2,0.0,41.2,611777,3634,46877,89538,44722,137126,0.7
a4dcd346d6e053409fc9410339006f83cbbb1128,12974,444,2,0.0,41.2,611777,3634,46877,89538,44722,137126,0.7
dbe7a5877bcdeec45525a641a13f7c39094a7736,13256,465,2,0.0,42.1,631228,3759,48312,91918,45596,140628,0.7
ee927f39809fcee70f2fbac453268b798dc99fd4,13256,465,2,0.0,42.1,631228,3759,48312,91918,45596,140628,0.7
4e5e6f029fb66cf428818e26200cd3155fd0bb4c,13256,465,2,0.0,42.1,631228,3759,48312,91918,45596,140628,0.7
3f4c0ce17493294ceb46fbbf75744f52ff5da03a,13256,465,2,0.0,42.1,631228,3759,48312,91918,45596,140628,0.7
40b50df9c1d58bb93d954db19a9a74c6f4940531,13256,465,2,0.0,42.1,631228,3759,48312,91918,45596,140628,0.7
50a45485ebb896ef964ceaa6ef2c6c21c7275896,13256,465,2,0.0,42.1,631228,3759,48312,91926,45596,140632,0.7
2fa48c3b38064985cdc5517193bd0679e38ca1f2,13254,465,2,0.0,42.2,630865,3759,48306,91873,45561,140776,0.7
e0446ce1cb28f518a1f9f6921dcbdb201712f8d7,13254,465,2,0.0,42.2,630865,3759,48306,91873,45561,140776,0.7
2b335760bb9c177667f0bde496143f8a058d9450,13254,465,2,0.0,42.2,630865,3759,48306,91873,45561,140776,0.7
2d3a67a9361e8ee15e7f454acf011305d62554fc,13254,465,2,0.0,42.2,630865,3759,48306,91873,45561,140776,0.7
96f03254c46e22220af6034043f82c479e4ccd73,13254,465,2,0.0,42.2,630865,3759,48306,91873,45561,140776,0.7
67be06d9c6789f5b258db0b554a5dd96e645bc0c,13254,465,2,0.0,42.2,630865,3759,48306,91873,45561,140776,0.7
342d10bb1a58cf491e660d54fbde4f75b246c922,13254,465,2,0.0,42.2,630868,3759,48306,91873,45558,140776,0.7
8bff3030386b2479985fc0ac0dc02e4f1ba45620,13251,465,2,0.0,42.2,630834,3759,48303,91868,45558,140750,0.7
e35f0d2f9d18bd34ce2375fb018bb8b8211d41aa,13249,465,2,0.0,42.2,630752,3759,48301,91863,45554,140730,0.7
8271791061e72dbf554028e477746e89fca9ec02,13249,465,2,0.0,42.2,630418,3759,48286,91840,45509,140731,0.7
e1070c699b8c6b3dab2bde2ac52661b20dd0637a,13248,465,2,0.0,42.2,630107,3758,48271,91817,45494,140717,0.7
c8a25d4e43e7726ddaac87e9f0cf3b034d0e2154,13260,467,2,0.0,42.2,629800,3752,48242,91763,45484,140906,0.7
2e45760c8d2b62cc46584cbff28bcb2df422d7ff,13258,467,2,0.0,42.2,629720,3752,48240,91760,45486,140882,0.7
1a1a1c2f7baf7e954efb946e65ccb2fa73fedb18,13256,466,2,0.0,42.2,629643,3752,48238,91757,45485,140858,0.7
bcd90987b3bac6f7feec0ce0e6124197d6563acf,13256,466,2,0.0,42.2,629645,3748,48238,91757,45485,140858,0.7
3490db061c6adb300d0d0aaf27bae60c531359e1,13256,466,2,0.0,42.2,629645,3748,48238,91757,45485,140858,0.7
5688d59f6b8ea4784de1f45c9386e13618803673,13256,466,2,0.0,42.2,629645,3748,48238,91757,45485,140858,0.7
bac84bcc580a392955eb520b9e3c316a16af62b7,13256,466,2,0.0,42.2,629645,3748,48238,91757,45485,140858,0.7
677d91401309a4fdb345a1065cc0ee31b7df7d61,13254,466,0,0.0,42.2,629519,3748,48235,91750,45483,140842,0.7
fa5da72b20e0db137ce582b76bd7670e19645a02,13256,466,0,0.0,42.2,629501,3748,48234,91749,45482,140842,0.7
86156757653112b1a89d7e7f08903ef746fd918b,13256,466,0,0.0,42.3,629303,3748,48196,91710,45478,140842,0.7
c103b93a94891219f5d5db38f97306744fd03078,13256,466,0,0.0,42.3,629303,3748,48196,91710,45478,140842,0.7
39a2c12b843f6f16e3389e738531e24a32f5bf39,13252,466,0,0.0,42.3,629034,3748,48180,91683,45476,140780,0.7
b215c4861a0c967f8d2a2b0444697d7877d33992,13252,466,0,0.0,42.3,629040,3748,48180,91683,45476,140780,0.7
6e0a952e6dd059e1b9273b3e7dc36ae00cea9671,13263,466,0,0.0,42.3,629193,3748,48180,91662,45481,140895,0.7
16ecf667531d139a397524cc0d44a29083f2877c,13263,466,0,0.0,42.3,629199,3748,48178,91659,45481,140916,0.7
4b5e39d32f1c1d07d4d8d131f96beef962143e94,13263,466,0,0.0,42.3,629199,3748,48178,91659,45481,140916,0.7
3494696cac5084df291bacbfbc6c7a9d4a38aa2c,13258,466,0,0.0,42.3,629061,3747,48169,91650,45453,140816,0.7
a62ff8de7908c7c79ddb40fd2d3e81f779a1e5fb,13258,466,0,0.0,42.3,629044,3747,48168,91647,45451,140816,0.7
d3d90595788620f8396058a4639a5ab4d95cea5c,13257,466,0,0.0,42.3,629027,3747,48167,91644,45450,140806,0.7
9f9046c3d99318914de7eafcc5b909592d2ce7ab,13260,466,0,0.0,42.3,629132,3747,48171,91653,45457,140854,0.7
4ede17ff15b93667096f23f66d57be0d321df2e4,13260,466,0,0.0,42.3,629128,3747,48171,91653,45457,140854,0.7
bbe5765b55b6941abe54a4424b9594c4f788fb2c,13260,466,0,0.0,42.3,629124,3747,48170,91652,45457,140854,0.7
e456506a777b2a6168dbbdce5cf1e277956ad248,13260,466,0,0.0,42.3,629067,3747,48168,91650,45457,140854,0.7
3ae58a1dde1cdff43972ff0f802220a12cf3663f,13260,466,0,0.0,42.3,629004,3747,48166,91645,45449,140854,0.7
1b0fefe4959775df9cd839a88ede50b74f34383c,13250,464,0,0.0,42.3,628842,3746,48162,91640,45447,140691,0.7
62eb74c5571c856bae5b32cacb6fb1ec4f380da9,13250,464,0,0.0,42.3,628804,3746,48161,91634,45447,140691,0.7
12926bd5f4a8377dec343d82b8b5853307cf9058,13250,464,0,0.0,42.3,628779,3746,48160,91629,45447,140691,0.7
c8ce0c955141a93162d9bfcbbf38d9c975d6ed1b,13250,464,0,0.0,42.3,628776,3746,48160,91629,45447,140691,0.7
4b705b092f80fd9f8c7f541431105e3659d3094e,13250,464,0,0.0,42.3,628778,3746,48160,91629,45447,140691,0.7
ef3bbe79f8a220799166987e84f19748e451b4fc,13236,464,0,0.0,42.1,628252,3741,48125,91565,45443,140505,0.7
36c51c1834e4f1feecdc4b677394053a05ffd672,13237,464,0,0.0,42.1,628257,3741,48125,91567,45444,140505,0.7
754cff910d8e5bb45bb36113d3d8730a5bc9203c,13237,464,0,0.0,42.1,628241,3739,48123,91565,45444,140505,0.7
270d01eb359123343f7c66123759c51e4aee3f99,13235,463,0,0.0,42.2,628132,3738,48115,91556,45441,140485,0.7
0b791790d3ea55dcfd0ee41dfb3c9a4147b30c1f,13227,463,0,0.0,42.1,627977,3738,48102,91532,45439,140401,0.7
88a6e4edb1f9649edb806407b535f78ae8c259e2,13227,463,0,0.0,42.1,627977,3738,48102,91532,45439,140401,0.7
05fd984b6715e6143431e85c6625e070c9c54d62,13227,463,0,0.0,42.1,627977,3738,48102,91532,45439,140401,0.7
08ac381e0565ebeebb7f74359d5f50a871ab452a,13212,463,0,0.0,42.2,627857,3738,48093,91516,45428,140253,0.7
7c2fcccf4a033ce620a254fae4ddc92cdc10bf85,13212,463,0,0.0,42.2,627857,3738,48093,91516,45428,140253,0.7
336d18acdb7dc0e783861151e2e871524cef9f6d,13212,463,0,0.0,42.2,627856,3738,48093,91516,45428,140253,0.7
876e7183b47d8517b6d6e10330571e83059a6901,13212,463,0,0.0,42.2,627872,3738,48094,91518,45412,140253,0.7
c2f77aacd2da438827d4ad44baad7f2b6b42808c,13212,463,0,0.0,42.2,627872,3738,48094,91518,45412,140253,0.7
c8831580ddd7641303afa62b7c82f461c6ae4ddc,13212,463,0,0.0,42.2,627872,3738,48094,91518,45412,140253,0.7
d5c42ebd4b517a83c626e09c57c72f7591fb8efd,13250,466,0,0.0,42.2,627677,3735,48059,91486,45384,140936,0.7
312592d5785c7d3cc129131d79a0875152c7ba83,13249,466,0,0.0,42.2,627677,3735,48059,91485,45384,140931,0.7
120db78f58c0b313ce268eccba01bf6d3654e1c3,13249,466,0,0.0,42.2,627677,3735,48059,91485,45384,140931,0.7
7c77d1dd931acb6eb017d3de3976d0d10f9e79b2,13246,466,0,0.0,42.2,627430,3735,48036,91450,45360,140886,0.7
b196453e1dac7b3de6cc0378598a249525b194f0,13246,466,0,0.0,42.2,627415,3735,48036,91450,45360,140884,0.7
468e99871ea661dbe7b365e38c101e36971c525b,13246,466,0,0.0,42.2,627400,3735,48035,91449,45360,140884,0.7
046cdf1e386cc72c4a6665079d7c25e607ff24a8,13246,466,0,0.0,42.2,627375,3735,48034,91444,45360,140884,0.7
cd68f9cbad8e7a6048096e8531883bfad3399c8d,13246,466,0,0.0,42.2,627375,3735,48034,91444,45360,140884,0.7
504c1098671c0e96f3ddcc574407ba961bb4a58b,13246,466,0,0.0,42.2,627375,3735,48034,91444,45360,140884,0.7
72ae616a0287440b42e4ff151535855e7697fb2a,13249,466,0,0.0,42.2,627192,3732,48026,91425,45360,140917,0.7
f96e9b78c965ba520842772ab1e6845ee4b92357,13249,466,0,0.0,42.2,626381,3732,47958,91327,45332,140917,0.7
f848da0a59e51141084e06ce32d5d4739e882711,13247,466,0,0.0,42.2,626337,3731,47957,91321,45330,140881,0.7
7695426a0cd2fb668b124dada078292e7092a832,13247,466,0,0.0,42.2,626287,3730,47953,91316,45330,140881,0.7
b96da4626f2897275c41696e55432faff9b9d71a,13248,465,0,0.0,42.2,626290,3730,47953,91317,45331,140893,0.7
8c6adf6e5e17603025d23b2012aa576c071ff269,13248,465,0,0.0,42.2,626290,3730,47953,91317,45331,140893,0.7
b71c37de343ea46e191987f75ab19d88edca49c3,13248,465,0,0.0,42.2,626293,3730,47953,91318,45331,140893,0.7
5eb78a4f9829b2d3b5a0864b2a81403be0caa54d,13248,465,0,0.0,42.2,626374,3730,47952,91317,45331,140893,0.7
46bf3b709eefb30c1d08f7d444a90f6429360ee5,13248,465,0,0.0,42.2,626298,3730,47949,91314,45331,140893,0.7
deb3e4f7a2db1c0b0d61645f8b73150d171cb873,13250,465,0,0.0,42.2,626297,3730,47949,91313,45333,140953,0.8
6b0d704f3c2380e987f46937ca97089c19a78f72,13250,465,0,0.0,42.2,626281,3730,47948,91312,45331,140952,0.8
17d9f66dab50112d688696fb6277373f8f6e9ae1,13250,465,0,0.0,42.2,626281,3730,47948,91312,45331,140952,0.8
5f89bff810bf66e9117896afcb232042ed3d7df2,13250,465,0,0.0,42.2,626281,3730,47948,91312,45331,140952,0.8
ef8ef491e3d6748dbcf14e28acec800dab50a4b6,13250,465,0,0.0,42.2,626281,3730,47948,91312,45331,140952,0.8
8ac8bc19037c38403a9a14fabc157d794eff82d8,13249,465,0,0.0,42.3,626087,3730,47939,91294,45293,140932,0.8
5e5c6d1849dece373b0d425ebd3ba5c7e98ad0ef,13249,465,0,0.0,42.3,625741,3730,47911,91244,45289,140932,0.8
bc62cf8dab42df2b113f9e56f846425daf22123b,13242,465,0,0.0,42.3,625633,3730,47906,91237,45279,140827,0.8
dc5f5c38f871f119b79ba167f8c075fc825797b8,13236,465,0,0.0,42.3,625477,3730,47893,91214,45246,140760,0.8
09e6f34e1ef6c717bda5645f00996d9c768eaf15,13236,465,0,0.0,42.3,625453,3730,47891,91211,45232,140760,0.8
31edba2a5f49b9e948c5f50981f1cc47bc94780c,13232,465,0,0.0,42.4,624867,3724,47850,91136,45228,140729,0.8
f1e0d327a391417a309a8b6e21881d983394ea77,13234,465,0,0.0,42.4,624894,3724,47848,91136,45225,140750,0.8
caf03aed926665014c22cc4a68902bf684f258f9,13230,465,0,0.0,42.4,624818,3724,47845,91131,45223,140716,0.8
03310dfca577bfc05f8f1944452a65598e325d18,13230,465,0,0.0,42.4,624818,3724,47845,91131,45223,140716,0.8
d1f0673735f116776e653ce088428523549586ec,13230,465,0,0.0,42.4,624732,3724,47840,91125,45223,140716,0.8
d46734e51834e209e461bd26af5a77cb1a467ff7,13230,465,0,0.0,42.4,624713,3724,47839,91123,45222,140716,0.8
5b919840295dae181f14c7acd2e40ad9a91bf5b3,13229,465,0,0.0,42.4,624718,3732,47842,91126,45222,140710,0.8
6e4c51f7e9a1c4d25044c8d990e2b49855d81ab6,13229,465,0,0.0,42.4,624511,3732,47807,91091,45205,140710,0.8
8433bbe04926361b09324bd73550828382ca89a6,13229,465,0,0.0,42.4,624445,3732,47791,91075,45204,140710,0.8
4c348dbbcdc2bfa26743d6fc201abe987691317c,13231,465,0,0.0,42.4,624458,3732,47791,91065,45204,140730,0.8
d5411d2c7f6fe0c35f33c22465c74971b0481b9d,13231,465,0,0.0,42.4,624456,3732,47791,91065,45205,140730,0.8
3170e6ebc65b0c126e57956fd2df5efc59ff88ed,13231,465,0,0.0,42.4,624456,3732,47791,91065,45205,140730,0.8
192c8410dc09043e2366d2a930fe16d76a6927e2,13231,465,0,0.0,42.4,624428,3732,47789,91062,45203,140694,0.8
e1fdb5401886f11b6540b917c8ac1d0202015a40,13231,465,0,0.0,42.4,624399,3732,47787,91059,45201,140658,0.8
9fcffb8112d15bbbf502c42f9f9c1eb91bb2a398,13231,465,0,0.0,42.4,624399,3732,47787,91059,45201,140658,0.8
0ca43d01af13bd2750ddc51089421da85c92a58f,13232,465,0,0.0,42.4,624401,3732,47787,91059,45201,140663,0.8
8b8a1038609610873c7d40023b4fc98ba341a502,13232,465,0,0.0,42.4,624399,3732,47786,91058,45198,140663,0.8
69ec08c346d2d1381e1fc8b51175ed7d0fc7deaf,13232,465,0,0.0,42.4,624401,3732,47786,91058,45198,140663,0.8
f6a99eacadb9f7fe33c438beb6e014519ab4764a,13237,465,0,0.0,42.4,624290,3732,47774,91041,45189,140743,0.8
cd6c823238a03b1015181fa1b797d279cdf65c50,13237,465,0,0.0,42.4,624290,3732,47774,91041,45189,140743,0.8
5ea3a957d4485a3264812df50068f907126d65e7,13237,465,0,0.0,42.4,624290,3732,47774,91041,45189,140743,0.8
aa613255fa4d76c09ed823c7934e958c773549b1,13237,465,0,0.0,42.4,624290,3732,47774,91041,45189,140743,0.8
f9f7312ecb851a58502aa49f431c5b8888f809b5,13237,465,0,0.0,42.4,624290,3732,47774,91041,45189,140743,0.8
80086f5ddbc2e6e52f79073c9afda24debaf7958,13237,465,0,0.0,42.4,624290,3732,47774,91041,45189,140743,0.8
78c353c50551af92d5c54bf828e49b4f8c1df2da,13237,465,0,0.0,42.4,624290,3732,47774,91041,45189,140743,0.8
133b25521ab3c91cbf51223c37ee109308f76ab0,13237,465,0,0.0,42.4,624290,3732,47774,91041,45189,140743,0.8
3b65cca8b5122157d112f232a8e110be93a740e5,13237,465,0,0.0,42.4,624290,3732,47774,91041,45189,140743,0.8
509d6821a3e695119ce3c37a2fd6c25a989f7585,13229,465,0,0.0,42.4,624050,3728,47753,91009,45181,140632,0.8
36c95a05624763f38dcf3062e084c4244ebd7663,13229,465,0,0.0,42.4,624008,3728,47749,91003,45174,140628,0.8
b18de178598d64affaae74228c14470e93ae8805,13229,465,0,0.0,42.4,624002,3728,47749,91003,45174,140616,0.8
84442a6578ec0d38c448a762b8b598dd4bd6671f,13229,465,0,0.0,42.4,624002,3728,47749,91003,45174,140616,0.8
90d93aed46f551e6aa4b0b9016c97f2d944b855a,13224,465,0,0.0,42.4,623180,3728,47736,90983,45157,140473,0.8
9eb5cbd342a5c72c2a45bad3982b66f012e05f08,13224,465,0,0.0,42.4,623180,3728,47736,90983,45157,140473,0.8
6d743641975ca98361452f4332a468c8d98b89e8,13224,465,0,0.0,42.4,623179,3728,47736,90983,45157,140473,0.8
731e5f0aa27b374d7affd8d3512654b2212048dc,13223,465,0,0.0,42.4,623059,3728,47729,90972,45156,140440,0.8
41bfb9c1eb7309d45296e687ef465b881bc7d91b,13223,465,0,0.0,42.4,623040,3727,47726,90968,45137,140440,0.8
0188579bb8f56da6214f2234337a7168271c21bf,13223,465,0,0.0,42.4,623040,3727,47726,90968,45137,140440,0.8
c2bb77332fb7fb22f26f38027cb6e96fda5be525,13223,465,0,0.0,42.4,623040,3727,47726,90968,45137,140440,0.8
ae8e6698ff96f796850068ef8162df0f628ed7e6,13223,465,0,0.0,42.4,623040,3727,47726,90968,45137,140440,0.8
61b131f04ef80739b561062505b60180674bb3e5,13223,465,0,0.0,42.4,623038,3727,47726,90967,45137,140440,0.8
d228992a449af048e53bbc24b8731efcb565e96f,13223,465,0,0.0,42.4,623020,3727,47721,90963,45135,140440,0.8
3af21ea62afb38f70d856b930d73b2ac84cd1f2f,13223,465,0,0.0,42.4,623020,3727,47721,90963,45135,140440,0.8
ae246e6468b9c4d1c39411f422463e9c58540916,13223,465,0,0.0,42.4,623020,3727,47721,90963,45135,140440,0.8
b7372d3c399302f49cd4ca255688ccf44c880dcc,13223,465,0,0.0,42.4,623020,3727,47721,90963,45135,140440,0.8
4fdec90a852e417b10d9707f07b21963e4f01dff,13223,465,0,0.0,42.4,623020,3727,47721,90963,45135,140440,0.8
9728ad51673324d5c9c7fa49257aa889ae45c505,13223,465,0,0.0,42.4,623020,3727,47721,90963,45135,140440,0.8
f98115a9d3f00ec886bd73c035018489bf0a7919,13222,465,0,0.0,42.4,622941,3727,47717,90959,45135,140409,0.8
f161a133d5b5e1b9b8064fe0f37b83f395ec280e,13222,465,0,0.0,42.4,622941,3727,47717,90959,45135,140409,0.8
75707d0c686f9ac2f3d8be826b6c32402173bf3d,13216,465,0,0.0,42.4,622836,3727,47716,90958,45128,140325,0.8
1bdc699665a37071363d567c4a3299590e155579,13216,465,0,0.0,42.4,622806,3727,47716,90952,45128,140325,0.8
3cddc9f28c93b9231060ecb6b90e2d524bd5d160,13214,465,0,0.0,42.3,622710,3726,47713,90947,45128,140315,0.8
2e1ec5fde9e6fecfbc0883465a585a1dacb58c05,13214,465,0,0.0,42.3,622698,3726,47712,90946,45127,140315,0.8
c6d38e35750724d3b6b8d318ea465561bec5fd4d,13213,465,0,0.0,42.4,622586,3726,47705,90937,45110,140291,0.8
e8b972e41f47e0eba568c1cd774cc40daa625912,13216,465,0,0.0,42.4,622575,3726,47709,90941,45120,140326,0.8
a8b67085e671bb5fa5a7f738ce2e9cb2dcc65d9c,13218,465,0,0.0,42.4,622592,3726,47711,90945,45124,140346,0.8
29bf5cd4b6349247ce1e5d4321ad95b9082880a8,13220,465,0,0.0,42.4,622592,3726,47711,90945,45122,140356,0.8
d11d53ac5053b60237b1d55c6ee82f5b17f25837,13220,465,0,0.0,42.4,622590,3726,47711,90945,45121,140356,0.8
3bc2f97c41c40aba738289b0083ced13540b6adb,13220,465,0,0.0,42.4,622590,3726,47711,90945,45121,140356,0.8
ecf004bff86e080bf89baf16c26e8d453ec214ec,13220,465,0,0.0,42.4,622590,3726,47711,90945,45121,140356,0.8
b9bbcfb0e4d8f2605d3c6fb2543cefdd5d09524d,13220,465,0,0.0,42.3,622528,3726,47709,90943,45117,140356,0.8
6c7e8d1b84e7892d0848c9237e59ca4f890aafdf,13220,465,0,0.0,42.3,622526,3726,47709,90943,45117,140356,0.8
9fcf53b765987805a00795e25b6e27b717696afd,13218,465,0,0.0,42.4,622376,3724,47695,90927,45115,140340,0.8
c3443f65d4e708c77602efc1bf91348eb80f48b9,13216,461,0,0.0,42.4,621851,3722,47650,90859,45032,140280,0.8
122dfebfa8c4874bdb599d0ac9c0eedf51f3de92,13200,461,0,0.0,42.4,621784,3722,47646,90852,45030,140026,0.8
9b1fe348e0ce8cb55d3ac6fad8ed4ca748b74492,13200,461,0,0.0,42.4,621634,3722,47637,90839,45020,140026,0.8
2b758056772f9ed877fe90147266e935017c6c6f,13200,461,0,0.0,42.4,621634,3722,47637,90839,45020,140026,0.8
fb4e73849cf7f6f5ee3779bdaf36f3ea468f401d,13200,461,0,0.0,42.4,621634,3722,47637,90839,45020,140026,0.8
f84bdcdf4e2d6509162fbcdf24b8c73125cd004c,13200,461,0,0.0,42.4,621634,3722,47637,90839,45020,140026,0.8
3368a5cd7e4a30808026cdb8f2a4e80e3f4dea56,13212,461,0,0.0,42.4,621647,3722,47645,90839,45055,140161,0.8
08a733af9ba69e708a844a1485df2a044f88aab6,13212,461,0,0.0,42.4,621647,3722,47645,90839,45055,140161,0.8
78c3d774ff55c074af49cdeafa9ba267619cc735,13212,461,0,0.0,42.4,621647,3722,47645,90839,45055,140161,0.8
d55591292cf41db8411ede2ace2d8ba5a0cb726c,13212,461,0,0.0,42.4,621622,3722,47645,90839,45055,140161,0.8
9ca2eedb3b758cded81d77c76765a5b3e5f46605,13212,461,0,0.0,42.4,621622,3722,47645,90839,45055,140161,0.8
39928abb07cb1bb0bdd864bdb84718e3d2986b07,13209,461,0,0.0,42.4,621371,3721,47623,90807,45049,140145,0.8
a2160abebbff94674ff8421c4665e1b8c6779c3d,13229,461,0,0.0,42.4,621218,3718,47610,90791,45045,140469,0.8
063b2d5b4598e5b4982d919922f69d140820f341,13229,461,0,0.0,42.4,621220,3718,47610,90791,45046,140469,0.8
429f68ab7bf640485f91e7dabb9a074e61ced539,13229,461,0,0.0,42.4,620886,3718,47542,90723,45004,140469,0.8
e69d34ea2623084e217c935578767450a98e6e4a,13229,461,0,0.0,42.4,620889,3718,47542,90724,45004,140469,0.8
b6b673f1c4259d5ba425199f555370bffae48f51,13300,460,0,0.0,42.4,620329,3718,47542,90724,44997,141559,0.8
7ed2775a45f3095d130ab1f580f9c7a96765f519,13300,460,0,0.0,42.4,620329,3718,47542,90724,44997,141559,0.8
f098226ba9386ac8292031c4ebaf9c9ff3259656,13300,460,0,0.0,42.4,620329,3718,47542,90724,44997,141559,0.8
1c475e7852b8f8260e2bf3385d4376b6bb673df7,13300,460,0,0.0,42.4,620329,3718,47542,90724,44997,141559,0.8
759e69003b5829327cce8251f8b55109fceb5920,13300,460,0,0.0,42.4,620342,3718,47542,90724,44997,141559,0.8
15b3e2f3007d7a2e1ce2b35351db2b43a19e986d,13300,460,0,0.0,42.4,620342,3718,47542,90724,44997,141559,0.8
a2c538098bd1c7614301f5564ec1d241034c01fa,13300,460,0,0.0,42.4,620342,3718,47542,90724,44997,141559,0.8
d1befd970d99f6b5929654ba831cd1b5ad442961,13301,460,0,0.0,42.4,620176,3718,47536,90712,44997,141516,0.8
2e547ad217ba2f5b3286c60c115b5f18708ddfaf,13302,460,0,0.0,42.4,620324,3718,47536,90709,44997,141536,0.8
ee185f3f6987c092259ffd5b42b2e611e8660f47,13302,460,0,0.0,42.4,620306,3718,47536,90708,44997,141536,0.8
68d766b76a818778fe08c508a315b9379bc1714b,13302,460,0,0.0,42.4,620306,3718,47536,90708,44997,141536,0.8
fe83ff5b1902e4026549566b7a029fdbd8b54b85,13302,460,0,0.0,42.4,620309,3718,47536,90708,44997,141536,0.8
bd911c1c256665f4ddde07d3c675e25ec3cb6f10,13302,460,0,0.0,42.4,620309,3718,47536,90708,44997,141536,0.8
230dee0bf51aea96f955a632fc55b57cbe52df22,13224,461,0,0.0,42.4,620599,3718,47558,90776,44997,140369,0.8
53e056a2771fd8aa6b88d6e21e0586c1b6a92ac8,13220,461,0,0.0,42.4,620569,3718,47558,90774,44997,140337,0.8
b8a796effdca02108b2af005f977cbeb0d9cd718,13220,460,0,0.0,42.4,620817,3723,47592,90813,45005,140319,0.8
aadafb7d76ba49db78e96bd59e3f33853ec32dfc,13220,460,0,0.0,42.4,620769,3723,47589,90807,45005,140319,0.8
c293af2f1d962f44bb5b67a20ef3c67bd5823a38,13220,460,0,0.0,42.4,620764,3723,47584,90802,45004,140319,0.8
f8aecf6c3499d9fe08abebcf08b44fe5b4d1534f,13220,460,0,0.0,42.4,620754,3723,47583,90800,45001,140319,0.8
29772892fbe38d3b6664492daebfc2a51b4b6f5f,13220,461,0,0.0,42.4,620506,3718,47549,90761,44993,140337,0.8
371ce7e5efd598531e3fb0bafa08a895799a3263,13221,461,0,0.0,42.4,620493,3718,47547,90759,44992,140341,0.8
4f45eb3ae778a0204ae9c9ab402fcf92e758a7d2,13221,461,0,0.0,42.4,620487,3718,47547,90758,44995,140341,0.8
1d3cdcc6b5a549c07c9cbc56b2db1a264aaa6fed,13221,461,0,0.0,42.4,620487,3718,47547,90758,44995,140341,0.8
5722ce8de7eeb81322836f971311de04bbbe8fc6,13221,461,0,0.0,42.4,620485,3718,47547,90758,44995,140341,0.8
a7e67d09a7f05821cafdafba740e9efbdbdadf9c,13221,461,0,0.0,42.4,620485,3718,47547,90758,44995,140341,0.8
a9b2ef01d23604c69185f3b48146d75c48e2fc2a,13221,461,0,0.0,42.4,620485,3718,47547,90758,44995,140341,0.8
eff0700b29ce7ea5b566cdf56f2824be3eec7a29,13222,461,0,0.0,42.4,620348,3718,47534,90747,44946,140329,0.8
76aaa6a4b5c6ff0f512784e55954650a604dbca0,13222,461,0,0.0,42.4,620348,3718,47534,90747,44946,140329,0.8
0dd66f1d9c6070f465b848740cf82e315996df1f,13222,461,0,0.0,42.4,620348,3718,47534,90747,44946,140329,0.8
6bcb1fed152cd25bd43675e69b7fcc6968a7c7d6,13215,461,0,0.0,42.4,619971,3718,47526,90732,44943,140256,0.8
181fb2209eb5325a3d40cd1f03f4b2703f51e12b,13215,461,0,0.0,42.4,619971,3718,47526,90732,44943,140256,0.8
e1f934c917bd1077738308e633d0da2c10a300ff,13214,461,0,0.0,42.4,619953,3718,47524,90729,44941,140240,0.8
647ae1ef56939b009b152b814a884ee252de80ab,13214,461,0,0.0,42.4,619953,3718,47524,90729,44941,140240,0.8
6dd6ed7c0ba9a420443ffad2a1654556c4edfa49,13214,461,0,0.0,42.4,619953,3718,47524,90729,44941,140240,0.8
0f0b1af2ebbc5693ff6dc8049a1e3490540311f8,13214,461,0,0.0,42.4,619953,3718,47524,90729,44941,140240,0.8
3ab06f8794944ba49d013a05fea1ef3af412e7c8,13213,461,0,0.0,42.4,619934,3718,47524,90727,44941,140235,0.8
dc0791c35b794dc0f143270e13e90a825483f3ee,13214,461,0,0.0,42.4,619927,3718,47520,90732,44940,140250,0.8
f0ac5d3eb6193d5434cff347583369a726e91da1,13214,461,0,0.0,42.4,619927,3718,47520,90732,44940,140250,0.8
c2d5b514543f5d7b360a9a5dba9169a994eab1fe,13214,461,0,0.0,42.4,619927,3718,47520,90732,44940,140250,0.8
b633aeb53fd8c04f335702a55baaf1731357fb04,13214,461,0,0.0,42.4,619927,3718,47520,90732,44940,140250,0.8
a301a1f098b56babf5d2329b2d1f7bb9af9eb832,13214,461,0,0.0,42.4,619905,3718,47519,90729,44932,140246,0.8
fb7875d151fe94ff8275f3162de80b1804d145b8,13214,461,0,0.0,42.4,619905,3718,47519,90729,44932,140246,0.8
3adb8838f29c6ccaf3a94d21d550bd0625e04daf,13215,461,0,0.0,42.4,619850,3718,47513,90723,44931,140246,0.8
c0f175b517edef5dd1b06a5ac7890fb35224bc25,13215,461,0,0.0,42.4,619829,3718,47512,90720,44923,140242,0.8
9a8023869006b0047731140cd81cdf07570d5baa,13215,461,0,0.0,42.4,619812,3718,47511,90718,44918,140242,0.8
fafa5c5443276bc06ab53b00117d86f9903c0274,13215,461,0,0.0,42.4,619812,3718,47511,90718,44918,140242,0.8
5e1897c20b91c0f48c61fd8183de3de505e60bd9,13215,461,0,0.0,42.4,619812,3718,47511,90718,44918,140242,0.8
1017bb11a98f075bcf5b7e1cf99bf32adcc797cf,13215,461,0,0.0,42.4,619791,3718,47510,90715,44911,140238,0.8
f2267242b318cef3f7ffdca72a1790f1a42fbff2,13215,461,0,0.0,42.4,619791,3718,47510,90715,44911,140238,0.8
e510b38c9d442ace111e220b7d30e50569d5a89a,13215,461,0,0.0,42.4,619791,3718,47510,90715,44911,140238,0.8
20f9ff6aec67044be699dbfe7200a92bee4967fe,13215,461,0,0.0,42.4,619791,3718,47510,90715,44911,140238,0.8
8889af64d270bf2cc6633616a5e76eadf11cf73c,13215,461,0,0.0,42.4,619793,3718,47511,90717,44912,140238,0.8
c1431e192808704ff6c0a968f166fd7f837f1ab6,13215,461,0,0.0,42.4,619793,3718,47511,90717,44912,140238,0.8
019c08e5d114b407f0950e01805ba102ffd781b8,13215,461,0,0.0,42.4,619793,3718,47511,90717,44912,140238,0.8
b736fbc1c5660e65a1e5b7d2ef15b97b6b4697c2,13215,461,0,0.0,42.4,619793,3718,47511,90717,44912,140238,0.8
3804d74d67a010d8cb38bd3650746148d0f5cfbc,13215,461,0,0.0,42.4,619793,3718,47511,90717,44912,140238,0.8
934fb1590baec0b0d078167670694b70d1f75892,13214,461,0,0.0,42.4,619709,3717,47504,90708,44908,140233,0.8
0e42a360c3d772b18ccd6eb5231a2f9344b66e28,13214,461,0,0.0,42.4,619709,3717,47504,90708,44908,140233,0.8
a3849bfa5c360dea7afeaf6bed2750b8b13ef2cd,13214,461,0,0.0,42.4,619652,3717,47500,90701,44908,140233,0.8
223177faf955bd8f11864477da16013cf5d7cc75,13256,461,0,0.0,42.4,619652,3717,47500,90701,44908,140443,0.8
f26861cfce0edf397c14ce71a74a547930d55582,13265,457,0,0.0,42.4,619190,3706,47452,90629,44876,140561,0.8
4a16fb166df094d5b655686e0f6c9ea8ba0f892b,13294,458,0,0.0,42.5,618707,3699,47399,90513,44842,141121,0.8
e83815e784818d80876a21a51cc5a8ed16c06593,13295,458,0,0.0,42.5,618687,3698,47397,90508,44841,141126,0.8
1cfc1785e4cb77a39ee86b7d3ec36cbb9407aa10,13295,458,0,0.0,42.5,618687,3698,47397,90508,44841,141126,0.8
2a3f87927be9abfddcd5835621fe7c516a4877c4,13295,458,0,0.0,42.5,618686,3698,47397,90508,44841,141126,0.8
1f3f707ffb966be9cbd64b831f80657d2d7d3617,13295,458,0,0.0,42.5,618686,3698,47397,90508,44841,141126,0.8
ec9643e9f714f06eaac0ff232cb87cd906c168cc,13295,458,0,0.0,42.5,618520,3698,47393,90502,44841,141122,0.8
26cdc7a0181504718257a37bff4f34af77b0aad3,13287,458,0,0.0,42.5,618452,3697,47387,90491,44834,141002,0.8
9f946a116e00cf57433bfc703a51380f827357bd,13287,458,0,0.0,42.5,618350,3696,47377,90481,44824,141002,0.8
b2c4ec2620b44e2aba1962870bb2de9ecf25d5fd,13285,458,0,0.0,42.5,618286,3696,47375,90477,44824,140962,0.8
84f40cff9b98ee15b706289e551078355bb8a7a5,13284,458,0,0.0,42.5,618262,3696,47373,90474,44825,140942,0.8
ec0195185d04bb1ed4e72497fa84547efc7c22b0,13282,458,0,0.0,42.5,618042,3694,47344,90438,44717,140922,0.8
5764c93a59d8fe5d1c8a60c6ec2cc4deaf8f23d4,13280,458,0,0.0,42.4,617745,3692,47323,90398,44711,140909,0.8
08bb3e25892f917b9a89da651e3864442175dee8,13278,458,0,0.0,42.5,617448,3690,47302,90358,44705,140896,0.8
6a1f351414227f5c09235a96ad579fab0e88733a,13278,458,0,0.0,42.5,617448,3690,47302,90358,44705,140896,0.8
cc7e6d9fa259707a5c690b3534ea6b5c7da3fc05,13277,458,0,0.0,42.5,617136,3690,47275,90325,44677,140891,0.8
97c85aa03e3470ab9585519d650e8a989a59495f,13277,458,0,0.0,42.5,617136,3690,47275,90325,44677,140891,0.8
57195c4d27e4f0f818cb9e403d181d7fbd924a35,13277,458,0,0.0,42.5,617107,3689,47267,90319,44665,140891,0.8
5d9c1d37af51a8e11714b58d97d844a297c2e98f,13277,458,0,0.0,42.5,617110,3689,47267,90323,44666,140891,0.8
64e31684c9806f91370a89a4b0692a9e73967a33,13277,458,0,0.0,42.5,617101,3689,47267,90323,44663,140891,0.8
7891536bac269cafb5eb7a41307d325ccb514b07,13279,458,0,0.0,42.5,617125,3690,47270,90326,44667,140911,0.8
ea217e94698e547d73629e65ddae45199726988c,13279,458,0,0.0,42.5,616821,3690,47211,90250,44634,140911,0.8
324897e781e3ea35b5f1e47b32b96e65dadfedae,13279,458,0,0.0,42.5,616821,3690,47211,90250,44634,140911,0.8
d2b5e94a62ea8f78c9cb8c38c05df1653a030359,13279,458,0,0.0,42.5,616821,3690,47211,90250,44634,140911,0.8
509b817ebcdf582d5f515d824e37e5dcce626def,13280,458,0,0.0,42.5,616824,3690,47211,90250,44637,140911,0.8
487c6d2d4e9dacc96c079683056628d0f473e265,13283,458,0,0.0,42.5,616923,3690,47220,90264,44656,140954,0.8
023f3f5f0747421db846ba5c27ec1d2a757477a2,13283,458,0,0.0,42.5,616923,3690,47220,90264,44656,140954,0.8
80ec14ff363becf80d8e838184bd73f1c08a8d48,13284,458,0,0.0,42.5,616887,3690,47217,90258,44651,140974,0.8
e227c521a07c4435eb509de8ad1622f88a0e07c2,13289,458,0,0.0,42.5,616933,3692,47229,90267,44700,141024,0.8
a40dbd2e8bb09b4f7552970a17682fbb08ebccc1,13287,458,0,0.0,42.5,616931,3692,47229,90267,44696,141004,0.8
1526c1f663b2359de01183160b1236cd4eee04bf,13286,458,0,0.0,42.5,616442,3690,47211,90188,44690,140940,0.8
af1d405204c1d8d242d02e658f7ef3cea4217595,13285,458,0,0.0,42.5,616441,3690,47211,90188,44687,140930,0.8
65b8ac99f82ce1ccaec117b048a3113d610d6e56,13280,458,0,0.0,42.5,616406,3690,47210,90185,44689,140895,0.8
007ef6eaf4cd0721b908ad35977c134077fc69f3,13280,458,0,0.0,42.5,616387,3690,47210,90185,44689,140895,0.8
12cd59b97d64e4493db3f0264c440a17619a5cef,13280,458,0,0.0,42.5,616387,3690,47210,90185,44689,140895,0.8
a87d1b68375b4a327426681263b5ad96db93d43d,13288,458,0,0.0,42.6,615783,3685,47152,90105,44673,141044,0.8
e5ec43a19bcf87ef32dba971b5bbafd83e9a112f,13288,458,0,0.0,42.6,615763,3685,47147,90096,44673,141044,0.8
96ca8ab80334f0edbfb88699e31c39551d1f8c0d,13282,458,0,0.0,42.6,615583,3684,47135,90082,44664,140960,0.8
254bc49ea7647d402e77b637b0f1b49d0a66f248,13282,458,0,0.0,42.6,615583,3684,47135,90082,44664,140960,0.8
1ce3b76a232196ff1fbd7706ae28a0b0cf1ccf43,13282,458,0,0.0,42.6,615583,3684,47135,90082,44664,140960,0.8
7f2bd24049864b2c6145fdacbd9a3dfca4db857b,13282,458,0,0.0,42.6,615583,3684,47135,90082,44664,140960,0.8
c48f6fc72109e511236a93a50bc38a09b231dba6,13282,458,0,0.0,42.6,615583,3684,47135,90082,44664,140960,0.8
f06c4f7dfc98cc944a0e1d3a7b38ade0aaa52ce3,13367,483,0,0.0,42.6,614604,3682,47061,89901,44643,142522,0.8
73a6c905c46733f1b95f1af42b60fda8ad2b84b7,13367,483,0,0.0,42.6,614604,3682,47061,89901,44643,142522,0.8
9d26979a0ca6687e2deba116dfbe3b469bcfbf81,13367,483,0,0.0,42.6,614604,3682,47061,89901,44643,142522,0.8
4f90472d611d619eae2b30e9cddf9c713b6335dd,13367,483,0,0.0,42.6,614604,3682,47061,89901,44643,142522,0.8
cad247693ed56600c9d0118bd1293ce23356ec78,13367,483,0,0.0,42.6,614511,3682,47044,89874,44638,142522,0.8
84d2de762cac0a9d53c67df4d6e8b128d9b484b5,13367,483,0,0.0,42.6,614515,3682,47043,89873,44648,142522,0.8
6b10b43c4398b5d910d6ce437d9d08f4955dccfd,13367,483,0,0.0,42.6,614515,3682,47043,89873,44648,142522,0.8
460124eb689380b9e4ab8abf8bc64e3298339ddb,13367,483,0,0.0,42.6,614515,3682,47043,89873,44648,142522,0.8
a060bec73b78587b3b5cbc6544bb68d146090963,13367,483,0,0.0,42.6,614515,3682,47043,89873,44648,142522,0.8
28cfbef900937479b3e8381a629d0a3a3dcd4670,13363,483,0,0.0,42.6,614341,3680,47023,89828,44580,142484,0.8
ea229674332e0b63a9f05ffbaea00bb9519ff787,13360,483,0,0.0,42.6,614364,3680,47020,89813,44580,142454,0.8
62a95cfd72a0fee780c616866f0c97b8032c5621,13215,483,0,0.0,42.6,614182,3677,47003,89794,44592,140116,0.8
24a057f830a107b136b6b18c9e218923a110ec46,13191,480,0,0.0,42.6,613915,3674,46975,89755,44570,139696,0.8
124d5a9f2d3d2e38399e3734b654265fab5725be,13191,480,0,0.0,42.6,613720,3673,46952,89728,44543,139696,0.8
58368f5b692c1bbe3fa5e8d7d119053cc2878736,13189,480,0,0.0,42.7,613538,3670,46935,89709,44555,139686,0.8
34b8349399764c69dc9182a65275521d0e16c3a5,13189,480,0,0.0,42.7,613533,3670,46935,89708,44555,139686,0.8
615f0c66152671877aa21a8f896dfaee02bbf3d6,13189,480,0,0.0,42.7,613521,3670,46935,89708,44555,139686,0.8
827e7582495f4b154660debefff0aab748f42218,13189,480,0,0.0,42.7,613521,3670,46935,89708,44555,139686,0.8
fd36d59a718c543ff1431afeb92f5ba67e34164e,13283,479,0,0.0,42.6,613668,3677,46952,89725,44576,141078,0.8
dd5bb497175bcc75cf63bba16038b7a5d93ffdb2,13283,479,0,0.0,42.6,613669,3677,46952,89725,44576,141078,0.8
39df59308c9fdaf6d4f4c7a537caa960587fef5e,13283,479,0,0.0,42.6,613669,3677,46952,89725,44576,141078,0.8
ebecc947724a412118c68e2444fe9882bc912733,13284,479,0,0.0,42.5,613614,3677,46938,89718,44574,141072,0.8
585fd0cbd2b580c403d19aacd2d25cc5a9246a13,13284,479,0,0.0,42.5,613602,3677,46938,89718,44574,141072,0.8
83bef371bcf2499b1bc50b7cdd6924d29ac520ea,13280,479,0,0.0,42.5,613198,3671,46888,89668,44564,141052,0.8
69bcf05eff392f29438146db73b3b084c3fc3e29,13282,479,0,0.0,42.5,613194,3671,46888,89668,44564,141066,0.8
1741e4dae8b7fe293e0cf1f97d6753e598ddadeb,13279,479,0,0.0,42.4,612680,3669,46839,89580,44536,141085,0.8
eff2fee9011761c18de7c94dfa745b7a14b1067f,13286,479,0,0.0,42.5,612120,3666,46780,89482,44505,141232,0.8
16dbdeee8c2ab22cff586c8db028f5ec785dfe78,13287,479,0,0.0,42.5,612233,3666,46791,89504,44515,141250,0.8
c73c7729b20078d8a3c59be0f6c1c44635cbe090,13287,479,0,0.0,42.5,612227,3666,46785,89497,44514,141254,0.8
5c7a5ead85894e7ed523b6d0bd8953b0f7036cdc,13287,479,0,0.0,42.5,612211,3665,46783,89495,44499,141254,0.8
a0cb0910853f0fbbafdb600da58cd67add91b724,13288,479,0,0.0,42.5,612156,3665,46769,89488,44497,141248,0.8
b3062e443848c9badd7332c4b26c14f2b257cc4a,13288,479,0,0.0,42.5,612143,3665,46769,89488,44494,141248,0.8
7e12d1e75035e9d334a459ac5529d20ca47b00e6,13284,482,0,0.0,42.6,612018,3664,46761,89463,44494,141188,0.8
4d5e37a98612f2e3795d7d56bc6a0133b3be482e,13284,482,0,0.0,42.6,612017,3664,46761,89463,44494,141188,0.8
c965af5d489b4acdaef9267fd98fa845393f23bc,13284,482,0,0.0,42.6,612017,3664,46761,89462,44494,141188,0.8
c608f164424b23f852912c4a28cd8538f7c7cc67,13286,482,0,0.0,42.6,612069,3664,46757,89464,44495,141213,0.8
ec53846a16102fb3382a185e28ddd3e97c17c01a,13275,482,0,0.0,42.6,612047,3664,46755,89452,44490,140963,0.8
e752f7234727da9c8c35d1b51a1ad4e908326782,13275,482,0,0.0,42.6,612046,3664,46755,89452,44490,140963,0.8
747d2b0ef1e422f9aac1bd61a3fc46bb84c305b6,13275,482,0,0.0,42.6,612046,3664,46755,89452,44490,140963,0.8
a5411dd8b81b2f2dfdd4c45f7c6ebb13c187f321,13019,480,0,0.0,42.7,610817,3656,46659,89272,44471,137161,0.7
0a13fb2577bf7914f340e8abaa660e98bebfe6d4,13010,480,0,0.0,42.7,610736,3655,46641,89260,44454,137036,0.7
11717720495b45aee0036635d4dc09cfa9d8e280,13010,480,0,0.0,42.7,610736,3655,46641,89260,44454,137036,0.7
2a2cf150adafd3487809363bcd7c4160d47e967c,13010,480,0,0.0,42.7,610736,3655,46641,89260,44457,137036,0.7
5f5c9235c10ed4a711a64de880491b3ae4f348ec,13010,480,0,0.0,42.7,610644,3655,46639,89258,44457,137028,0.7
29979348435bcfbb63f6d79b7614d5d1e8f6c18c,13010,480,0,0.0,42.7,610644,3655,46639,89258,44457,137028,0.7
d4c012e8991fb8a9fe42f5c66b95060a88da9c1a,13010,480,0,0.0,42.7,610643,3655,46639,89258,44457,137028,0.7
667d56c2519811e2ec27347fe23cfa27c93b39db,13009,480,0,0.0,42.7,610637,3655,46639,89258,44457,137020,0.7
5b55d0082c2e7243a4f9faf852a48f052ee3f512,12996,480,0,0.0,42.7,609603,3649,46511,89090,44370,136778,0.7
67a47b06fddc9b0cfa871325d3b612367459f368,12996,480,0,0.0,42.8,609581,3649,46509,89086,44365,136778,0.7
c550e792e9d114f28bbd0d7e59fb934c5a2bb440,12993,480,0,0.0,42.8,609266,3649,46490,89059,44354,136757,0.7
ce5128f09cc697455e76af08ce6ce3c9c5b08b70,12993,480,0,0.0,42.8,609248,3649,46488,89056,44351,136757,0.7
e50fcace6f79da822b44c0e3a46a47614ebc7ee9,12993,480,0,0.0,42.8,609243,3649,46487,89056,44350,136757,0.7
a52488c978bbfd3f83814d5b281fd1ea81a0db9a,12993,480,0,0.0,42.8,609243,3649,46487,89056,44350,136757,0.7
41a71524ba97e6c7307db19b0f38b7984becfb76,12993,480,0,0.0,42.8,609243,3649,46487,89056,44350,136757,0.7
39c89ae34cb54170ec339cbf91e32c7ac2bb7610,12987,480,0,0.0,42.6,608602,3647,46430,88959,44322,136662,0.7
fd4dd1057140d0c76904e53f3715f7b2c0cc8892,12986,480,0,0.0,42.6,608554,3647,46428,88954,44322,136654,0.7
c21918a9195f0caa8ca6edf910dc99b75c0164cd,12986,480,0,0.0,42.6,608553,3647,46428,88954,44322,136654,0.7
43315e24c1c887aca381917188336e695b421353,12987,480,0,0.0,42.6,608512,3646,46423,88948,44323,136654,0.7
9d069a7c0292b3a66fab93b10ec304e9f965ca14,12987,480,0,0.0,42.6,608512,3646,46423,88948,44322,136654,0.7
bc4a9b7b160bae3cfcb240dac4b7fea27f8440ec,12960,466,0,0.0,42.6,607937,3641,46366,88857,44279,136214,0.7
6a5051b25d6c007ea98f381a1f6513a6392e4681,12960,466,0,0.0,42.7,607933,3641,46365,88856,44279,136214,0.7
5a15efc070ab59eeda6343998aa065c0c9892c5c,12960,466,0,0.0,42.7,607905,3641,46355,88844,44276,136214,0.7
3c6878fe160b9c12a7ddafb065f1b116238ff206,12972,464,0,0.0,42.7,607223,3637,46290,88737,44232,136399,0.7
e79206158d2972bbfe917ba222d726f184c2e745,12976,464,0,0.0,42.7,607109,3637,46278,88715,44227,136452,0.7
d9f789b02775eb9e613ec223f720c156ac0f9612,12974,464,0,0.0,42.7,607086,3637,46278,88711,44225,136420,0.7
739b8c5b8ce8a5dca527f285c522b33850066315,12970,464,0,0.0,42.6,607038,3636,46269,88701,44218,136365,0.7
c77d3aa754deb21a5e7942f4bac0481aa2c48d2b,12950,466,0,0.0,42.6,606984,3636,46258,88695,44219,136040,0.7
4c5dc6fb6e2685221c66f8eb7762d5f8d8786d75,12950,466,0,0.0,42.6,606986,3636,46257,88695,44219,136040,0.7
c443828941af23cde537acd6246f9a57c175ad3e,12950,466,0,0.0,42.6,606986,3636,46257,88695,44219,136040,0.7
fb5abd3aa75b538d21430146c20faa055c6578c2,12949,466,0,0.0,42.6,606938,3635,46248,88685,44212,136030,0.7
c172d5a968f3214d1057b3d888a699c6318fe027,12948,466,0,0.0,42.7,606885,3635,46239,88672,44203,136022,0.7
17c5e2033b19c8001fce351ce51a426c0e28a850,12948,466,0,0.0,42.7,606885,3635,46239,88672,44203,136022,0.7
eef306c10be48266c27586fcd020fb2e0bf15ba6,12948,466,0,0.0,42.7,606885,3635,46239,88672,44203,136022,0.7
b1ab35d66c8f19c9107094b4e26aa8beae94bf22,12948,466,0,0.0,42.7,606883,3635,46239,88672,44203,136022,0.7
4ef56d72a29e8a26ae9cbe6cfe79ee356f178144,12949,466,0,0.0,42.7,606850,3634,46234,88647,44204,136046,0.7
3f5f2cd802678dfd5d56943660ba17e0da08af18,12949,466,0,0.0,42.7,606850,3634,46234,88647,44204,136046,0.7
f76e9cb2b72f3ce242a50258ff27be23f6d5aea3,12949,466,0,0.0,42.7,606850,3634,46234,88647,44204,136046,0.7
742b3ad46ac98417c59377db9edc2c572ec4102c,12949,466,0,0.0,42.6,606850,3634,46234,88648,44204,136046,0.7
e5d771b300e7ec5ed0a6da9e476697088a2978b8,12949,466,0,0.0,42.7,606831,3633,46230,88648,44189,136046,0.7
ef9b77000c5b4b3b959db7688a9ab0b7e3b14338,12949,466,0,0.0,42.7,606831,3633,46230,88648,44189,136046,0.7
f309de06c894cf68c0bbac9594339239cb2a0521,12949,466,0,0.0,42.7,606831,3633,46230,88648,44189,136046,0.7
b04f0cd2dfd78ebe52e4e8fe833bdfb02a12714e,12949,466,0,0.0,42.7,606817,3633,46228,88644,44189,136046,0.7
102f51ffab3a51be77ecc9bafa68d55efb1136e4,12949,466,0,0.0,42.7,606817,3633,46228,88644,44189,136046,0.7
b71dfd9d1375724d2bc34085fe38c961d0b41d16,12949,466,0,0.0,42.7,606817,3634,46228,88644,44189,136046,0.7
64a21b5ce8a8cdb1d841dcc7669544097d6ba43f,12949,466,0,0.0,42.7,606808,3634,46228,88644,44189,136046,0.7
1b98be2b5888b8d2981972ffc03f71b2d52a6793,12949,466,0,0.0,42.7,606808,3635,46228,88644,44189,136046,0.7
adc6c60d0c58e9b460e83fda606e07c667278dab,12947,466,0,0.0,42.7,606788,3635,46220,88636,44189,136036,0.7
353c53910195b81bd5ceb908c12ed8113bbb4e3b,12947,466,0,0.0,42.7,606788,3635,46220,88636,44189,136036,0.7
3a82b4a39d28259542125ee21c3549e541cefce7,12949,466,0,0.0,42.7,606706,3635,46204,88627,44188,136046,0.7
6a8e1b4e4844bcad538e11dc38bad82421475877,12949,466,0,0.0,42.7,606706,3635,46204,88627,44188,136046,0.7
b26a1c5b44d3dadfcbb5be867c146249694cdfaa,12949,466,0,0.0,42.7,606706,3635,46204,88627,44188,136046,0.7
dafb4801e657f0874ece1be41fc5dcc2522a1255,12949,466,0,0.0,42.7,606706,3635,46204,88627,44188,136046,0.7
40de4bc7dc12c3e2c40d4fb687f9ee3342cb1727,12949,466,0,0.0,42.7,606698,3635,46204,88627,44188,136046,0.7
af4b39555374e1d1ab966278c5bc94ea41ba91af,12949,466,0,0.0,42.7,606672,3635,46198,88621,44184,136046,0.7
71669c0ec7123c452e23e0365d1eb539bb83ee16,12941,466,0,0.0,42.7,606294,3632,46165,88575,44183,135913,0.7
7f5ecad8e57149702cb57087fdc7c11ddacf587d,12940,466,0,0.0,42.7,606242,3632,46161,88571,44161,135897,0.7
28b5d0ec81ea615d1d644c2d1c0d0667c4323639,12952,467,0,0.0,42.8,605978,3632,46146,88548,44140,136013,0.7
1b989c86a3c0da0bbe7d5f385618116cd899bdf2,12951,467,0,0.0,42.8,605972,3632,46145,88547,44139,136005,0.7
305ab1544c7a7b844386fe9aca7ce9951936c021,12952,464,0,0.0,42.8,605842,3632,46137,88529,44138,135999,0.7
09cd064e56b174ed65846856396c92caee5cb9d0,12955,464,0,0.0,42.8,605942,3632,46140,88534,44139,136022,0.7
f94370d13e5f4230f35cba7a4d9593c436619498,13090,464,0,0.0,42.8,605080,3627,46078,88421,44104,138241,0.8
be20b6f13a2da4c9e47a934688d1a90e57c5f70f,13090,464,0,0.0,42.8,605080,3627,46078,88421,44104,138241,0.8
263441752393834c384a04d861cda1b8cb136a63,13090,464,0,0.0,42.8,605061,3627,46071,88414,44112,138241,0.8
3a9e0a68bfd6c110783a370bd864b90ab25aa9a6,13089,464,0,0.0,42.8,605037,3627,46070,88410,44110,138234,0.8
97684ad05171c7604f8908ac69a68e49a2f00e23,9508,464,0,0.0,47.4,505754,3617,38455,64858,32290,112768,0.7
ebf8e18381896d260d16997c99add79e7b938bbb,9504,464,0,0.0,47.4,505191,3615,38429,64770,32288,112666,0.7
6d6708843ab45070cbd4e6050c59dc1b3f57002b,9504,464,0,0.0,47.4,505190,3615,38429,64770,32285,112666,0.7
d44565b16628e920b726a368fbdb6dd4b0823187,9504,464,0,0.0,47.4,505190,3615,38429,64770,32285,112670,0.7
2945f764ec5b4443c18850bbaaf866eb64bd0d7f,9504,464,0,0.0,47.4,505181,3615,38429,64770,32285,112670,0.7
3d47d46eeb339fa245cace22a05953e0d1cb2a13,9504,464,0,0.0,47.4,505156,3615,38428,64768,32283,112670,0.7
8fb88a713930af01e9ead96f87fea92b22b4506b,9504,464,0,0.0,47.4,505157,3615,38428,64768,32283,112670,0.7
e05f2bba615b510b6c8cda795daa8c84ef23dfbf,9504,464,0,0.0,47.4,505157,3615,38428,64768,32283,112670,0.7
5f2ce6e8fc86be0f785fb0bb6656f2afac0d1d80,9505,462,0,0.0,47.4,504944,3612,38405,64730,32268,112662,0.7
aaa67d0797a59301a57c8603b8a22852e67e4f05,9505,462,0,0.0,47.4,504921,3612,38404,64729,32268,112662,0.7
aae6155956277eac52f52918b5f1a0a553d9b516,9505,462,0,0.0,47.4,504944,3612,38419,64752,32278,112662,0.7
00e0f7b0b263fcf268197f66aaf6a0e2c9c17d73,9504,462,0,0.0,47.4,504741,3609,38398,64716,32263,112652,0.7
14f4bc1ebe021bce35b756685a88026d85dd6025,9504,462,0,0.0,47.4,504735,3609,38398,64715,32259,112652,0.7
8d2d27bf3aa11864b5afdc01c854d20f5579332a,9504,462,0,0.0,47.4,504688,3609,38397,64714,32259,112648,0.7
b88f011a093a4f215c2d32ab50063746bc9f24e9,9504,462,0,0.0,47.4,504688,3609,38397,64714,32259,112648,0.7
36b974be9e97fc1d4f4227d0c044146bc361ead5,9504,462,0,0.0,47.4,504688,3609,38397,64714,32259,112648,0.7
9927572f648fd7c353793949c030dc388fa28645,9504,462,0,0.0,47.4,504688,3609,38397,64714,32259,112648,0.7
5360cfc6e5c749b410f67d479b7941fb02d5c82d,9510,462,0,0.0,47.4,504856,3611,38403,64736,32259,112684,0.7
15c6817247968328c2bab2af71616ce3f2209d31,9503,462,0,0.0,47.5,503919,3609,38363,64681,32189,112635,0.7
0b84579e35960ee9263539ef826cde9c5aa1090c,9502,462,0,0.0,47.5,503835,3609,38351,64664,32181,112617,0.7
b67cec582513ac9887b832ae0f33a4a209a453ce,9502,462,0,0.0,47.5,503825,3609,38351,64663,32180,112617,0.7
6514d731a62b05fc539fed782e4eea00691add8b,9502,462,0,0.0,47.5,503851,3609,38342,64671,32191,112617,0.7
3d00780f5f508ac7a0f475fd0e1ddfd736000c5b,9503,462,0,0.0,47.4,503445,3608,38310,64612,32188,112606,0.7
41570a1877bb0f7dd4b2a91addbbca08b3721588,9503,462,0,0.0,47.4,503445,3608,38310,64612,32188,112606,0.7
23c9345d4887eeb40e78dc6f6702773e99573ed5,9503,462,0,0.0,47.4,503420,3608,38309,64611,32188,112606,0.7
9a58a844d9a91cfa570b412c08ef2fb8dde76baa,9520,458,0,0.0,47.3,503002,3598,38275,64559,32190,113017,0.7
dbb8a404f6632a55acb36e949f0e7b84b643cede,9370,458,0,0.0,47.5,502737,3589,38254,64528,32194,110854,0.7
c07f2aabc0a1d02f068ecf1514d2479c0fbdd3b0,9370,458,0,0.0,47.5,502737,3589,38254,64528,32194,110854,0.7
99b41eb9fbae1eb6c0501ce1fd1c9008893583b4,9370,458,0,0.0,47.5,502737,3589,38254,64528,32194,110854,0.7
6e7a5df0e3049694b38507840a26d217c7050d35,9575,467,0,0.0,46.2,464029,3589,38254,64528,31939,114020,0.8
2ea5b9ecd375d2a583280bf928c455eca045fa6e,9575,467,0,0.0,46.2,464029,3589,38254,64528,31939,114020,0.8
d393f17605b1bcc3598c379269658ded0bee8fc3,9575,467,0,0.0,46.2,464026,3589,38254,64528,31939,114020,0.8
1556c13aaa1e68e1ae46a2f0653ee6527e384057,9570,468,0,0.0,46.2,463700,3581,38200,64468,31934,113975,0.8
7a92bf5e31a995c61dc598d2a36f598d5c120756,9570,468,0,0.0,46.2,463689,3581,38200,64462,31935,113975,0.8
679c3d4d95a8b29b9e4ca52fb2bf90838dd66d04,9570,468,0,0.0,46.2,463689,3581,38200,64462,31935,113975,0.8
7c88e997c06021714d6b3d81ecef60d4aa9ade4e,9570,468,0,0.0,46.2,463668,3579,38192,64460,31935,113962,0.8
d5c0aa4abc9b7352a533f656aed1060baaa9fe01,9637,474,0,0.0,46.2,463277,3578,38156,64397,31901,115100,0.8
d7b1a874677b3dc58c20656d9b06c571fe0a475a,9637,474,0,0.0,46.2,463277,3578,38156,64397,31901,115100,0.8
b8dc8c4a45959d26649e1cb43939c0d424deb9fc,9637,474,0,0.0,46.2,463267,3578,38156,64395,31901,115100,0.8
cfc2b3f84ec1fa05b4de4283b81428484a0c7af7,9653,473,0,0.0,46.3,463245,3576,38148,64393,31901,115332,0.8
e41758d22f10c4221816fad0d61ad6faf5f2db14,9653,475,0,0.0,46.3,463243,3576,38148,64393,31901,115332,0.8
4687798af7913f25dea9a1d6badd252f429a6810,9653,475,0,0.0,46.3,463240,3576,38148,64393,31900,115332,0.8
39878c629a6738b0fc99987ccb80da4511525bdc,9653,475,0,0.0,46.3,463195,3576,38139,64384,31900,115332,0.8
fa6403b1888847ce04de50c6b159dd43fdcb4590,9653,475,0,0.0,46.3,463195,3576,38139,64384,31900,115332,0.8
2a6d17f86bf9f651023ecf8bd2d292ddf4dad9fa,9653,475,0,0.0,46.3,463195,3576,38139,64384,31900,115332,0.8
5e25f2bb7638cd05b0e1e15fc3824012c7df9dc6,9649,475,0,0.0,46.3,463176,3576,38138,64381,31897,115303,0.8
040a8917f9a049592fbdc4e20657ee2ebeac6244,9415,454,0,0.0,46.3,462871,3572,38090,64313,31881,111755,0.8
5951ece2cedf82c69ae717a20c6b392b0b76237c,9415,455,0,0.0,46.3,462488,3572,38035,64235,31864,111755,0.8
650e52dea53f8b2099ebf8364158e82b096159bf,9412,455,0,0.0,46.4,461686,3569,37980,64160,31849,111715,0.8
eaad5d398b46a47f4ba47d361093fc6cbd2f6a6d,9409,455,0,0.0,46.4,461664,3569,37977,64155,31846,111695,0.8
742b3ec3351dff6ef423abeb0706bc211174eb3b,9409,455,0,0.0,46.4,461659,3568,37976,64154,31846,111695,0.8
65b803ffd2ddcd2633d638f6e7370f841e6896be,9409,455,0,0.0,46.4,461659,3568,37976,64154,31846,111695,0.8
be9c491b7a5a589523d6342a54f73a3613567e35,9409,455,0,0.0,46.4,461655,3568,37976,64153,31846,111695,0.8
4a8654b0f78074eb01d240a310b67a24b0cd2810,9408,455,0,0.0,46.4,461279,3566,37966,64141,31803,111669,0.8
f0a2b5818c1793b8ca4411c0955da8b5e4e86e40,9408,455,0,0.0,46.4,461235,3566,37962,64137,31803,111661,0.8
fd14dce7c0cdea67ecfa8eeede9e37def7a54119,9408,455,0,0.0,46.4,461235,3566,37962,64137,31803,111661,0.8
760643bd4df6adc321922142392ce7633c637f00,9408,455,0,0.0,46.4,461235,3566,37962,64137,31803,111661,0.8
7ea2f24b351cf50878952f17093a6de4b143cdf1,9408,455,0,0.0,46.4,461235,3566,37962,64137,31803,111661,0.8
c07aee8cd76f1fec6b57927b3348761018bfe9bc,9408,455,0,0.0,46.4,461235,3566,37962,64137,31803,111661,0.8
f8321ca2fc1e26fb458e8bb21c682d21a5531e92,9408,455,0,0.0,46.4,461238,3566,37963,64138,31803,111661,0.8
3c0fd8f2ccd0813315f7b365dbfa0cbd8806bed3,9408,455,0,0.0,46.4,461238,3566,37963,64138,31803,111661,0.8
ae96bdfef3099f8f24347204823d786444e0b432,9408,455,0,0.0,46.4,461238,3566,37963,64138,31803,111661,0.8
a0fca88e618738950a9c5f0ab6de65537d0494c1,9408,454,0,0.0,46.4,461012,3566,37948,64109,31798,111647,0.8
4a7f2fbbc464e49084ba2ca77b32ad8aa9970341,9420,454,0,0.0,46.4,460778,3565,37935,64092,31788,111834,0.8
2eefe5e22b131f6354c33300f39f29b56689a6e0,9420,454,0,0.0,46.4,460778,3565,37935,64092,31788,111834,0.8
0fadecaf8b5f9c1011b59de021a23a4a7fd52059,9420,454,0,0.0,46.4,460765,3565,37934,64089,31787,111834,0.8
debad8e81ed1d0df91b37d9d0fdc284324d47b2b,9420,454,0,0.0,46.4,460765,3565,37934,64089,31787,111834,0.8
906ba1b4998f938c4615a96ec90921e4ccd09c4a,9420,454,0,0.0,46.4,460765,3565,37934,64089,31787,111834,0.8
87f7ab0e51b7175a356333b56c354fb9089bdd31,9420,454,0,0.0,46.4,460757,3564,37933,64088,31757,111834,0.8
e364716e1d2966e44ce5d3824dfefb0f8557cba8,9421,454,0,0.0,46.4,460755,3564,37933,64088,31757,111848,0.8
2946be9f445bbab50aad71cf1c5d1da82a62d9e7,9421,454,0,0.0,46.4,460755,3564,37933,64088,31757,111848,0.8
2df94844280e72d12d6692934556736e2b203714,9421,454,0,0.0,46.4,460755,3564,37933,64088,31753,111848,0.8
9f6f687f6c649a700e1a603abf1965a22f7f8430,9421,454,0,0.0,46.4,460755,3564,37933,64088,31753,111848,0.8
21b504c7f82730420db961b82f373c11e476f3fe,9395,446,0,0.0,46.5,460295,3557,37884,64022,31716,111473,0.8
20c4750082ba334f5e9ba708adc0db0c0a330a5d,9394,446,0,0.0,46.5,460265,3557,37882,64012,31716,111468,0.8
f655c5690b0968f1cb5d396cce126babf3596e0f,9396,446,0,0.0,46.5,460197,3557,37882,63982,31716,111498,0.8
8300b219ec8962bd22af69adf67a4ab72dec1f48,9397,446,0,0.0,46.5,460158,3557,37879,63974,31716,111509,0.8
88b181221f6094fddef119870714059ba19d3c18,9396,446,0,0.0,46.5,460095,3557,37876,63965,31716,111484,0.8
344534da551a6624a0a1b5591718a09dc057940f,9396,446,0,0.0,46.5,460095,3557,37876,63965,31716,111484,0.8
9a3349b2e7edc20ce8d699234f0e173fb54e54f0,9396,446,0,0.0,46.5,460093,3557,37876,63965,31715,111484,0.8
36d69105f3c984415339e90ca6ab9231ae56a558,9396,446,0,0.0,46.5,460093,3557,37876,63965,31715,111484,0.8
4e7ad7e7a70684f466de424d575860f5cdd6995b,9396,446,0,0.0,46.5,460093,3557,37876,63965,31715,111484,0.8
8155e5e8129365ed8d33b8cced2e851734a302c5,9396,446,0,0.0,46.5,460093,3557,37876,63965,31715,111484,0.8
64ed2a7e2b5f7acce921e6d2c40d97ef276c44e8,9396,446,0,0.0,46.5,460092,3557,37876,63965,31715,111484,0.8
95f9adba722d192f79f26fdf94d90fc8d8e4bc50,9396,446,0,0.0,46.5,460092,3557,37876,63965,31715,111484,0.8
90fe0edf1a671095e587a53adeb31cc84d01fb89,9396,446,0,0.0,46.5,460092,3557,37876,63965,31715,111484,0.8
6a06cb3bd24c101d52e7987f55039b6b9692831d,9396,446,0,0.0,46.5,460092,3557,37876,63965,31715,111484,0.8
84951419a9ab0aa39f9304b3dce91a179f4e643b,9396,446,0,0.0,46.5,460092,3557,37876,63965,31715,111484,0.8
51a9702367e22aff635ae05f2a313a19c3ba2fb8,9396,446,0,0.0,46.4,459880,3557,37862,63941,31709,111484,0.8
52aa642c370d5486edc7b9bf0c8eef72b6de7007,9396,446,0,0.0,46.4,459812,3557,37856,63929,31715,111484,0.8
e58ff7075f8a95e3bfdf1924bc409a16492418b9,9396,446,0,0.0,46.4,459812,3557,37856,63929,31715,111484,0.8
6d2edd6284ebc5301dbe45376a31ca8316852a77,9396,446,0,0.0,46.4,459813,3557,37856,63929,31715,111484,0.8
2ad3c1ab40f937ac026be2b03bb2c09c109c3adb,9396,446,0,0.0,46.4,459799,3557,37856,63929,31715,111484,0.8
774b2f7df6bf318fa4bbf9f46b33b26b4702b8c2,9672,467,0,0.0,46.4,459687,3550,37839,63912,31694,115719,0.8
eeb0af128c65d6ec7df406c95ba0c54344301192,9665,461,0,0.0,46.5,459724,3550,37839,63912,31694,115594,0.8
1afce60cfe28bd168067d49458ce31904fcec992,9665,461,0,0.0,46.5,459723,3550,37839,63912,31694,115594,0.8
eff879daa492641ac8bc829e7c4625dcdfac05fa,9622,462,0,0.0,46.4,459205,3544,37767,63826,31650,114998,0.8
883f867088d3595af8f468fd687b6d7b1b178752,9622,462,0,0.0,46.4,459205,3544,37767,63826,31650,114998,0.8
600b293a5da9acd6cb77ac392b5557f8704b5e1e,9622,462,0,0.0,46.4,459216,3544,37766,63830,31644,114998,0.8
d3953cf000287fde5fa0d0831a5d2496e62f3d74,9622,462,0,0.0,46.4,459216,3544,37766,63830,31644,114998,0.8
1533eb17b227c9aeea8a8c29ff1bd15ef8c82a27,9622,462,0,0.0,46.4,459216,3544,37766,63830,31644,114998,0.8
5f5d699bf4160790d10ba712730dbc79d752a254,9623,463,0,0.0,46.4,459219,3544,37766,63830,31644,115028,0.8
71aa52952cf087562dd2f210a884943ac04732d6,9622,463,0,0.0,46.4,459100,3542,37753,63812,31602,115018,0.8
b493bde3e7518283ca03c3382c039bd3bd524ee1,9622,463,0,0.0,46.4,459094,3542,37753,63812,31601,115018,0.8
6cc4a198c56c05ff103e6ecdf75fe50004af19da,9622,463,0,0.0,46.4,459090,3542,37753,63811,31601,115018,0.8
0f5b7eba2c00362bfbae1a7197252a65254bdffd,9622,463,0,0.0,46.4,459090,3542,37753,63811,31601,115018,0.8
6603a81fe495d0a1c2b60d7155908b15746f5076,9635,463,0,0.0,46.4,458559,3536,37700,63738,31600,115144,0.8
fa07d9f2b37ef64913ae338e6db042d5f9a36a23,9635,463,0,0.0,46.4,458294,3536,37683,63721,31585,115144,0.8
727985905650e2a1d088f32c600d68fca81e1e63,9638,463,0,0.0,46.4,458219,3533,37698,63719,31564,115166,0.8
60fb1994e90a38efcaee65dd63b66bd3e935b2c6,9638,463,0,0.0,46.4,458205,3533,37694,63715,31558,115166,0.8
1629c537b923d001d9b0636afc5f7b5aaec79b13,9638,463,0,0.0,46.4,458205,3533,37694,63715,31558,115166,0.8
73381033481f4bfaa2967b02550e735b2c4e2f2d,9639,463,0,0.0,46.4,458203,3533,37692,63712,31558,115181,0.8
ecd1b691cc5d5e337e6e8bcf3f04b1d041ed8675,9632,463,0,0.0,46.4,458019,3531,37679,63690,31553,115119,0.8
3754cbd9f3e1e38bd6c8e6c947f236b0f8001e66,9632,463,0,0.0,46.4,458019,3531,37679,63690,31553,115119,0.8
62739b87af9ec5e6640d0bc504d08354f94f8fb9,9632,463,0,0.0,46.4,458019,3531,37679,63690,31553,115119,0.8
82ef2dcd5118174d19e63950b7c6bbc4a7ad3088,9632,463,0,0.0,46.4,457998,3531,37679,63690,31553,115119,0.8
643ecc2ca777e8268b78adf4a77f5b4ff86fb03a,9632,463,0,0.0,46.4,457894,3529,37666,63674,31549,115119,0.8
117625e7510620ffb3344584cf59c927e9e772f7,9628,463,0,0.0,46.4,457755,3528,37655,63648,31545,115088,0.8
4d055f87a1a62e11fe0dc72b6814472d81bdf14a,9628,463,0,0.0,46.4,457638,3528,37650,63638,31542,115060,0.8
d1d70875714ada876cc651be6d1b3a1d7483a0da,9628,462,0,0.0,46.4,457646,3528,37655,63642,31547,115060,0.8
791e7e6f0031606843a802e1931a94b6c1e9d751,9626,462,0,0.0,46.4,457652,3528,37655,63644,31547,115050,0.8
f8d124994c07a67ffe38443be94a5c3caa1cbdb6,9627,462,0,0.0,46.4,457658,3528,37658,63647,31549,115055,0.8
f281ec0a326d66dd4caeaab0ed08dc6ab5a7ff8a,9627,462,0,0.0,46.4,457658,3528,37658,63647,31549,115055,0.8
0f13b2a2d4fa37760fad4fa2f9d8c138dbd30dcf,9627,462,0,0.0,46.4,457658,3528,37658,63647,31549,115055,0.8
43faba0359bea367bf44346b15faf401632a34e8,9627,462,0,0.0,46.4,457658,3528,37658,63647,31549,115055,0.8
b0937a4951a2d4a40b67eda484d49c4a4d32566e,9302,451,0,0.0,46.2,456697,3522,37582,63543,31501,110399,0.8
a253817734dd2ffa576714a33f3a148c2a83927e,9303,451,0,0.0,46.2,456695,3522,37580,63540,31501,110414,0.8
8e9e33328edc147b4f7aa69b06926cf4d5060376,9302,451,0,0.0,46.2,456680,3522,37579,63539,31500,110404,0.8
c0ccb003894f76075fdc02f0ec2a15ef1cf9b194,9300,451,0,0.0,46.2,456633,3522,37576,63530,31495,110389,0.8
d131c356959d83b4b8cc1e418e1b8a48625efb0c,9300,451,0,0.0,46.2,456515,3518,37556,63506,31483,110389,0.8
761eadcb6cf4cda149b3d11cee4a2e526667c177,9296,451,0,0.0,46.2,456382,3517,37544,63479,31479,110358,0.8
96975d7a3a64ff8c043ecc90f3a571052a196150,9294,451,0,0.0,46.2,456328,3517,37541,63467,31475,110338,0.8
d8d212fd90a7239be14e575a1bc185abbb924c63,9294,451,0,0.0,46.2,456326,3517,37541,63467,31475,110338,0.8
3959e2ffee8c40722d66a492301b315ff37ba8a4,9294,451,0,0.0,46.2,456324,3517,37541,63467,31474,110338,0.8
56c1993ea9e557e7f1a25614765cadc15a74497e,9293,451,0,0.0,46.2,456309,3517,37540,63466,31473,110328,0.8
d397ae3f1b88e9a8bcd5d687e701c2d04f130b67,9286,451,0,0.0,46.2,456270,3517,37538,63461,31471,110248,0.8
5c85b2f5f1837e0e5a89434f656c6168653823c5,9265,451,0,0.0,46.2,455718,3511,37499,63395,31456,110062,0.8
a2656872c2d3967d279d9f90c35a72da506aa8d6,9265,451,0,0.0,46.2,455718,3511,37499,63395,31456,110062,0.8
c8b97c91ac04a2ee5ee8f746dcc4619a9c8d5ffe,9265,451,0,0.0,46.2,455671,3511,37492,63381,31455,110062,0.8
d563d6db0a56199306c82187027fb76e2bf41be2,9262,451,0,0.0,46.2,455658,3511,37492,63378,31455,110021,0.8
e3e8a15226a16dca18e40b3252ae25e940751cb1,9260,451,0,0.0,46.2,455647,3511,37492,63376,31447,110001,0.8
da7dd947e4309aa29bb4c803dd4790cf143c5b90,9260,451,0,0.0,46.2,455638,3511,37492,63376,31447,110001,0.8
81dec350a18aa17675957a13a8915707a3db7a7a,9260,451,0,0.0,46.2,455638,3511,37492,63376,31447,110001,0.8
9742ea099a97be049cb382b9c4e81c7fb2e5948d,9260,451,0,0.0,46.2,455638,3511,37492,63376,31447,110001,0.8
36d0b91bb4ab3d59120b3b1b2db786abf7d1de18,9260,451,0,0.0,46.2,455638,3511,37492,63376,31447,110001,0.8
ff6cf54eda99c741bd810d0addddba37f76e05b1,9260,451,0,0.0,46.2,455551,3510,37477,63368,31447,110001,0.8
c69a3dd6171ea2e6d2930be3a0402335d696354b,9261,451,0,0.0,46.2,455552,3510,37477,63368,31448,110001,0.8
6ec04dc5cb4180fda0c6f0762c32100106a89b0e,9255,451,0,0.0,46.3,455296,3507,37441,63325,31426,109928,0.8
0420cde265bee4a0a8e1e0aaad8297242848b3cd,9257,451,0,0.0,46.3,455248,3500,37430,63321,31362,109963,0.8
7e1ade80397a54c24db3634cb6015d539143e62d,9257,451,0,0.0,46.3,455248,3500,37430,63321,31362,109963,0.8
509bdc1777615f88d15aec40d41eb9e4ba00b7ad,9257,449,0,0.0,46.3,455134,3499,37412,63299,31351,109963,0.8
63acd3174f5d4dd213ddfb3e9e66225313fc6489,9255,449,0,0.0,46.3,455065,3497,37406,63289,31343,109953,0.8
dec56790be30180b24c468e88989fbd3b7bf9450,9255,449,0,0.0,46.3,455065,3497,37406,63289,31343,109953,0.8
bd495ec104de868ed49b9deec454f5386119c940,9253,449,0,0.0,46.3,454980,3497,37378,63261,31347,109933,0.8
da37818bc82aee379dbcd913f73d8ee75fccc63c,9253,449,0,0.0,46.3,454980,3497,37378,63261,31347,109933,0.8
342ec3c4b77b702753c8351783582ce923a284dd,9243,450,0,0.0,46.3,454426,3495,37354,63229,31336,109933,0.8
f72442f515718b6ed5381dcc267734f7f230f905,9243,450,0,0.0,46.3,454426,3495,37354,63229,31336,109933,0.8
3fca5e50cec4158ee58202822581948e42c98655,9239,450,0,0.0,46.3,454296,3495,37347,63216,31323,109893,0.8
dd5b35067baac5eb004141d51d32251d2f8e808c,9239,450,0,0.0,46.3,454185,3495,37327,63191,31305,109893,0.8
7e30bec5022924c64c6256eed3c570a86a0bbfd2,9239,450,0,0.0,46.3,454185,3495,37327,63191,31305,109893,0.8
36634970f5393c5e5f433641bab5d35275cb1ba0,9239,450,0,0.0,46.3,454185,3495,37327,63191,31305,109893,0.8
336197f4a4a0d80943ed5f1716b74c05cb66200b,9233,450,0,0.0,46.3,453456,3495,37272,63071,31282,109641,0.8
e1b67dc2ddc880fd36db43fceaaf8f74b1b82778,9232,450,0,0.0,46.3,453404,3495,37270,63063,31270,109631,0.8
b4ed29b2af16aa88b5da842c64a8cc3630583ada,9230,450,0,0.0,46.3,453381,3495,37269,63060,31269,109621,0.8
b94716f2e156aca69d713b06e7faa31eb0129d4a,9230,450,0,0.0,46.3,453393,3495,37269,63063,31269,109621,0.8
2dab406630babee038dcfc2e1991a86575cbd45e,9230,450,0,0.0,46.3,453317,3493,37263,63057,31260,109621,0.8
3147901275479707b5372d1e81b8ae536a80e0e7,9230,450,0,0.0,46.3,453317,3493,37263,63057,31260,109621,0.8
7f152b104c8866d639830ba9eba49bd7867be395,9230,450,0,0.0,46.3,453317,3493,37263,63057,31260,109621,0.8
e9b47f7070fbdd9673cde275ec9fd62cc2a96f0b,9230,450,0,0.0,46.3,453317,3493,37263,63057,31260,109621,0.8
faa4c55b71cb3ac0364fbbaa432bee3d5a747fb3,9230,450,0,0.0,46.3,453317,3493,37263,63057,31260,109621,0.8
6b40ec7157474fab2d614601fecfe8555d07d8d3,9230,450,0,0.0,46.3,453318,3493,37262,63056,31260,109621,0.8
3f3a987260da99e521df5889cb7587cfb7b46b41,9230,450,0,0.0,46.3,453318,3493,37262,63056,31260,109621,0.8
878022bb6daa86dfcba576f4ed67f4d46473d497,9230,449,0,0.0,46.3,452938,3491,37204,62971,31176,109621,0.8
31e1ef4548e1d9452154bc92992b74c0ddaece0f,9224,449,0,0.0,46.4,452832,3491,37197,62960,31153,109559,0.8
b814bf222070a47cff2d680ee06637af175e3960,9193,449,0,0.0,46.4,452656,3490,37187,62945,31148,109076,0.8
a2619b8bbe587e345234167b8b0c02534c869c0d,9193,449,0,0.0,46.4,452657,3490,37186,62944,31148,109076,0.8
22298818cb7eba13294eda3b2dd696b773e0f170,9193,449,0,0.0,46.4,452658,3490,37186,62945,31148,109076,0.8
b9dfdc214f4d99857aa4f06a475dacb07517d17c,9193,449,0,0.0,46.4,452658,3490,37186,62945,31148,109076,0.8
e28b28831de81564cbbdda36aee5d3fdace893ea,9193,449,0,0.0,46.4,452658,3490,37186,62945,31148,109076,0.8
3e2ab64c3f07d689aebfa873a9431dd9790f2f25,9193,449,0,0.0,46.4,452658,3490,37186,62945,31148,109076,0.8
f7add9f181831ce3e98878cd4f1dcee4a2a556be,7971,409,0,0.0,40.0,399772,3107,33431,56255,28441,93552,0.8
a5eb4e4c899420c82dc2183ef755ebcbc0c0f882,7970,409,0,0.0,40.0,399824,3113,33444,56264,28480,93548,0.8
71cbe8b2d2e075fdc2708931523a5cb1ba2a46fa,8276,401,0,0.0,40.0,399824,3113,33444,56264,28480,97834,0.8
2c6f0976e4446ece96118d748204eb3dd4ebf538,8276,401,0,0.0,40.0,399824,3113,33444,56264,28479,97834,0.8
c1dee7525c67b2644b63cbdaa47e585a220a334f,8277,401,0,0.0,40.0,399827,3113,33445,56265,28477,97842,0.8
0775af10147ffa87629d39b5fabaee5e5cdcce8d,8277,401,0,0.0,40.0,399827,3113,33445,56265,28477,97842,0.8
23b97c191f13c4b2f8cdac0d74ff712872724403,8276,401,0,0.0,40.0,399670,3112,33420,56237,28475,97828,0.8
7a783b67d3180bb519629b8be0b725a4ac39cfc0,8275,401,0,0.0,40.0,399634,3112,33416,56233,28473,97808,0.8
612fa2d070c0e8d4cbdd608573f413ecf68e9c46,8196,401,0,0.0,40.0,399380,3107,33383,56197,28452,96665,0.8
7d6bbc4cc711fea1e7fc2b00a63bbd23895e6b8b,8197,401,0,0.0,40.0,399380,3107,33383,56197,28452,96680,0.8
c27efc075b6bc56cc1fffd1937b547518e68fc17,8197,401,0,0.0,40.0,399379,3107,33383,56197,28452,96680,0.8
2262f67ae8fdc8ee71c7d9f67f81d4c5598fca6a,8197,401,0,0.0,40.0,399343,3107,33381,56191,28452,96680,0.8
5590d1e4338be8eb0032ec8442a52c324994ef7c,8188,401,0,0.0,40.0,399288,3106,33379,56184,28448,96552,0.8
4ce3900e34a1513a53db95725938053b2b90851e,8188,401,0,0.0,40.0,399288,3106,33379,56184,28448,96552,0.8
98dc1e63d240c32ec7d48eb246d4b8bcd421aeff,8188,401,0,0.0,40.0,399231,3106,33377,56181,28443,96548,0.8
dadeef2fc445230300954cfac716486799b83dec,8185,401,0,0.0,40.0,399015,3106,33368,56163,28418,96458,0.8
bd9408499cc99876fc52ebe3c00c9e40bd0e66c2,8178,401,0,0.0,40.1,397996,3101,33240,55996,28164,96394,0.8
e0ff3c6e9876ce04c890908e375c876d14240c3e,8178,401,0,0.0,40.1,397996,3101,33240,55996,28164,96394,0.8
eff655644175ac75ef7484a2ffd0a81c021fa586,8178,401,0,0.0,40.1,397996,3101,33240,55996,28164,96394,0.8
4956ec68fefcee79bc713b011d8229552c04b450,8179,401,0,0.0,40.1,397996,3101,33240,55996,28164,96399,0.8
443fee43c2ac5008d90f7bd3a59f02ec72b57db5,8178,401,0,0.0,40.1,397952,3101,33234,55987,28163,96394,0.8
313f49770695fd0201baa8e0158a2f4f41b8b468,8178,401,0,0.0,40.1,397952,3101,33234,55987,28163,96394,0.8
35b8558d7c0b5564fb3d47f92721534f45850cd6,8178,401,0,0.0,40.1,397949,3101,33234,55986,28163,96394,0.8
1fc50582629896a8e51275157cdde43a43db416d,8178,401,0,0.0,40.1,397916,3101,33228,55980,28163,96394,0.8
0eeec8ba5eae1ba01cbff44f7f806bb87e40b7bf,8149,403,0,0.0,40.2,396954,3095,33152,55876,28112,96236,0.8
781f1bc22d718dc5a62eaf9a59d2553562a58c9a,8149,403,0,0.0,40.2,396954,3095,33152,55876,28112,96236,0.8
95dfb2b6d2d7566a319fc780debed845b53b3617,8149,403,0,0.0,40.2,396954,3095,33152,55876,28112,96236,0.8
51827cff86830574f107cb10ad09035396c5dee7,8149,403,0,0.0,40.2,396954,3095,33152,55876,28112,96236,0.8
6ef656ba0c8f82d0e298947b5eb6bcc534f84ed3,8150,403,0,0.0,40.3,396847,3095,33145,55864,28109,96266,0.8
720d8d91da685cf42d4d01e63248a8b2cd2a4a45,8150,403,0,0.0,40.3,396847,3095,33145,55864,28109,96266,0.8
a741a306fa211880321a970f8d6698a4eef3aa26,8143,403,0,0.0,40.3,396801,3095,33140,55858,28105,96211,0.8
51fbc5603e0666dab7b3682cff600342bab8f3d0,8143,403,0,0.0,40.3,396808,3095,33140,55858,28105,96211,0.8
7d3ed17e7d8bb56c3ab902bae6abada3ff841998,8143,403,0,0.0,40.3,396808,3095,33140,55858,28105,96211,0.8
ae19482cd7f9ee3e9e95d7198cfc1e5068254d75,8143,403,0,0.0,40.3,396808,3095,33140,55858,28105,96211,0.8
88a4d9e85bf30c57d8ef0d2fc10315ba68c59360,8142,403,0,0.0,40.3,396723,3095,33135,55848,28105,96203,0.8
ac8733d7b9cf182bcee62d67cec4e1342efb6387,8142,403,0,0.0,40.3,396728,3095,33135,55848,28105,96203,0.8
a5efb53f3588306731afed71ad422891a588ccdf,8142,403,0,0.0,40.3,396728,3095,33135,55848,28105,96203,0.8
08c8764b40fac06836d32d4d886b9f43962c8ee6,8142,403,0,0.0,40.3,396532,3092,33114,55814,28074,96203,0.8
e335086e6c3e59d506190bb5ba9013d47c515b3f,8140,402,0,0.0,40.3,396447,3092,33112,55801,28064,96186,0.8
2f550cd65cfb2c7db689774dfee5fba70099de28,8140,402,0,0.0,40.3,396446,3092,33112,55801,28064,96186,0.8
4959e5473a9aa8ca10e8ba883a3cbbc3d9dd1b15,8140,402,0,0.0,40.3,396427,3092,33110,55797,28064,96186,0.8
58a9c6d871391482aa41da668b5eaeb10258fa60,8141,402,0,0.0,40.3,396426,3092,33110,55797,28060,96191,0.8
120cbe9a5db4cedec76d2a7f097ec67de9c25c96,8138,402,0,0.0,40.3,396388,3092,33109,55795,28060,96147,0.8
ce11427d9f50dd52a5e4cf78985649f426bdd7d2,8138,402,0,0.0,40.3,396392,3092,33109,55797,28067,96147,0.8
a3c44ee095bf01ca8c7c9b336914bfad03db6b78,8138,402,0,0.0,40.3,396362,3092,33107,55794,28067,96147,0.8
3bd6107535c5cb6a9d5b73d9f0302091fac2e9a1,8138,402,0,0.0,40.3,396362,3092,33107,55794,28067,96147,0.8
a64417c5ce6ae9aac2cf6e5f5675d224a9846afd,8089,408,0,0.0,40.3,396128,3091,33099,55773,28060,95419,0.8
da63c843991431af374c4b9b5530719d5b80f49e,8089,408,0,0.0,40.3,396125,3091,33098,55772,28054,95419,0.8
a2c0e13e2ddd4b939760ccf550986293f4620924,7983,408,0,0.0,40.2,395523,3083,33055,55702,28018,93877,0.8
282e97623100a1712b45ae8fccf9b19f77f16a84,7972,408,0,0.0,40.4,393845,3067,32914,55533,27647,93795,0.8
c713475fc03ee8a04dc42f00e8e8f01a7b083ed9,7972,408,0,0.0,40.4,393845,3067,32914,55533,27647,93795,0.8
5f74b3349486b76859a1faf8fb4960c473f0d591,7972,408,0,0.0,40.4,393846,3067,32914,55533,27647,93795,0.8
bf2f33acbda2f8b41342c5e4e32a285dba56cb9b,7972,408,0,0.0,40.4,393846,3067,32914,55533,27647,93795,0.8
c9442f1c0f0524b7ca5ac3ccbb927cc80b764239,7972,408,0,0.0,40.4,393846,3067,32914,55533,27647,93795,0.8
6c510d6f37727a889602651bf6551fac623c66aa,7972,408,0,0.0,40.4,393849,3067,32915,55534,27647,93795,0.8
13db47e2755d8a885043a7ec62eee2dcab43a9bc,7972,405,0,0.0,40.4,393247,3059,32872,55464,27611,93881,0.8
a38e66323a99b65f433cb6e96007674a741a2f5a,7972,405,0,0.0,40.4,393247,3059,32872,55464,27611,93881,0.8
5653a0d9c704b22b3b193ae6338af6261833f6e2,7972,405,0,0.0,40.4,393247,3059,32872,55464,27611,93881,0.8
a7f7c1a9b78dd596c6c9eda1f0b621950b09f6f5,7972,405,0,0.0,40.4,393247,3059,32872,55464,27611,93881,0.8
8d8b606a95da950923b8b47d6b2ac608c5903c13,7972,405,0,0.0,40.4,393200,3059,32868,55456,27602,93881,0.8
98dc9fe8724375e8b932e7e8afdb925c897b4695,8066,404,0,0.0,40.6,391997,3043,32753,55281,27566,95436,0.8
547152cf3dfa5e399351b851c48edd8f916e9c48,8066,404,0,0.0,40.6,391988,3043,32753,55280,27566,95436,0.8
38145f52fed1b1cc299e15468a93e2934fdffa09,8076,399,0,0.0,40.6,391708,3043,32741,55245,27552,95538,0.8
c7d758c6abae37783637b0aef2a56f07338f6bb5,8076,399,0,0.0,40.6,391708,3043,32741,55245,27552,95538,0.8
06bd31e61720bdc2defd0a5a7628811728b58f58,8076,399,0,0.0,40.6,391648,3041,32737,55240,27550,95538,0.8
87242c00d530817a038a651448f689f350bc7e7e,8076,399,0,0.0,40.6,391536,3041,32713,55215,27537,95538,0.8
bb18f18cf83e87f33c0891b9b875aca2c155503d,8076,399,0,0.0,40.6,391536,3041,32713,55215,27537,95538,0.8
8d37c7f4db207e2589c56076390086a84b73b6a2,8081,414,0,0.0,40.7,390388,3039,32629,55032,27469,95763,0.8
d50bfeebb00f252456c719f26835b715fe800b14,8081,414,0,0.0,40.7,390379,3039,32628,55028,27469,95763,0.8
c4cb017f0225464d77aa80a56c67e5425f3e6f4d,8079,414,0,0.0,40.7,390342,3039,32627,55027,27468,95743,0.8
de909f093f11417b5611542eb09834b51d28994a,8079,414,0,0.0,40.7,390342,3039,32627,55027,27468,95743,0.8
1e43cb4235858e09f0b16f8979d56a24dd948663,8079,414,0,0.0,40.7,390342,3039,32627,55027,27468,95743,0.8
9f5b0d7200d515e919ffefab714cd0f8d025bddb,8079,413,0,0.0,40.7,390289,3039,32625,55019,27443,95743,0.8
b7c1adb1a1e0b32d6726f4c1bf499d8f04bf427b,8080,413,0,0.0,40.7,390332,3038,32630,55032,27429,95748,0.8
478c118c66d3fa960dae2a17b135f1291add0625,8080,413,0,0.0,40.7,390332,3038,32630,55032,27429,95748,0.8
77ac5844876e4f360117c6d97267a817d6f71b12,8078,413,0,0.0,40.7,390269,3036,32624,55023,27427,95728,0.8
84998568dbb5125dcb5a0799cfa01f4acd40b260,8078,413,0,0.0,40.7,390275,3036,32624,55026,27424,95728,0.8
2244ade22291dff63dd76a4e90f6a001cf76a38a,8078,413,0,0.0,40.7,390287,3036,32624,55026,27424,95728,0.8
f28b5a08de812dfa1c1c802c5c68ab32297e5fb1,8078,413,0,0.0,40.7,390287,3036,32624,55026,27424,95728,0.8
183f86338c786445403e855436cb0b864f87f317,8078,413,0,0.0,40.7,390287,3036,32624,55026,27424,95728,0.8
08e21332b8cda02246279faf4cf4b0b9989dc1cc,8078,413,0,0.0,40.7,390287,3036,32624,55026,27424,95728,0.8
4df5d37f1d881df8b9fac119607ef85a859461b8,8078,413,0,0.0,40.7,390285,3036,32624,55026,27424,95728,0.8
ec1beb99ac4cfc50c588d8af237363a961cc12ea,8078,413,0,0.0,40.7,390285,3036,32624,55026,27424,95728,0.8
5d6c6ccecc43f9d9d2348fddbde45b747016d643,8078,413,0,0.0,40.7,390285,3036,32624,55026,27424,95728,0.8
9a8b83c7339ff8905badeccbeb3e3bfa30621243,8078,413,0,0.0,40.7,390282,3036,32624,55025,27422,95728,0.8
31dafee40e0637af69f88529d4e0721f72691fb2,8146,413,0,0.0,40.4,389405,3027,32564,54917,27353,96786,0.8
0adf678b79ff97b4d1454bb762be3143404c10d2,8146,413,0,0.0,40.4,389405,3027,32564,54917,27353,96786,0.8
1123b0ac9098e0be599297b57f5139f6fe5bf1e0,8139,413,0,0.0,40.6,388528,3018,32504,54809,27284,96746,0.8
c9efc4b8ccdaf047f32dc134096f68cb7133c545,8132,410,0,0.0,40.6,388323,3015,32492,54784,27266,96617,0.8
315e9e9e43c4c10fd68dbb340378ca639ee554ea,8132,410,0,0.0,40.6,388323,3015,32492,54784,27266,96617,0.8
2d308149240ce973d5b99249b4c481f3430b47fa,8132,410,0,0.0,40.6,388323,3015,32492,54784,27266,96617,0.8
fe089fb4f374c25b8da3c6d80a4af876fb61a8c4,8132,410,0,0.0,40.6,388323,3015,32492,54784,27266,96617,0.8
b06a89cebd5099b40b188c4c40ea7b1a23d3427a,8132,410,0,0.0,40.6,388228,3015,32479,54769,27263,96615,0.8
2c638d40bcc2200666280ca19fc30baaaedcfefd,8132,410,0,0.0,40.6,388228,3015,32479,54769,27263,96615,0.8
cee5f75536e280cfb8bfbe2bcdc33731dd18a4ae,8132,410,0,0.0,40.6,388229,3015,32479,54769,27263,96615,0.8
75fb871ec0d8bb092d41746d4611e10106a15e75,8132,410,0,0.0,40.6,388229,3015,32479,54769,27263,96615,0.8
7f7b600e7ab4df5f3ffa6607818119650b42a922,8132,410,0,0.0,40.6,388242,3015,32479,54769,27263,96615,0.8
f7b9621bc8ef80307814c7fd2ce1327940a775a9,8132,410,0,0.0,40.6,388236,3015,32479,54769,27263,96615,0.8
ff7c21738d8e2daae5e69341f80ec6832ce209d1,8132,410,0,0.0,40.6,388236,3015,32479,54769,27263,96615,0.8
980b515875679d5aa01a50802129fafa554340a4,8132,410,0,0.0,40.6,388235,3015,32479,54769,27263,96615,0.8
ba7881d5caef6259e478b8c0ec8fa8f237ea7792,8139,410,0,0.0,40.6,387944,3015,32456,54711,27226,96664,0.8
a94040be9afa0946eb88c9a199b57902d2ef647f,8139,410,0,0.0,40.6,387936,3015,32456,54711,27225,96664,0.8
3cc131130a1bca8e14e98597a140b03c528496f4,8139,410,0,0.0,40.6,387936,3015,32456,54711,27225,96664,0.8
82607f1984a8f5813cfada08c285f96eb274b3b2,8139,409,0,0.0,40.6,387899,3015,32455,54707,27221,96660,0.8
e40705de5d7bfdf36466a961ca517d5e55d99bf0,8139,409,0,0.0,40.6,387899,3015,32455,54707,27221,96660,0.8
9ab94f87de036c9cd91cf8353906a576b4a516ff,8151,412,0,0.0,40.6,387724,3012,32440,54690,27216,96858,0.8
01e640cf12fec7b33048a5422b742289e15019de,8151,412,0,0.0,40.6,387734,3012,32440,54690,27220,96858,0.8
5d0f530cbe64f69370c3d43a3af11f552a434208,8151,412,0,0.0,40.6,387735,3012,32440,54689,27220,96858,0.8
100c2f6b883c0cc84b33c86c49b7366d0729b3de,8151,412,0,0.0,40.6,387735,3012,32440,54689,27220,96858,0.8
8d7d32682d1d8f48ed657c44a7509c3605ca9b73,8151,412,0,0.0,40.7,387693,3011,32440,54689,27206,96858,0.8
a8b494f5fc72844aabc88b65998de0eb8cfcab8c,8151,412,0,0.0,40.7,387678,3010,32438,54687,27200,96858,0.8
5955dff5ff537829920b57c874e1308524ed56d2,8152,412,0,0.0,40.7,387689,3010,32439,54688,27201,96858,0.8
0a1c4e3ed8ec81be4d9ae71443e99a37f9943db3,8152,412,0,0.0,40.7,387673,3010,32437,54682,27201,96858,0.8
82db4fa9ef6d958f5b0f9742c16e30d28338a584,8155,412,0,0.0,40.7,387530,3010,32430,54675,27200,96864,0.8
2de91b616a61b8da1ae46a4ddb05365f857b5a08,8155,412,0,0.0,40.7,387515,3010,32427,54672,27200,96864,0.8
fb50da866c7d108b5cd2d43a40e141c780099c3c,8155,412,0,0.0,40.7,387505,3010,32427,54669,27200,96864,0.8
16158218464f6808f1c703962af435459b3ace73,8155,412,0,0.0,40.7,387505,3010,32427,54669,27200,96864,0.8
4a75e992738804c8ee5b4b88d634074da58a06e0,8155,412,0,0.0,40.7,387505,3010,32427,54669,27200,96864,0.8
d1734f9e6570738708abc418faad0523a985ff51,8154,412,0,0.0,40.7,386975,3008,32409,54635,26904,96856,0.8
ba1a697129c8dbf95866c8b80dffc40636d4197c,8153,412,0,0.0,40.7,386971,3008,32409,54633,26904,96842,0.8
1b4d531dc3e637f1a6477dd44dbe87fb50f3ea34,8153,412,0,0.0,40.7,386971,3008,32409,54633,26904,96842,0.8
080fb432c7ca8ca375062815c5979ff51ab6b758,8153,412,0,0.0,40.7,386971,3008,32409,54633,26904,96842,0.8
58657c629d4ed011fc6669766620964036d96c99,8153,412,0,0.0,40.7,386895,3008,32405,54624,26901,96842,0.8
b26e14c5a1397da0cfc8ddc4a97ccd97be0882a5,8153,412,0,0.0,40.7,386895,3008,32405,54624,26901,96842,0.8
534f3c945fa73d182b854f692bbc38f3c9380abd,8153,412,0,0.0,40.7,386866,3008,32403,54617,26901,96842,0.8
7f472ebbec19110c5a922bc97dc931804e4b8066,8153,412,0,0.0,40.7,386866,3008,32403,54617,26901,96842,0.8
f7920524329e40192c10cae6d7003aae1e2ab56a,8149,412,0,0.0,40.8,386633,3008,32382,54578,26879,96854,0.8
399915315da49c356067c45f9af1f003b0fc0fe8,8134,412,0,0.0,40.8,386325,3004,32352,54526,26850,96712,0.8
ecfd41d091c5dc0c95281c01a703c08145f57ac8,8134,412,0,0.0,40.8,386013,2999,32297,54456,26575,96712,0.8
22e3b45f970d54d9e5cfbb156c4e492b019beccd,8134,412,0,0.0,40.9,385909,2999,32270,54429,26515,96712,0.8
fcd520eeb2ac98bbe8ffd3ec418b6e62d1480e78,8134,412,0,0.0,40.9,385909,2999,32270,54429,26515,96712,0.8
35aa9febb171a2095dd5781a04dc8a2b125dcdd3,8132,412,0,0.0,40.9,385870,2999,32268,54423,26514,96690,0.8
fc66a94ce499317acfba85e306da494de3afb5c5,8132,412,0,0.0,40.9,385870,2999,32268,54423,26514,96690,0.8
a06e939e08ca65addc495e4170d003320b49e8f2,8132,412,0,0.0,40.9,385870,2999,32268,54423,26513,96690,0.8
ca5c37b2e0eeec67b2fb91a4c724ccef85cf059c,8132,412,0,0.0,40.9,385870,2999,32268,54423,26513,96690,0.8
f412ce5f910c2cbcaf76529ff1194b302fa7acb6,8132,412,0,0.0,40.9,385870,2999,32268,54423,26513,96690,0.8
29f294610a012a60f3c3452a2608e386df54e48b,8132,412,0,0.0,40.9,385870,2999,32268,54423,26513,96690,0.8
ed24d937d2fa2262307cca7a43f9b08e1ba76ab7,8131,412,0,0.0,40.8,385858,2999,32268,54419,26513,96675,0.8
b02dbbc4785b7718d731741d46c64b43a62c993c,8131,412,0,0.0,40.8,385819,2999,32263,54411,26511,96675,0.8
128d5a161fda076118a7cab1d95ab5064400e08a,8131,412,0,0.0,40.9,385817,2999,32263,54407,26511,96675,0.8
35b592a60cfeca1d8d075f207df3c494339e8d46,8131,412,0,0.0,40.9,385817,2999,32263,54407,26511,96675,0.8
ca8f0a1d82dd09a6f10fd23f5138b974fab3308b,8127,412,0,0.0,40.9,385714,2999,32252,54389,26479,96670,0.8
c4c86113adb459c56ea7893bb13b6388d467495c,8127,412,0,0.0,40.9,385714,2999,32252,54389,26479,96670,0.8
bf6242fe57605a7b38b9d01ee33ae325687fb3a5,8125,412,0,0.0,41.0,385668,2998,32250,54387,26478,96638,0.8
815226b0f184d1bb95ba1d62765f79cd3355d0e1,7950,411,0,0.0,41.0,384775,2998,32176,54266,26412,94103,0.8
49684accdb9da28d6cef1a1b5c4ce29622436f64,7950,411,0,0.0,41.0,384759,2998,32176,54266,26412,94103,0.8
c62a5c2768a49a5302952aac07ff7370075b6809,7950,411,0,0.0,41.0,384758,2998,32176,54266,26412,94103,0.8
04871b79e9aba02e9534498fa035b627bcb9af6e,7950,411,0,0.0,41.0,384758,2998,32176,54266,26412,94103,0.8
77b1e9bf1a06323c16a390a9314f9814079a39ba,7950,411,0,0.0,41.0,384756,2998,32176,54266,26412,94103,0.8
a7223313a626b79d39009e55efa0f117b356f2b0,7950,411,0,0.0,41.0,384756,2998,32176,54266,26412,94103,0.8
73d64499b13a6291d22105b8e8270c233715689e,7950,411,0,0.0,41.0,384756,2998,32176,54266,26412,94103,0.8
a91162324263d7715943dd86ec2ab019cc4fde5e,7950,411,0,0.0,41.0,384756,2998,32176,54266,26412,94103,0.8
c666c4974cbc835997a30b8407d9838dae9144c2,7947,411,0,0.0,41.0,384591,2998,32173,54254,26403,94049,0.8
9d3a98945e7ad6846dbd7f986cb5d3d690b8968e,8085,411,0,0.0,41.0,384565,2998,32168,54248,26404,96124,0.8
6e9905d593fecea1ebd5d8b4aac891897e876aaf,8085,411,0,0.0,41.0,384564,2998,32168,54248,26404,96124,0.8
086a5dbc89c140046d7e519fcaeb7ed17f62eed2,8087,411,0,0.0,41.0,384599,2998,32170,54256,26405,96139,0.8
c8d66d66d57d60847babaa2532a95e656dc2a476,7939,388,0,0.0,41.0,384036,2998,32114,54194,26376,93957,0.8
feeb94b255b705382282e04fbeb1efdc3210d6cc,7930,388,0,0.0,41.1,383590,2993,32071,54127,26362,93879,0.8
4b68728a907045c9366ca551c95bdfba5297f98b,7930,388,0,0.0,41.1,383590,2993,32071,54127,26362,93879,0.8
566b2fe3f31f4a53f5a26aca1c4239085de4a994,7929,388,0,0.0,41.1,383535,2993,32070,54123,26359,93861,0.8
8405e2ecdd6185a0b02c1da0742da40ecd494238,7927,388,0,0.0,41.1,383494,2993,32067,54117,26354,93848,0.8
b8626eecc139f638b162f06a5f8f3c8bb210346a,7928,388,0,0.0,41.1,383476,2993,32066,54120,26351,93853,0.8
71282b8ca7d0c703e4fd4ad460821eaec52124ce,7927,388,0,0.0,41.1,383403,2993,32063,54114,26351,93829,0.8
a918489694f939e6390b28990b6cdf6028e0fdfb,7928,388,0,0.0,41.1,383405,2993,32063,54114,26343,93834,0.8
3586e140dc3fbe0b0414464497be3ccd4ca0927d,7884,388,0,0.0,41.2,383240,2993,32051,54098,26333,93198,0.8
a120e1a8cc7b199c549c906e28fc45692975008a,7884,388,0,0.0,41.2,383240,2993,32051,54098,26333,93198,0.8
f56e017738668b08a4a8b1aafcc5256b37b384eb,7884,388,0,0.0,41.2,383240,2993,32051,54098,26333,93198,0.8
0285d9a21ef993b768d20782be604b214970857a,7884,388,0,0.0,41.2,383253,2993,32051,54101,26338,93198,0.8
13b1a737da45b13beffb2c7b112def188e4e1c10,7882,388,0,0.0,41.2,383243,2993,32051,54100,26338,93182,0.8
b37204ae467b710ecf0ace9b1c2b49bcd256ab9b,7882,388,0,0.0,41.2,383233,2993,32051,54097,26338,93182,0.8
06fcdbb42d596d5237ad148a5c9a36006148ee7b,7882,388,0,0.0,41.2,383233,2993,32051,54097,26337,93182,0.8
97f1771c2ac764f43e263c422c720959ca8eee9b,7882,388,0,0.0,41.2,383200,2993,32049,54094,26337,93179,0.8
abe6ba4ba2a0be6458306f791073cf3b7be2e2ea,7877,388,0,0.0,41.2,382995,2993,32037,54082,26333,93137,0.8
be2d7bbd613d0ad61685dac3c0287a1c2f5afef1,7877,388,0,0.0,41.2,383021,2993,32048,54107,26287,93134,0.8
6511c65c819f4be01e5755be2a2ed26f51cf5dd3,7877,388,0,0.0,41.2,383021,2993,32048,54107,26287,93134,0.8
8d4f8191e1ef771ba1b647603481d583a1415569,7878,396,0,0.0,41.2,383022,2993,32048,54107,26288,93139,0.8
430f2109003e8245408bef4e085d4649c3354ec1,7878,396,0,0.0,41.2,382969,2993,32040,54097,26280,93137,0.8
7cbf3d43f03604a07ca3b2c8873d34eb7bd0d2da,7878,396,0,0.0,41.2,382969,2993,32040,54097,26280,93137,0.8
387e414689c59d5a3849adec35823d7aecb209d7,7878,396,0,0.0,41.2,382969,2993,32040,54097,26280,93137,0.8
b958e0213d769f221fcd4a89f4654ef6bb12f683,7878,396,0,0.0,41.2,382985,2993,32042,54099,26286,93137,0.8
2a3a297d134aeaaf2bc19bc75135bea89811228b,7878,396,0,0.0,41.2,382985,2993,32042,54099,26286,93137,0.8
897e4d506e9aeea4c3b08881d75cde716ac48c98,7878,396,0,0.0,41.2,382985,2993,32042,54099,26286,93137,0.8
c7bd7277116344fc2638f15e59285386083e2f50,7911,390,0,0.0,41.3,382788,2991,31993,54064,26166,93659,0.8
932ede696cbb07c266a15505a5d49083f624608e,7911,390,0,0.0,41.3,382674,2991,31991,54007,26166,93659,0.8
37cc621d1988eb6727ad8701fdba407d22ff43e3,7911,390,0,0.0,41.3,382674,2991,31991,54007,26166,93659,0.8
4a0a3a13fecadc3308c32e7f2652a2e85996a7e7,7911,390,0,0.0,41.3,382674,2991,31991,54007,26166,93659,0.8
f85366269a37a960bc05a481c41ea1af5df01d83,7911,390,0,0.0,41.3,382674,2991,31991,54007,26166,93659,0.8
da38680a451fa2ce43fc1ab190b223b85763689c,7911,390,0,0.0,41.3,382674,2991,31991,54007,26166,93659,0.8
17a1be62446cabd06e8644c1dc83b68d80a44bf5,7911,390,0,0.0,41.3,382674,2991,31991,54007,26166,93659,0.8
24f1ae09636dfe655ff26d8850985faebef192bd,7915,390,0,0.0,41.3,382681,2991,31991,54009,26166,93676,0.8
55bc71e1f92410bf966f1a709e9c2df7a72550ba,7916,390,0,0.0,41.3,382607,2991,31988,54001,26138,93676,0.8
68f5529aea6a61226700e200cc4e8c14cf516959,7916,390,0,0.0,41.3,382607,2991,31988,54001,26138,93676,0.8
beed94dc21347f1629a366c7642ca965442e5ee6,7916,390,0,0.0,41.3,382577,2991,31980,53992,26137,93676,0.8
241a0d0aa57eab5fb787217d34ef06792aeb2196,7881,396,0,0.0,41.3,382602,2991,31980,53997,26145,93141,0.8
32841a273b6dda897f6efece4ebb178f8ad54719,7916,390,0,0.0,41.3,382584,2989,31976,53994,26120,93671,0.8
9db76b5cc6f3881af4f6e40672871c569f64f70b,7916,390,0,0.0,41.3,382584,2989,31976,53994,26120,93671,0.8
fbe2a4d47e1c2495650d2d2ae14373f0d2a18d9d,7915,390,0,0.0,41.3,382575,2989,31976,53992,26120,93663,0.8
7592a25d1700bb844db78e1a7b4842656386dc82,7915,390,0,0.0,41.3,382583,2989,31977,53993,26123,93663,0.8
26d8c3ed9eceaf0fd7d2429302a4c7ccedbb2111,7915,390,0,0.0,41.4,382592,2989,31977,53993,26123,93663,0.8
718fc5ae9651d016dcfd2cb80d57bfb7366e984b,7915,390,0,0.0,41.4,382592,2989,31977,53993,26123,93663,0.8
9b75114472382ece21efa589abc7fe88cdd509ea,7913,390,0,0.0,41.4,382199,2987,31933,53902,26107,93605,0.8
06cdfa3f7c4ebd26766bc67100ba5d30b6bf3940,7913,390,0,0.0,41.4,382199,2987,31933,53902,26107,93605,0.8
a0c42b4b72343e2bd7e65d71fe4122d5db31237c,7913,390,0,0.0,41.4,382197,2987,31933,53902,26107,93605,0.8
21002b229060cc28115c791e77404aca7bd63d60,7913,390,0,0.0,41.4,382197,2987,31933,53902,26107,93605,0.8
a8f9f29976ab6fa1c734cb04c67a4184911a88cd,7913,390,0,0.0,41.4,382197,2987,31933,53902,26117,93605,0.8
d602f2f419fe98b4250b0b057f3094532ac0e7d7,7913,390,0,0.0,41.4,382198,2987,31933,53902,26120,93605,0.8
f7295d026fd440da1f3b001199be0f8c108ee45c,7913,390,0,0.0,41.4,382194,2987,31933,53902,26120,93609,0.8
62b01fab869ca98804a524c177fad394999258fd,7913,390,0,0.0,41.4,382198,2987,31933,53902,26120,93609,0.8
56933c179aedcfd3433f599111099785d2abb575,7913,390,0,0.0,41.4,382198,2987,31933,53902,26120,93609,0.8
019d76ded6a6a919bf2220adc78eda3554f4529c,7913,390,0,0.0,41.4,381958,2985,31911,53864,26115,93606,0.8
0390e170318d7ad624751d985eaca78205848d62,7876,390,0,0.0,41.4,381616,2982,31885,53827,26109,93053,0.8
c886ba5b8ba931706550e72f13c23bd88e537521,7995,387,0,0.0,41.4,381119,2980,31834,53747,26092,94948,0.8
61142bde8859e3334231dcf2fa6f55e38d288baf,7995,387,0,0.0,41.4,381096,2980,31833,53745,26092,94948,0.8
f79da868f48c3364762eae25ee13f31d6f620eb7,7995,387,0,0.0,41.4,380998,2979,31826,53734,26088,94948,0.8
8896316dbb74a3b8fbd7f2213ab0af249af03351,7995,387,0,0.0,41.5,380890,2978,31817,53722,26084,94942,0.8
bf582ebf68ea05be26f38d786584d474aebe048b,7995,387,0,0.0,41.5,380888,2978,31817,53722,26084,94944,0.8
7d89e38cb0a5b7003a03de016f1f9582ed39578d,8015,387,0,0.0,41.5,380753,2976,31799,53694,26063,95256,0.8
4ae2002bd46bf8e1c20db03cffc6319237e4d74a,8011,387,0,0.0,41.4,380637,2976,31795,53684,26063,95216,0.8
a19ac7835c8e251fd6a042e056f29ee63262adec,8011,387,0,0.0,41.4,380637,2976,31795,53684,26063,95216,0.8
ec008e08de7cd616ba1645ecc4e12d82c4200e7a,7997,387,0,0.0,41.4,380434,2976,31790,53675,26034,94920,0.8
42e47f5b4fd04e7925e9e3c93a23c3ebb48c2860,7994,387,0,0.0,41.5,380381,2976,31788,53673,26032,94869,0.8
eb1fd412c9b1263d64aee5068b2ea06528cf97a5,7994,387,0,0.0,41.5,380381,2976,31788,53673,26032,94869,0.8
30b31a238d8783faaeefdb5934ca398c28cb4d66,7994,387,0,0.0,41.5,380363,2976,31783,53666,26012,94869,0.8
ec7ea37ae2697c8942a7534a9622021d84efd551,7996,387,0,0.0,41.5,380244,2976,31780,53655,26003,94869,0.8
127b2187d9a856b76751497ee5e7e78c7c09e1f7,7996,387,0,0.0,41.5,380242,2976,31780,53655,26003,94869,0.8
099d74a58248abc8b9276b1bc8bf78b8fe4ffaff,7996,387,0,0.0,41.5,380219,2976,31775,53650,25996,94869,0.8
3584c79022ec70f79b326550736b4600d249e4a2,7996,387,0,0.0,41.5,380218,2976,31775,53650,25996,94869,0.8
62f3ca334c4bf377b1aaf9b7386bec1bfaddb5cd,7996,387,0,0.0,41.5,380216,2976,31775,53650,25996,94869,0.8
c38f7b5398fe88aaedeca76d3932138aa83128fc,7371,377,0,0.0,39.2,360628,2823,30216,51102,24991,86638,0.8
c82cf91da559829ea6429c26db329771667fb646,7363,377,0,0.0,39.3,360463,2823,30205,51083,24988,86559,0.8
1bb526264b22372bf94a0d28ccf626da93ea6014,7361,377,0,0.0,39.3,360447,2823,30204,51082,24988,86537,0.8
421832e5e874950767c078915d926d9b61f455e8,7362,377,0,0.0,39.2,360435,2823,30202,51080,24988,86569,0.8
9ec7a8fcd766e68c9fd22122ac1594da734877e2,7361,377,0,0.0,39.2,360409,2823,30192,51068,24963,86569,0.8
2cb2a006edbeaa98efcded3de966d02f84fea9f7,7361,377,0,0.0,39.2,360409,2823,30192,51068,24963,86569,0.8
659b425ce4ee240ca3e94e90e04f918be6707435,7361,377,0,0.0,39.2,360405,2823,30192,51068,24963,86568,0.8
434c5658b26ff06f11da261d1d49a84f19e267d7,7361,377,0,0.0,39.2,360367,2823,30191,51066,24963,86568,0.8
d496ca1f59d94023fbb3fda583036208145cb397,7361,377,0,0.0,39.2,360367,2823,30191,51066,24963,86568,0.8
2483506842a0e0592bfdf15cc3b5cc446ac6ba85,7361,377,0,0.0,39.2,360379,2823,30191,51066,24963,86568,0.8
c726b2222f491aac02f0f1910898b4a8dfda2b14,7357,377,0,0.0,39.2,360107,2819,30171,51042,24958,86548,0.8
f0a45893bc612c60758af26b8870e1d37a8e41db,7357,377,0,0.0,39.2,360107,2819,30171,51042,24958,86548,0.8
62b8f787a7978d4bc07a37f4f7846239a20452a9,7358,377,0,0.0,39.3,360095,2819,30169,51040,24958,86580,0.8
5982da3eea249fb272cfc7b1d8dc655b6ec46c5a,7358,377,0,0.0,39.3,360095,2819,30169,51040,24958,86580,0.8
e998e043266edf6bca6ebe33fe867260a9870165,7358,377,0,0.0,39.3,360095,2819,30169,51040,24958,86580,0.8
87a9e4a40cfb668cc9e814d1ae249404e4e56006,7358,377,0,0.0,39.3,360095,2819,30169,51040,24958,86580,0.8
129c9ec2c69f8e4117ac1f246e9d3502aef244b5,7381,377,0,0.0,39.3,360095,2819,30169,51040,24958,86955,0.8
216a085b603859927c43b280d2b4033ac2b2e61e,7377,377,0,0.0,39.3,359940,2819,30162,51026,24955,86862,0.8
8964e44f11c58494a245ff5e2f4bda0ac492a509,7424,376,0,0.0,39.4,358927,2813,30090,50861,24912,87550,0.8
caacbc196c71e2ceed75f405865be57debc8140c,7424,376,0,0.0,39.4,358927,2813,30090,50861,24912,87550,0.8
5bebbc90e7f8c1e25da2dd2390db195505a548b4,7423,376,0,0.0,39.4,358743,2813,30074,50808,24910,87546,0.8
cba97853e4b63c1fefa31f67fe1d3c466ebb8d5b,7423,376,0,0.0,39.4,358722,2813,30071,50805,24910,87546,0.8
ded9a4d1337c990b908de3b0193cba2882838082,7423,376,0,0.0,39.4,358721,2813,30071,50805,24910,87546,0.8
4c3aac2952040eb80883372e1a9080e994ffa455,7420,376,0,0.0,39.4,358733,2813,30072,50807,24913,87520,0.8
6188c778dffe0dc1dce75faa3dd24bfdaae1b630,7420,376,0,0.0,39.4,358613,2813,30063,50787,24919,87516,0.8
a655c80b9e9029d1968e7dd7a7f635c0f41fa65d,7418,376,0,0.0,39.4,358460,2813,30059,50778,24901,87422,0.8
c1b553de1cbcf7af1b0a0979db7c542f21fb2324,7416,376,0,0.0,39.4,358405,2813,30058,50772,24900,87404,0.8
48669d284ce36b8d068af13271e4d8e0b2d4668a,7414,374,0,0.0,39.5,358201,2809,30036,50745,24850,87376,0.8
0d2c1cf91b621e5a59eceb8a65facd08a2250b69,7414,373,0,0.0,39.5,358155,2806,30027,50733,24812,87376,0.8
17c0ff7f698bced6f03711819073b26bb8bb3e09,7414,373,0,0.0,39.5,358111,2806,30017,50723,24794,87376,0.8
449a7438b83c475d4bf15e41a5c7aa0021ca0b0c,7414,373,0,0.0,39.5,358111,2806,30017,50723,24794,87376,0.8
b5f367bdedc26e0f676d88462912b57ff7bae167,7386,373,0,0.0,39.5,357895,2805,30005,50695,24788,86957,0.8
be1294900d8a0c6be04a6c6e06e507092829f755,7385,373,0,0.0,39.5,357694,2805,29966,50640,24774,86947,0.8
454e246f0cf79d799806b08fc5fa66e2f56e99b8,7385,374,0,0.0,39.5,357696,2805,29966,50640,24774,86947,0.8
b70056cf1a80e64317364edea8390ab184261b0b,7385,374,0,0.0,39.5,357648,2805,29958,50632,24762,86947,0.8
ed54952b51a6cdc7d2350b8223c276421845a8e2,7386,374,0,0.0,39.5,357725,2805,29964,50642,24766,86952,0.8
eb17916bb6b66e24044596eba09327dcf46f2461,7383,373,0,0.0,39.5,357547,2803,29950,50619,24758,86917,0.8
3130826c4877c38d06e3980e46735164956fa497,7384,372,0,0.0,39.6,357385,2801,29918,50586,24756,86927,0.8
f213541beb475fd0e9b4c36f72b56200325bf401,7381,372,0,0.0,39.6,357428,2801,29918,50586,24756,87109,0.8
0b48f51ee4aa2fb2c33b8d1335abb236a6a8d1c4,7379,372,0,0.0,39.6,357396,2801,29915,50580,24750,87093,0.8
ab326ce2a067150aa47a4a0a6816f8b909bd2f17,7307,365,0,0.0,39.7,356094,2794,29815,50404,24684,86084,0.8
22775123d5c3bee57c734360c670ddff1973ca05,7306,365,0,0.0,39.7,356041,2794,29813,50401,24678,86064,0.8
5e69d002211544a2cbe95ed6da54df6b203e0d73,7305,365,0,0.0,39.7,355988,2794,29811,50398,24672,86044,0.8
360b566ad1fedbfb32f82ae3d32145a56dbd2316,7300,365,0,0.0,39.7,355802,2793,29806,50390,24662,86002,0.8
e26e3641cc3fd9c959eb73181ea7a23288eeb849,7300,365,0,0.0,39.7,355780,2792,29804,50388,24642,86002,0.8
9618147b6de8f8627052a205b86e45263394b0c2,7298,368,0,0.0,39.7,355746,2790,29803,50386,24642,85972,0.8
5ded91ea4741a269064f55765daaed8124ed5804,7296,368,0,0.0,39.7,355751,2790,29803,50388,24643,85952,0.8
5da888541afa47c67002b7389ac1722e533817d5,7344,362,0,0.0,39.7,355693,2789,29792,50372,24643,86656,0.8
01f5573be36779131d229bec8f6cdae747e56c2c,7345,362,0,0.0,39.7,355661,2789,29790,50363,24640,86662,0.8
0944321951dcfc054fa86e6b2357906732a673bc,7347,362,0,0.0,39.7,355674,2789,29791,50371,24640,86672,0.8
11cd626348abcb78127e80332a690c26b06bd07d,7347,362,0,0.0,39.7,355674,2789,29791,50371,24640,86672,0.8
d1476c6f2be0cb40f4799da4c52267966ef99ca2,7347,362,0,0.0,39.7,355673,2789,29791,50373,24640,86672,0.8
993666dcfa41aabdb9b535a81fd1c0d7f5e10a66,7304,368,0,0.0,39.6,355375,2789,29779,50349,24642,85987,0.8
30c76eec64ab20f7d05dbe7a7604d6ba7f421a3a,7278,367,0,0.0,39.7,355199,2788,29768,50332,24623,85547,0.8
2bc8421b971e6c88fe69e408c0509b43d504f03a,7264,391,0,0.0,39.7,355199,2788,29768,50332,24623,85342,0.8
18a593c093f070f989d4e76601ec96c0880ac19b,7264,391,0,0.0,39.7,355199,2788,29768,50332,24623,85342,0.8
1d25462b438a6c25812fd8ce04b8160269edabae,7264,391,0,0.0,39.7,355176,2788,29767,50329,24622,85340,0.8
055ac5d76d739d9958b1b91009ed7cadd92d7bd0,7264,391,0,0.0,39.7,355172,2788,29766,50328,24622,85340,0.8
89ac21a6f1454ee1f7ff5ae0e24a1b61721a7fac,7264,391,0,0.0,39.7,355172,2788,29766,50328,24622,85340,0.8
e45c19e1d02a130d33ac886f676dfb141708090d,7264,391,0,0.0,39.7,355172,2788,29766,50328,24622,85340,0.8
127dd51814b67eb43b9b5b63b5ced22f158dcc91,7264,391,0,0.0,39.7,355172,2788,29766,50328,24622,85340,0.8
a0e75ef324c8811fc7fe1db59ea1d474f03abf1f,7819,378,0,0.0,41.3,372484,2909,31139,52617,25377,92952,0.8
a2392355e2a9afe757b700409882f26737a5062e,7639,414,0,0.0,41.4,371795,2908,31064,52522,25295,90263,0.8
9ccdb37d862c2471f6335d3841f028384af65641,7631,414,0,0.0,41.4,371662,2905,31051,52508,25262,90103,0.8
a6a423729895ba898536849bf4874f2b801c6365,7617,414,0,0.0,41.4,371344,2905,31047,52488,25223,89937,0.8
014eb780a2ab586b9ee70763c2c2272df77003cc,7616,414,0,0.0,41.4,371332,2905,31047,52487,25223,89929,0.8
36408f15bf3c129723001e745006aae82fec5e3c,7616,414,0,0.0,41.4,371329,2905,31047,52487,25223,89929,0.8
b3a27c698690165eed196671edbba54eabe028d3,7616,414,0,0.0,41.4,371329,2905,31047,52487,25223,89929,0.8
4826bc12e7701a964137485d3b11afa1d282b789,7616,414,0,0.0,41.4,371329,2905,31047,52487,25223,89929,0.8
fdc62c63bcd216a7e134a0cf791d6c30915c4da3,7619,414,0,0.0,41.4,371317,2905,31047,52487,25223,89989,0.8
910f2712c7b731181c4a72fb6b8c66addeb76dd9,7620,414,0,0.0,41.4,371272,2905,31042,52482,25216,89999,0.8
66adec7bc3b5852ee6a3d44c26612703f35233ba,7617,414,0,0.0,41.4,371128,2902,31032,52459,25203,89979,0.8
8b250b6747aafb9eaa467bb08070ad109df1698e,7617,414,0,0.0,41.4,371128,2902,31032,52459,25203,89979,0.8
49dad0c25784a0d0b7ddf74c9a4a27dddd28391a,7614,414,0,0.0,41.4,371105,2902,31031,52456,25202,89917,0.8
61f085472c70c94dc190314c15f04d95e32e77e6,7614,414,0,0.0,41.4,371103,2902,31031,52456,25202,89917,0.8
62a53fed6fad24616aea7170d254e529602fabf1,7614,414,0,0.0,41.4,371103,2902,31031,52456,25202,89917,0.8
a36d442f3c5686aa065560ca4f5afb9277994578,7667,412,0,0.0,41.4,370987,2902,31027,52447,25182,90675,0.8
f7f392b48dee695b5eeeb22f6dbc99b4a2565171,7667,412,0,0.0,41.4,371003,2902,31027,52447,25182,90675,0.8
4b382e293f946fdb966e70f2f598cd5daf550651,7667,412,0,0.0,41.4,371003,2902,31027,52447,25182,90675,0.8
56ca6b36afdaaee98bbb491331a574b5a6d23688,7670,412,0,0.0,41.4,371015,2902,31030,52450,25194,90705,0.8
3d8e43623b5a1a65e35a61d335d8919362158c60,7669,412,0,0.0,41.4,370996,2902,31029,52449,25189,90697,0.8
4ecbed795256f180119dd64f42c4c850a8607174,7665,412,0,0.0,41.4,370986,2902,31028,52448,25186,90637,0.8
56d8f07ce6cf7ac99f439848ebf7c8b86f5046df,7667,412,0,0.0,41.5,370775,2897,31004,52419,25157,90652,0.8
11b3a9f9c5bfccf477fda515a8d952e32a5e0ce2,7668,412,0,0.0,41.5,370710,2897,31001,52416,25156,90667,0.8
7b752b6f07d83a38a3f072ce3e6b958d758efdde,7663,412,0,0.0,41.5,370663,2897,31000,52415,25150,90614,0.8
43bd1163e1e3ce6a44bc29a2249bfe8b67df136b,7665,412,0,0.0,41.5,370663,2897,31000,52415,25149,90618,0.8
3dec6be7cdf0f543e859df68149afcfc3f6dafd9,7668,412,0,0.0,41.5,370619,2897,30993,52407,25147,90633,0.8
f870f3b74b8a99baa55c6c5e4e59f44ee2b689c7,7668,412,0,0.0,41.5,370618,2897,30993,52407,25147,90633,0.8
7c2ea0128133f630041ecb77de1fae754073e904,7668,412,0,0.0,41.5,370601,2897,30992,52404,25147,90627,0.8
656717df8a1f999bfee0638c8af601035aced785,7668,412,0,0.0,41.5,370610,2897,30992,52404,25147,90627,0.8
42b59a6e290a866a0af335319a6ca6c6dd978e35,7615,413,0,0.0,41.5,370646,2899,30999,52409,25150,89827,0.8
85988f4e1d8bfe2ebc798c5e517ec4589fcee3ba,7609,413,0,0.0,41.6,370116,2896,30929,52327,24944,89807,0.8
12be5b61b73325819b1b5a6fc3fdf11ecbf52409,7610,413,0,0.0,41.6,370127,2896,30931,52329,24945,89809,0.8
5135956d35a98a246c5534e9ce2ab5486bacccc8,7611,413,0,0.0,41.6,370128,2896,30931,52329,24945,89811,0.8
48c24c682b3b13d45283078183350225eeab028c,7611,413,0,0.0,41.6,370128,2896,30931,52329,24945,89811,0.8
44a6a9b4d21f0aab49331b538b7768e57bbfd681,7610,413,0,0.0,41.6,370075,2896,30929,52326,24939,89791,0.8
0949515dda0df1d766f1dc20d6efd64f671f6ead,7611,413,0,0.0,41.6,370046,2894,30922,52318,24886,89796,0.8
78cc15aedbfd2d2c2fb499737952252ea200d772,7611,413,0,0.0,41.6,370046,2894,30922,52318,24886,89796,0.8
e779a377c223bcb676fe62727de5ac831d5ccfa3,7613,413,0,0.0,41.6,370055,2894,30922,52318,24886,89818,0.8
7147282d53044e41e607d61c04e04ae48693eb2f,7610,413,0,0.0,41.6,369877,2892,30893,52287,24873,89789,0.8
3683baf0d5ee4b69aa6c7a194328477829e5fe6a,7609,413,0,0.0,41.6,369877,2892,30894,52288,24873,89784,0.8
635e9e7ec416e78d5ca10f5079fdaf6ba7768c65,7609,413,0,0.0,41.6,369877,2892,30894,52288,24873,89784,0.8
7e8ec1af955abcd1edb4ba2adabbfb76aeebd95d,7609,413,0,0.0,41.6,369875,2892,30894,52288,24873,89784,0.8
638f6a3b6a91ff5c9f8fa2a5a6cac1b687415e45,7609,413,0,0.0,41.6,369869,2892,30891,52285,24873,89784,0.8
af0bbba5594988e687123210651f795ecc249787,7608,413,0,0.0,41.6,369868,2892,30891,52285,24872,89784,0.8
d10383bfb7612fb2efa71c49504aa8007e119db4,7606,413,0,0.0,41.6,369866,2892,30891,52285,24870,89784,0.8
b784c5f5e0a142cc2b764b5dada728659ae4cb58,7606,413,0,0.0,41.6,369865,2892,30891,52285,24870,89784,0.8
d238449ded2da52a433e8173eb96e23efb05da49,7606,413,0,0.0,41.6,369865,2892,30891,52285,24870,89784,0.8
4ab4b918c725f31f10661ea73ab4806d2db495f7,7606,413,0,0.0,41.6,369863,2892,30891,52284,24869,89784,0.8
6f4ba696f8819a580aad3032b86838826c194c6a,7606,413,0,0.0,41.6,369863,2892,30891,52284,24869,89784,0.8
8ac7bf13346fd9d78249c1735a30bd74d3e158fd,7605,413,0,0.0,41.6,369862,2892,30891,52284,24868,89784,0.8
96a46c5caa841777d6fff62a17f09dcc6929603d,7605,413,0,0.0,41.6,369862,2892,30891,52284,24868,89784,0.8
5ba34daacd42b6be65ae17b1b3f0140579b2b0d8,7605,413,0,0.0,41.6,369855,2892,30891,52283,24868,89784,0.8
c34c50526a55c1f852a4d3dbc6c4bf05bcc7b873,7605,413,0,0.0,41.6,369855,2892,30891,52283,24868,89784,0.8
7ac50619ad753b9675367be46e4c4f42c33fa49d,7604,413,0,0.0,41.7,369631,2890,30857,52245,24784,89779,0.8
a6993dfc265b7be32ca5cc9774d3648de5cdaa6d,7604,413,0,0.0,41.7,369619,2890,30857,52242,24784,89779,0.8
023934f28cee8007b3db92303ebbed76449f1ff7,7604,413,0,0.0,41.7,369620,2890,30857,52243,24784,89779,0.8
86b42fe966c0e0786379cb22c0c78905468f459b,7604,413,0,0.0,41.7,369620,2890,30857,52243,24784,89779,0.8
dd3137d792f3716dd63687762a64691a98db40ab,7601,413,0,0.0,41.7,369611,2890,30857,52243,24784,89755,0.8
c7b8d41c637a5e5daf31fcef8e64f81be72a18a2,7651,412,0,0.0,41.7,369352,2885,30834,52203,24778,90537,0.8
21000d27b0c5798a3dadd355ab7fb312eac798e7,7650,412,0,0.0,41.7,369229,2884,30825,52190,24776,90537,0.8
445bc61d25e1af4be5ebc3e632a7fb5a516b212d,7648,412,0,0.0,41.7,369151,2884,30824,52189,24781,90482,0.8
48cbfdec0bf74d11467053d40ea94c75ae61a85a,7648,412,0,0.0,41.7,369151,2884,30824,52189,24781,90482,0.8
90346185ddc39af6176eea77a3091d06e1666898,7648,412,0,0.0,41.7,369151,2884,30824,52189,24781,90482,0.8
4269536e5c48adba39f093aefcdd382c69f41fc7,7648,412,0,0.0,41.7,369151,2884,30824,52189,24781,90482,0.8
3f5230d312c5b0630681a18da0f30439ba7f6982,7648,412,0,0.0,41.7,369149,2884,30824,52189,24779,90492,0.8
f90971b96b81f6951a3eada372959053d20f6fd0,7648,412,0,0.0,41.7,369147,2884,30824,52189,24776,90492,0.8
99a0edacb62f1fa18506c1def82a415aa1e4c0ce,7645,412,0,0.0,41.7,368911,2883,30815,52175,24769,90428,0.8
d3b21efdade91b82540f294d4837d05e2fb0e021,7645,412,0,0.0,41.7,368903,2883,30814,52174,24769,90428,0.8
4b8e2f4752d46971b78a45db0e5d4b4be0775f26,7645,412,0,0.0,41.7,368899,2883,30814,52173,24769,90428,0.8
6eb8791b7cca3a0e2836b2387e9a4e50f6e5db56,7645,412,0,0.0,41.7,368891,2883,30810,52170,24769,90432,0.8
32fcee6b2a74184f0c3e85b09ae201241ef24723,7640,412,0,0.0,41.7,368837,2880,30806,52167,24761,90407,0.8
5cc28abd0db0dd6ea1aa1a2e12810add829f977c,7639,412,0,0.0,41.7,368308,2878,30760,52116,24577,90397,0.8
2bef8f16676ca960d05e42ec44833860bab091df,7639,412,0,0.0,41.7,368308,2878,30760,52116,24577,90397,0.8
9b36109eb38d26e012a654373aec48ab00c9efcf,7639,412,0,0.0,41.7,368308,2878,30760,52116,24577,90397,0.8
605bffba61ab7a30fa95168d23e0c7b606b89dba,7628,401,0,0.0,41.8,367482,2874,30620,51962,24514,90365,0.8
aea336e94763ebdd2f19f6f92e888fdf063bb2dd,7627,401,0,0.0,41.8,367428,2874,30618,51960,24512,90355,0.8
8321176c338785601a768ad198f06ddf8c7eb22e,7627,400,0,0.0,41.8,367333,2874,30611,51942,24498,90355,0.8
f6e11148d31b408a7aea57a0efcb4428134f6a99,7627,398,0,0.0,41.8,367249,2874,30607,51936,24498,90355,0.8
513169d95b379ca723b6217681158b4ea1e09d85,7627,398,0,0.0,41.8,367249,2874,30607,51936,24498,90355,0.8
2aa474b20ccb67972f4fcecffd4e04db17ef34c0,7644,398,0,0.0,41.8,367350,2874,30607,51948,24510,90380,0.8
a23de313c0201482bc11308d0ebc7a284fe084a8,7641,398,0,0.0,41.9,367269,2874,30602,51938,24510,90350,0.8
ca73fad8bb2aa602c4b88886ff5a85e77c4bb83e,7643,398,0,0.0,41.8,367425,2877,30628,51968,24523,90366,0.8
6441d6e4f0aeaede5b2035294eee975d14ddd937,7643,398,0,0.0,41.8,367418,2877,30627,51967,24521,90366,0.8
6d39f3c5d878201ab4a3c073e4655f9798b18962,7644,399,0,0.0,41.8,367423,2877,30627,51967,24522,90376,0.8
340a0c5f30a7fb1e33dde4c1f082fd4cb9f7472f,7643,399,0,0.0,41.9,367259,2877,30619,51954,24521,90362,0.8
74b51ca2458cc73723f26c8a22df2795c1271544,7591,398,0,0.0,41.9,367058,2875,30597,51922,24529,89459,0.8
f4c45e8a0e218e5c64d49c49a7cf1f7b870496ea,7588,398,0,0.0,41.9,366805,2874,30583,51904,24520,89395,0.8
4d2ff3f871efe63cb6ca80391765b14dca9fd5c9,7588,398,0,0.0,41.9,366795,2874,30583,51904,24520,89393,0.8
04a937c94208d45182a2f2673792fbb0df255ebf,7588,398,0,0.0,41.9,366795,2874,30583,51904,24520,89393,0.8
8fffc21f79db2e1b931e4662dfc57f3aaf5bb8e7,7588,398,0,0.0,41.9,366795,2874,30583,51904,24520,89393,0.8
5175901db37b8cd7416f192ace89a0f0729fdc08,7588,398,0,0.0,41.9,366795,2874,30583,51904,24520,89393,0.8
5235a702d8decdb03002759330663b860e1abe86,7588,398,0,0.0,41.9,366795,2874,30583,51904,24520,89393,0.8
8b288f97a426423f313561d7364a876f966d9495,7588,398,0,0.0,41.9,366797,2874,30584,51905,24521,89393,0.8
d9296ca2d1b1143e6bbcdd1004962e653400489d,7588,398,0,0.0,41.9,366797,2874,30584,51905,24521,89393,0.8
5f07f270f1163e1a0cc90e2d5a7321a25cc2e20a,7576,396,0,0.0,42.0,366400,2871,30541,51830,24485,89196,0.8
347809b5b1dbea593e72f199907dc3564ca77eb9,7576,396,0,0.0,42.0,366400,2871,30541,51830,24485,89196,0.8
0f6398f1ae6f5fbde5329858e0cd64064ceb165e,7576,396,0,0.0,42.0,366400,2871,30541,51830,24485,89196,0.8
a314fca340f65170b912958c508f925e6d1c0afa,7576,396,0,0.0,42.0,366400,2871,30541,51830,24485,89196,0.8
ea8bbe749753e3d1ddc595ce75a88a55a442a67e,7576,396,0,0.0,42.0,366402,2871,30541,51830,24485,89196,0.8
b1c40dfbaf069862bae2cc91a344ff3d48227f42,7576,396,0,0.0,42.0,366402,2871,30541,51830,24485,89196,0.8
4bea40f24f0197486ab7234550525b8e84b6c52c,7574,396,0,0.0,42.0,366217,2871,30523,51808,24456,89182,0.8
578b4436fdb890176e6daae30ca02420165e64cd,7573,396,0,0.0,42.0,365926,2869,30504,51779,24432,89162,0.8
a58cb69ecaa1d4e241bd7e9630bbd2bb1a43cb42,7573,396,0,0.0,42.0,365926,2869,30504,51779,24432,89162,0.8
718ff6ae514d7a16077c21e5281e765ba5fa120b,7573,396,0,0.0,42.0,365894,2869,30502,51774,24423,89162,0.8
ab1a3a887c29a8dd982d88366100029a6c768c81,7573,396,0,0.0,42.0,365894,2869,30502,51774,24423,89162,0.8
7de917d7064c07a8cd530c3b73b17024fc0020e6,7574,396,0,0.0,42.0,365888,2869,30502,51773,24423,89170,0.8
14d6700e8176076fa558280848f8857ad1611ab0,7575,396,0,0.0,42.0,365867,2869,30501,51771,24422,89181,0.8
4a7e70f9b06fa11fdc663ac827423324d6241b86,7575,396,0,0.0,42.0,365813,2869,30500,51770,24421,89181,0.8
85e64cda5a820e642a79d162ebf227f882a6e24c,7560,396,0,0.0,42.1,364775,2863,30414,51600,24374,89080,0.8
6653535f75db503be02169f823d8191670e107b7,7560,396,0,0.0,42.1,364786,2864,30414,51600,24384,89080,0.8
7ae996a7ed9975477206105e94b9243792c0b61d,7562,396,0,0.0,42.1,364758,2862,30408,51584,24375,89165,0.8
5a21c74749edc11752903cc41ae68a4849104a31,7562,396,0,0.0,42.1,364740,2862,30406,51582,24375,89165,0.8
8bd6178d40dd39cfc02a68dbd094b3b03aa76bde,7562,396,0,0.0,42.1,364740,2862,30406,51582,24375,89165,0.8
56355d703d728f9b95eb7428417fc2c27c1db81c,7562,396,0,0.0,42.1,364740,2862,30406,51582,24375,89165,0.8
b4d64895ec279a705e7e115c7141d12a479c3a6f,7562,396,0,0.0,42.1,364743,2862,30406,51582,24375,89165,0.8
0f3e7c7badf47bd0e2178591082886cd47d94a1b,7560,393,0,0.0,42.2,363929,2855,30346,51455,24324,89057,0.8
dc286277686d8cd4dfa49d600ce9d40e050ef519,7557,393,0,0.0,42.2,363907,2855,30345,51451,24322,89017,0.8
0eee9079439565ea448d806ebb37b560aa8c5e8f,7557,393,0,0.0,42.2,363907,2855,30345,51451,24322,89017,0.8
4edc7057bc251b7244cabae9c6d154da39f3d3cc,7557,393,0,0.0,42.2,363907,2855,30345,51451,24322,89017,0.8
a462ed254fe6e8a033379a866c3d759b7788b6c6,7557,393,0,0.0,42.2,363907,2855,30345,51451,24322,89017,0.8
9bafdc447dd1806beb119bc41cdb1916e079fd86,7565,393,0,0.0,42.2,363791,2854,30319,51421,24322,89142,0.8
a86f08ca1cbafd3e29decd9f60041af7b088d964,7566,393,0,0.0,42.3,363657,2853,30296,51388,24317,89150,0.8
c8f93dfad1925c7192d2d01bbfd8b790b364b54e,7566,393,0,0.0,42.3,363657,2853,30296,51388,24317,89150,0.8
d2bb30f863d7276097c39754b9501ba27403b73c,7566,393,0,0.0,42.3,363641,2853,30295,51386,24315,89150,0.8
fc92d07691f3ad26323cb67b131f23b0a7acfec3,7566,393,0,0.0,42.3,363641,2853,30295,51386,24315,89150,0.8
5b9cd7a68478f9fddd569765bfaec285d92f5907,7566,393,0,0.0,42.3,363639,2853,30295,51386,24315,89150,0.8
cdedd29dd034b52c33840e0c0afeb5542e202383,7567,393,0,0.0,42.3,363682,2853,30298,51387,24316,89158,0.8
30d62f9ab04b1ce973937509eeeb43e950936653,7566,393,0,0.0,42.3,363513,2853,30292,51372,24302,89141,0.8
dcbd5f694908781c07937f495690a4ae16886c61,7566,393,0,0.0,42.3,363513,2853,30292,51372,24302,89141,0.8
dd8a0336463816b2b90f439f0c1a486b0f44441c,7566,393,0,0.0,42.3,363489,2853,30291,51369,24301,89141,0.8
c1adf2034280884d05afad4e67f09f2872c47d78,7566,393,0,0.0,42.3,363488,2853,30291,51369,24301,89141,0.8
2434de5c9a8607c02743873f32657165221ba112,7566,393,0,0.0,42.3,363488,2853,30291,51369,24301,89141,0.8
092b4e3a986bdeebd00d7dc4745f038fb684f1b5,7566,393,0,0.0,42.3,363486,2853,30291,51369,24301,89141,0.8
bccd5a8f7be76f0b8146de190b044f636a4c9a89,7566,393,0,0.0,42.3,363486,2853,30291,51369,24301,89141,0.8
40b78af005b62f6dbe3e9f13da7ae682b628f023,7566,393,0,0.0,42.3,363486,2853,30291,51369,24295,89141,0.8
f48dddc5a0bd7fe2b093135df16d67a136fead57,7555,392,0,0.0,42.3,362960,2849,30199,51237,24279,89134,0.8
725a7bed0fa4215554eac08954263d1a4a722f9c,7555,392,0,0.0,42.3,362983,2849,30199,51240,24279,89134,0.8
11639d87190c9427a3eeec641025d84f391c962c,7565,392,0,0.0,42.3,362984,2849,30199,51240,24279,89244,0.8
b64aa0db2d374c6765f6353c7cbb4b931d5ba828,7565,392,0,0.0,42.3,362948,2849,30198,51236,24279,89244,0.8
e9a287b7f68d8e7138c47dcb686d3709bdde402e,7560,392,0,0.0,42.3,362717,2847,30177,51194,24263,89222,0.8
a13c68d24668757a25a5233a23fce5bb3cb37313,7559,392,0,0.0,42.3,362686,2847,30175,51188,24260,89194,0.8
c21f13a5c51353ff33e80d8fa2ed8f8e6d6c3396,7559,392,0,0.0,42.3,362674,2847,30173,51190,24260,89194,0.8
50721cdfbb29215dec93a8088aada4985bdd5613,7559,392,0,0.0,42.3,362674,2847,30173,51190,24260,89194,0.8
bd7823c49a7c4cd08eff5f927b384aeff9fdaeac,7560,392,0,0.0,42.3,362674,2847,30173,51191,24260,89204,0.8
f6c575fbc8726eec4df5b09fcf3b84e4f3aa94f2,7561,392,0,0.0,42.3,362674,2847,30173,51192,24260,89214,0.8
c6a770f8986994d34758aaa6dab6d234921ec10e,7561,392,0,0.0,42.3,362668,2847,30172,51193,24260,89214,0.8
a701416e85c9d4bb863cd7ca331746578dc95377,7561,392,0,0.0,42.3,362668,2847,30172,51193,24260,89214,0.8
1d95424d023c250946a41dc764bf485f41ed8e6a,7530,392,0,0.0,42.4,361586,2847,30119,51123,24203,88820,0.8
12ec66ca24efe450bc1fa4fe2a94e84ad876ebd0,7521,392,0,0.0,42.4,361465,2847,30099,51092,24198,88715,0.8
7f07ed4515cbe86daefe07a367a755b65ad22740,7520,392,0,0.0,42.4,361451,2847,30097,51087,24198,88710,0.8
314d5726567ff425135a81c5cc07cca5d406fb0b,7520,392,0,0.0,42.4,361443,2847,30096,51086,24197,88710,0.8
10f8509b67af7a926a0fc97ee1d72ae70bd1aa68,7520,392,0,0.0,42.4,361443,2847,30096,51086,24193,88710,0.8
f3eb0267da8e6f094f54ce99bae3e29d442376d3,7520,392,0,0.0,42.4,361443,2847,30096,51086,24193,88710,0.8
820c24364acac6ab4613dda1d6a7966609ea62ac,7520,392,0,0.0,42.5,361330,2847,30088,51069,24182,88710,0.8
eace97307cecf1e6a8cdd96cf78a5d0847ea1cb7,7521,392,0,0.0,42.5,361330,2847,30088,51070,24182,88720,0.8
5c4dbbb036aef5a444f32eb817444f7c4f4c9a75,7511,392,0,0.0,42.4,361188,2846,30074,51047,24175,88584,0.8
a5555564927aa77d8a1e47cd38c3c5352732eec0,7511,392,0,0.0,42.4,361188,2846,30074,51047,24175,88584,0.8
b98227b8ec49c8a0ce3d0b6fd02001169bb3f82c,7511,392,0,0.0,42.5,360940,2838,30038,51005,24118,88584,0.8
4d8f8cbc91d167b1bc87c7df1efa12dac8bddadf,7511,392,0,0.0,42.5,360940,2838,30038,51005,24118,88584,0.8
972859f792140e373dc023186f7e7e55a6ff2f3e,7511,392,0,0.0,42.5,360940,2838,30038,51005,24118,88584,0.8
ad1e634a4806de2d420d18e7c0e82b74409cfe69,7511,392,0,0.0,42.5,360913,2837,30037,51002,24116,88584,0.8
0c6e494cd22db1a6622535ad1b21d3ee8ad9ef5c,7511,392,0,0.0,42.5,360925,2837,30037,51002,24116,88584,0.8
19af3cb167a642ac141244562a74f91c92120390,7506,392,0,0.0,42.5,360565,2834,30005,50962,24103,88503,0.8
1b774c2c3f054309024e0b0e62688ffa9e25fe20,7506,392,0,0.0,42.5,360565,2834,30005,50962,24103,88503,0.8
197325f3e31193054ecdd860ac0fbc2af4b64748,7506,392,0,0.0,42.5,360565,2834,30005,50962,24103,88503,0.8
cceef9fe9d595f7e9fb74bfc916d1a266ecee203,7506,392,0,0.0,42.6,360478,2834,29998,50953,24103,88503,0.8
610714e46741807356054a86efc653f5e3ddb167,7505,392,0,0.0,42.6,360430,2834,29998,50952,24101,88493,0.8
5eb06994a1a4cb108315150c044025d0333a2fe1,7505,392,0,0.0,42.6,360388,2834,29996,50950,24101,88487,0.8
6abf726c1cd4349417e12dc71ab5a6808a46f320,7505,392,0,0.0,42.6,360363,2834,29995,50948,24099,88485,0.8
fa8d908268306d1be5e1b61d43a6f94f7215f7f5,7504,392,0,0.0,42.6,360223,2834,29988,50931,24099,88457,0.8
f41062c5a4fd40bbe6234a5445de2ab2d9b6ec02,7504,392,0,0.0,42.6,360223,2834,29988,50931,24099,88457,0.8
dcdda57d7889ac1c270d7b246311a04382f59f51,7504,392,0,0.0,42.6,360223,2834,29988,50931,24099,88457,0.8
c6710cd5e0f3b3cf457ebca1532e10091042474f,7504,392,0,0.0,42.6,360223,2834,29988,50931,24099,88457,0.8
3e019bb050ffccb794c5a373602739f56d688967,7504,392,0,0.0,42.6,360223,2834,29988,50931,24099,88457,0.8
2f9f058e5346f76c2d17ac9e7dee1c065de45b1a,7504,392,0,0.0,42.6,360223,2834,29988,50931,24099,88457,0.8
dc7e4dca7a92e58e58875478eb4b923cb070dbf8,7504,392,0,0.0,42.6,360223,2834,29988,50931,24099,88457,0.8
34d4792e939e92a61035c0687edf8c95574fb493,7503,392,0,0.0,42.6,360087,2832,29979,50911,24075,88447,0.8
936f70219b1c6b9c0e45d53fad8d18f615cbda98,7503,392,0,0.0,42.6,360087,2832,29979,50911,24075,88447,0.8
48a3c3ccb0fb0c5538cd00b15f4b8581292557ff,7503,392,0,0.0,42.6,360066,2832,29977,50907,24075,88446,0.8
802939c9a51655e5be9306e75ce9e3b9aef0cdc3,7497,392,0,0.0,42.6,359934,2831,29970,50887,24067,88367,0.8
98ee5029ac7aaceed67e2e91cd0256b4e914f7ac,7495,392,0,0.0,42.5,359801,2830,29963,50867,24059,88348,0.8
89897e9855023bdf908499093587cfc8e3421f28,7495,392,0,0.0,42.5,359791,2830,29961,50865,24059,88363,0.8
e75d732e8bea6242c48154e610084b146ab2e935,7526,392,0,0.0,42.5,359494,2824,29937,50839,24058,88864,0.8
28f36e7c24eac5023ee20bd4edf7ece4ce22adfc,7526,392,0,0.0,42.5,359494,2824,29937,50839,24058,88864,0.8
79c897857407190f5c51389de60cfb1e6ef088bd,7578,390,0,0.0,42.6,359373,2821,29928,50827,24051,89674,0.8
3dc245b33b0e3bf4edf93f4e6a3262eff22ac7ce,7570,390,0,0.0,42.5,359323,2821,29926,50819,24051,89594,0.8
01c62cb418a91d95d53fcd73391cfce3c5d9f060,7564,390,0,0.0,42.6,359177,2820,29917,50810,24047,89514,0.8
d19f11100f076ff183bf4c86fcaaecfb67ff13d0,7561,390,0,0.0,42.6,359045,2819,29904,50789,24039,89478,0.8
c45b8b4c6e4d3e0ff5e7ce8ea4ed7296d6e1b12d,7555,390,0,0.0,42.7,358279,2818,29862,50706,23953,89401,0.8
41f3c102becc0ea67b7974fac73519b6d72586e5,7555,390,0,0.0,42.7,358231,2818,29861,50705,23946,89401,0.8
72e9b50bec768d49b1787d0a285b578ba5d0532e,7555,390,0,0.0,42.7,358231,2818,29861,50705,23946,89401,0.8
3efc8383138523235a679f3ade5d2d22a55be8bc,7555,390,0,0.0,42.7,358231,2818,29861,50705,23946,89401,0.8
7ce8f84ed62f68806014912fa53c95fadb3bbd59,7554,390,0,0.0,42.7,358206,2818,29860,50701,23946,89379,0.8
f0bacc8c53c20eec94a916035d4d02b2116e4020,7472,396,0,0.0,42.7,358074,2817,29853,50681,23938,88155,0.8
009d9d02b247445e194b870b0c5e1a22ad7b5d31,7472,396,0,0.0,42.7,358074,2817,29853,50681,23938,88155,0.8
9602dd932760f649fb0200bf50df6074ff8b3fb2,7464,395,0,0.0,42.8,357910,2816,29827,50650,23930,88049,0.8
cffeec5b637cd4a82a45e566fcca4fac4058f1ca,7464,395,0,0.0,42.8,357908,2816,29827,50648,23930,88049,0.8
46214680d03e72fcab6381a94318746f9bedbda8,7464,395,0,0.0,42.8,357908,2816,29827,50648,23930,88049,0.8
6229d473d2847f18af1d440625d16595d626cbc5,7460,395,0,0.0,42.8,357616,2814,29802,50611,23899,88009,0.8
fc41cca1eba8b319c678fa6781f461076eebff0d,7461,395,0,0.0,42.8,357584,2814,29800,50615,23897,88017,0.8
8ff23186878da8854ee4176eb6e5f0e172a02f2f,7461,395,0,0.0,42.8,357584,2814,29800,50615,23897,88017,0.8
7ced339b0565b26d1d58e0e7d418ca387f9101ac,7459,395,0,0.0,42.9,357214,2811,29781,50587,23796,87989,0.8
c9ec76ff5e85e35f220b0ca4dae76ee7187cb614,7459,395,0,0.0,42.9,357214,2811,29781,50587,23796,87989,0.8
e6c08a8628197a67f638937f95eb70a628e0dd9e,7459,395,0,0.0,42.8,357185,2811,29780,50576,23794,87989,0.8
bb08b0492a1fde898560d668edd24cb49d2b3cc2,7459,395,0,0.0,42.8,357156,2811,29779,50565,23792,87989,0.8
d831dd5055fdf4705dfdbbdfd3d932ac0c6816c4,7459,395,0,0.0,42.9,357127,2811,29778,50554,23790,87989,0.8
41b9774215632cbcfa1e517603eb9cc5faf49fe1,7456,395,0,0.0,42.9,356879,2809,29751,50510,23547,87964,0.8
127bf2ede44d67b47b1d61b7aa0958087987082b,7456,395,0,0.0,42.9,356883,2809,29751,50510,23547,87964,0.8
d978025bc7e4f3961b2e255c7736fbe89a809d35,7609,390,0,0.0,42.9,356756,2803,29735,50478,23533,90240,0.8
37b74ed35995c2b1d1e3a14b81e57447ede36aa7,7609,390,0,0.0,42.9,356753,2803,29735,50478,23533,90240,0.8
9d9bab1f27c2c0b22d0024766bd062011f0817a4,7552,391,0,0.0,42.9,356731,2802,29732,50475,23530,89380,0.8
69c06cead6e5ddfe58c17630c4863eb98e04ff4e,7552,390,0,0.0,43.0,356567,2798,29707,50452,23525,89380,0.8
02433f22c7fb052472242f7b1e23d47bf2a13f01,7552,390,0,0.0,43.0,356544,2798,29706,50445,23522,89380,0.8
ec2f1ad76d2152d6aa08b185be4a2447319db642,7544,390,0,0.0,43.0,356350,2797,29693,50422,23500,89313,0.8
caefd6e05ce6923ade42949e1b9ff3acfbc2b950,7544,390,0,0.0,43.0,356350,2797,29693,50422,23500,89313,0.8
903c932e2f69a7e53928bd64a28e6768ce25887a,7544,390,0,0.0,43.0,356349,2797,29693,50422,23500,89313,0.8
279365e386fe35fd85d6c75d1e5a47f120da1143,7536,390,0,0.0,43.0,356060,2797,29684,50375,23489,89240,0.8
3aace962c62efbb0fc45b1cb3565040f37988a13,7536,390,0,0.0,43.0,356060,2797,29684,50375,23489,89242,0.8
2ba47ac14e3c8e0f24b68c1942564df245dc8778,7538,390,0,0.0,43.0,356064,2797,29684,50375,23491,89262,0.8
818d9a5bcc886d42ca0a503e46f13572716449cf,7538,390,0,0.0,43.0,356064,2797,29684,50375,23490,89262,0.8
2a2817ccc915a9ee7f62bbc249307fca3e8a7620,7538,390,0,0.0,43.0,356064,2797,29684,50375,23490,89262,0.8
1a3460484af2be74f4c7761f08064eb997f593ec,7537,390,0,0.0,43.0,355998,2797,29685,50363,23449,89260,0.8
165b325ab5c8bbc5d53993ad9f0929b4ea7e4a27,7537,390,0,0.0,43.0,355994,2797,29685,50363,23449,89260,0.8
da84a9c0740c9909889780b4350e113cfd35a4ae,7537,390,0,0.0,43.0,355994,2797,29685,50363,23449,89260,0.8
888e599dd7342c218062ffc00f2f026d826b0e42,7534,391,0,0.0,43.0,355947,2797,29684,50362,23447,89221,0.8
ac8147b6c3d75e308774aea97895633a72184eba,7380,382,0,0.0,43.3,354122,2777,29497,50076,23351,86919,0.8
674dcf1c2e3cb0444a183c55a24b521e297880de,7380,382,0,0.0,43.3,354118,2777,29497,50076,23351,86919,0.8
69775c784cd441d225cdaa142a72c0d352b3223e,7380,382,0,0.0,43.3,354118,2777,29497,50076,23351,86919,0.8
a305c29d91a708e44fb6b285b6e32d14c7250a5f,7380,382,0,0.0,43.3,354050,2777,29492,50069,23346,86909,0.8
0cd1fe85aa5629f702d5b9e85d4dc03586d3a11d,7380,382,0,0.0,43.3,354047,2777,29492,50069,23346,86909,0.8
87996cdd59de178bfc8d94b3c750755ee74f4ea9,7380,382,0,0.0,43.3,354047,2777,29492,50069,23346,86909,0.8
8752e778573c5bb528ecfdd3f8af7fa0bb4a3cad,7379,382,0,0.0,43.3,354030,2777,29491,50066,23346,86887,0.8
37c6c06f5cdb512de2f1f5adaff4650d98dc079f,7379,382,0,0.0,43.3,354030,2777,29491,50066,23346,86887,0.8
90637d664c30ac337312808c7e927cc4250dad67,7379,382,0,0.0,43.3,354030,2777,29491,50066,23346,86887,0.8
1ce347d82c1dea9511b5a6b88a1022b7d2a689ea,7379,382,0,0.0,43.3,354030,2777,29491,50066,23346,86887,0.8
cf053d1a2154d16ec1c32fde349fd14f261fa329,7379,382,0,0.0,43.3,354030,2777,29491,50066,23346,86887,0.8
1f434420406bf528cb0e7987f4f1b2f95600f21d,7379,382,0,0.0,43.3,354030,2777,29491,50066,23346,86887,0.8
74db81f4dd81360bf3c0ad438d4be937c7a812d9,7379,382,0,0.0,43.3,354030,2777,29491,50066,23346,86887,0.8
701199f4a93bfff8f9ac4018a332815867227e99,7379,382,0,0.0,43.3,354030,2777,29491,50066,23346,86887,0.8
462ba82c7f559eb38d9114fe72b82285dff10fb2,7377,382,0,0.0,43.3,353902,2777,29481,50049,23337,86871,0.8
b14c311a80e05e26871efda1f77ef8df92af249c,7373,382,0,0.0,43.3,353839,2777,29478,50045,23335,86837,0.8
578e35c3b8c0c6c8642be38de0f7813dcd95cf68,7373,382,0,0.0,43.3,353839,2777,29478,50045,23335,86837,0.8
9cc2ac8ec7172c78510bf4ddbcda9d9bc7b5a31c,7377,382,0,0.0,43.3,353839,2777,29478,50045,23339,86837,0.8
755edcbf68ff5651406dd464167da847cdbbd849,7377,382,0,0.0,43.3,353839,2777,29478,50045,23339,86837,0.8
5afd703dde39892a577908cca455a86644d9c9c1,7312,382,0,0.0,43.3,353768,2777,29476,50040,23335,85852,0.8
85dd3b1a94d4ae81da529f628664ed73f6a8e98f,7312,382,0,0.0,43.3,353682,2777,29472,50028,23333,85840,0.8
ef6844e1799a7ba205b5007adc7447ed3c8b8d03,7307,382,0,0.0,43.3,353651,2777,29472,50028,23327,85744,0.8
2b6e76919ff3a81934cdbf906b253eb531e98050,7292,382,0,0.0,43.5,352323,2757,29287,49807,23252,85570,0.8
c9dead53721242aebc776e789427a2c53568f15b,7292,382,0,0.0,43.5,352322,2757,29287,49807,23251,85570,0.8
10619488800da4441ae7c5155a1dfc55d040a16f,7292,382,0,0.0,43.5,352307,2757,29285,49805,23246,85570,0.8
344ae58b6931a68ac74fb7a19198bd1987ce4121,7292,382,0,0.0,43.5,352307,2757,29285,49805,23246,85570,0.8
013d4ad612204beeeb39fd2d6d84d15afecb8c47,7294,381,0,0.0,43.5,352136,2754,29271,49781,23213,85615,0.8
9a403d6a2cc9aaff55184c15538b28770cd74444,7294,381,0,0.0,43.5,352136,2754,29271,49781,23213,85615,0.8
ba43bd16889abb21b8fb31d3b4cd3806f40e089f,7281,381,0,0.0,43.6,351849,2751,29253,49761,23184,85480,0.8
fabc8ac88cc19f3c44cf8fdee3a309437bf810b3,7281,381,0,0.0,43.6,351844,2751,29253,49760,23175,85480,0.8
fc51292a71680b6c4e24fded65269a1eae3f1f7c,7281,381,0,0.0,43.6,351844,2751,29253,49760,23175,85480,0.8
080495fa8f7b1792ddb377d2f408df25562dfeb1,7281,381,0,0.0,43.6,351840,2751,29253,49760,23175,85480,0.8
e41e8de673628baa6d641f5ad6b03680c18cc0fe,7281,381,0,0.0,43.6,351840,2751,29253,49760,23175,85480,0.8
243adfefbc7cf4c8f5e9d637660b90a027b9d5e3,7281,381,0,0.0,43.6,351840,2751,29253,49760,23175,85480,0.8
a3a112d292578e57bea11a02a8248a5fe1ddab2f,7385,380,0,0.0,43.6,351757,2749,29239,49745,23161,87045,0.8
605cdae36b27245d913c5a2e0aa5c8c7dfe36ef7,7379,381,0,0.0,43.6,351321,2748,29216,49704,23108,86902,0.8
6ebe71c2d8869015429fb43909be6012ef9c19a3,7378,381,0,0.0,43.6,351275,2748,29212,49692,23106,86896,0.8
788d0ee99642cbbcdfdbeb83144ad3e5890d598a,7378,381,0,0.0,43.6,351275,2748,29212,49692,23106,86896,0.8
acf268127d2d3570c7cf980205f97b55b22bd2c5,7378,381,0,0.0,43.6,351269,2748,29212,49691,23106,86896,0.8
2b42a0ee944b4a37fcb8d83ae91df90b2e1a94d0,7378,381,0,0.0,43.6,351269,2748,29212,49691,23106,86896,0.8
2247e77b52ef79818f5c566f630f74a5a2921d35,7378,381,0,0.0,43.6,351237,2748,29210,49685,23106,86896,0.8
a0cbb3677da41836c7e6e94639a5dcab4c9298cc,7378,381,0,0.0,43.6,351237,2748,29210,49685,23106,86896,0.8
fd95edc3c22694d07fb23f43a5f5cda1b50dfcf8,7378,381,0,0.0,43.6,351237,2748,29210,49683,23107,86896,0.8
67f4716bf9a9dfdc28f62b45f5c818ba453e6fb5,7378,381,0,0.0,43.6,351237,2748,29210,49683,23107,86896,0.8
82c7dfec0fdbad2652e26a2c5a67f9450f76ae7e,7378,381,0,0.0,43.6,351237,2748,29210,49683,23107,86896,0.8
52d246b3a4c7a4009304261bd16bc873628c0fef,7376,379,0,0.0,43.6,351101,2748,29200,49663,23094,86876,0.8
d43cb4c296f8096300b43fe830fe6c4fb085aaa5,7376,379,0,0.0,43.6,351101,2748,29200,49663,23094,86876,0.8
83ca645e51d64e074ad3142aaa12d722398c1a72,7376,379,0,0.0,43.6,351101,2748,29200,49663,23094,86876,0.8
46b94e362b4acc469f42b76577141d2791ee612a,7383,379,0,0.0,43.7,351014,2748,29196,49651,23092,86969,0.8
9086157d1a4eb97103fadd6d5b65fcdcc24f4c1f,7383,379,0,0.0,43.7,351014,2748,29196,49651,23092,86969,0.8
9be2c4a59563a7a85526b860a8eb945a868ce271,7383,379,0,0.0,43.7,351014,2748,29196,49651,23092,86969,0.8
75852ad393ab3be1c4d6c48877c02d9df3968e50,7383,379,0,0.0,43.7,351014,2748,29196,49651,23092,86969,0.8
13f0a7102c49b3d75bdd0323fbabd76fa3b2feb1,7382,379,0,0.0,43.7,351011,2748,29196,49651,23091,86959,0.8
078389d7b44adb18ac8ea1378a9ad4bee3e2d02d,7382,379,0,0.0,43.7,351011,2748,29196,49651,23091,86959,0.8
6a56d61f3407ecd5453a7c5d747f958042598f3f,7365,379,0,0.0,43.7,350989,2748,29197,49647,23091,86694,0.8
f7dece5d9ce1564f3710619c1fc7571a207e2447,7365,379,0,0.0,43.7,350989,2748,29197,49647,23091,86694,0.8
bfc4b88e80e058b4efdaa5c870add21a1f1974e1,7365,379,0,0.0,43.7,350989,2748,29197,49647,23091,86694,0.8
9b6b5e0d2e760694e2abef73fa9036d1d8bbd014,7362,379,0,0.0,43.7,350961,2748,29195,49645,23090,86670,0.8
ae2c615358a5eaa41415f60ff5446bf56fa9aa29,7362,379,0,0.0,43.7,350941,2748,29194,49641,23090,86670,0.8
f66f0fa141ee74ba489b021db96a78fcfffad8b2,7363,379,0,0.0,43.7,350910,2748,29186,49631,23072,86675,0.8
4e91c2516b8e34c71dd4874b3bd6c3e43199bcf6,7360,379,0,0.0,43.7,350789,2748,29184,49629,23011,86666,0.8
092a78de7fb187d4b0595ef46a20551478a767a5,7360,379,0,0.0,43.7,350789,2748,29184,49629,23011,86666,0.8
c47d8cf0a91507e538ec2ca6a040b8a1d1f52a8b,7360,379,0,0.0,43.7,350789,2748,29184,49629,23011,86666,0.8
336c0aaf44d4035beed346d11ba619416ce92964,7275,379,0,0.0,43.7,350773,2748,29182,49627,23011,85391,0.8
4d7837093bd19a42237446a9b656a248e106b789,7275,379,0,0.0,43.7,350773,2748,29182,49627,23011,85391,0.8
2e0e4faad45e5765ed2a2c97b3983b128e88e08f,7275,379,0,0.0,43.7,350773,2748,29182,49627,23011,85391,0.8
b7a819f3776a647cf22eab41ffe1e73b2989d220,7275,379,0,0.0,43.7,350765,2748,29180,49624,23011,85391,0.8
5214bc887bf31e22adf7c99a48ed403db09841ed,7275,379,0,0.0,43.7,350765,2748,29180,49624,23011,85391,0.8
bf2a210f9dbfe8127b8f908415a4063b3aa510f3,7275,379,0,0.0,43.7,350765,2748,29180,49624,23011,85391,0.8
8643d4872196c1f2db73d957ef265731037f0393,7275,379,0,0.0,43.7,350765,2748,29180,49624,23011,85391,0.8
2208b24617f2c64bb02f1a7aec79f3bbaabdc1cc,7275,379,0,0.0,43.7,350765,2748,29180,49624,23011,85391,0.8
550cdca401ebb0b8cb01d5e03f9979c3a04bd119,7275,379,0,0.0,43.7,350765,2748,29180,49624,23011,85391,0.8
7f08fe7ba0f30b5caa838e950657e1fa1acb3ccb,7275,379,0,0.0,43.7,350765,2748,29180,49624,23011,85391,0.8
d045258dfae76e91592433930b32577051632832,7275,379,0,0.0,43.7,350765,2748,29180,49624,23011,85391,0.8
2ddd0bec6d3736664c56f6fdb00b523f793c4843,7275,379,0,0.0,43.7,350765,2748,29180,49624,23011,85391,0.8
e35bdc90ed07a44ce03b436a1881b94a57cba18b,7275,379,0,0.0,43.7,350765,2748,29180,49624,23011,85391,0.8
673245cdc4ef96214ff0d312d6e1582b2a8497b9,7275,379,0,0.0,43.7,350765,2748,29180,49624,23011,85391,0.8
333414bfb08180955dcbc24013acc1e8eb89e0c5,7275,379,0,0.0,43.7,350765,2748,29180,49624,23011,85391,0.8
50deaa57f55a944763e9605e7388b38fd94a409b,7275,379,0,0.0,43.7,350765,2748,29180,49624,23011,85391,0.8
afa9c60b08ec2ad4988afd4b5f30614ee0947d44,7275,379,0,0.0,43.7,350765,2748,29180,49624,23011,85391,0.8
5a42dadc6f51f959b6d7fd14a056f9ab5895bcf9,7275,379,0,0.0,43.7,350765,2748,29180,49624,23011,85391,0.8
fee9b9ea728e01cdbba2644722ea344e8635d21e,7275,379,0,0.0,43.7,350765,2748,29180,49624,23011,85391,0.8
5b7a6b36d5df72f8b2db6b345369d394619a49e2,7275,379,0,0.0,43.7,350765,2748,29180,49624,23011,85391,0.8
f2d918d80df35b3e280c7945f81b4bf21d3a91ec,7275,379,0,0.0,43.7,350765,2748,29180,49624,23011,85391,0.8
fc899b3fb635466877256ae6440bc9a6bb2bcd13,7275,379,0,0.0,43.7,350765,2748,29180,49624,23011,85391,0.8
4d2d05d330c8bee9e448da51fb8af568b5b5757c,7275,379,0,0.0,43.7,350765,2748,29180,49624,23011,85391,0.8
b3da5480a56a59c65e68450991d7deb6757bc79a,7275,379,0,0.0,43.7,350765,2748,29180,49624,23011,85391,0.8
68d03e9645545c78fd13c919c1d909f9957ae061,7275,379,0,0.0,43.7,350765,2748,29180,49624,23011,85391,0.8
49e8eecfc991c4cb9986434fdbb53ef6648b4dfb,7275,379,0,0.0,43.7,350765,2748,29180,49624,23011,85391,0.8
d064c8eb7765970a769b0596a78a708ebddc99ab,7275,379,0,0.0,43.7,350765,2748,29180,49624,23011,85391,0.8
ffd87874429399c5fa85a9f61241e204319c1933,7275,379,0,0.0,43.7,350765,2748,29180,49624,23011,85391,0.8
59de685aec2675a4bba2073cf0a578e9404b510b,7275,379,0,0.0,43.7,350765,2748,29180,49624,23011,85391,0.8
5edf20e2f2a38a1052fbde2dad830e41cb0bb2ec,7275,379,0,0.0,43.7,350765,2748,29180,49624,23011,85391,0.8
1fff0ab41812a08fe164a142be11691832f332f8,7275,379,0,0.0,43.7,350765,2748,29180,49624,23011,85391,0.8
664439344aefc60836fd519a21c57c0406c3f96c,7275,379,0,0.0,43.7,350765,2748,29180,49624,23011,85391,0.8
bb036ce639738d463498eadb537d4405796d53a7,7275,379,0,0.0,43.7,350765,2748,29180,49624,23011,85391,0.8
5505321af663befa89095ed6643b2de9be481788,7275,379,0,0.0,43.7,350765,2748,29180,49624,23011,85391,0.8
66f898c1b26792935f2c13b6a5992e71c7d15e3e,7275,379,0,0.0,43.7,350765,2748,29180,49624,23011,85391,0.8
e9335c5d1696245e9671425b739ee212c6411629,7275,379,0,0.0,43.7,350765,2748,29180,49624,23011,85391,0.8
a4554a49cc3a9191c1535e4c532ed982f09694fc,7275,379,0,0.0,43.7,350765,2748,29180,49624,23011,85391,0.8
27b37eff56be9ff4e1e9c7cd90de7060b3728e94,7275,379,0,0.0,43.7,350765,2748,29180,49624,23011,85391,0.8
8748ddddd37da1b26d72073858d90cf2965f174c,7275,379,0,0.0,43.7,350765,2748,29180,49624,23011,85391,0.8
27afde6683b5997fc701d1cff27fc6d2111fb720,7275,379,0,0.0,43.7,350765,2748,29180,49624,23011,85391,0.8
53090cbb1ee41edb8b6524fb46bdc9b9d4651db1,7275,379,0,0.0,43.7,350765,2748,29180,49624,23011,85391,0.8
c1ca6c536a0248ea752334889ab1c5fcc935f26f,7275,379,0,0.0,43.7,350765,2748,29180,49624,23011,85391,0.8
2c135d9ab82b94bf438df42ec0688b921b618181,7275,379,0,0.0,43.7,350765,2748,29180,49624,23011,85391,0.8
50b612e03ffad8219b3cfe2d4a625df9b95ab7df,7275,379,0,0.0,43.7,350765,2748,29180,49624,23011,85391,0.8
a7bbe4d5674ff667dcb0619e6fa7b5845abd9036,7275,379,0,0.0,43.7,350765,2748,29180,49624,23011,85391,0.8
1bbc228f3e9c46118d00624246d54cd65d37bfd1,7275,379,0,0.0,43.7,350765,2748,29180,49624,23011,85391,0.8
fb12d4d113823a8308fdd51fec2000eb5eb69db0,7275,379,0,0.0,43.7,350765,2748,29180,49624,23011,85391,0.8
03fea462f25aaab1a7a1e0aadcd75a85c4e1293a,7275,379,0,0.0,43.7,350765,2748,29180,49624,23011,85391,0.8
c3bf7e85ba5a1fc638dde7a0c1f4f985fff00ebf,7275,379,0,0.0,43.7,350765,2748,29180,49624,23011,85391,0.8
7fd7ccbcc5493b98aba3d5a26117e87d299bdbcf,7275,379,0,0.0,43.7,350765,2748,29180,49624,23011,85391,0.8
1dcb74b6a567c49c1a6979155ec0f0b31630b3e2,7275,379,0,0.0,43.7,350765,2748,29180,49624,23011,85391,0.8
a21abf513c2541575d63da977350469cd0782e7c,7275,379,0,0.0,43.7,350765,2748,29180,49624,23011,85391,0.8
7a6c951c84b99f9c4d365f83a2f4bbfd6a4108e0,7275,379,0,0.0,43.7,350765,2748,29180,49624,23011,85391,0.8
ca46fc93ae9a349e3920d0519ccf0f41e7210d44,7275,379,0,0.0,43.7,350765,2748,29180,49624,23011,85391,0.8
a48db936ac1ad9a5999390607698b4252ee488fb,7275,379,0,0.0,43.7,350765,2748,29180,49624,23011,85391,0.8
6423bada92da74726972f30251dbe355221b978d,7275,379,0,0.0,43.7,350765,2748,29180,49624,23011,85391,0.8
