ISSUE_ID,PR_ID,commit,filepath,committed_at
1,1,60e3b19db518483296ff73245e548ce88c84f5a5,dubbo-registry/dubbo-registry-api/src/main/java/com/alibaba/dubbo/registry/support/AbstractRegistryFactory.java,2018-04-21T06:20:09Z
2,2,60e3b19db518483296ff73245e548ce88c84f5a5,dubbo-common/src/main/java/com/alibaba/dubbo/common/bytecode/Proxy.java,2018-04-21T06:20:09Z
2,2,60e3b19db518483296ff73245e548ce88c84f5a5,dubbo-common/src/main/java/com/alibaba/dubbo/common/bytecode/Wrapper.java,2018-04-21T06:20:09Z
3,3,2d7e18242f74ff66be81b3c35e68e5b5fb5fe95f,dubbo-registry/dubbo-registry-zookeeper/src/main/java/com/alibaba/dubbo/registry/zookeeper/ZookeeperRegistry.java,2018-05-17T03:51:17Z
4,4,05cecc55bccc5c4ab985f7bab3b3c63e7380ed01,dubbo-config/dubbo-config-spring/src/main/resources/META-INF/dubbo.xsd,2024-02-02T06:10:23Z
6,6,26f39d57ff0d08534971ecdf2e5b4bc46ff5af4e,dubbo-admin/src/main/webapp/WEB-INF/templates/governance/screen/providers/index.vm,2018-01-11T07:41:44Z
7,7,11d5bd9ffadf11af0d13e6ab478829b4ae3c8572,pom.xml,2024-06-24T09:54:45Z
10,10,04c26e6cb0f07d776769f2e53edd7ef92e078f77,dubbo-common/src/main/java/com/alibaba/dubbo/common/utils/PojoUtils.java,2018-06-06T08:23:47Z
11,11,2d7e18242f74ff66be81b3c35e68e5b5fb5fe95f,dubbo-registry/dubbo-registry-zookeeper/src/main/java/com/alibaba/dubbo/registry/zookeeper/ZookeeperRegistry.java,2018-05-17T03:51:17Z
13,13,2d7e18242f74ff66be81b3c35e68e5b5fb5fe95f,dubbo-registry/dubbo-registry-zookeeper/src/main/java/com/alibaba/dubbo/registry/zookeeper/ZookeeperRegistry.java,2018-05-17T03:51:17Z
14,14,60e3b19db518483296ff73245e548ce88c84f5a5,dubbo-cluster/src/main/java/com/alibaba/dubbo/rpc/cluster/loadbalance/RoundRobinLoadBalance.java,2018-04-21T06:20:09Z
15,15,11d5bd9ffadf11af0d13e6ab478829b4ae3c8572,pom.xml,2024-06-24T09:54:45Z
18,18,d7047d1e3e47e2a8b8b25e9b53f543857ec6d205,dubbo-common/src/main/java/com/alibaba/dubbo/common/extension/ExtensionLoader.java,2018-05-12T12:49:49Z
34,34,60e3b19db518483296ff73245e548ce88c84f5a5,dubbo-remoting/dubbo-remoting-api/src/main/java/com/alibaba/dubbo/remoting/transport/AbstractClient.java,2018-04-21T06:20:09Z
37,37,11d5bd9ffadf11af0d13e6ab478829b4ae3c8572,pom.xml,2024-06-24T09:54:45Z
39,39,22624508bbd30dd83b09b48303196d7dcd73c410,dubbo-registry/dubbo-registry-api/src/main/java/com/alibaba/dubbo/registry/integration/RegistryDirectory.java,2018-05-28T02:21:15Z
44,44,a4632dad6cf5ecdbcd8e4f357c69f3b34afc04f0,dubbo-registry/dubbo-registry-redis/src/main/java/com/alibaba/dubbo/registry/redis/RedisRegistryFactory.java,2018-01-25T06:01:50Z
48,48,11d5bd9ffadf11af0d13e6ab478829b4ae3c8572,pom.xml,2024-06-24T09:54:45Z
49,49,11d5bd9ffadf11af0d13e6ab478829b4ae3c8572,pom.xml,2024-06-24T09:54:45Z
56,56,26f39d57ff0d08534971ecdf2e5b4bc46ff5af4e,dubbo-admin/src/main/webapp/WEB-INF/i18n/message_zh.properties,2018-01-11T07:41:44Z
56,56,26f39d57ff0d08534971ecdf2e5b4bc46ff5af4e,dubbo-admin/src/main/webapp/WEB-INF/i18n/message_zh_TW.properties,2018-01-11T07:41:44Z
56,56,26f39d57ff0d08534971ecdf2e5b4bc46ff5af4e,dubbo-admin/src/main/webapp/WEB-INF/templates/governance/layout/default.vm,2018-01-11T07:41:44Z
56,56,26f39d57ff0d08534971ecdf2e5b4bc46ff5af4e,dubbo-admin/src/main/webapp/WEB-INF/templates/governance/screen/providers/index.vm,2018-01-11T07:41:44Z
56,56,26f39d57ff0d08534971ecdf2e5b4bc46ff5af4e,dubbo-admin/src/main/webapp/WEB-INF/templates/governance/screen/redirect.vm,2018-01-11T07:41:44Z
56,56,26f39d57ff0d08534971ecdf2e5b4bc46ff5af4e,dubbo-admin/src/main/webapp/WEB-INF/templates/governance/screen/services/index.vm,2018-01-11T07:41:44Z
56,56,26f39d57ff0d08534971ecdf2e5b4bc46ff5af4e,dubbo-admin/src/main/webapp/WEB-INF/templates/sysinfo/layout/default.vm,2018-01-11T07:41:44Z
56,56,26f39d57ff0d08534971ecdf2e5b4bc46ff5af4e,dubbo-admin/src/main/webapp/WEB-INF/templates/sysinfo/screen/dumps/index.vm,2018-01-11T07:41:44Z
56,56,26f39d57ff0d08534971ecdf2e5b4bc46ff5af4e,dubbo-admin/src/main/webapp/WEB-INF/templates/sysinfo/screen/redirect.vm,2018-01-11T07:41:44Z
58,58,3489efc6a0d0b8f6987b27b0df6118e584066a48,README,2016-06-06T05:27:21Z
64,64,a2a7706a07897bc7d0dc79923dc724159766da78,dubbo-config/dubbo-config-spring/src/main/java/com/alibaba/dubbo/config/spring/ServiceBean.java,2018-04-23T04:19:33Z
73,73,3489efc6a0d0b8f6987b27b0df6118e584066a48,README,2016-06-06T05:27:21Z
75,75,11d5bd9ffadf11af0d13e6ab478829b4ae3c8572,pom.xml,2024-06-24T09:54:45Z
76,76,2da49b573c6c847380badb93e44523ada106dbd3,dubbo-common/src/main/java/com/alibaba/dubbo/common/io/UnsafeStringWriter.java,2017-12-18T11:34:11Z
79,79,11d5bd9ffadf11af0d13e6ab478829b4ae3c8572,pom.xml,2024-06-24T09:54:45Z
83,83,8bdecea7ef808d19f0449dd43ec85ba8dbaeeb26,dubbo-rpc/dubbo-rpc-rmi/src/main/java/com/alibaba/dubbo/rpc/protocol/rmi/RmiRemoteInvocation.java,2020-08-17T05:38:04Z
84,84,ead84e45ee1ea145f4d96dd204a2ec7c8f8d78fb,dubbo-simple/dubbo-monitor-simple/src/main/java/com/alibaba/dubbo/monitor/simple/CountUtils.java,2017-12-25T06:38:04Z
88,88,11d5bd9ffadf11af0d13e6ab478829b4ae3c8572,pom.xml,2024-06-24T09:54:45Z
93,93,60e3b19db518483296ff73245e548ce88c84f5a5,dubbo-remoting/dubbo-remoting-api/src/main/java/com/alibaba/dubbo/remoting/transport/AbstractServer.java,2018-04-21T06:20:09Z
99,99,11d5bd9ffadf11af0d13e6ab478829b4ae3c8572,pom.xml,2024-06-24T09:54:45Z
101,101,11d5bd9ffadf11af0d13e6ab478829b4ae3c8572,pom.xml,2024-06-24T09:54:45Z
102,102,1b553fd8112c5be291e1a2fedd4279554040d6d3,dubbo-config/dubbo-config-api/src/main/java/com/alibaba/dubbo/config/ProtocolConfig.java,2018-05-31T08:07:20Z
104,104,60e3b19db518483296ff73245e548ce88c84f5a5,dubbo-remoting/dubbo-remoting-api/src/main/java/com/alibaba/dubbo/remoting/transport/AbstractServer.java,2018-04-21T06:20:09Z
106,106,d7047d1e3e47e2a8b8b25e9b53f543857ec6d205,dubbo-common/src/main/java/com/alibaba/dubbo/common/extension/ExtensionLoader.java,2018-05-12T12:49:49Z
107,107,8bc9257f4e09b2937e21842b90984dfcaefe97b6,dubbo-container/dubbo-container-api/src/main/resources/META-INF/assembly/bin/start.sh,2021-06-01T06:14:35Z
108,108,11d5bd9ffadf11af0d13e6ab478829b4ae3c8572,pom.xml,2024-06-24T09:54:45Z
110,110,2d7e18242f74ff66be81b3c35e68e5b5fb5fe95f,dubbo-registry/dubbo-registry-zookeeper/src/main/java/com/alibaba/dubbo/registry/zookeeper/ZookeeperRegistry.java,2018-05-17T03:51:17Z
112,112,9c4017e9ba7ba170262f388ac159bcccb11ce209,dubbo-common/src/main/java/com/alibaba/dubbo/common/json/GenericJSONConverter.java,2018-05-14T06:06:40Z
114,114,11d5bd9ffadf11af0d13e6ab478829b4ae3c8572,pom.xml,2024-06-24T09:54:45Z
121,121,f4974c69b5fedcb896259bcc06ee2e7e7c00111a,hessian-lite/src/main/java/com/alibaba/com/caucho/hessian/io/EnumDeserializer.java,2018-06-07T02:11:46Z
121,121,f4974c69b5fedcb896259bcc06ee2e7e7c00111a,hessian-lite/src/main/java/com/alibaba/com/caucho/hessian/io/SerializerFactory.java,2018-06-07T02:11:46Z
131,131,70ec90dae80cf1c1537f0dd83f8a844a905ebbdb,dubbo-common/src/main/java/com/alibaba/dubbo/common/utils/NetUtils.java,2018-06-11T05:50:51Z
136,136,28266668d38424bf936e21d16e6f32c8750685b7,dubbo-common/src/test/java/com/alibaba/dubbo/common/json/JSONTest.java,2018-06-07T11:06:41Z
140,140,f4974c69b5fedcb896259bcc06ee2e7e7c00111a,hessian-lite/src/main/java/com/alibaba/com/caucho/hessian/io/JavaDeserializer.java,2018-06-07T02:11:46Z
143,143,3489efc6a0d0b8f6987b27b0df6118e584066a48,README,2016-06-06T05:27:21Z
145,145,11d5bd9ffadf11af0d13e6ab478829b4ae3c8572,pom.xml,2024-06-24T09:54:45Z
147,147,11d5bd9ffadf11af0d13e6ab478829b4ae3c8572,pom.xml,2024-06-24T09:54:45Z
148,148,28266668d38424bf936e21d16e6f32c8750685b7,dubbo-cluster/src/main/java/com/alibaba/dubbo/rpc/cluster/loadbalance/ConsistentHashLoadBalance.java,2018-06-07T11:06:41Z
149,149,28266668d38424bf936e21d16e6f32c8750685b7,dubbo-cluster/src/main/java/com/alibaba/dubbo/rpc/cluster/loadbalance/ConsistentHashLoadBalance.java,2018-06-07T11:06:41Z
154,154,60e3b19db518483296ff73245e548ce88c84f5a5,dubbo-rpc/dubbo-rpc-api/src/main/java/com/alibaba/dubbo/rpc/filter/ExecuteLimitFilter.java,2018-04-21T06:20:09Z
162,162,f4c210b6d6846cc72f92997b52c3dd4c563347be,dubbo-config/dubbo-config-api/src/main/java/com/alibaba/dubbo/config/ServiceConfig.java,2018-06-01T09:18:25Z
164,164,3489efc6a0d0b8f6987b27b0df6118e584066a48,README,2016-06-06T05:27:21Z
172,172,26f39d57ff0d08534971ecdf2e5b4bc46ff5af4e,dubbo-admin/src/main/java/com/alibaba/dubbo/governance/sync/RegistryServerSync.java,2018-01-11T07:41:44Z
182,182,3c55c802ac4553467d8fa109ac4601f4935d2766,dubbo-common/src/main/java/com/alibaba/dubbo/common/URL.java,2018-05-17T08:21:30Z
183,183,7df5eb6a3b2da91f8b13a6c8eb36ea47f43f87ba,dubbo-common/src/main/java/com/alibaba/dubbo/common/utils/AtomicPositiveInteger.java,2018-06-05T06:09:20Z
187,187,58dab96da4430efd54e6c563011eb6a9b2dbb861,dubbo-common/src/main/java/com/alibaba/dubbo/common/utils/ReflectUtils.java,2018-06-07T09:20:42Z
188,188,11d5bd9ffadf11af0d13e6ab478829b4ae3c8572,pom.xml,2024-06-24T09:54:45Z
191,191,11d5bd9ffadf11af0d13e6ab478829b4ae3c8572,pom.xml,2024-06-24T09:54:45Z
192,192,11d5bd9ffadf11af0d13e6ab478829b4ae3c8572,pom.xml,2024-06-24T09:54:45Z
196,196,11d5bd9ffadf11af0d13e6ab478829b4ae3c8572,pom.xml,2024-06-24T09:54:45Z
202,202,11d5bd9ffadf11af0d13e6ab478829b4ae3c8572,pom.xml,2024-06-24T09:54:45Z
209,209,08205284b8e107b61d4db9959dc760b78b1af1a5,dubbo-registry/dubbo-registry-api/src/main/java/com/alibaba/dubbo/registry/integration/RegistryProtocol.java,2018-06-14T01:06:28Z
214,214,60e3b19db518483296ff73245e548ce88c84f5a5,dubbo-cluster/src/main/java/com/alibaba/dubbo/rpc/cluster/router/condition/ConditionRouter.java,2018-04-21T06:20:09Z
216,216,60e3b19db518483296ff73245e548ce88c84f5a5,dubbo-remoting/dubbo-remoting-api/src/main/java/com/alibaba/dubbo/remoting/transport/AbstractEndpoint.java,2018-04-21T06:20:09Z
225,225,9c4017e9ba7ba170262f388ac159bcccb11ce209,dubbo-common/src/main/java/com/alibaba/dubbo/common/json/GenericJSONConverter.java,2018-05-14T06:06:40Z
233,233,11d5bd9ffadf11af0d13e6ab478829b4ae3c8572,pom.xml,2024-06-24T09:54:45Z
239,239,26f39d57ff0d08534971ecdf2e5b4bc46ff5af4e,dubbo-admin/src/main/java/com/alibaba/dubbo/governance/web/common/interceptor/RestfuleUrlRewriter.java,2018-01-11T07:41:44Z
242,242,034d201ba9ee58518b1efad1efd5a63883263ee5,dubbo-rpc/dubbo-rpc-redis/src/main/java/com/alibaba/dubbo/rpc/protocol/redis/RedisProtocol.java,2017-12-21T02:34:03Z
246,246,f4c210b6d6846cc72f92997b52c3dd4c563347be,dubbo-config/dubbo-config-api/src/main/java/com/alibaba/dubbo/config/ServiceConfig.java,2018-06-01T09:18:25Z
248,248,e255f54be07c02b1031372aa2a6e8a83e94a60d6,dubbo-cluster/src/main/java/com/alibaba/dubbo/rpc/cluster/support/AbstractClusterInvoker.java,2018-06-01T07:32:55Z
249,249,8bc9257f4e09b2937e21842b90984dfcaefe97b6,dubbo-container/dubbo-container-api/src/main/resources/META-INF/assembly/bin/start.sh,2021-06-01T06:14:35Z
255,255,60e3b19db518483296ff73245e548ce88c84f5a5,dubbo-remoting/dubbo-remoting-api/src/main/java/com/alibaba/dubbo/remoting/transport/AbstractServer.java,2018-04-21T06:20:09Z
259,259,26f39d57ff0d08534971ecdf2e5b4bc46ff5af4e,dubbo-admin/src/main/java/com/alibaba/dubbo/governance/web/common/module/screen/Restful.java,2018-01-11T07:41:44Z
260,260,11d5bd9ffadf11af0d13e6ab478829b4ae3c8572,pom.xml,2024-06-24T09:54:45Z
261,261,11d5bd9ffadf11af0d13e6ab478829b4ae3c8572,pom.xml,2024-06-24T09:54:45Z
263,263,11d5bd9ffadf11af0d13e6ab478829b4ae3c8572,pom.xml,2024-06-24T09:54:45Z
265,265,11d5bd9ffadf11af0d13e6ab478829b4ae3c8572,pom.xml,2024-06-24T09:54:45Z
266,266,1be3c999d112215a1354ab396cb2fbb94f3d2a0e,dubbo-config/dubbo-config-api/src/main/java/com/alibaba/dubbo/config/annotation/Reference.java,2019-10-12T13:17:35Z
266,266,1be3c999d112215a1354ab396cb2fbb94f3d2a0e,dubbo-config/dubbo-config-api/src/main/java/com/alibaba/dubbo/config/annotation/Service.java,2019-10-12T13:17:35Z
268,268,ab86c4572604cd4d4eecfa884af1c209cd3b84d6,dubbo-filter/dubbo-filter-validation/src/main/java/com/alibaba/dubbo/validation/support/jvalidation/JValidator.java,2018-06-11T09:37:33Z
269,269,b8a7a399507cac33ccc410528fab4d89fe393204,dubbo-config/dubbo-config-spring/src/main/java/com/alibaba/dubbo/config/spring/AnnotationBean.java,2018-05-12T12:44:10Z
275,275,b8a7a399507cac33ccc410528fab4d89fe393204,dubbo-config/dubbo-config-spring/src/main/java/com/alibaba/dubbo/config/spring/AnnotationBean.java,2018-05-12T12:44:10Z
279,279,0c6346f21534a7505f79555a60a5dbaa72561a9e,dubbo-config/dubbo-config-api/src/main/java/com/alibaba/dubbo/config/AbstractConfig.java,2018-06-11T03:15:38Z
281,281,1be3c999d112215a1354ab396cb2fbb94f3d2a0e,dubbo-config/dubbo-config-api/src/main/java/com/alibaba/dubbo/config/annotation/Reference.java,2019-10-12T13:17:35Z
282,282,22624508bbd30dd83b09b48303196d7dcd73c410,dubbo-registry/dubbo-registry-api/src/main/java/com/alibaba/dubbo/registry/integration/RegistryDirectory.java,2018-05-28T02:21:15Z
298,298,04576ff4ffdd5872e738b4e10e3905fe513109d2,dubbo-admin/pom.xml,2018-03-13T01:42:10Z
300,300,28266668d38424bf936e21d16e6f32c8750685b7,dubbo-cluster/src/test/java/com/alibaba/dubbo/rpc/cluster/loadbalance/LoadBalanceTest.java,2018-06-07T11:06:41Z
301,301,2da49b573c6c847380badb93e44523ada106dbd3,dubbo-common/src/main/java/com/alibaba/dubbo/common/io/UnsafeStringWriter.java,2017-12-18T11:34:11Z
305,305,11d5bd9ffadf11af0d13e6ab478829b4ae3c8572,pom.xml,2024-06-24T09:54:45Z
307,307,b8a7a399507cac33ccc410528fab4d89fe393204,dubbo-config/dubbo-config-spring/src/main/java/com/alibaba/dubbo/config/spring/AnnotationBean.java,2018-05-12T12:44:10Z
308,308,8e20d1ca06597e75903cb97c6a01c470686fcf08,dubbo-remoting/dubbo-remoting-api/src/main/java/com/alibaba/dubbo/remoting/Client.java,2017-12-20T03:43:18Z
309,309,60e3b19db518483296ff73245e548ce88c84f5a5,dubbo-remoting/dubbo-remoting-zookeeper/src/main/java/com/alibaba/dubbo/remoting/zookeeper/zkclient/ZkclientZookeeperClient.java,2018-04-21T06:20:09Z
310,310,60e3b19db518483296ff73245e548ce88c84f5a5,dubbo-remoting/dubbo-remoting-api/src/main/java/com/alibaba/dubbo/remoting/transport/AbstractServer.java,2018-04-21T06:20:09Z
312,312,d6faa92be1ccffe5bd1dbecb8cfb394c44895729,dubbo-rpc/dubbo-rpc-memcached/src/main/resources/META-INF/dubbo/internal/com.alibaba.dubbo.rpc.Protocol,2018-06-06T01:29:31Z
315,315,8bc9257f4e09b2937e21842b90984dfcaefe97b6,dubbo-container/dubbo-container-api/src/main/resources/META-INF/assembly/bin/start.sh,2021-06-01T06:14:35Z
318,318,11d5bd9ffadf11af0d13e6ab478829b4ae3c8572,pom.xml,2024-06-24T09:54:45Z
321,321,11d5bd9ffadf11af0d13e6ab478829b4ae3c8572,pom.xml,2024-06-24T09:54:45Z
322,322,11d5bd9ffadf11af0d13e6ab478829b4ae3c8572,pom.xml,2024-06-24T09:54:45Z
324,324,8b55a0b31e1c7f9b7d6df5171865bbc11a4d8544,dubbo-registry/dubbo-registry-multicast/src/main/java/com/alibaba/dubbo/registry/multicast/MulticastRegistry.java,2018-06-08T03:41:08Z
325,325,b8a7a399507cac33ccc410528fab4d89fe393204,dubbo-config/dubbo-config-spring/src/main/java/com/alibaba/dubbo/config/spring/AnnotationBean.java,2018-05-12T12:44:10Z
327,327,11d5bd9ffadf11af0d13e6ab478829b4ae3c8572,pom.xml,2024-06-24T09:54:45Z
336,336,11d5bd9ffadf11af0d13e6ab478829b4ae3c8572,pom.xml,2024-06-24T09:54:45Z
348,348,7df5eb6a3b2da91f8b13a6c8eb36ea47f43f87ba,dubbo-common/src/main/java/com/alibaba/dubbo/common/utils/AtomicPositiveInteger.java,2018-06-05T06:09:20Z
352,352,11d5bd9ffadf11af0d13e6ab478829b4ae3c8572,pom.xml,2024-06-24T09:54:45Z
356,356,d6faa92be1ccffe5bd1dbecb8cfb394c44895729,dubbo-rpc/dubbo-rpc-memcached/src/main/resources/META-INF/dubbo/internal/com.alibaba.dubbo.rpc.Protocol,2018-06-06T01:29:31Z
359,359,60e3b19db518483296ff73245e548ce88c84f5a5,dubbo-common/src/main/java/com/alibaba/dubbo/common/logger/slf4j/Slf4jLogger.java,2018-04-21T06:20:09Z
360,360,d432a5417074e03774f1c728d9df64cb341a5caa,dubbo-monitor/dubbo-monitor-default/src/main/java/com/alibaba/dubbo/monitor/dubbo/DubboMonitorFactory.java,2017-12-25T08:13:10Z
371,371,b8a7a399507cac33ccc410528fab4d89fe393204,dubbo-config/dubbo-config-spring/src/main/java/com/alibaba/dubbo/config/spring/AnnotationBean.java,2018-05-12T12:44:10Z
377,377,ddc1ea4149d3e6879be21a55981f4ccb5ad14920,dubbo-remoting/dubbo-remoting-api/src/main/java/com/alibaba/dubbo/remoting/transport/dispatcher/all/AllChannelHandler.java,2018-05-14T08:05:42Z
377,377,ddc1ea4149d3e6879be21a55981f4ccb5ad14920,dubbo-remoting/dubbo-remoting-api/src/main/java/com/alibaba/dubbo/remoting/transport/dispatcher/connection/ConnectionOrderedChannelHandler.java,2018-05-14T08:05:42Z
377,377,ddc1ea4149d3e6879be21a55981f4ccb5ad14920,dubbo-remoting/dubbo-remoting-api/src/main/java/com/alibaba/dubbo/remoting/transport/dispatcher/execution/ExecutionChannelHandler.java,2018-05-14T08:05:42Z
377,377,ddc1ea4149d3e6879be21a55981f4ccb5ad14920,dubbo-remoting/dubbo-remoting-api/src/main/java/com/alibaba/dubbo/remoting/transport/dispatcher/message/MessageOnlyChannelHandler.java,2018-05-14T08:05:42Z
386,386,6b3f54383f4b6102215e33ea879a389dff0fd1eb,README.md,2024-04-11T08:47:51Z
387,387,6b3f54383f4b6102215e33ea879a389dff0fd1eb,README.md,2024-04-11T08:47:51Z
388,388,60e3b19db518483296ff73245e548ce88c84f5a5,dubbo-cluster/src/main/java/com/alibaba/dubbo/rpc/cluster/loadbalance/RoundRobinLoadBalance.java,2018-04-21T06:20:09Z
389,389,60e3b19db518483296ff73245e548ce88c84f5a5,dubbo-filter/dubbo-filter-cache/src/main/java/com/alibaba/dubbo/cache/support/lru/LruCache.java,2018-04-21T06:20:09Z
391,391,b8a7a399507cac33ccc410528fab4d89fe393204,dubbo-config/dubbo-config-spring/src/main/java/com/alibaba/dubbo/config/spring/AnnotationBean.java,2018-05-12T12:44:10Z
393,393,11d5bd9ffadf11af0d13e6ab478829b4ae3c8572,pom.xml,2024-06-24T09:54:45Z
395,395,1be3c999d112215a1354ab396cb2fbb94f3d2a0e,dubbo-config/dubbo-config-api/src/main/java/com/alibaba/dubbo/config/annotation/Service.java,2019-10-12T13:17:35Z
398,398,11d5bd9ffadf11af0d13e6ab478829b4ae3c8572,pom.xml,2024-06-24T09:54:45Z
401,401,28266668d38424bf936e21d16e6f32c8750685b7,dubbo-common/src/test/java/com/alibaba/dubbo/common/json/JSONTest.java,2018-06-07T11:06:41Z
403,403,f31fec5c22442ec86018cf4b111544c2456f8e91,dubbo-container/dubbo-container-api/src/main/resources/META-INF/assembly/bin/dump.sh,2019-04-01T03:40:04Z
405,405,ead84e45ee1ea145f4d96dd204a2ec7c8f8d78fb,dubbo-simple/dubbo-monitor-simple/src/main/java/com/alibaba/dubbo/monitor/simple/SimpleMonitorService.java,2017-12-25T06:38:04Z
407,407,11d5bd9ffadf11af0d13e6ab478829b4ae3c8572,pom.xml,2024-06-24T09:54:45Z
408,408,11d5bd9ffadf11af0d13e6ab478829b4ae3c8572,pom.xml,2024-06-24T09:54:45Z
410,410,11d5bd9ffadf11af0d13e6ab478829b4ae3c8572,pom.xml,2024-06-24T09:54:45Z
413,413,f4974c69b5fedcb896259bcc06ee2e7e7c00111a,hessian-lite/src/main/java/com/alibaba/com/caucho/hessian/io/CollectionDeserializer.java,2018-06-07T02:11:46Z
413,413,f4974c69b5fedcb896259bcc06ee2e7e7c00111a,hessian-lite/src/main/java/com/alibaba/com/caucho/hessian/io/CollectionSerializer.java,2018-06-07T02:11:46Z
425,425,11d5bd9ffadf11af0d13e6ab478829b4ae3c8572,pom.xml,2024-06-24T09:54:45Z
426,426,11d5bd9ffadf11af0d13e6ab478829b4ae3c8572,pom.xml,2024-06-24T09:54:45Z
434,434,60e3b19db518483296ff73245e548ce88c84f5a5,dubbo-common/src/main/java/com/alibaba/dubbo/common/bytecode/Proxy.java,2018-04-21T06:20:09Z
438,438,502b4c86dffbc0de3863a5e41ed7b9f633450c1c,dubbo-rpc/pom.xml,2023-02-13T13:16:52Z
443,443,502b4c86dffbc0de3863a5e41ed7b9f633450c1c,dubbo-rpc/pom.xml,2023-02-13T13:16:52Z
445,445,c24eca7e1edefed758a0123c0141da21ed708a42,.gitignore,2024-05-08T03:06:02Z
446,446,c24eca7e1edefed758a0123c0141da21ed708a42,.gitignore,2024-05-08T03:06:02Z
449,449,11d5bd9ffadf11af0d13e6ab478829b4ae3c8572,pom.xml,2024-06-24T09:54:45Z
450,450,6b3f54383f4b6102215e33ea879a389dff0fd1eb,README.md,2024-04-11T08:47:51Z
452,452,11d5bd9ffadf11af0d13e6ab478829b4ae3c8572,pom.xml,2024-06-24T09:54:45Z
457,457,a4770cec4151687695e5181722f32b0b1e2a2004,dubbo-rpc/dubbo-rpc-default/src/main/java/com/alibaba/dubbo/rpc/protocol/dubbo/telnet/InvokeTelnetHandler.java,2017-12-20T09:02:42Z
462,462,1bdf359b1a4c50e260960fd35c2896b184e1954b,dubbo-filter/pom.xml,2021-10-19T02:11:53Z
463,463,e92a5536465f6a4255c36da3541caa77b0bb735b,dubbo-cluster/src/main/resources/META-INF/dubbo/internal/com.alibaba.dubbo.rpc.cluster.LoadBalance,2018-06-15T06:10:40Z
477,477,26f39d57ff0d08534971ecdf2e5b4bc46ff5af4e,dubbo-admin/src/main/java/com/alibaba/dubbo/governance/service/impl/OverrideServiceImpl.java,2018-01-11T07:41:44Z
479,479,60e3b19db518483296ff73245e548ce88c84f5a5,dubbo-remoting/dubbo-remoting-zookeeper/src/main/java/com/alibaba/dubbo/remoting/zookeeper/curator/CuratorZookeeperClient.java,2018-04-21T06:20:09Z
486,486,11d5bd9ffadf11af0d13e6ab478829b4ae3c8572,pom.xml,2024-06-24T09:54:45Z
503,503,11d5bd9ffadf11af0d13e6ab478829b4ae3c8572,pom.xml,2024-06-24T09:54:45Z
504,504,ab86c4572604cd4d4eecfa884af1c209cd3b84d6,dubbo-filter/dubbo-filter-validation/src/main/java/com/alibaba/dubbo/validation/support/jvalidation/JValidator.java,2018-06-11T09:37:33Z
505,505,08205284b8e107b61d4db9959dc760b78b1af1a5,dubbo-remoting/dubbo-remoting-api/src/main/java/com/alibaba/dubbo/remoting/exchange/support/header/HeaderExchangeChannel.java,2018-06-14T01:06:28Z
518,518,1b553fd8112c5be291e1a2fedd4279554040d6d3,dubbo-container/dubbo-container-api/src/main/java/com/alibaba/dubbo/container/Main.java,2018-05-31T08:07:20Z
520,520,1b553fd8112c5be291e1a2fedd4279554040d6d3,dubbo-container/dubbo-container-api/src/main/java/com/alibaba/dubbo/container/Main.java,2018-05-31T08:07:20Z
521,521,28266668d38424bf936e21d16e6f32c8750685b7,dubbo-rpc/dubbo-rpc-injvm/src/test/java/com/alibaba/dubbo/rpc/protocol/injvm/InjvmProtocolTest.java,2018-06-07T11:06:41Z
525,525,26f39d57ff0d08534971ecdf2e5b4bc46ff5af4e,dubbo-admin/src/main/webapp/WEB-INF/templates/sysinfo/layout/default.vm,2018-01-11T07:41:44Z
528,528,11d5bd9ffadf11af0d13e6ab478829b4ae3c8572,pom.xml,2024-06-24T09:54:45Z
539,539,60e3b19db518483296ff73245e548ce88c84f5a5,dubbo-rpc/dubbo-rpc-api/src/main/java/com/alibaba/dubbo/rpc/filter/ExecuteLimitFilter.java,2018-04-21T06:20:09Z
549,549,22624508bbd30dd83b09b48303196d7dcd73c410,dubbo-registry/dubbo-registry-api/src/main/java/com/alibaba/dubbo/registry/integration/RegistryDirectory.java,2018-05-28T02:21:15Z
550,550,22624508bbd30dd83b09b48303196d7dcd73c410,dubbo-registry/dubbo-registry-api/src/main/java/com/alibaba/dubbo/registry/integration/RegistryDirectory.java,2018-05-28T02:21:15Z
554,554,efb83f828540c87ce48b784c2b583aa637ced5e9,.mvn/wrapper/maven-wrapper.properties,2023-01-12T02:16:56Z
554,554,efb83f828540c87ce48b784c2b583aa637ced5e9,mvnw,2023-01-12T02:16:56Z
554,554,efb83f828540c87ce48b784c2b583aa637ced5e9,mvnw.cmd,2023-01-12T02:16:56Z
561,561,28266668d38424bf936e21d16e6f32c8750685b7,dubbo-cluster/src/test/java/com/alibaba/dubbo/rpc/cluster/router/condition/ConditionRouterTest.java,2018-06-07T11:06:41Z
566,566,22624508bbd30dd83b09b48303196d7dcd73c410,dubbo-registry/dubbo-registry-api/src/main/java/com/alibaba/dubbo/registry/integration/RegistryDirectory.java,2018-05-28T02:21:15Z
568,568,08205284b8e107b61d4db9959dc760b78b1af1a5,dubbo-remoting/dubbo-remoting-api/src/main/java/com/alibaba/dubbo/remoting/exchange/support/header/HeaderExchangeChannel.java,2018-06-14T01:06:28Z
569,569,0bf6910b672add6363004010ab6421158c7097dd,dubbo-cluster/src/main/java/com/alibaba/dubbo/rpc/cluster/support/ForkingClusterInvoker.java,2018-05-25T02:14:03Z
570,570,4bbc0ddddacc915ddc8ff292dd28745bbc0031fd,dubbo-rpc/dubbo-rpc-default/src/main/java/com/alibaba/dubbo/rpc/protocol/dubbo/DubboProtocol.java,2018-02-24T08:59:21Z
572,572,11d5bd9ffadf11af0d13e6ab478829b4ae3c8572,pom.xml,2024-06-24T09:54:45Z
574,574,0fc93d03456210839d95093ec4f2677e8f35677e,.travis.yml,2023-01-25T00:11:33Z
576,576,22624508bbd30dd83b09b48303196d7dcd73c410,dubbo-registry/dubbo-registry-api/src/main/java/com/alibaba/dubbo/registry/integration/RegistryDirectory.java,2018-05-28T02:21:15Z
577,577,6b3f54383f4b6102215e33ea879a389dff0fd1eb,README.md,2024-04-11T08:47:51Z
578,578,5c54c6837876b7daf0c55d9f9cafde109baa1a5d,dubbo-demo/dubbo-demo-consumer/src/main/resources/META-INF/spring/dubbo-demo-consumer.xml,2018-12-29T01:48:06Z
580,580,0fc93d03456210839d95093ec4f2677e8f35677e,.travis.yml,2023-01-25T00:11:33Z
581,581,60e3b19db518483296ff73245e548ce88c84f5a5,dubbo-rpc/dubbo-rpc-api/src/main/java/com/alibaba/dubbo/rpc/filter/ExecuteLimitFilter.java,2018-04-21T06:20:09Z
582,582,60e3b19db518483296ff73245e548ce88c84f5a5,dubbo-rpc/dubbo-rpc-api/src/main/java/com/alibaba/dubbo/rpc/filter/ExecuteLimitFilter.java,2018-04-21T06:20:09Z
583,583,720a3afe31d883c16778b910ece6b02da3c5215a,dubbo-common/src/test/java/com/alibaba/dubbo/common/extensionloader/ext3/UseProtocolKeyExt.java,2017-12-19T09:03:56Z
588,588,d7047d1e3e47e2a8b8b25e9b53f543857ec6d205,dubbo-common/src/main/java/com/alibaba/dubbo/common/extension/ExtensionLoader.java,2018-05-12T12:49:49Z
589,589,4a5c5e200d2d41ab01f22b1c5ff7796a7241325f,dubbo-common/src/main/java/com/alibaba/dubbo/common/serialize/support/dubbo/Builder.java,2018-03-06T12:04:31Z
590,590,28266668d38424bf936e21d16e6f32c8750685b7,dubbo-cluster/src/main/java/com/alibaba/dubbo/rpc/cluster/loadbalance/ConsistentHashLoadBalance.java,2018-06-07T11:06:41Z
591,591,60e3b19db518483296ff73245e548ce88c84f5a5,dubbo-remoting/dubbo-remoting-api/src/main/java/com/alibaba/dubbo/remoting/exchange/support/header/HeaderExchangeClient.java,2018-04-21T06:20:09Z
591,591,60e3b19db518483296ff73245e548ce88c84f5a5,dubbo-remoting/dubbo-remoting-api/src/main/java/com/alibaba/dubbo/remoting/exchange/support/header/HeaderExchanger.java,2018-04-21T06:20:09Z
592,592,60e3b19db518483296ff73245e548ce88c84f5a5,dubbo-remoting/dubbo-remoting-zookeeper/src/main/java/com/alibaba/dubbo/remoting/zookeeper/zkclient/ZkclientZookeeperClient.java,2018-04-21T06:20:09Z
593,593,60e3b19db518483296ff73245e548ce88c84f5a5,dubbo-rpc/dubbo-rpc-api/src/main/java/com/alibaba/dubbo/rpc/protocol/AbstractProtocol.java,2018-04-21T06:20:09Z
594,594,4bbc0ddddacc915ddc8ff292dd28745bbc0031fd,dubbo-rpc/dubbo-rpc-default/src/main/java/com/alibaba/dubbo/rpc/protocol/dubbo/DubboProtocol.java,2018-02-24T08:59:21Z
595,595,3c55c802ac4553467d8fa109ac4601f4935d2766,dubbo-common/src/main/java/com/alibaba/dubbo/common/URL.java,2018-05-17T08:21:30Z
596,596,e5063679abf2ae2dc028b91b02cb8c8d41251a3d,dubbo-remoting/dubbo-remoting-api/src/main/java/com/alibaba/dubbo/remoting/exchange/codec/ExchangeCodec.java,2018-05-31T08:21:55Z
597,597,60e3b19db518483296ff73245e548ce88c84f5a5,dubbo-filter/dubbo-filter-cache/src/main/java/com/alibaba/dubbo/cache/support/lru/LruCache.java,2018-04-21T06:20:09Z
598,598,08205284b8e107b61d4db9959dc760b78b1af1a5,dubbo-registry/dubbo-registry-api/src/main/java/com/alibaba/dubbo/registry/integration/RegistryProtocol.java,2018-06-14T01:06:28Z
599,599,04c26e6cb0f07d776769f2e53edd7ef92e078f77,dubbo-common/src/main/java/com/alibaba/dubbo/common/utils/PojoUtils.java,2018-06-06T08:23:47Z
600,600,60e3b19db518483296ff73245e548ce88c84f5a5,dubbo-filter/dubbo-filter-cache/src/main/java/com/alibaba/dubbo/cache/support/lru/LruCache.java,2018-04-21T06:20:09Z
601,601,60e3b19db518483296ff73245e548ce88c84f5a5,dubbo-filter/dubbo-filter-cache/src/main/java/com/alibaba/dubbo/cache/support/lru/LruCache.java,2018-04-21T06:20:09Z
602,602,0c6346f21534a7505f79555a60a5dbaa72561a9e,dubbo-config/dubbo-config-api/src/main/java/com/alibaba/dubbo/config/AbstractConfig.java,2018-06-11T03:15:38Z
603,603,1b553fd8112c5be291e1a2fedd4279554040d6d3,dubbo-config/dubbo-config-api/src/main/java/com/alibaba/dubbo/config/ProtocolConfig.java,2018-05-31T08:07:20Z
605,605,60e3b19db518483296ff73245e548ce88c84f5a5,dubbo-rpc/dubbo-rpc-api/src/main/java/com/alibaba/dubbo/rpc/filter/TimeoutFilter.java,2018-04-21T06:20:09Z
606,606,11d5bd9ffadf11af0d13e6ab478829b4ae3c8572,pom.xml,2024-06-24T09:54:45Z
607,607,11d5bd9ffadf11af0d13e6ab478829b4ae3c8572,pom.xml,2024-06-24T09:54:45Z
611,611,11d5bd9ffadf11af0d13e6ab478829b4ae3c8572,pom.xml,2024-06-24T09:54:45Z
621,621,d0033d1f977ee32d722b2c26d8ea260d0f5325ec,dubbo-demo/dubbo-demo-provider/src/main/resources/META-INF/spring/dubbo-demo-provider.xml,2018-12-27T12:05:32Z
624,624,11d5bd9ffadf11af0d13e6ab478829b4ae3c8572,pom.xml,2024-06-24T09:54:45Z
630,630,ee9a3d53d4d8dcad17498747e92d15da42357e12,dubbo-remoting/dubbo-remoting-netty4/pom.xml,2022-12-12T06:35:13Z
635,635,d7047d1e3e47e2a8b8b25e9b53f543857ec6d205,dubbo-common/src/main/java/com/alibaba/dubbo/common/extension/ExtensionLoader.java,2018-05-12T12:49:49Z
639,639,1368e21d9bb1afda195b0411091cb90003658456,dubbo-common/pom.xml,2023-12-26T09:31:44Z
646,646,e5063679abf2ae2dc028b91b02cb8c8d41251a3d,dubbo-remoting/dubbo-remoting-api/src/main/java/com/alibaba/dubbo/remoting/exchange/codec/ExchangeCodec.java,2018-05-31T08:21:55Z
650,650,11d5bd9ffadf11af0d13e6ab478829b4ae3c8572,pom.xml,2024-06-24T09:54:45Z
673,673,f4c210b6d6846cc72f92997b52c3dd4c563347be,dubbo-config/dubbo-config-api/src/main/java/com/alibaba/dubbo/config/ServiceConfig.java,2018-06-01T09:18:25Z
676,676,e5063679abf2ae2dc028b91b02cb8c8d41251a3d,dubbo-config/dubbo-config-spring/src/main/java/com/alibaba/dubbo/config/spring/schema/DubboBeanDefinitionParser.java,2018-05-31T08:21:55Z
681,681,d7047d1e3e47e2a8b8b25e9b53f543857ec6d205,dubbo-common/src/main/java/com/alibaba/dubbo/common/extension/ExtensionLoader.java,2018-05-12T12:49:49Z
689,689,08205284b8e107b61d4db9959dc760b78b1af1a5,dubbo-common/src/main/java/com/alibaba/dubbo/common/Constants.java,2018-06-14T01:06:28Z
694,694,28266668d38424bf936e21d16e6f32c8750685b7,dubbo-cluster/src/test/java/com/alibaba/dubbo/rpc/cluster/loadbalance/LoadBalanceTest.java,2018-06-07T11:06:41Z
699,699,11d5bd9ffadf11af0d13e6ab478829b4ae3c8572,pom.xml,2024-06-24T09:54:45Z
700,700,11d5bd9ffadf11af0d13e6ab478829b4ae3c8572,pom.xml,2024-06-24T09:54:45Z
707,707,286fb12b011fd878b3d44ff6985e082e2141a164,dubbo-rpc/dubbo-rpc-api/src/main/java/com/alibaba/dubbo/rpc/protocol/AbstractProxyProtocol.java,2018-06-01T07:02:53Z
710,710,f4974c69b5fedcb896259bcc06ee2e7e7c00111a,hessian-lite/src/main/java/com/alibaba/com/caucho/hessian/io/SerializerFactory.java,2018-06-07T02:11:46Z
713,713,05cecc55bccc5c4ab985f7bab3b3c63e7380ed01,dubbo-config/dubbo-config-spring/src/main/resources/META-INF/dubbo.xsd,2024-02-02T06:10:23Z
719,719,c24eca7e1edefed758a0123c0141da21ed708a42,.gitignore,2024-05-08T03:06:02Z
725,725,26f39d57ff0d08534971ecdf2e5b4bc46ff5af4e,dubbo-admin/src/main/java/com/alibaba/dubbo/governance/service/impl/OverrideServiceImpl.java,2018-01-11T07:41:44Z
726,726,ee9a3d53d4d8dcad17498747e92d15da42357e12,dubbo-remoting/dubbo-remoting-netty4/pom.xml,2022-12-12T06:35:13Z
729,729,d43faf447bf7e9b99ce189fe60f176e094920d39,dubbo-test/dubbo-test-examples/src/main/java/com/alibaba/dubbo/examples/heartbeat/heartbeat-consumer.xml,2018-04-20T08:02:34Z
729,729,d43faf447bf7e9b99ce189fe60f176e094920d39,dubbo-test/dubbo-test-examples/src/main/java/com/alibaba/dubbo/examples/heartbeat/heartbeat-provider.xml,2018-04-20T08:02:34Z
748,748,05cecc55bccc5c4ab985f7bab3b3c63e7380ed01,dubbo-config/dubbo-config-spring/src/main/resources/META-INF/dubbo.xsd,2024-02-02T06:10:23Z
749,749,22624508bbd30dd83b09b48303196d7dcd73c410,dubbo-registry/dubbo-registry-api/src/main/java/com/alibaba/dubbo/registry/integration/RegistryDirectory.java,2018-05-28T02:21:15Z
752,752,04c26e6cb0f07d776769f2e53edd7ef92e078f77,dubbo-common/src/main/java/com/alibaba/dubbo/common/utils/PojoUtils.java,2018-06-06T08:23:47Z
755,755,04c26e6cb0f07d776769f2e53edd7ef92e078f77,dubbo-common/src/main/java/com/alibaba/dubbo/common/utils/PojoUtils.java,2018-06-06T08:23:47Z
757,757,a4770cec4151687695e5181722f32b0b1e2a2004,dubbo-rpc/dubbo-rpc-default/src/main/java/com/alibaba/dubbo/rpc/protocol/dubbo/telnet/InvokeTelnetHandler.java,2017-12-20T09:02:42Z
759,759,06d29f12ea2c4648188a433f524041e5c64a1cee,NOTICE,2024-01-02T10:50:56Z
762,762,db03f8c42b2cf33a9303233e31a4c9b8f88b836d,dubbo-remoting/dubbo-remoting-zookeeper/src/main/java/com/alibaba/dubbo/remoting/zookeeper/support/AbstractZookeeperClient.java,2018-05-25T02:28:21Z
763,763,11d5bd9ffadf11af0d13e6ab478829b4ae3c8572,pom.xml,2024-06-24T09:54:45Z
765,765,60e3b19db518483296ff73245e548ce88c84f5a5,dubbo-common/src/main/java/com/alibaba/dubbo/common/utils/DubboAppender.java,2018-04-21T06:20:09Z
771,771,2d7e18242f74ff66be81b3c35e68e5b5fb5fe95f,dubbo-registry/dubbo-registry-zookeeper/src/main/java/com/alibaba/dubbo/registry/zookeeper/ZookeeperRegistry.java,2018-05-17T03:51:17Z
773,773,5c54c6837876b7daf0c55d9f9cafde109baa1a5d,dubbo-demo/dubbo-demo-consumer/src/main/resources/META-INF/spring/dubbo-demo-consumer.xml,2018-12-29T01:48:06Z
775,775,60e3b19db518483296ff73245e548ce88c84f5a5,dubbo-rpc/dubbo-rpc-api/src/main/java/com/alibaba/dubbo/rpc/listener/ListenerInvokerWrapper.java,2018-04-21T06:20:09Z
776,776,1368e21d9bb1afda195b0411091cb90003658456,dubbo-common/pom.xml,2023-12-26T09:31:44Z
777,777,322add3243aaa92f7d56cf68377ff065326337fa,dubbo-monitor/dubbo-monitor-api/src/test/java/com/alibaba/dubbo/monitor/support/AbstractMonitorFactoryTest.java,2018-05-14T07:48:41Z
777,777,322add3243aaa92f7d56cf68377ff065326337fa,dubbo-monitor/dubbo-monitor-default/src/test/java/com/alibaba/dubbo/monitor/dubbo/DubboMonitorTest.java,2018-05-14T07:48:41Z
778,778,11d5bd9ffadf11af0d13e6ab478829b4ae3c8572,pom.xml,2024-06-24T09:54:45Z
779,779,05cecc55bccc5c4ab985f7bab3b3c63e7380ed01,dubbo-config/dubbo-config-spring/src/main/resources/META-INF/dubbo.xsd,2024-02-02T06:10:23Z
780,780,b0e2f5c67d88ad6a66c653839933ef83dd023f55,dubbo-admin/src/main/java/com/alibaba/dubbo/governance/web/governance/module/screen/Providers.java,2018-01-17T10:05:24Z
784,784,ab86c4572604cd4d4eecfa884af1c209cd3b84d6,dubbo-filter/dubbo-filter-validation/src/main/java/com/alibaba/dubbo/validation/support/jvalidation/JValidator.java,2018-06-11T09:37:33Z
786,786,b1324511d13aad36d14adee7bce71cdbe65a872a,dubbo-demo/dubbo-demo-consumer/pom.xml,2018-12-23T12:29:38Z
786,786,b1324511d13aad36d14adee7bce71cdbe65a872a,dubbo-demo/dubbo-demo-provider/pom.xml,2018-12-23T12:29:38Z
788,788,510daffdf6c231cc456b0ce4d024e19620cecb9c,dubbo-rpc/dubbo-rpc-api/src/main/java/com/alibaba/dubbo/rpc/proxy/AbstractProxyInvoker.java,2017-12-20T07:03:20Z
790,790,60e3b19db518483296ff73245e548ce88c84f5a5,dubbo-monitor/dubbo-monitor-api/src/main/java/com/alibaba/dubbo/monitor/support/AbstractMonitorFactory.java,2018-04-21T06:20:09Z
790,790,60e3b19db518483296ff73245e548ce88c84f5a5,dubbo-remoting/dubbo-remoting-zookeeper/src/main/java/com/alibaba/dubbo/remoting/zookeeper/curator/CuratorZookeeperClient.java,2018-04-21T06:20:09Z
790,790,60e3b19db518483296ff73245e548ce88c84f5a5,dubbo-remoting/dubbo-remoting-zookeeper/src/main/java/com/alibaba/dubbo/remoting/zookeeper/zkclient/ZkclientZookeeperClient.java,2018-04-21T06:20:09Z
791,791,2d7e18242f74ff66be81b3c35e68e5b5fb5fe95f,dubbo-registry/dubbo-registry-zookeeper/src/main/java/com/alibaba/dubbo/registry/zookeeper/ZookeeperRegistry.java,2018-05-17T03:51:17Z
804,804,08205284b8e107b61d4db9959dc760b78b1af1a5,dubbo-common/src/main/java/com/alibaba/dubbo/common/Constants.java,2018-06-14T01:06:28Z
804,804,08205284b8e107b61d4db9959dc760b78b1af1a5,dubbo-config/dubbo-config-api/src/main/java/com/alibaba/dubbo/config/ReferenceConfig.java,2018-06-14T01:06:28Z
805,805,11d5bd9ffadf11af0d13e6ab478829b4ae3c8572,pom.xml,2024-06-24T09:54:45Z
815,815,11d5bd9ffadf11af0d13e6ab478829b4ae3c8572,pom.xml,2024-06-24T09:54:45Z
822,822,300f9c9fe1e4de8f14b494d8bf835b4e1ac6d5d6,dubbo-registry/dubbo-registry-redis/src/main/java/com/alibaba/dubbo/registry/redis/RedisRegistry.java,2018-05-23T02:10:46Z
827,827,a4632dad6cf5ecdbcd8e4f357c69f3b34afc04f0,dubbo-registry/dubbo-registry-redis/src/main/java/com/alibaba/dubbo/registry/redis/RedisRegistryFactory.java,2018-01-25T06:01:50Z
832,832,11d5bd9ffadf11af0d13e6ab478829b4ae3c8572,pom.xml,2024-06-24T09:54:45Z
834,834,bdd2c604d6b462f3d62a7e86bd9bcb9c43b0cfc9,dubbo-admin/src/main/webapp/images/Thumbs.db,2017-12-07T02:37:50Z
859,859,08205284b8e107b61d4db9959dc760b78b1af1a5,dubbo-config/dubbo-config-api/src/main/java/com/alibaba/dubbo/config/ReferenceConfig.java,2018-06-14T01:06:28Z
880,880,60e3b19db518483296ff73245e548ce88c84f5a5,dubbo-remoting/dubbo-remoting-p2p/src/main/java/com/alibaba/dubbo/remoting/p2p/exchange/support/MulticastExchangeGroup.java,2018-04-21T06:20:09Z
884,884,ab86c4572604cd4d4eecfa884af1c209cd3b84d6,dubbo-filter/dubbo-filter-validation/src/main/java/com/alibaba/dubbo/validation/support/jvalidation/JValidator.java,2018-06-11T09:37:33Z
891,891,f4c210b6d6846cc72f92997b52c3dd4c563347be,dubbo-config/dubbo-config-api/src/main/java/com/alibaba/dubbo/config/ServiceConfig.java,2018-06-01T09:18:25Z
893,893,a6d8f1c5b20d30b3fe3206332d56bc6de1baa282,dubbo-filter/dubbo-filter-cache/src/main/java/com/alibaba/dubbo/cache/filter/CacheFilter.java,2018-05-22T07:25:35Z
899,899,11d5bd9ffadf11af0d13e6ab478829b4ae3c8572,pom.xml,2024-06-24T09:54:45Z
908,908,28266668d38424bf936e21d16e6f32c8750685b7,dubbo-common/src/test/java/com/alibaba/dubbo/common/json/JSONTest.java,2018-06-07T11:06:41Z
910,910,04576ff4ffdd5872e738b4e10e3905fe513109d2,dubbo-admin/pom.xml,2018-03-13T01:42:10Z
912,912,28266668d38424bf936e21d16e6f32c8750685b7,dubbo-cluster/src/main/java/com/alibaba/dubbo/rpc/cluster/loadbalance/ConsistentHashLoadBalance.java,2018-06-07T11:06:41Z
915,915,fc5f60c691ddc6879d8217a7b14cd1ba61ee2050,dubbo-common/src/main/java/com/alibaba/dubbo/common/utils/StringUtils.java,2018-06-12T07:36:13Z
915,915,fc5f60c691ddc6879d8217a7b14cd1ba61ee2050,dubbo-common/src/test/java/com/alibaba/dubbo/common/utils/StringUtilsTest.java,2018-06-12T07:36:13Z
916,916,8bc9257f4e09b2937e21842b90984dfcaefe97b6,dubbo-container/dubbo-container-api/src/main/resources/META-INF/assembly/bin/start.sh,2021-06-01T06:14:35Z
917,917,11d5bd9ffadf11af0d13e6ab478829b4ae3c8572,pom.xml,2024-06-24T09:54:45Z
928,928,60e3b19db518483296ff73245e548ce88c84f5a5,dubbo-remoting/dubbo-remoting-zookeeper/src/main/java/com/alibaba/dubbo/remoting/zookeeper/curator/CuratorZookeeperClient.java,2018-04-21T06:20:09Z
929,929,286fb12b011fd878b3d44ff6985e082e2141a164,dubbo-rpc/dubbo-rpc-hessian/src/main/java/com/alibaba/dubbo/rpc/protocol/hessian/HessianProtocol.java,2018-06-01T07:02:53Z
932,932,f4974c69b5fedcb896259bcc06ee2e7e7c00111a,hessian-lite/src/main/java/com/alibaba/com/caucho/hessian/io/JavaSerializer.java,2018-06-07T02:11:46Z
932,932,f4974c69b5fedcb896259bcc06ee2e7e7c00111a,hessian-lite/src/test/java/com/alibaba/com/caucho/hessian/io/Hessian2EnumSetTest.java,2018-06-07T02:11:46Z
932,932,f4974c69b5fedcb896259bcc06ee2e7e7c00111a,hessian-lite/src/test/java/com/alibaba/com/caucho/hessian/io/HessianJavaSerializeTest.java,2018-06-07T02:11:46Z
932,932,f4974c69b5fedcb896259bcc06ee2e7e7c00111a,hessian-lite/src/test/java/com/alibaba/com/caucho/hessian/io/base/SerializeTestBase.java,2018-06-07T02:11:46Z
932,932,f4974c69b5fedcb896259bcc06ee2e7e7c00111a,hessian-lite/src/test/java/com/alibaba/com/caucho/hessian/io/beans/BaseUser.java,2018-06-07T02:11:46Z
932,932,f4974c69b5fedcb896259bcc06ee2e7e7c00111a,hessian-lite/src/test/java/com/alibaba/com/caucho/hessian/io/beans/GrandsonUser.java,2018-06-07T02:11:46Z
932,932,f4974c69b5fedcb896259bcc06ee2e7e7c00111a,hessian-lite/src/test/java/com/alibaba/com/caucho/hessian/io/beans/SubUser.java,2018-06-07T02:11:46Z
932,932,f4974c69b5fedcb896259bcc06ee2e7e7c00111a,hessian-lite/src/test/java/com/alibaba/com/caucho/hessian/io/beans/Type.java,2018-06-07T02:11:46Z
933,933,11d5bd9ffadf11af0d13e6ab478829b4ae3c8572,pom.xml,2024-06-24T09:54:45Z
935,935,e92a5536465f6a4255c36da3541caa77b0bb735b,dubbo-cluster/src/main/resources/META-INF/dubbo/internal/com.alibaba.dubbo.rpc.cluster.Merger,2018-06-15T06:10:40Z
940,940,ead84e45ee1ea145f4d96dd204a2ec7c8f8d78fb,dubbo-simple/dubbo-monitor-simple/src/main/java/com/alibaba/dubbo/monitor/simple/SimpleMonitorService.java,2017-12-25T06:38:04Z
942,942,ead84e45ee1ea145f4d96dd204a2ec7c8f8d78fb,dubbo-simple/dubbo-monitor-simple/src/main/java/com/alibaba/dubbo/monitor/simple/SimpleMonitorService.java,2017-12-25T06:38:04Z
945,945,8bc9257f4e09b2937e21842b90984dfcaefe97b6,dubbo-container/dubbo-container-api/src/main/resources/META-INF/assembly/bin/start.sh,2021-06-01T06:14:35Z
947,947,08205284b8e107b61d4db9959dc760b78b1af1a5,dubbo-demo/dubbo-demo-consumer/src/main/java/com/alibaba/dubbo/demo/consumer/Consumer.java,2018-06-14T01:06:28Z
949,949,8bc9257f4e09b2937e21842b90984dfcaefe97b6,dubbo-container/dubbo-container-api/src/main/resources/META-INF/assembly/bin/start.sh,2021-06-01T06:14:35Z
969,969,b48e8bac049e41e43e982b115e91c4f0c5a6775c,dubbo-registry/dubbo-registry-api/src/main/java/com/alibaba/dubbo/registry/support/FailbackRegistry.java,2018-05-17T08:19:17Z
979,979,11d5bd9ffadf11af0d13e6ab478829b4ae3c8572,pom.xml,2024-06-24T09:54:45Z
982,982,11d5bd9ffadf11af0d13e6ab478829b4ae3c8572,pom.xml,2024-06-24T09:54:45Z
987,987,60e3b19db518483296ff73245e548ce88c84f5a5,dubbo-monitor/dubbo-monitor-api/src/main/java/com/alibaba/dubbo/monitor/support/AbstractMonitorFactory.java,2018-04-21T06:20:09Z
990,990,26f39d57ff0d08534971ecdf2e5b4bc46ff5af4e,dubbo-admin/src/main/webapp/WEB-INF/templates/sysinfo/layout/default.vm,2018-01-11T07:41:44Z
993,993,11d5bd9ffadf11af0d13e6ab478829b4ae3c8572,pom.xml,2024-06-24T09:54:45Z
995,995,b8a7a399507cac33ccc410528fab4d89fe393204,dubbo-config/dubbo-config-spring/src/main/java/com/alibaba/dubbo/config/spring/AnnotationBean.java,2018-05-12T12:44:10Z
999,999,08205284b8e107b61d4db9959dc760b78b1af1a5,dubbo-demo/dubbo-demo-consumer/src/main/java/com/alibaba/dubbo/demo/consumer/Consumer.java,2018-06-14T01:06:28Z
1000,1000,11d5bd9ffadf11af0d13e6ab478829b4ae3c8572,pom.xml,2024-06-24T09:54:45Z
1001,1001,11d5bd9ffadf11af0d13e6ab478829b4ae3c8572,pom.xml,2024-06-24T09:54:45Z
1002,1002,e51c52f1fdda187e033328f79ff0538ecf9c4972,dubbo-plugin/dubbo-qos/src/main/java/com/alibaba/qos/server/Server.java,2017-12-06T02:41:15Z
1002,1002,e51c52f1fdda187e033328f79ff0538ecf9c4972,dubbo-plugin/dubbo-qos/src/main/java/com/alibaba/qos/server/handler/LocalHostPermitHandler.java,2017-12-06T02:41:15Z
1003,1003,b1324511d13aad36d14adee7bce71cdbe65a872a,dubbo-demo/dubbo-demo-consumer/pom.xml,2018-12-23T12:29:38Z
1003,1003,b1324511d13aad36d14adee7bce71cdbe65a872a,dubbo-demo/dubbo-demo-provider/pom.xml,2018-12-23T12:29:38Z
1008,1008,11d5bd9ffadf11af0d13e6ab478829b4ae3c8572,pom.xml,2024-06-24T09:54:45Z
1014,1014,cd78bba7b7c7134b1317275da3ffc277dc6f54d0,dubbo-config/dubbo-config-spring/pom.xml,2024-05-14T03:48:23Z
1016,1016,cd78bba7b7c7134b1317275da3ffc277dc6f54d0,dubbo-config/dubbo-config-spring/pom.xml,2024-05-14T03:48:23Z
1019,1019,08205284b8e107b61d4db9959dc760b78b1af1a5,dubbo-common/src/main/java/com/alibaba/dubbo/common/Constants.java,2018-06-14T01:06:28Z
1020,1020,08205284b8e107b61d4db9959dc760b78b1af1a5,dubbo-common/src/main/java/com/alibaba/dubbo/common/Constants.java,2018-06-14T01:06:28Z
1021,1021,08205284b8e107b61d4db9959dc760b78b1af1a5,dubbo-common/src/main/java/com/alibaba/dubbo/common/Constants.java,2018-06-14T01:06:28Z
1026,1026,26f39d57ff0d08534971ecdf2e5b4bc46ff5af4e,dubbo-admin/src/main/java/com/alibaba/dubbo/governance/sync/RegistryServerSync.java,2018-01-11T07:41:44Z
1026,1026,26f39d57ff0d08534971ecdf2e5b4bc46ff5af4e,dubbo-admin/src/main/webapp/WEB-INF/templates/governance/layout/default.vm,2018-01-11T07:41:44Z
1026,1026,26f39d57ff0d08534971ecdf2e5b4bc46ff5af4e,dubbo-admin/src/main/webapp/WEB-INF/templates/governance/screen/applications/index.vm,2018-01-11T07:41:44Z
1026,1026,26f39d57ff0d08534971ecdf2e5b4bc46ff5af4e,dubbo-admin/src/main/webapp/WEB-INF/templates/governance/screen/providers/index.vm,2018-01-11T07:41:44Z
1026,1026,26f39d57ff0d08534971ecdf2e5b4bc46ff5af4e,dubbo-admin/src/main/webapp/WEB-INF/templates/governance/screen/redirect.vm,2018-01-11T07:41:44Z
1026,1026,26f39d57ff0d08534971ecdf2e5b4bc46ff5af4e,dubbo-admin/src/main/webapp/WEB-INF/templates/governance/screen/services/index.vm,2018-01-11T07:41:44Z
1026,1026,26f39d57ff0d08534971ecdf2e5b4bc46ff5af4e,dubbo-admin/src/main/webapp/WEB-INF/templates/sysinfo/layout/default.vm,2018-01-11T07:41:44Z
1026,1026,26f39d57ff0d08534971ecdf2e5b4bc46ff5af4e,dubbo-admin/src/main/webapp/WEB-INF/templates/sysinfo/screen/dumps/index.vm,2018-01-11T07:41:44Z
1026,1026,26f39d57ff0d08534971ecdf2e5b4bc46ff5af4e,dubbo-admin/src/main/webapp/WEB-INF/templates/sysinfo/screen/redirect.vm,2018-01-11T07:41:44Z
1031,1031,ab86c4572604cd4d4eecfa884af1c209cd3b84d6,dubbo-filter/dubbo-filter-validation/src/main/java/com/alibaba/dubbo/validation/support/jvalidation/JValidator.java,2018-06-11T09:37:33Z
1039,1039,300f9c9fe1e4de8f14b494d8bf835b4e1ac6d5d6,dubbo-registry/dubbo-registry-redis/src/main/java/com/alibaba/dubbo/registry/redis/RedisRegistry.java,2018-05-23T02:10:46Z
1040,1040,300f9c9fe1e4de8f14b494d8bf835b4e1ac6d5d6,dubbo-registry/dubbo-registry-redis/src/main/java/com/alibaba/dubbo/registry/redis/RedisRegistry.java,2018-05-23T02:10:46Z
1042,1042,ab86c4572604cd4d4eecfa884af1c209cd3b84d6,dubbo-filter/dubbo-filter-validation/src/main/java/com/alibaba/dubbo/validation/support/jvalidation/JValidator.java,2018-06-11T09:37:33Z
1051,1051,b2e081e5139b43eac48200ed44b3e3cc1236455a,dubbo-registry/dubbo-registry-zookeeper/pom.xml,2023-10-08T02:07:35Z
1058,1058,b2e081e5139b43eac48200ed44b3e3cc1236455a,dubbo-registry/dubbo-registry-zookeeper/pom.xml,2023-10-08T02:07:35Z
1062,1062,034d201ba9ee58518b1efad1efd5a63883263ee5,dubbo-rpc/dubbo-rpc-redis/src/main/java/com/alibaba/dubbo/rpc/protocol/redis/RedisProtocol.java,2017-12-21T02:34:03Z
1065,1065,912deb69a8ee5f043a222ddeb2eef1e23d46957f,dubbo-remoting/dubbo-remoting-http/pom.xml,2023-04-05T06:10:53Z
1071,1071,808bc96edaca49b86dc5382a3826b079574d7aca,dubbo-test/pom.xml,2023-05-08T01:35:59Z
1076,1076,f4974c69b5fedcb896259bcc06ee2e7e7c00111a,hessian-lite/pom.xml,2018-06-07T02:11:46Z
1076,1076,f4974c69b5fedcb896259bcc06ee2e7e7c00111a,hessian-lite/src/main/java/com/alibaba/com/caucho/hessian/io/BigIntegerDeserializer.java,2018-06-07T02:11:46Z
1076,1076,f4974c69b5fedcb896259bcc06ee2e7e7c00111a,hessian-lite/src/main/java/com/alibaba/com/caucho/hessian/io/EnumSetHandler.java,2018-06-07T02:11:46Z
1076,1076,f4974c69b5fedcb896259bcc06ee2e7e7c00111a,hessian-lite/src/main/java/com/alibaba/com/caucho/hessian/io/EnumSetSerializer.java,2018-06-07T02:11:46Z
1076,1076,f4974c69b5fedcb896259bcc06ee2e7e7c00111a,hessian-lite/src/main/java/com/alibaba/com/caucho/hessian/io/java8/DurationHandle.java,2018-06-07T02:11:46Z
1076,1076,f4974c69b5fedcb896259bcc06ee2e7e7c00111a,hessian-lite/src/main/java/com/alibaba/com/caucho/hessian/io/java8/InstantHandle.java,2018-06-07T02:11:46Z
1076,1076,f4974c69b5fedcb896259bcc06ee2e7e7c00111a,hessian-lite/src/main/java/com/alibaba/com/caucho/hessian/io/java8/Java8TimeSerializer.java,2018-06-07T02:11:46Z
1076,1076,f4974c69b5fedcb896259bcc06ee2e7e7c00111a,hessian-lite/src/main/java/com/alibaba/com/caucho/hessian/io/java8/LocalDateHandle.java,2018-06-07T02:11:46Z
1076,1076,f4974c69b5fedcb896259bcc06ee2e7e7c00111a,hessian-lite/src/main/java/com/alibaba/com/caucho/hessian/io/java8/LocalDateTimeHandle.java,2018-06-07T02:11:46Z
1076,1076,f4974c69b5fedcb896259bcc06ee2e7e7c00111a,hessian-lite/src/main/java/com/alibaba/com/caucho/hessian/io/java8/LocalTimeHandle.java,2018-06-07T02:11:46Z
1076,1076,f4974c69b5fedcb896259bcc06ee2e7e7c00111a,hessian-lite/src/main/java/com/alibaba/com/caucho/hessian/io/java8/MonthDayHandle.java,2018-06-07T02:11:46Z
1076,1076,f4974c69b5fedcb896259bcc06ee2e7e7c00111a,hessian-lite/src/main/java/com/alibaba/com/caucho/hessian/io/java8/OffsetDateTimeHandle.java,2018-06-07T02:11:46Z
1076,1076,f4974c69b5fedcb896259bcc06ee2e7e7c00111a,hessian-lite/src/main/java/com/alibaba/com/caucho/hessian/io/java8/OffsetTimeHandle.java,2018-06-07T02:11:46Z
1076,1076,f4974c69b5fedcb896259bcc06ee2e7e7c00111a,hessian-lite/src/main/java/com/alibaba/com/caucho/hessian/io/java8/PeriodHandle.java,2018-06-07T02:11:46Z
1076,1076,f4974c69b5fedcb896259bcc06ee2e7e7c00111a,hessian-lite/src/main/java/com/alibaba/com/caucho/hessian/io/java8/YearHandle.java,2018-06-07T02:11:46Z
1076,1076,f4974c69b5fedcb896259bcc06ee2e7e7c00111a,hessian-lite/src/main/java/com/alibaba/com/caucho/hessian/io/java8/YearMonthHandle.java,2018-06-07T02:11:46Z
1076,1076,f4974c69b5fedcb896259bcc06ee2e7e7c00111a,hessian-lite/src/main/java/com/alibaba/com/caucho/hessian/io/java8/ZoneIdHandle.java,2018-06-07T02:11:46Z
1076,1076,f4974c69b5fedcb896259bcc06ee2e7e7c00111a,hessian-lite/src/main/java/com/alibaba/com/caucho/hessian/io/java8/ZoneIdSerializer.java,2018-06-07T02:11:46Z
1076,1076,f4974c69b5fedcb896259bcc06ee2e7e7c00111a,hessian-lite/src/main/java/com/alibaba/com/caucho/hessian/io/java8/ZoneOffsetHandle.java,2018-06-07T02:11:46Z
1076,1076,f4974c69b5fedcb896259bcc06ee2e7e7c00111a,hessian-lite/src/main/java/com/alibaba/com/caucho/hessian/io/java8/ZonedDateTimeHandle.java,2018-06-07T02:11:46Z
1076,1076,f4974c69b5fedcb896259bcc06ee2e7e7c00111a,hessian-lite/src/test/java/com/alibaba/com/caucho/hessian/io/Hessian2EnumSetTest.java,2018-06-07T02:11:46Z
1076,1076,f4974c69b5fedcb896259bcc06ee2e7e7c00111a,hessian-lite/src/test/java/com/alibaba/com/caucho/hessian/io/java8/Java8TimeSerializerTest.java,2018-06-07T02:11:46Z
1094,1094,f4dfc6e492f43448aed0fed31051530a0e2f1f24,dubbo-rpc/dubbo-rpc-default/src/main/java/com/alibaba/dubbo/rpc/protocol/dubbo/DubboCodec.java,2018-01-03T08:57:05Z
1096,1096,11d5bd9ffadf11af0d13e6ab478829b4ae3c8572,pom.xml,2024-06-24T09:54:45Z
1097,1097,b04e83e24155ac5f20ac10f862993cb5fbabf9b0,dubbo-remoting/dubbo-remoting-api/src/main/java/com/alibaba/dubbo/remoting/Dispatcher.java,2017-12-27T05:10:33Z
1107,1107,11d5bd9ffadf11af0d13e6ab478829b4ae3c8572,pom.xml,2024-06-24T09:54:45Z
1112,1112,60e3b19db518483296ff73245e548ce88c84f5a5,dubbo-cluster/src/main/java/com/alibaba/dubbo/rpc/cluster/directory/AbstractDirectory.java,2018-04-21T06:20:09Z
1113,1113,808bc96edaca49b86dc5382a3826b079574d7aca,dubbo-test/pom.xml,2023-05-08T01:35:59Z
1118,1118,f4974c69b5fedcb896259bcc06ee2e7e7c00111a,hessian-lite/src/main/java/com/alibaba/com/caucho/hessian/io/JavaDeserializer.java,2018-06-07T02:11:46Z
1126,1126,28266668d38424bf936e21d16e6f32c8750685b7,dubbo-test/dubbo-test-examples/src/test/java/com/alibaba/dubbo/examples/validation/ValidationTest.java,2018-06-07T11:06:41Z
1131,1131,08205284b8e107b61d4db9959dc760b78b1af1a5,dubbo-config/dubbo-config-api/src/main/java/com/alibaba/dubbo/config/ReferenceConfig.java,2018-06-14T01:06:28Z
1131,1131,08205284b8e107b61d4db9959dc760b78b1af1a5,dubbo-remoting/dubbo-remoting-netty/src/test/java/com/alibaba/dubbo/remoting/exchange/support/header/HeartbeatHandlerTest.java,2018-06-14T01:06:28Z
1134,1134,11d5bd9ffadf11af0d13e6ab478829b4ae3c8572,pom.xml,2024-06-24T09:54:45Z
1139,1139,11d5bd9ffadf11af0d13e6ab478829b4ae3c8572,pom.xml,2024-06-24T09:54:45Z
1144,1144,28266668d38424bf936e21d16e6f32c8750685b7,dubbo-cluster/src/main/java/com/alibaba/dubbo/rpc/cluster/loadbalance/ConsistentHashLoadBalance.java,2018-06-07T11:06:41Z
1148,1148,08205284b8e107b61d4db9959dc760b78b1af1a5,dubbo-common/src/main/java/com/alibaba/dubbo/common/Constants.java,2018-06-14T01:06:28Z
1151,1151,efb83f828540c87ce48b784c2b583aa637ced5e9,.mvn/wrapper/maven-wrapper.jar,2023-01-12T02:16:56Z
1151,1151,efb83f828540c87ce48b784c2b583aa637ced5e9,.mvn/wrapper/maven-wrapper.properties,2023-01-12T02:16:56Z
1151,1151,efb83f828540c87ce48b784c2b583aa637ced5e9,mvnw,2023-01-12T02:16:56Z
1151,1151,efb83f828540c87ce48b784c2b583aa637ced5e9,mvnw.cmd,2023-01-12T02:16:56Z
1152,1152,efb83f828540c87ce48b784c2b583aa637ced5e9,.mvn/wrapper/maven-wrapper.jar,2023-01-12T02:16:56Z
1152,1152,efb83f828540c87ce48b784c2b583aa637ced5e9,.mvn/wrapper/maven-wrapper.properties,2023-01-12T02:16:56Z
1152,1152,efb83f828540c87ce48b784c2b583aa637ced5e9,mvnw,2023-01-12T02:16:56Z
1152,1152,efb83f828540c87ce48b784c2b583aa637ced5e9,mvnw.cmd,2023-01-12T02:16:56Z
1170,1170,0c6346f21534a7505f79555a60a5dbaa72561a9e,dubbo-config/dubbo-config-api/src/main/java/com/alibaba/dubbo/config/AbstractConfig.java,2018-06-11T03:15:38Z
1185,1185,5c54c6837876b7daf0c55d9f9cafde109baa1a5d,dubbo-demo/dubbo-demo-consumer/src/main/resources/META-INF/spring/dubbo-demo-consumer.xml,2018-12-29T01:48:06Z
1189,1189,08205284b8e107b61d4db9959dc760b78b1af1a5,dubbo-common/src/main/java/com/alibaba/dubbo/common/Constants.java,2018-06-14T01:06:28Z
1189,1189,08205284b8e107b61d4db9959dc760b78b1af1a5,dubbo-registry/dubbo-registry-api/src/main/java/com/alibaba/dubbo/registry/integration/RegistryProtocol.java,2018-06-14T01:06:28Z
1190,1190,8b55a0b31e1c7f9b7d6df5171865bbc11a4d8544,dubbo-registry/dubbo-registry-multicast/src/main/java/com/alibaba/dubbo/registry/multicast/MulticastRegistry.java,2018-06-08T03:41:08Z
1191,1191,11d5bd9ffadf11af0d13e6ab478829b4ae3c8572,pom.xml,2024-06-24T09:54:45Z
1192,1192,0fc93d03456210839d95093ec4f2677e8f35677e,.travis.yml,2023-01-25T00:11:33Z
1196,1196,f4974c69b5fedcb896259bcc06ee2e7e7c00111a,hessian-lite/src/main/java/com/alibaba/com/caucho/hessian/io/SerializerFactory.java,2018-06-07T02:11:46Z
1196,1196,f4974c69b5fedcb896259bcc06ee2e7e7c00111a,hessian-lite/src/test/java/com/alibaba/com/caucho/hessian/io/SerializerFactoryTest.java,2018-06-07T02:11:46Z
1196,1196,f4974c69b5fedcb896259bcc06ee2e7e7c00111a,hessian-lite/src/test/java/com/alibaba/com/caucho/hessian/io/TestClass.java,2018-06-07T02:11:46Z
1199,1199,e92a5536465f6a4255c36da3541caa77b0bb735b,dubbo-common/src/main/resources/META-INF/dubbo/internal/com.alibaba.dubbo.common.threadpool.ThreadPool,2018-06-15T06:10:40Z
1204,1204,28266668d38424bf936e21d16e6f32c8750685b7,dubbo-cluster/src/test/java/com/alibaba/dubbo/rpc/cluster/router/condition/ConditionRouterTest.java,2018-06-07T11:06:41Z
1205,1205,d0454fdbef0b7724cf5747a276f292eb14c8ab05,dubbo-config/dubbo-config-spring/src/test/resources/META-INF/config.properties,2021-06-08T08:44:54Z
1205,1205,d0454fdbef0b7724cf5747a276f292eb14c8ab05,dubbo-config/dubbo-config-spring/src/test/resources/META-INF/spring/dubbo-annotation-provider.xml,2021-06-08T08:44:54Z
1215,1215,60e3b19db518483296ff73245e548ce88c84f5a5,dubbo-remoting/dubbo-remoting-api/src/main/java/com/alibaba/dubbo/remoting/telnet/codec/TelnetCodec.java,2018-04-21T06:20:09Z
1219,1219,70ec90dae80cf1c1537f0dd83f8a844a905ebbdb,dubbo-common/src/main/java/com/alibaba/dubbo/common/utils/NetUtils.java,2018-06-11T05:50:51Z
1222,1222,b0e2f5c67d88ad6a66c653839933ef83dd023f55,dubbo-admin/src/main/java/com/alibaba/dubbo/governance/web/governance/module/screen/Providers.java,2018-01-17T10:05:24Z
1232,1232,f4974c69b5fedcb896259bcc06ee2e7e7c00111a,hessian-lite/src/main/java/com/alibaba/com/caucho/hessian/io/AbstractDeserializer.java,2018-06-07T02:11:46Z
1232,1232,f4974c69b5fedcb896259bcc06ee2e7e7c00111a,hessian-lite/src/main/java/com/alibaba/com/caucho/hessian/io/AbstractHessianInput.java,2018-06-07T02:11:46Z
1232,1232,f4974c69b5fedcb896259bcc06ee2e7e7c00111a,hessian-lite/src/main/java/com/alibaba/com/caucho/hessian/io/CollectionDeserializer.java,2018-06-07T02:11:46Z
1232,1232,f4974c69b5fedcb896259bcc06ee2e7e7c00111a,hessian-lite/src/main/java/com/alibaba/com/caucho/hessian/io/Deserializer.java,2018-06-07T02:11:46Z
1232,1232,f4974c69b5fedcb896259bcc06ee2e7e7c00111a,hessian-lite/src/main/java/com/alibaba/com/caucho/hessian/io/Hessian2Input.java,2018-06-07T02:11:46Z
1232,1232,f4974c69b5fedcb896259bcc06ee2e7e7c00111a,hessian-lite/src/main/java/com/alibaba/com/caucho/hessian/io/JavaDeserializer.java,2018-06-07T02:11:46Z
1232,1232,f4974c69b5fedcb896259bcc06ee2e7e7c00111a,hessian-lite/src/main/java/com/alibaba/com/caucho/hessian/io/MapDeserializer.java,2018-06-07T02:11:46Z
1232,1232,f4974c69b5fedcb896259bcc06ee2e7e7c00111a,hessian-lite/src/main/java/com/alibaba/com/caucho/hessian/io/SerializerFactory.java,2018-06-07T02:11:46Z
1232,1232,f4974c69b5fedcb896259bcc06ee2e7e7c00111a,hessian-lite/src/test/java/com/alibaba/com/caucho/hessian/io/Hessian2StringShortTest.java,2018-06-07T02:11:46Z
1236,1236,2d7e18242f74ff66be81b3c35e68e5b5fb5fe95f,dubbo-registry/dubbo-registry-zookeeper/src/main/java/com/alibaba/dubbo/registry/zookeeper/ZookeeperRegistry.java,2018-05-17T03:51:17Z
1237,1237,3c7cd8f5f5ea3818d26b17d0b46986833a3fbc9c,dubbo-config/dubbo-config-api/src/main/java/com/alibaba/dubbo/config/AbstractServiceConfig.java,2018-05-09T07:06:45Z
1239,1239,08205284b8e107b61d4db9959dc760b78b1af1a5,dubbo-registry/dubbo-registry-api/src/main/java/com/alibaba/dubbo/registry/integration/RegistryProtocol.java,2018-06-14T01:06:28Z
1239,1239,08205284b8e107b61d4db9959dc760b78b1af1a5,dubbo-remoting/dubbo-remoting-api/src/main/java/com/alibaba/dubbo/remoting/exchange/support/ExchangeHandlerAdapter.java,2018-06-14T01:06:28Z
1239,1239,08205284b8e107b61d4db9959dc760b78b1af1a5,dubbo-remoting/dubbo-remoting-api/src/main/java/com/alibaba/dubbo/remoting/exchange/support/ExchangeHandlerDispatcher.java,2018-06-14T01:06:28Z
1239,1239,08205284b8e107b61d4db9959dc760b78b1af1a5,dubbo-remoting/dubbo-remoting-api/src/main/java/com/alibaba/dubbo/remoting/exchange/support/header/HeaderExchangeChannel.java,2018-06-14T01:06:28Z
1239,1239,08205284b8e107b61d4db9959dc760b78b1af1a5,dubbo-rpc/dubbo-rpc-api/src/main/java/com/alibaba/dubbo/rpc/RpcContext.java,2018-06-14T01:06:28Z
1239,1239,08205284b8e107b61d4db9959dc760b78b1af1a5,dubbo-rpc/dubbo-rpc-api/src/main/java/com/alibaba/dubbo/rpc/filter/ContextFilter.java,2018-06-14T01:06:28Z
1239,1239,08205284b8e107b61d4db9959dc760b78b1af1a5,dubbo-rpc/dubbo-rpc-api/src/main/java/com/alibaba/dubbo/rpc/proxy/AbstractProxyFactory.java,2018-06-14T01:06:28Z
1239,1239,08205284b8e107b61d4db9959dc760b78b1af1a5,dubbo-rpc/dubbo-rpc-api/src/main/java/com/alibaba/dubbo/rpc/proxy/InvokerInvocationHandler.java,2018-06-14T01:06:28Z
1242,1242,0c6346f21534a7505f79555a60a5dbaa72561a9e,dubbo-config/dubbo-config-api/src/main/java/com/alibaba/dubbo/config/AbstractConfig.java,2018-06-11T03:15:38Z
1249,1249,60e3b19db518483296ff73245e548ce88c84f5a5,dubbo-remoting/dubbo-remoting-netty4/src/main/java/com/alibaba/dubbo/remoting/transport/netty4/NettyChannel.java,2018-04-21T06:20:09Z
1258,1258,f4dfc6e492f43448aed0fed31051530a0e2f1f24,dubbo-rpc/dubbo-rpc-default/src/main/java/com/alibaba/dubbo/rpc/protocol/dubbo/DecodeableRpcInvocation.java,2018-01-03T08:57:05Z
1258,1258,f4dfc6e492f43448aed0fed31051530a0e2f1f24,dubbo-rpc/dubbo-rpc-default/src/main/java/com/alibaba/dubbo/rpc/protocol/dubbo/DubboCodec.java,2018-01-03T08:57:05Z
1263,1263,28266668d38424bf936e21d16e6f32c8750685b7,dubbo-cluster/src/main/java/com/alibaba/dubbo/rpc/cluster/loadbalance/ConsistentHashLoadBalance.java,2018-06-07T11:06:41Z
1263,1263,28266668d38424bf936e21d16e6f32c8750685b7,dubbo-cluster/src/test/java/com/alibaba/dubbo/rpc/cluster/loadbalance/LoadBalanceTest.java,2018-06-07T11:06:41Z
1264,1264,0fc93d03456210839d95093ec4f2677e8f35677e,.travis.yml,2023-01-25T00:11:33Z
1267,1267,28266668d38424bf936e21d16e6f32c8750685b7,dubbo-cluster/src/main/java/com/alibaba/dubbo/rpc/cluster/loadbalance/ConsistentHashLoadBalance.java,2018-06-07T11:06:41Z
1267,1267,28266668d38424bf936e21d16e6f32c8750685b7,dubbo-cluster/src/test/java/com/alibaba/dubbo/rpc/cluster/loadbalance/LoadBalanceTest.java,2018-06-07T11:06:41Z
1272,1272,08205284b8e107b61d4db9959dc760b78b1af1a5,dubbo-config/dubbo-config-api/src/main/java/com/alibaba/dubbo/config/ReferenceConfig.java,2018-06-14T01:06:28Z
1291,1291,1be3c999d112215a1354ab396cb2fbb94f3d2a0e,dubbo-config/dubbo-config-api/src/main/java/com/alibaba/dubbo/config/annotation/Reference.java,2019-10-12T13:17:35Z
1298,1298,efb83f828540c87ce48b784c2b583aa637ced5e9,.mvn/wrapper/maven-wrapper.properties,2023-01-12T02:16:56Z
1302,1302,b1324511d13aad36d14adee7bce71cdbe65a872a,dubbo-demo/dubbo-demo-consumer/pom.xml,2018-12-23T12:29:38Z
1302,1302,b1324511d13aad36d14adee7bce71cdbe65a872a,dubbo-demo/dubbo-demo-provider/pom.xml,2018-12-23T12:29:38Z
1315,1315,08205284b8e107b61d4db9959dc760b78b1af1a5,dubbo-config/dubbo-config-api/src/main/java/com/alibaba/dubbo/config/ReferenceConfig.java,2018-06-14T01:06:28Z
1315,1315,08205284b8e107b61d4db9959dc760b78b1af1a5,dubbo-rpc/dubbo-rpc-api/src/main/java/com/alibaba/dubbo/rpc/RpcContext.java,2018-06-14T01:06:28Z
1316,1316,d129f10229869bb8be3aff0787cd6303eb0e5ad0,dubbo-rpc/dubbo-rpc-api/src/main/java/com/alibaba/dubbo/rpc/protocol/ProtocolFilterWrapper.java,2018-02-08T08:20:00Z
1318,1318,d07c64f809361ec629b738ca223c7e89d08c03f4,dubbo-config/dubbo-config-spring/src/main/java/com/alibaba/dubbo/config/spring/beans/factory/annotation/ServiceAnnotationBeanPostProcessor.java,2018-04-24T02:21:04Z
1319,1319,912deb69a8ee5f043a222ddeb2eef1e23d46957f,dubbo-remoting/dubbo-remoting-http/pom.xml,2023-04-05T06:10:53Z
1323,1323,11d5bd9ffadf11af0d13e6ab478829b4ae3c8572,pom.xml,2024-06-24T09:54:45Z
1325,1325,e5063679abf2ae2dc028b91b02cb8c8d41251a3d,dubbo-config/dubbo-config-spring/src/main/java/com/alibaba/dubbo/config/spring/schema/DubboBeanDefinitionParser.java,2018-05-31T08:21:55Z
1326,1326,e5063679abf2ae2dc028b91b02cb8c8d41251a3d,dubbo-config/dubbo-config-spring/src/main/java/com/alibaba/dubbo/config/spring/schema/DubboBeanDefinitionParser.java,2018-05-31T08:21:55Z
1327,1327,e5063679abf2ae2dc028b91b02cb8c8d41251a3d,dubbo-config/dubbo-config-spring/src/main/java/com/alibaba/dubbo/config/spring/schema/DubboBeanDefinitionParser.java,2018-05-31T08:21:55Z
1328,1328,e5063679abf2ae2dc028b91b02cb8c8d41251a3d,dubbo-config/dubbo-config-spring/src/main/java/com/alibaba/dubbo/config/spring/schema/DubboBeanDefinitionParser.java,2018-05-31T08:21:55Z
1329,1329,11d5bd9ffadf11af0d13e6ab478829b4ae3c8572,pom.xml,2024-06-24T09:54:45Z
1331,1331,05cecc55bccc5c4ab985f7bab3b3c63e7380ed01,dubbo-config/dubbo-config-spring/src/main/resources/META-INF/dubbo.xsd,2024-02-02T06:10:23Z
1333,1333,efb83f828540c87ce48b784c2b583aa637ced5e9,.mvn/wrapper/maven-wrapper.jar,2023-01-12T02:16:56Z
1333,1333,efb83f828540c87ce48b784c2b583aa637ced5e9,.mvn/wrapper/maven-wrapper.properties,2023-01-12T02:16:56Z
1333,1333,efb83f828540c87ce48b784c2b583aa637ced5e9,mvnw,2023-01-12T02:16:56Z
1333,1333,efb83f828540c87ce48b784c2b583aa637ced5e9,mvnw.cmd,2023-01-12T02:16:56Z
1340,1340,e5063679abf2ae2dc028b91b02cb8c8d41251a3d,dubbo-rpc/dubbo-rpc-api/src/main/java/com/alibaba/dubbo/rpc/RpcResult.java,2018-05-31T08:21:55Z
1345,1345,11d5bd9ffadf11af0d13e6ab478829b4ae3c8572,pom.xml,2024-06-24T09:54:45Z
1347,1347,8bc9257f4e09b2937e21842b90984dfcaefe97b6,dubbo-container/dubbo-container-api/src/main/resources/META-INF/assembly/bin/start.sh,2021-06-01T06:14:35Z
1351,1351,08205284b8e107b61d4db9959dc760b78b1af1a5,dubbo-rpc/dubbo-rpc-api/src/main/java/com/alibaba/dubbo/rpc/RpcContext.java,2018-06-14T01:06:28Z
1352,1352,e5063679abf2ae2dc028b91b02cb8c8d41251a3d,dubbo-config/dubbo-config-spring/src/main/java/com/alibaba/dubbo/config/spring/schema/DubboBeanDefinitionParser.java,2018-05-31T08:21:55Z
1353,1353,e5063679abf2ae2dc028b91b02cb8c8d41251a3d,dubbo-config/dubbo-config-spring/src/main/java/com/alibaba/dubbo/config/spring/schema/DubboBeanDefinitionParser.java,2018-05-31T08:21:55Z
1357,1357,e5063679abf2ae2dc028b91b02cb8c8d41251a3d,dubbo-remoting/dubbo-remoting-api/src/main/java/com/alibaba/dubbo/remoting/exchange/support/header/HeaderExchangeServer.java,2018-05-31T08:21:55Z
1369,1369,2d7e18242f74ff66be81b3c35e68e5b5fb5fe95f,dubbo-registry/dubbo-registry-zookeeper/src/main/java/com/alibaba/dubbo/registry/zookeeper/ZookeeperRegistry.java,2018-05-17T03:51:17Z
1370,1370,e5063679abf2ae2dc028b91b02cb8c8d41251a3d,dubbo-rpc/dubbo-rpc-thrift/src/test/java/com/alibaba/dubbo/rpc/protocol/thrift/AbstractTest.java,2018-05-31T08:21:55Z
1374,1374,f4974c69b5fedcb896259bcc06ee2e7e7c00111a,hessian-lite/src/main/java/com/alibaba/com/caucho/hessian/io/JavaDeserializer.java,2018-06-07T02:11:46Z
1375,1375,f4974c69b5fedcb896259bcc06ee2e7e7c00111a,hessian-lite/src/main/java/com/alibaba/com/caucho/hessian/io/JavaDeserializer.java,2018-06-07T02:11:46Z
1376,1376,e255f54be07c02b1031372aa2a6e8a83e94a60d6,dubbo-cluster/src/main/java/com/alibaba/dubbo/rpc/cluster/support/AbstractClusterInvoker.java,2018-06-01T07:32:55Z
1377,1377,8b6f4456d5664f4e7f32b0e772befc4b12086aaa,dubbo-rpc/dubbo-rpc-api/src/test/java/com/alibaba/dubbo/rpc/filter/tps/StatItemTest.java,2018-04-21T06:25:06Z
1378,1378,60e3b19db518483296ff73245e548ce88c84f5a5,dubbo-remoting/dubbo-remoting-api/src/main/java/com/alibaba/dubbo/remoting/transport/DecodeHandler.java,2018-04-21T06:20:09Z
1380,1380,3e4fda20bba18f0a85340c86ae8ccbb004c7ea84,dubbo-demo/dubbo-demo-api/pom.xml,2024-04-08T08:34:36Z
1381,1381,0fc93d03456210839d95093ec4f2677e8f35677e,.travis.yml,2023-01-25T00:11:33Z
1384,1384,4bbc0ddddacc915ddc8ff292dd28745bbc0031fd,dubbo-rpc/dubbo-rpc-default/src/main/java/com/alibaba/dubbo/rpc/protocol/dubbo/DubboProtocol.java,2018-02-24T08:59:21Z
1387,1387,11d5bd9ffadf11af0d13e6ab478829b4ae3c8572,pom.xml,2024-06-24T09:54:45Z
1388,1388,286fb12b011fd878b3d44ff6985e082e2141a164,dubbo-rpc/dubbo-rpc-api/src/main/java/com/alibaba/dubbo/rpc/filter/GenericFilter.java,2018-06-01T07:02:53Z
1388,1388,286fb12b011fd878b3d44ff6985e082e2141a164,dubbo-rpc/dubbo-rpc-api/src/main/java/com/alibaba/dubbo/rpc/filter/GenericImplFilter.java,2018-06-01T07:02:53Z
1389,1389,11d5bd9ffadf11af0d13e6ab478829b4ae3c8572,pom.xml,2024-06-24T09:54:45Z
1391,1391,7faa3f025e61508079e803af6a909896e3d67d2a,dubbo-plugin/dubbo-qos/src/main/java/com/alibaba/dubbo/qos/command/impl/Ls.java,2018-02-26T08:23:11Z
1394,1394,f4974c69b5fedcb896259bcc06ee2e7e7c00111a,hessian-lite/src/test/java/com/alibaba/com/caucho/hessian/io/Hessian2StringShortTest.java,2018-06-07T02:11:46Z
1394,1394,f4974c69b5fedcb896259bcc06ee2e7e7c00111a,hessian-lite/src/test/java/com/alibaba/com/caucho/hessian/io/beans/Hessian2StringShortType.java,2018-06-07T02:11:46Z
1394,1394,f4974c69b5fedcb896259bcc06ee2e7e7c00111a,hessian-lite/src/test/java/com/alibaba/com/caucho/hessian/io/beans/PersonType.java,2018-06-07T02:11:46Z
1395,1395,05cecc55bccc5c4ab985f7bab3b3c63e7380ed01,dubbo-config/dubbo-config-spring/src/main/resources/META-INF/dubbo.xsd,2024-02-02T06:10:23Z
1396,1396,e5063679abf2ae2dc028b91b02cb8c8d41251a3d,dubbo-config/dubbo-config-api/src/test/java/com/alibaba/dubbo/config/cache/CacheTest.java,2018-05-31T08:21:55Z
1400,1400,60e3b19db518483296ff73245e548ce88c84f5a5,dubbo-remoting/dubbo-remoting-grizzly/src/main/java/com/alibaba/dubbo/remoting/transport/grizzly/GrizzlyChannel.java,2018-04-21T06:20:09Z
1400,1400,60e3b19db518483296ff73245e548ce88c84f5a5,dubbo-remoting/dubbo-remoting-mina/src/main/java/com/alibaba/dubbo/remoting/transport/mina/MinaChannel.java,2018-04-21T06:20:09Z
1400,1400,60e3b19db518483296ff73245e548ce88c84f5a5,dubbo-remoting/dubbo-remoting-mina/src/main/java/com/alibaba/dubbo/remoting/transport/mina/MinaClient.java,2018-04-21T06:20:09Z
1400,1400,60e3b19db518483296ff73245e548ce88c84f5a5,dubbo-remoting/dubbo-remoting-mina/src/main/java/com/alibaba/dubbo/remoting/transport/mina/MinaCodecAdapter.java,2018-04-21T06:20:09Z
1401,1401,c459f6c9afc43154fd9a9838f2dc96297dd0ce4d,dubbo-config/dubbo-config-spring/src/main/java/com/alibaba/dubbo/config/spring/util/PropertySourcesUtils.java,2018-06-08T03:12:31Z
1401,1401,c459f6c9afc43154fd9a9838f2dc96297dd0ce4d,dubbo-config/dubbo-config-spring/src/test/java/com/alibaba/dubbo/config/spring/util/PropertySourcesUtilsTest.java,2018-06-08T03:12:31Z
1403,1403,6b3f54383f4b6102215e33ea879a389dff0fd1eb,README.md,2024-04-11T08:47:51Z
1405,1405,05cecc55bccc5c4ab985f7bab3b3c63e7380ed01,dubbo-config/dubbo-config-spring/src/main/resources/META-INF/dubbo.xsd,2024-02-02T06:10:23Z
1407,1407,05cecc55bccc5c4ab985f7bab3b3c63e7380ed01,dubbo-config/dubbo-config-spring/src/main/resources/META-INF/dubbo.xsd,2024-02-02T06:10:23Z
1412,1412,f4974c69b5fedcb896259bcc06ee2e7e7c00111a,hessian-lite/src/main/java/com/alibaba/com/caucho/hessian/io/LocaleHandle.java,2018-06-07T02:11:46Z
1412,1412,f4974c69b5fedcb896259bcc06ee2e7e7c00111a,hessian-lite/src/test/java/com/alibaba/com/caucho/hessian/io/LocaleSerializerTest.java,2018-06-07T02:11:46Z
1413,1413,f4974c69b5fedcb896259bcc06ee2e7e7c00111a,hessian-lite/src/main/java/com/alibaba/com/caucho/hessian/io/LocaleHandle.java,2018-06-07T02:11:46Z
1413,1413,f4974c69b5fedcb896259bcc06ee2e7e7c00111a,hessian-lite/src/main/java/com/alibaba/com/caucho/hessian/io/LocaleSerializer.java,2018-06-07T02:11:46Z
1413,1413,f4974c69b5fedcb896259bcc06ee2e7e7c00111a,hessian-lite/src/test/java/com/alibaba/com/caucho/hessian/io/LocaleSerializerTest.java,2018-06-07T02:11:46Z
1424,1424,08205284b8e107b61d4db9959dc760b78b1af1a5,dubbo-registry/dubbo-registry-api/src/main/java/com/alibaba/dubbo/registry/integration/RegistryProtocol.java,2018-06-14T01:06:28Z
1426,1426,b48e8bac049e41e43e982b115e91c4f0c5a6775c,dubbo-common/src/main/java/com/alibaba/dubbo/common/utils/ExecutorUtil.java,2018-05-17T08:19:17Z
1430,1430,08205284b8e107b61d4db9959dc760b78b1af1a5,dubbo-rpc/dubbo-rpc-api/src/main/java/com/alibaba/dubbo/rpc/RpcContext.java,2018-06-14T01:06:28Z
1430,1430,08205284b8e107b61d4db9959dc760b78b1af1a5,dubbo-rpc/dubbo-rpc-api/src/main/java/com/alibaba/dubbo/rpc/filter/ContextFilter.java,2018-06-14T01:06:28Z
1435,1435,70ec90dae80cf1c1537f0dd83f8a844a905ebbdb,dubbo-common/src/main/java/com/alibaba/dubbo/common/utils/NetUtils.java,2018-06-11T05:50:51Z
1438,1438,c24eca7e1edefed758a0123c0141da21ed708a42,.gitignore,2024-05-08T03:06:02Z
1442,1442,08205284b8e107b61d4db9959dc760b78b1af1a5,dubbo-common/src/main/java/com/alibaba/dubbo/common/Constants.java,2018-06-14T01:06:28Z
1442,1442,08205284b8e107b61d4db9959dc760b78b1af1a5,dubbo-remoting/dubbo-remoting-api/src/main/java/com/alibaba/dubbo/remoting/exchange/support/header/HeaderExchangeChannel.java,2018-06-14T01:06:28Z
1442,1442,08205284b8e107b61d4db9959dc760b78b1af1a5,dubbo-rpc/dubbo-rpc-api/src/main/java/com/alibaba/dubbo/rpc/RpcContext.java,2018-06-14T01:06:28Z
1442,1442,08205284b8e107b61d4db9959dc760b78b1af1a5,dubbo-rpc/dubbo-rpc-api/src/main/java/com/alibaba/dubbo/rpc/filter/ContextFilter.java,2018-06-14T01:06:28Z
1443,1443,98a906a9d24d056b45c3943bdd10b7af60eb8bfb,dubbo-monitor/dubbo-monitor-default/src/main/java/com/alibaba/dubbo/monitor/dubbo/DubboMonitor.java,2018-04-21T06:27:15Z
1444,1444,08205284b8e107b61d4db9959dc760b78b1af1a5,dubbo-rpc/dubbo-rpc-api/src/main/java/com/alibaba/dubbo/rpc/RpcContext.java,2018-06-14T01:06:28Z
1445,1445,5856d4f0631b65aa9adcd2e88c065bbc7a3a8ee2,dubbo-rpc/dubbo-rpc-api/src/main/java/com/alibaba/dubbo/rpc/protocol/AbstractInvoker.java,2018-06-05T08:02:55Z
1448,1448,6b3f54383f4b6102215e33ea879a389dff0fd1eb,README.md,2024-04-11T08:47:51Z
1449,1449,ddc1ea4149d3e6879be21a55981f4ccb5ad14920,dubbo-remoting/dubbo-remoting-api/src/main/java/com/alibaba/dubbo/remoting/transport/dispatcher/execution/ExecutionChannelHandler.java,2018-05-14T08:05:42Z
1451,1451,60e3b19db518483296ff73245e548ce88c84f5a5,dubbo-remoting/dubbo-remoting-api/src/main/java/com/alibaba/dubbo/remoting/exchange/support/header/HeaderExchangeClient.java,2018-04-21T06:20:09Z
1453,1453,5856d4f0631b65aa9adcd2e88c065bbc7a3a8ee2,dubbo-rpc/dubbo-rpc-api/src/main/java/com/alibaba/dubbo/rpc/protocol/AbstractInvoker.java,2018-06-05T08:02:55Z
1454,1454,60e3b19db518483296ff73245e548ce88c84f5a5,dubbo-remoting/dubbo-remoting-api/src/main/java/com/alibaba/dubbo/remoting/exchange/support/DefaultFuture.java,2018-04-21T06:20:09Z
1456,1456,5f5fecd68e209c79a7f9ac382b95296713c77bea,dubbo-config/dubbo-config-spring/src/main/java/com/alibaba/dubbo/config/spring/extension/SpringExtensionFactory.java,2018-05-31T08:11:00Z
1459,1459,06d29f12ea2c4648188a433f524041e5c64a1cee,NOTICE,2024-01-02T10:50:56Z
1460,1460,c459f6c9afc43154fd9a9838f2dc96297dd0ce4d,dubbo-config/dubbo-config-spring/src/main/java/com/alibaba/dubbo/config/spring/util/PropertySourcesUtils.java,2018-06-08T03:12:31Z
1460,1460,c459f6c9afc43154fd9a9838f2dc96297dd0ce4d,dubbo-config/dubbo-config-spring/src/test/java/com/alibaba/dubbo/config/spring/util/PropertySourcesUtilsTest.java,2018-06-08T03:12:31Z
1482,1482,11d5bd9ffadf11af0d13e6ab478829b4ae3c8572,pom.xml,2024-06-24T09:54:45Z
1486,1486,6b3f54383f4b6102215e33ea879a389dff0fd1eb,README.md,2024-04-11T08:47:51Z
1490,1490,11d5bd9ffadf11af0d13e6ab478829b4ae3c8572,pom.xml,2024-06-24T09:54:45Z
1491,1491,11d5bd9ffadf11af0d13e6ab478829b4ae3c8572,pom.xml,2024-06-24T09:54:45Z
1496,1496,60e3b19db518483296ff73245e548ce88c84f5a5,dubbo-demo/dubbo-demo-provider/src/main/java/com/alibaba/dubbo/demo/provider/DemoServiceImpl.java,2018-04-21T06:20:09Z
1497,1497,ead84e45ee1ea145f4d96dd204a2ec7c8f8d78fb,dubbo-simple/dubbo-registry-simple/src/main/java/com/alibaba/dubbo/registry/simple/SimpleRegistryService.java,2017-12-25T06:38:04Z
1506,1506,f4c210b6d6846cc72f92997b52c3dd4c563347be,dubbo-config/dubbo-config-api/src/main/java/com/alibaba/dubbo/config/ServiceConfig.java,2018-06-01T09:18:25Z
1507,1507,8b6f4456d5664f4e7f32b0e772befc4b12086aaa,dubbo-rpc/dubbo-rpc-api/src/test/java/com/alibaba/dubbo/rpc/filter/tps/StatItemTest.java,2018-04-21T06:25:06Z
1507,1507,8b6f4456d5664f4e7f32b0e772befc4b12086aaa,dubbo-rpc/dubbo-rpc-api/src/test/java/com/alibaba/dubbo/rpc/support/RpcUtilsTest.java,2018-04-21T06:25:06Z
1509,1509,0d749715efb93696178ee94e79341f58eec47078,dubbo-remoting/dubbo-remoting-zookeeper/pom.xml,2023-01-20T03:27:55Z
1511,1511,08205284b8e107b61d4db9959dc760b78b1af1a5,dubbo-config/dubbo-config-api/src/main/java/com/alibaba/dubbo/config/ReferenceConfig.java,2018-06-14T01:06:28Z
1519,1519,6b3f54383f4b6102215e33ea879a389dff0fd1eb,README.md,2024-04-11T08:47:51Z
1520,1520,3c55c802ac4553467d8fa109ac4601f4935d2766,dubbo-common/src/main/java/com/alibaba/dubbo/common/URL.java,2018-05-17T08:21:30Z
1526,1526,6b3f54383f4b6102215e33ea879a389dff0fd1eb,README.md,2024-04-11T08:47:51Z
1527,1527,11d5bd9ffadf11af0d13e6ab478829b4ae3c8572,pom.xml,2024-06-24T09:54:45Z
1531,1531,11d5bd9ffadf11af0d13e6ab478829b4ae3c8572,pom.xml,2024-06-24T09:54:45Z
1534,1534,11d5bd9ffadf11af0d13e6ab478829b4ae3c8572,pom.xml,2024-06-24T09:54:45Z
1543,1543,6b3f54383f4b6102215e33ea879a389dff0fd1eb,README.md,2024-04-11T08:47:51Z
1550,1550,808bc96edaca49b86dc5382a3826b079574d7aca,dubbo-test/pom.xml,2023-05-08T01:35:59Z
1551,1551,6b3f54383f4b6102215e33ea879a389dff0fd1eb,README.md,2024-04-11T08:47:51Z
1553,1553,08205284b8e107b61d4db9959dc760b78b1af1a5,dubbo-registry/dubbo-registry-api/src/main/java/com/alibaba/dubbo/registry/integration/RegistryProtocol.java,2018-06-14T01:06:28Z
1553,1553,08205284b8e107b61d4db9959dc760b78b1af1a5,dubbo-remoting/dubbo-remoting-api/src/main/java/com/alibaba/dubbo/remoting/exchange/support/ExchangeHandlerAdapter.java,2018-06-14T01:06:28Z
1553,1553,08205284b8e107b61d4db9959dc760b78b1af1a5,dubbo-remoting/dubbo-remoting-api/src/main/java/com/alibaba/dubbo/remoting/exchange/support/ExchangeHandlerDispatcher.java,2018-06-14T01:06:28Z
1553,1553,08205284b8e107b61d4db9959dc760b78b1af1a5,dubbo-remoting/dubbo-remoting-api/src/main/java/com/alibaba/dubbo/remoting/exchange/support/header/HeaderExchangeChannel.java,2018-06-14T01:06:28Z
1553,1553,08205284b8e107b61d4db9959dc760b78b1af1a5,dubbo-remoting/dubbo-remoting-api/src/main/java/com/alibaba/dubbo/remoting/exchange/support/header/HeaderExchangeHandler.java,2018-06-14T01:06:28Z
1553,1553,08205284b8e107b61d4db9959dc760b78b1af1a5,dubbo-remoting/dubbo-remoting-api/src/test/java/com/alibaba/dubbo/remoting/handler/HeaderExchangeHandlerTest.java,2018-06-14T01:06:28Z
1553,1553,08205284b8e107b61d4db9959dc760b78b1af1a5,dubbo-remoting/dubbo-remoting-netty/src/test/java/com/alibaba/dubbo/remoting/exchange/support/header/HeartbeatHandlerTest.java,2018-06-14T01:06:28Z
1553,1553,08205284b8e107b61d4db9959dc760b78b1af1a5,dubbo-rpc/dubbo-rpc-api/src/main/java/com/alibaba/dubbo/rpc/RpcContext.java,2018-06-14T01:06:28Z
1553,1553,08205284b8e107b61d4db9959dc760b78b1af1a5,dubbo-rpc/dubbo-rpc-api/src/main/java/com/alibaba/dubbo/rpc/filter/ContextFilter.java,2018-06-14T01:06:28Z
1553,1553,08205284b8e107b61d4db9959dc760b78b1af1a5,dubbo-rpc/dubbo-rpc-api/src/main/java/com/alibaba/dubbo/rpc/proxy/AbstractProxyFactory.java,2018-06-14T01:06:28Z
1553,1553,08205284b8e107b61d4db9959dc760b78b1af1a5,dubbo-rpc/dubbo-rpc-api/src/main/java/com/alibaba/dubbo/rpc/proxy/InvokerInvocationHandler.java,2018-06-14T01:06:28Z
1553,1553,08205284b8e107b61d4db9959dc760b78b1af1a5,dubbo-rpc/dubbo-rpc-dubbo/src/main/java/com/alibaba/dubbo/rpc/protocol/dubbo/DubboInvoker.java,2018-06-14T01:06:28Z
1553,1553,08205284b8e107b61d4db9959dc760b78b1af1a5,dubbo-rpc/dubbo-rpc-dubbo/src/main/java/com/alibaba/dubbo/rpc/protocol/dubbo/DubboProtocol.java,2018-06-14T01:06:28Z
1553,1553,08205284b8e107b61d4db9959dc760b78b1af1a5,dubbo-rpc/dubbo-rpc-dubbo/src/main/java/com/alibaba/dubbo/rpc/protocol/dubbo/FutureAdapter.java,2018-06-14T01:06:28Z
1553,1553,08205284b8e107b61d4db9959dc760b78b1af1a5,dubbo-rpc/dubbo-rpc-thrift/src/main/java/com/alibaba/dubbo/rpc/protocol/thrift/ThriftProtocol.java,2018-06-14T01:06:28Z
1553,1553,08205284b8e107b61d4db9959dc760b78b1af1a5,dubbo-test/dubbo-test-benchmark/src/main/java/com/alibaba/dubbo/rpc/benchmark/AbstractBenchmarkServer.java,2018-06-14T01:06:28Z
1554,1554,11d5bd9ffadf11af0d13e6ab478829b4ae3c8572,pom.xml,2024-06-24T09:54:45Z
1555,1555,f4c210b6d6846cc72f92997b52c3dd4c563347be,dubbo-config/dubbo-config-api/src/main/java/com/alibaba/dubbo/config/ServiceConfig.java,2018-06-01T09:18:25Z
1556,1556,11d5bd9ffadf11af0d13e6ab478829b4ae3c8572,pom.xml,2024-06-24T09:54:45Z
1558,1558,11d5bd9ffadf11af0d13e6ab478829b4ae3c8572,pom.xml,2024-06-24T09:54:45Z
1561,1561,988768e589c703e2396b078657d81d6f9549735a,.codecov.yml,2023-02-16T02:09:10Z
1562,1562,e5063679abf2ae2dc028b91b02cb8c8d41251a3d,dubbo-remoting/dubbo-remoting-api/src/main/java/com/alibaba/dubbo/remoting/exchange/support/header/HeaderExchangeServer.java,2018-05-31T08:21:55Z
1564,1564,8bdecea7ef808d19f0449dd43ec85ba8dbaeeb26,dubbo-rpc/dubbo-rpc-webservice/pom.xml,2020-08-17T05:38:04Z
1568,1568,e92a5536465f6a4255c36da3541caa77b0bb735b,dubbo-common/src/main/resources/META-INF/dubbo/internal/com.alibaba.dubbo.common.threadpool.ThreadPool,2018-06-15T06:10:40Z
1569,1569,0fc93d03456210839d95093ec4f2677e8f35677e,.travis.yml,2023-01-25T00:11:33Z
1570,1570,808bc96edaca49b86dc5382a3826b079574d7aca,dubbo-test/pom.xml,2023-05-08T01:35:59Z
1572,1572,70ec90dae80cf1c1537f0dd83f8a844a905ebbdb,dubbo-common/src/main/java/com/alibaba/dubbo/common/utils/NetUtils.java,2018-06-11T05:50:51Z
1574,1574,11d5bd9ffadf11af0d13e6ab478829b4ae3c8572,pom.xml,2024-06-24T09:54:45Z
1575,1575,11d5bd9ffadf11af0d13e6ab478829b4ae3c8572,pom.xml,2024-06-24T09:54:45Z
1577,1577,808bc96edaca49b86dc5382a3826b079574d7aca,dubbo-demo/pom.xml,2023-05-08T01:35:59Z
1578,1578,60e3b19db518483296ff73245e548ce88c84f5a5,dubbo-cluster/src/main/java/com/alibaba/dubbo/rpc/cluster/support/wrapper/MockClusterInvoker.java,2018-04-21T06:20:09Z
1580,1580,11d5bd9ffadf11af0d13e6ab478829b4ae3c8572,pom.xml,2024-06-24T09:54:45Z
1584,1584,b2e081e5139b43eac48200ed44b3e3cc1236455a,dubbo-registry/dubbo-registry-zookeeper/pom.xml,2023-10-08T02:07:35Z
1589,1589,7c216278a9d9d50e9ea2f1d86356295839ea2a23,dubbo-remoting/dubbo-remoting-api/src/main/java/com/alibaba/dubbo/remoting/transport/dispatcher/ChannelEventRunnable.java,2018-05-18T06:49:35Z
1595,1595,d2ae941502410fbbf937e654b25f1399eedd3fbf,dependencies-bom/pom.xml,2018-07-09T14:32:24Z
1607,1607,28266668d38424bf936e21d16e6f32c8750685b7,dubbo-rpc/dubbo-rpc-dubbo/src/test/java/com/alibaba/dubbo/rpc/protocol/dubbo/DubboInvokerAvilableTest.java,2018-06-07T11:06:41Z
1608,1608,f4974c69b5fedcb896259bcc06ee2e7e7c00111a,hessian-lite/src/main/java/com/alibaba/com/caucho/hessian/io/JavaDeserializer.java,2018-06-07T02:11:46Z
1608,1608,f4974c69b5fedcb896259bcc06ee2e7e7c00111a,hessian-lite/src/test/java/com/alibaba/com/caucho/hessian/io/base/SerializeTestBase.java,2018-06-07T02:11:46Z
1610,1610,624d3aea9c1f1f7759c71b00dd38a9bdb720cd8d,dubbo-config/dubbo-config-spring/src/test/java/com/alibaba/dubbo/config/spring/beans/factory/annotation/AnnotationPropertyValuesAdapterTest.java,2018-06-11T05:59:38Z
1611,1611,624d3aea9c1f1f7759c71b00dd38a9bdb720cd8d,dubbo-config/dubbo-config-spring/src/test/java/com/alibaba/dubbo/config/spring/beans/factory/annotation/AnnotationPropertyValuesAdapterTest.java,2018-06-11T05:59:38Z
1612,1612,f4c210b6d6846cc72f92997b52c3dd4c563347be,dubbo-config/dubbo-config-api/src/main/java/com/alibaba/dubbo/config/ServiceConfig.java,2018-06-01T09:18:25Z
1616,1616,f4974c69b5fedcb896259bcc06ee2e7e7c00111a,hessian-lite/src/main/java/com/alibaba/com/caucho/hessian/io/HessianInput.java,2018-06-07T02:11:46Z
1616,1616,f4974c69b5fedcb896259bcc06ee2e7e7c00111a,hessian-lite/src/test/java/com/alibaba/com/caucho/hessian/io/Hessian1StringShortTest.java,2018-06-07T02:11:46Z
1616,1616,f4974c69b5fedcb896259bcc06ee2e7e7c00111a,hessian-lite/src/test/java/com/alibaba/com/caucho/hessian/io/Hessian2StringShortTest.java,2018-06-07T02:11:46Z
1617,1617,11d5bd9ffadf11af0d13e6ab478829b4ae3c8572,pom.xml,2024-06-24T09:54:45Z
1620,1620,08205284b8e107b61d4db9959dc760b78b1af1a5,dubbo-common/src/main/java/com/alibaba/dubbo/common/Constants.java,2018-06-14T01:06:28Z
1623,1623,60e3b19db518483296ff73245e548ce88c84f5a5,dubbo-filter/dubbo-filter-validation/src/main/java/com/alibaba/dubbo/validation/filter/ValidationFilter.java,2018-04-21T06:20:09Z
1627,1627,5c54c6837876b7daf0c55d9f9cafde109baa1a5d,dubbo-demo/dubbo-demo-consumer/src/main/resources/META-INF/spring/dubbo-demo-consumer.xml,2018-12-29T01:48:06Z
1630,1630,11d5bd9ffadf11af0d13e6ab478829b4ae3c8572,pom.xml,2024-06-24T09:54:45Z
1633,1633,05cecc55bccc5c4ab985f7bab3b3c63e7380ed01,dubbo-config/dubbo-config-spring/src/main/resources/META-INF/dubbo.xsd,2024-02-02T06:10:23Z
1643,1643,7c216278a9d9d50e9ea2f1d86356295839ea2a23,dubbo-remoting/dubbo-remoting-api/src/main/java/com/alibaba/dubbo/remoting/transport/dispatcher/ChannelEventRunnable.java,2018-05-18T06:49:35Z
1644,1644,808bc96edaca49b86dc5382a3826b079574d7aca,dubbo-demo/pom.xml,2023-05-08T01:35:59Z
1646,1646,d7047d1e3e47e2a8b8b25e9b53f543857ec6d205,dubbo-common/src/main/java/com/alibaba/dubbo/common/extension/ExtensionLoader.java,2018-05-12T12:49:49Z
1647,1647,11d5bd9ffadf11af0d13e6ab478829b4ae3c8572,pom.xml,2024-06-24T09:54:45Z
1650,1650,05cecc55bccc5c4ab985f7bab3b3c63e7380ed01,dubbo-config/dubbo-config-spring/src/main/resources/META-INF/dubbo.xsd,2024-02-02T06:10:23Z
1657,1657,11d5bd9ffadf11af0d13e6ab478829b4ae3c8572,pom.xml,2024-06-24T09:54:45Z
1658,1658,06d29f12ea2c4648188a433f524041e5c64a1cee,NOTICE,2024-01-02T10:50:56Z
1662,1662,624d3aea9c1f1f7759c71b00dd38a9bdb720cd8d,dubbo-config/dubbo-config-spring/src/test/java/com/alibaba/dubbo/config/spring/beans/factory/annotation/AnnotationPropertyValuesAdapterTest.java,2018-06-11T05:59:38Z
1663,1663,d07c64f809361ec629b738ca223c7e89d08c03f4,dubbo-config/dubbo-config-spring/src/main/java/com/alibaba/dubbo/config/spring/beans/factory/annotation/ServiceAnnotationBeanPostProcessor.java,2018-04-24T02:21:04Z
1671,1671,c623429e1a99353cd1ea90f95677bc156c70896f,dubbo-remoting/dubbo-remoting-zookeeper/src/test/java/com/alibaba/dubbo/remoting/zookeeper/curator/CuratorZookeeperClientTest.java,2018-04-05T03:51:44Z
1672,1672,06d29f12ea2c4648188a433f524041e5c64a1cee,NOTICE,2024-01-02T10:50:56Z
1675,1675,1be3c999d112215a1354ab396cb2fbb94f3d2a0e,dubbo-config/dubbo-config-api/src/main/java/com/alibaba/dubbo/config/annotation/Reference.java,2019-10-12T13:17:35Z
1676,1676,11d5bd9ffadf11af0d13e6ab478829b4ae3c8572,pom.xml,2024-06-24T09:54:45Z
1678,1678,988768e589c703e2396b078657d81d6f9549735a,.codecov.yml,2023-02-16T02:09:10Z
1686,1686,4a5ec3e55490e9be734e16f9220d0488bee2761b,PULL_REQUEST_TEMPLATE.md,2021-06-18T03:43:18Z
1703,1703,06d29f12ea2c4648188a433f524041e5c64a1cee,NOTICE,2024-01-02T10:50:56Z
1704,1704,903db35c605709806ef6a91831e5ea2a26a2e8a1,dubbo-remoting/dubbo-remoting-netty4/src/main/java/com/alibaba/dubbo/remoting/transport/netty4/logging/NettyHelper.java,2018-05-03T07:07:34Z
1705,1705,f4974c69b5fedcb896259bcc06ee2e7e7c00111a,hessian-lite/src/main/java/com/alibaba/com/caucho/hessian/io/Hessian2Input.java,2018-06-07T02:11:46Z
1706,1706,928292b1a1938dad96d3965e7f48da5dc0a09373,dubbo-filter/dubbo-filter-cache/src/main/resources/META-INF/dubbo/internal/com.alibaba.dubbo.cache.CacheFactory,2018-06-14T02:14:50Z
1707,1707,928292b1a1938dad96d3965e7f48da5dc0a09373,dubbo-common/src/main/java/com/alibaba/dubbo/common/utils/LRUCache.java,2018-06-14T02:14:50Z
1707,1707,928292b1a1938dad96d3965e7f48da5dc0a09373,dubbo-config/dubbo-config-api/src/main/java/com/alibaba/dubbo/config/DubboShutdownHook.java,2018-06-14T02:14:50Z
1707,1707,928292b1a1938dad96d3965e7f48da5dc0a09373,dubbo-filter/dubbo-filter-cache/src/main/java/com/alibaba/dubbo/cache/support/expiring/ExpiringCache.java,2018-06-14T02:14:50Z
1707,1707,928292b1a1938dad96d3965e7f48da5dc0a09373,dubbo-filter/dubbo-filter-cache/src/main/java/com/alibaba/dubbo/cache/support/expiring/ExpiringCacheFactory.java,2018-06-14T02:14:50Z
1707,1707,928292b1a1938dad96d3965e7f48da5dc0a09373,dubbo-filter/dubbo-filter-cache/src/main/java/com/alibaba/dubbo/cache/support/expiring/ExpiringMap.java,2018-06-14T02:14:50Z
1707,1707,928292b1a1938dad96d3965e7f48da5dc0a09373,dubbo-filter/dubbo-filter-cache/src/main/resources/META-INF/dubbo/internal/com.alibaba.dubbo.cache.CacheFactory,2018-06-14T02:14:50Z
1707,1707,928292b1a1938dad96d3965e7f48da5dc0a09373,dubbo-filter/dubbo-filter-cache/src/test/java/com/alibaba/dubbo/cache/filter/CacheFilterTest.java,2018-06-14T02:14:50Z
1707,1707,928292b1a1938dad96d3965e7f48da5dc0a09373,dubbo-filter/dubbo-filter-cache/src/test/java/com/alibaba/dubbo/cache/support/expiring/ExpiringCacheFactoryTest.java,2018-06-14T02:14:50Z
1708,1708,60e3b19db518483296ff73245e548ce88c84f5a5,dubbo-filter/dubbo-filter-validation/src/main/java/com/alibaba/dubbo/validation/filter/ValidationFilter.java,2018-04-21T06:20:09Z
1709,1709,e5063679abf2ae2dc028b91b02cb8c8d41251a3d,dubbo-remoting/dubbo-remoting-api/src/main/java/com/alibaba/dubbo/remoting/exchange/support/header/HeaderExchangeServer.java,2018-05-31T08:21:55Z
1715,1715,11d5bd9ffadf11af0d13e6ab478829b4ae3c8572,pom.xml,2024-06-24T09:54:45Z
1716,1716,0c6346f21534a7505f79555a60a5dbaa72561a9e,dubbo-config/dubbo-config-api/src/main/java/com/alibaba/dubbo/config/AbstractConfig.java,2018-06-11T03:15:38Z
1717,1717,903db35c605709806ef6a91831e5ea2a26a2e8a1,dubbo-remoting/dubbo-remoting-netty4/src/main/java/com/alibaba/dubbo/remoting/transport/netty4/NettyClient.java,2018-05-03T07:07:34Z
1717,1717,903db35c605709806ef6a91831e5ea2a26a2e8a1,dubbo-remoting/dubbo-remoting-netty4/src/main/java/com/alibaba/dubbo/remoting/transport/netty4/NettyServer.java,2018-05-03T07:07:34Z
1717,1717,903db35c605709806ef6a91831e5ea2a26a2e8a1,dubbo-remoting/dubbo-remoting-netty4/src/main/java/com/alibaba/dubbo/remoting/transport/netty4/logging/NettyHelper.java,2018-05-03T07:07:34Z
1718,1718,11d5bd9ffadf11af0d13e6ab478829b4ae3c8572,pom.xml,2024-06-24T09:54:45Z
1721,1721,988768e589c703e2396b078657d81d6f9549735a,.codecov.yml,2023-02-16T02:09:10Z
1722,1722,ddc1ea4149d3e6879be21a55981f4ccb5ad14920,dubbo-remoting/dubbo-remoting-api/src/main/java/com/alibaba/dubbo/remoting/transport/dispatcher/execution/ExecutionChannelHandler.java,2018-05-14T08:05:42Z
1726,1726,db039c68d916ba74f03d87e61f667d689961a6bb,dubbo-serialization/dubbo-serialization-hessian2/src/test/java/com/alibaba/dubbo/common/serialize/serialization/AbstractSerializationTest.java,2018-05-03T08:26:12Z
1726,1726,db039c68d916ba74f03d87e61f667d689961a6bb,dubbo-serialization/dubbo-serialization-jdk/src/test/java/com/alibaba/dubbo/common/serialize/serialization/AbstractSerializationTest.java,2018-05-03T08:26:12Z
1726,1726,db039c68d916ba74f03d87e61f667d689961a6bb,dubbo-serialization/dubbo-serialization-jdk/src/test/java/com/alibaba/dubbo/common/serialize/serialization/NativeJavaSerializationTest.java,2018-05-03T08:26:12Z
1726,1726,db039c68d916ba74f03d87e61f667d689961a6bb,dubbo-serialization/dubbo-serialization-kryo/src/test/java/com/alibaba/dubbo/common/serialize/serialization/AbstractSerializationTest.java,2018-05-03T08:26:12Z
1732,1732,e5063679abf2ae2dc028b91b02cb8c8d41251a3d,dubbo-config/dubbo-config-api/src/main/java/com/alibaba/dubbo/config/AbstractInterfaceConfig.java,2018-05-31T08:21:55Z
1733,1733,a50328c116f9e59f1e5ee17dae5391b99af00c51,dubbo-config/dubbo-config-api/src/test/resources/META-INF/services/com.alibaba.dubbo.rpc.ExporterListener,2018-05-14T07:55:55Z
1733,1733,a50328c116f9e59f1e5ee17dae5391b99af00c51,dubbo-config/dubbo-config-api/src/test/resources/META-INF/services/com.alibaba.dubbo.rpc.cluster.LoadBalance,2018-05-14T07:55:55Z
1736,1736,11d5bd9ffadf11af0d13e6ab478829b4ae3c8572,pom.xml,2024-06-24T09:54:45Z
1738,1738,8b55a0b31e1c7f9b7d6df5171865bbc11a4d8544,dubbo-registry/dubbo-registry-api/src/main/java/com/alibaba/dubbo/registry/RegistryService.java,2018-06-08T03:41:08Z
1738,1738,8b55a0b31e1c7f9b7d6df5171865bbc11a4d8544,dubbo-registry/dubbo-registry-multicast/src/main/java/com/alibaba/dubbo/registry/multicast/MulticastRegistry.java,2018-06-08T03:41:08Z
1738,1738,8b55a0b31e1c7f9b7d6df5171865bbc11a4d8544,dubbo-registry/dubbo-registry-multicast/src/test/java/com/alibaba/dubbo/registry/multicast/MulticastRegistryTest.java,2018-06-08T03:41:08Z
1740,1740,28266668d38424bf936e21d16e6f32c8750685b7,dubbo-cluster/src/main/java/com/alibaba/dubbo/rpc/cluster/configurator/AbstractConfigurator.java,2018-06-07T11:06:41Z
1741,1741,322add3243aaa92f7d56cf68377ff065326337fa,dubbo-monitor/dubbo-monitor-api/src/test/java/com/alibaba/dubbo/monitor/support/AbstractMonitorFactoryTest.java,2018-05-14T07:48:41Z
1741,1741,322add3243aaa92f7d56cf68377ff065326337fa,dubbo-monitor/dubbo-monitor-api/src/test/java/com/alibaba/dubbo/monitor/support/MonitorFilterTest.java,2018-05-14T07:48:41Z
1741,1741,322add3243aaa92f7d56cf68377ff065326337fa,dubbo-monitor/dubbo-monitor-default/src/test/java/com/alibaba/dubbo/monitor/dubbo/DubboMonitorFactoryTest.java,2018-05-14T07:48:41Z
1741,1741,322add3243aaa92f7d56cf68377ff065326337fa,dubbo-monitor/dubbo-monitor-default/src/test/java/com/alibaba/dubbo/monitor/dubbo/DubboMonitorTest.java,2018-05-14T07:48:41Z
1741,1741,322add3243aaa92f7d56cf68377ff065326337fa,dubbo-monitor/dubbo-monitor-default/src/test/java/com/alibaba/dubbo/monitor/dubbo/StatisticsTest.java,2018-05-14T07:48:41Z
1745,1745,08205284b8e107b61d4db9959dc760b78b1af1a5,dubbo-rpc/dubbo-rpc-api/src/main/java/com/alibaba/dubbo/rpc/RpcContext.java,2018-06-14T01:06:28Z
1746,1746,bf58e49b222d992430713b2b720b48b30b12c387,dubbo-remoting/dubbo-remoting-netty/src/main/java/com/alibaba/dubbo/remoting/transport/netty/NettyServer.java,2018-05-09T10:50:52Z
1750,1750,d7047d1e3e47e2a8b8b25e9b53f543857ec6d205,dubbo-common/src/main/java/com/alibaba/dubbo/common/extension/ExtensionLoader.java,2018-05-12T12:49:49Z
1758,1758,22624508bbd30dd83b09b48303196d7dcd73c410,dubbo-config/dubbo-config-api/src/test/java/com/alibaba/dubbo/config/ProtocolConfigTest.java,2018-05-28T02:21:15Z
1759,1759,28266668d38424bf936e21d16e6f32c8750685b7,dubbo-cluster/src/test/java/com/alibaba/dubbo/rpc/cluster/support/AbstractClusterInvokerTest.java,2018-06-07T11:06:41Z
1760,1760,28266668d38424bf936e21d16e6f32c8750685b7,dubbo-common/src/test/java/com/alibaba/dubbo/common/json/JSONTest.java,2018-06-07T11:06:41Z
1761,1761,28266668d38424bf936e21d16e6f32c8750685b7,dubbo-common/src/test/java/com/alibaba/dubbo/common/json/JSONTest.java,2018-06-07T11:06:41Z
1762,1762,b8a7a399507cac33ccc410528fab4d89fe393204,dubbo-config/dubbo-config-spring/src/main/java/com/alibaba/dubbo/config/spring/AnnotationBean.java,2018-05-12T12:44:10Z
1763,1763,11d5bd9ffadf11af0d13e6ab478829b4ae3c8572,pom.xml,2024-06-24T09:54:45Z
1764,1764,b8a7a399507cac33ccc410528fab4d89fe393204,dubbo-config/dubbo-config-spring/src/main/java/com/alibaba/dubbo/config/spring/AnnotationBean.java,2018-05-12T12:44:10Z
1771,1771,11d5bd9ffadf11af0d13e6ab478829b4ae3c8572,pom.xml,2024-06-24T09:54:45Z
1775,1775,50895ff7f435a8e25e2b3ff5cf72f1aa9a82a4e8,dubbo-config/dubbo-config-api/src/test/java/com/alibaba/dubbo/config/RegistryConfigTest.java,2018-05-10T14:05:03Z
1776,1776,ddc1ea4149d3e6879be21a55981f4ccb5ad14920,dubbo-remoting/dubbo-remoting-api/src/main/java/com/alibaba/dubbo/remoting/transport/dispatcher/WrappedChannelHandler.java,2018-05-14T08:05:42Z
1776,1776,ddc1ea4149d3e6879be21a55981f4ccb5ad14920,dubbo-remoting/dubbo-remoting-api/src/main/java/com/alibaba/dubbo/remoting/transport/dispatcher/all/AllChannelHandler.java,2018-05-14T08:05:42Z
1776,1776,ddc1ea4149d3e6879be21a55981f4ccb5ad14920,dubbo-remoting/dubbo-remoting-api/src/main/java/com/alibaba/dubbo/remoting/transport/dispatcher/connection/ConnectionOrderedChannelHandler.java,2018-05-14T08:05:42Z
1776,1776,ddc1ea4149d3e6879be21a55981f4ccb5ad14920,dubbo-remoting/dubbo-remoting-api/src/main/java/com/alibaba/dubbo/remoting/transport/dispatcher/execution/ExecutionChannelHandler.java,2018-05-14T08:05:42Z
1776,1776,ddc1ea4149d3e6879be21a55981f4ccb5ad14920,dubbo-remoting/dubbo-remoting-api/src/main/java/com/alibaba/dubbo/remoting/transport/dispatcher/message/MessageOnlyChannelHandler.java,2018-05-14T08:05:42Z
1776,1776,ddc1ea4149d3e6879be21a55981f4ccb5ad14920,dubbo-remoting/dubbo-remoting-netty/src/test/java/com/alibaba/dubbo/remoting/transport/netty/ClientReconnectTest.java,2018-05-14T08:05:42Z
1779,1779,f4974c69b5fedcb896259bcc06ee2e7e7c00111a,hessian-lite/src/test/java/com/alibaba/com/caucho/hessian/io/Hessian1StringShortTest.java,2018-06-07T02:11:46Z
1779,1779,f4974c69b5fedcb896259bcc06ee2e7e7c00111a,hessian-lite/src/test/java/com/alibaba/com/caucho/hessian/io/Hessian2EnumSetTest.java,2018-06-07T02:11:46Z
1779,1779,f4974c69b5fedcb896259bcc06ee2e7e7c00111a,hessian-lite/src/test/java/com/alibaba/com/caucho/hessian/io/Hessian2StringShortTest.java,2018-06-07T02:11:46Z
1779,1779,f4974c69b5fedcb896259bcc06ee2e7e7c00111a,hessian-lite/src/test/java/com/alibaba/com/caucho/hessian/io/HessianJavaSerializeTest.java,2018-06-07T02:11:46Z
1779,1779,f4974c69b5fedcb896259bcc06ee2e7e7c00111a,hessian-lite/src/test/java/com/alibaba/com/caucho/hessian/io/LocaleSerializerTest.java,2018-06-07T02:11:46Z
1779,1779,f4974c69b5fedcb896259bcc06ee2e7e7c00111a,hessian-lite/src/test/java/com/alibaba/com/caucho/hessian/io/base/SerializeTestBase.java,2018-06-07T02:11:46Z
1780,1780,f4c210b6d6846cc72f92997b52c3dd4c563347be,dubbo-config/dubbo-config-api/src/test/java/com/alibaba/dubbo/config/ServiceConfigTest.java,2018-06-01T09:18:25Z
1781,1781,912deb69a8ee5f043a222ddeb2eef1e23d46957f,dubbo-remoting/dubbo-remoting-http/pom.xml,2023-04-05T06:10:53Z
1785,1785,11d5bd9ffadf11af0d13e6ab478829b4ae3c8572,pom.xml,2024-06-24T09:54:45Z
1791,1791,11d5bd9ffadf11af0d13e6ab478829b4ae3c8572,pom.xml,2024-06-24T09:54:45Z
1792,1792,28266668d38424bf936e21d16e6f32c8750685b7,dubbo-common/src/test/java/com/alibaba/dubbo/common/json/JSONTest.java,2018-06-07T11:06:41Z
1794,1794,28266668d38424bf936e21d16e6f32c8750685b7,dubbo-config/dubbo-config-api/src/test/java/com/alibaba/dubbo/config/url/UrlTestBase.java,2018-06-07T11:06:41Z
1795,1795,28266668d38424bf936e21d16e6f32c8750685b7,dubbo-config/dubbo-config-api/src/test/java/com/alibaba/dubbo/config/url/UrlTestBase.java,2018-06-07T11:06:41Z
1796,1796,6f3fcabae5fc53bad69b65a20687d77e58ab0ee1,dubbo-common/src/main/java/com/alibaba/dubbo/common/status/Status.java,2018-05-15T01:59:15Z
1796,1796,6f3fcabae5fc53bad69b65a20687d77e58ab0ee1,dubbo-common/src/main/java/com/alibaba/dubbo/common/status/support/LoadStatusChecker.java,2018-05-15T01:59:15Z
1796,1796,6f3fcabae5fc53bad69b65a20687d77e58ab0ee1,dubbo-common/src/test/java/com/alibaba/dubbo/common/status/StatusTest.java,2018-05-15T01:59:15Z
1796,1796,6f3fcabae5fc53bad69b65a20687d77e58ab0ee1,dubbo-common/src/test/java/com/alibaba/dubbo/common/status/support/LoadStatusCheckerTest.java,2018-05-15T01:59:15Z
1796,1796,6f3fcabae5fc53bad69b65a20687d77e58ab0ee1,dubbo-common/src/test/java/com/alibaba/dubbo/common/status/support/MemoryStatusCheckerTest.java,2018-05-15T01:59:15Z
1796,1796,6f3fcabae5fc53bad69b65a20687d77e58ab0ee1,dubbo-common/src/test/java/com/alibaba/dubbo/common/status/support/StatusUtilsTest.java,2018-05-15T01:59:15Z
1797,1797,f78f6d4fa2e600ec212371d5afdf4124fbfd46f0,dubbo-common/src/test/java/com/alibaba/dubbo/common/store/support/SimpleDataStoreTest.java,2018-05-15T05:33:52Z
1801,1801,c24eca7e1edefed758a0123c0141da21ed708a42,.gitignore,2024-05-08T03:06:02Z
1802,1802,3d2a0f80464884dccffbfedb4c3b5126f792a22b,dubbo-common/src/test/java/com/alibaba/dubbo/common/threadpool/support/cached/CachedThreadPoolTest.java,2018-05-15T10:52:54Z
1802,1802,3d2a0f80464884dccffbfedb4c3b5126f792a22b,dubbo-common/src/test/java/com/alibaba/dubbo/common/threadpool/support/eager/EagerThreadPoolTest.java,2018-05-15T10:52:54Z
1802,1802,3d2a0f80464884dccffbfedb4c3b5126f792a22b,dubbo-common/src/test/java/com/alibaba/dubbo/common/threadpool/support/fixed/FixedThreadPoolTest.java,2018-05-15T10:52:54Z
1802,1802,3d2a0f80464884dccffbfedb4c3b5126f792a22b,dubbo-common/src/test/java/com/alibaba/dubbo/common/threadpool/support/limited/LimitedThreadPoolTest.java,2018-05-15T10:52:54Z
1803,1803,fd7bab3cdf2650168e9eca625fd5311ffc7b1f5a,dubbo-common/src/main/java/com/alibaba/dubbo/common/threadlocal/InternalThreadLocal.java,2018-05-31T03:16:54Z
1804,1804,59f2b8b2f23b15bbe3cf012cc0314ab077a291a9,dubbo-common/src/test/java/com/alibaba/dubbo/common/utils/AssertTest.java,2018-05-16T02:10:21Z
1804,1804,59f2b8b2f23b15bbe3cf012cc0314ab077a291a9,dubbo-common/src/test/java/com/alibaba/dubbo/common/utils/AtomicPositiveIntegerTest.java,2018-05-16T02:10:21Z
1804,1804,59f2b8b2f23b15bbe3cf012cc0314ab077a291a9,dubbo-common/src/test/java/com/alibaba/dubbo/common/utils/ClassHelperTest.java,2018-05-16T02:10:21Z
1804,1804,59f2b8b2f23b15bbe3cf012cc0314ab077a291a9,dubbo-common/src/test/java/com/alibaba/dubbo/common/utils/CollectionUtilsTest.java,2018-05-16T02:10:21Z
1805,1805,3d2a0f80464884dccffbfedb4c3b5126f792a22b,dubbo-common/src/test/java/com/alibaba/dubbo/common/threadpool/support/cached/CachedThreadPoolTest.java,2018-05-15T10:52:54Z
1805,1805,3d2a0f80464884dccffbfedb4c3b5126f792a22b,dubbo-common/src/test/java/com/alibaba/dubbo/common/threadpool/support/eager/EagerThreadPoolTest.java,2018-05-15T10:52:54Z
1805,1805,3d2a0f80464884dccffbfedb4c3b5126f792a22b,dubbo-common/src/test/java/com/alibaba/dubbo/common/threadpool/support/fixed/FixedThreadPoolTest.java,2018-05-15T10:52:54Z
1805,1805,3d2a0f80464884dccffbfedb4c3b5126f792a22b,dubbo-common/src/test/java/com/alibaba/dubbo/common/threadpool/support/limited/LimitedThreadPoolTest.java,2018-05-15T10:52:54Z
1806,1806,eba466e0c8959f821c6c76d888bb6a55a2dfef3c,dubbo-common/src/test/resources/dubbo.properties,2021-09-23T09:38:19Z
1808,1808,3c55c802ac4553467d8fa109ac4601f4935d2766,dubbo-common/src/main/java/com/alibaba/dubbo/common/URL.java,2018-05-17T08:21:30Z
1808,1808,3c55c802ac4553467d8fa109ac4601f4935d2766,dubbo-common/src/test/java/com/alibaba/dubbo/common/URLTest.java,2018-05-17T08:21:30Z
1809,1809,988768e589c703e2396b078657d81d6f9549735a,.codecov.yml,2023-02-16T02:09:10Z
1810,1810,b8a7a399507cac33ccc410528fab4d89fe393204,dubbo-config/dubbo-config-spring/src/main/java/com/alibaba/dubbo/config/spring/AnnotationBean.java,2018-05-12T12:44:10Z
1811,1811,286fb12b011fd878b3d44ff6985e082e2141a164,dubbo-rpc/dubbo-rpc-hessian/src/test/java/com/alibaba/dubbo/rpc/protocol/hessian/HessianProtocolTest.java,2018-06-01T07:02:53Z
1818,1818,11d5bd9ffadf11af0d13e6ab478829b4ae3c8572,pom.xml,2024-06-24T09:54:45Z
1820,1820,247eeb39a5eedae2b9f37d1ed032da3497672e6f,dubbo-container/dubbo-container-spring/pom.xml,2022-11-26T02:39:34Z
1825,1825,0bf6910b672add6363004010ab6421158c7097dd,dubbo-cluster/src/main/java/com/alibaba/dubbo/rpc/cluster/support/FailbackClusterInvoker.java,2018-05-25T02:14:03Z
1825,1825,0bf6910b672add6363004010ab6421158c7097dd,dubbo-cluster/src/main/java/com/alibaba/dubbo/rpc/cluster/support/ForkingClusterInvoker.java,2018-05-25T02:14:03Z
1827,1827,d452ea492424ab470c2b2a47e4a5338d4dd6612b,dubbo-rpc/dubbo-rpc-rest/pom.xml,2023-07-12T04:26:03Z
1828,1828,928292b1a1938dad96d3965e7f48da5dc0a09373,dubbo-filter/dubbo-filter-cache/src/test/java/com/alibaba/dubbo/cache/filter/CacheFilterTest.java,2018-06-14T02:14:50Z
1831,1831,300f9c9fe1e4de8f14b494d8bf835b4e1ac6d5d6,dubbo-registry/dubbo-registry-redis/src/main/java/com/alibaba/dubbo/registry/redis/RedisRegistry.java,2018-05-23T02:10:46Z
1833,1833,db03f8c42b2cf33a9303233e31a4c9b8f88b836d,dubbo-remoting/dubbo-remoting-zookeeper/src/main/java/com/alibaba/dubbo/remoting/zookeeper/support/AbstractZookeeperClient.java,2018-05-25T02:28:21Z
1834,1834,1368e21d9bb1afda195b0411091cb90003658456,dubbo-common/pom.xml,2023-12-26T09:31:44Z
1836,1836,08205284b8e107b61d4db9959dc760b78b1af1a5,dubbo-rpc/dubbo-rpc-dubbo/src/main/java/com/alibaba/dubbo/rpc/protocol/dubbo/DubboProtocol.java,2018-06-14T01:06:28Z
1837,1837,5f5fecd68e209c79a7f9ac382b95296713c77bea,dubbo-config/dubbo-config-spring/src/main/java/com/alibaba/dubbo/config/spring/extension/SpringExtensionFactory.java,2018-05-31T08:11:00Z
1837,1837,5f5fecd68e209c79a7f9ac382b95296713c77bea,dubbo-config/dubbo-config-spring/src/test/java/com/alibaba/dubbo/config/spring/extension/BeanForContext2.java,2018-05-31T08:11:00Z
1837,1837,5f5fecd68e209c79a7f9ac382b95296713c77bea,dubbo-config/dubbo-config-spring/src/test/java/com/alibaba/dubbo/config/spring/extension/SpringExtensionFactoryTest.java,2018-05-31T08:11:00Z
1839,1839,08205284b8e107b61d4db9959dc760b78b1af1a5,dubbo-registry/dubbo-registry-api/src/main/java/com/alibaba/dubbo/registry/integration/RegistryProtocol.java,2018-06-14T01:06:28Z
1843,1843,11d5bd9ffadf11af0d13e6ab478829b4ae3c8572,pom.xml,2024-06-24T09:54:45Z
1849,1849,08205284b8e107b61d4db9959dc760b78b1af1a5,dubbo-rpc/dubbo-rpc-api/src/main/java/com/alibaba/dubbo/rpc/proxy/InvokerInvocationHandler.java,2018-06-14T01:06:28Z
1851,1851,1b553fd8112c5be291e1a2fedd4279554040d6d3,dubbo-config/dubbo-config-api/src/main/java/com/alibaba/dubbo/config/ProtocolConfig.java,2018-05-31T08:07:20Z
1855,1855,0c6346f21534a7505f79555a60a5dbaa72561a9e,dubbo-config/dubbo-config-api/src/main/java/com/alibaba/dubbo/config/AbstractConfig.java,2018-06-11T03:15:38Z
1856,1856,d452ea492424ab470c2b2a47e4a5338d4dd6612b,dubbo-rpc/dubbo-rpc-rest/pom.xml,2023-07-12T04:26:03Z
1858,1858,11d5bd9ffadf11af0d13e6ab478829b4ae3c8572,pom.xml,2024-06-24T09:54:45Z
1859,1859,ee9a3d53d4d8dcad17498747e92d15da42357e12,dubbo-remoting/dubbo-remoting-netty4/pom.xml,2022-12-12T06:35:13Z
1862,1862,ec0c7bce5acd62313e0964140e744fd1f85807c7,dubbo-common/src/test/java/com/alibaba/dubbo/common/utils/IOUtilsTest.java,2018-06-11T02:16:49Z
1865,1865,06d29f12ea2c4648188a433f524041e5c64a1cee,NOTICE,2024-01-02T10:50:56Z
1866,1866,11d5bd9ffadf11af0d13e6ab478829b4ae3c8572,pom.xml,2024-06-24T09:54:45Z
1868,1868,8bdecea7ef808d19f0449dd43ec85ba8dbaeeb26,dubbo-rpc/dubbo-rpc-redis/pom.xml,2020-08-17T05:38:04Z
1872,1872,28266668d38424bf936e21d16e6f32c8750685b7,dubbo-cluster/src/main/java/com/alibaba/dubbo/rpc/cluster/loadbalance/ConsistentHashLoadBalance.java,2018-06-07T11:06:41Z
1873,1873,f4c210b6d6846cc72f92997b52c3dd4c563347be,dubbo-config/dubbo-config-api/src/main/java/com/alibaba/dubbo/config/ServiceConfig.java,2018-06-01T09:18:25Z
1873,1873,f4c210b6d6846cc72f92997b52c3dd4c563347be,dubbo-config/dubbo-config-api/src/test/java/com/alibaba/dubbo/config/ServiceConfigTest.java,2018-06-01T09:18:25Z
1873,1873,f4c210b6d6846cc72f92997b52c3dd4c563347be,dubbo-config/dubbo-config-api/src/test/java/com/alibaba/dubbo/config/mock/TestProxyFactory.java,2018-06-01T09:18:25Z
1873,1873,f4c210b6d6846cc72f92997b52c3dd4c563347be,dubbo-config/dubbo-config-api/src/test/resources/META-INF/services/com.alibaba.dubbo.rpc.ProxyFactory,2018-06-01T09:18:25Z
1874,1874,0fc93d03456210839d95093ec4f2677e8f35677e,.travis.yml,2023-01-25T00:11:33Z
1876,1876,11d5bd9ffadf11af0d13e6ab478829b4ae3c8572,pom.xml,2024-06-24T09:54:45Z
1878,1878,f1af604e7e9791921f918fdb84750588cf0e3a15,dubbo-serialization/pom.xml,2022-07-15T02:18:41Z
1881,1881,11d5bd9ffadf11af0d13e6ab478829b4ae3c8572,pom.xml,2024-06-24T09:54:45Z
1882,1882,970964a01259e589e22ac96d324658232c205081,dubbo-remoting/pom.xml,2022-03-10T09:07:48Z
1885,1885,08205284b8e107b61d4db9959dc760b78b1af1a5,dubbo-remoting/dubbo-remoting-netty/src/test/java/com/alibaba/dubbo/remoting/exchange/support/header/HeartbeatHandlerTest.java,2018-06-14T01:06:28Z
1887,1887,0fc93d03456210839d95093ec4f2677e8f35677e,.travis.yml,2023-01-25T00:11:33Z
1889,1889,86984e60617d6f450a03ff8fe82f8bd54f20428f,dubbo-common/src/test/java/com/alibaba/dubbo/common/utils/LogHelperTest.java,2018-06-06T02:42:16Z
1889,1889,86984e60617d6f450a03ff8fe82f8bd54f20428f,dubbo-common/src/test/java/com/alibaba/dubbo/common/utils/LogTest.java,2018-06-06T02:42:16Z
1889,1889,86984e60617d6f450a03ff8fe82f8bd54f20428f,dubbo-common/src/test/java/com/alibaba/dubbo/common/utils/LogUtilTest.java,2018-06-06T02:42:16Z
1890,1890,11d5bd9ffadf11af0d13e6ab478829b4ae3c8572,pom.xml,2024-06-24T09:54:45Z
1891,1891,70ec90dae80cf1c1537f0dd83f8a844a905ebbdb,dubbo-common/src/main/java/com/alibaba/dubbo/common/utils/NetUtils.java,2018-06-11T05:50:51Z
1895,1895,c459f6c9afc43154fd9a9838f2dc96297dd0ce4d,dubbo-config/dubbo-config-spring/src/main/java/com/alibaba/dubbo/config/spring/util/PropertySourcesUtils.java,2018-06-08T03:12:31Z
1895,1895,c459f6c9afc43154fd9a9838f2dc96297dd0ce4d,dubbo-config/dubbo-config-spring/src/test/java/com/alibaba/dubbo/config/spring/util/PropertySourcesUtilsTest.java,2018-06-08T03:12:31Z
1898,1898,58dab96da4430efd54e6c563011eb6a9b2dbb861,dubbo-common/src/main/java/com/alibaba/dubbo/common/utils/ReflectUtils.java,2018-06-07T09:20:42Z
1898,1898,58dab96da4430efd54e6c563011eb6a9b2dbb861,dubbo-common/src/test/java/com/alibaba/dubbo/common/utils/ReflectUtilsTest.java,2018-06-07T09:20:42Z
1900,1900,8bc9257f4e09b2937e21842b90984dfcaefe97b6,dubbo-container/dubbo-container-api/src/main/resources/META-INF/assembly/bin/start.sh,2021-06-01T06:14:35Z
1904,1904,fc5f60c691ddc6879d8217a7b14cd1ba61ee2050,dubbo-common/src/test/java/com/alibaba/dubbo/common/utils/StringUtilsTest.java,2018-06-12T07:36:13Z
1906,1906,fc5f60c691ddc6879d8217a7b14cd1ba61ee2050,dubbo-common/src/test/java/com/alibaba/dubbo/common/utils/StringUtilsTest.java,2018-06-12T07:36:13Z
1907,1907,ec0c7bce5acd62313e0964140e744fd1f85807c7,dubbo-common/src/test/java/com/alibaba/dubbo/common/utils/IOUtilsTest.java,2018-06-11T02:16:49Z
1912,1912,70ec90dae80cf1c1537f0dd83f8a844a905ebbdb,dubbo-common/src/main/java/com/alibaba/dubbo/common/utils/NetUtils.java,2018-06-11T05:50:51Z
1913,1913,11d5bd9ffadf11af0d13e6ab478829b4ae3c8572,pom.xml,2024-06-24T09:54:45Z
1916,1916,08205284b8e107b61d4db9959dc760b78b1af1a5,dubbo-rpc/dubbo-rpc-dubbo/src/main/java/com/alibaba/dubbo/rpc/protocol/dubbo/DubboProtocol.java,2018-06-14T01:06:28Z
1918,1918,5a4c0768fd8989c1f82710a50a288e26fa69215a,dubbo-common/src/main/java/com/alibaba/dubbo/common/threadpool/support/eager/EagerThreadPoolExecutor.java,2018-06-12T08:50:28Z
1921,1921,1697a331c3b1803cf9f288c39cc837995d2a2d29,dubbo-plugin/dubbo-qos/pom.xml,2023-05-26T07:28:07Z
1936,1936,d2e5652cb057bd08bcd39d579bbde32f3f4823a9,dubbo-plugin/dubbo-qos/src/test/java/com/alibaba/dubbo/qos/textui/TKvTest.java,2018-06-13T06:33:24Z
1936,1936,d2e5652cb057bd08bcd39d579bbde32f3f4823a9,dubbo-plugin/dubbo-qos/src/test/java/com/alibaba/dubbo/qos/textui/TLadderTest.java,2018-06-13T06:33:24Z
1936,1936,d2e5652cb057bd08bcd39d579bbde32f3f4823a9,dubbo-plugin/dubbo-qos/src/test/java/com/alibaba/dubbo/qos/textui/TTableTest.java,2018-06-13T06:33:24Z
1936,1936,d2e5652cb057bd08bcd39d579bbde32f3f4823a9,dubbo-plugin/dubbo-qos/src/test/java/com/alibaba/dubbo/qos/textui/TTreeTest.java,2018-06-13T06:33:24Z
1938,1938,08205284b8e107b61d4db9959dc760b78b1af1a5,dubbo-rpc/dubbo-rpc-api/src/main/java/com/alibaba/dubbo/rpc/AsyncContext.java,2018-06-14T01:06:28Z
1938,1938,08205284b8e107b61d4db9959dc760b78b1af1a5,dubbo-rpc/dubbo-rpc-api/src/main/java/com/alibaba/dubbo/rpc/AsyncContextImpl.java,2018-06-14T01:06:28Z
1941,1941,79a1cca4ef1d583d2ae2c8e3f16eeea5881712cc,dubbo-config/dubbo-config-spring/src/main/java/org/apache/dubbo/config/spring/ReferenceBean.java,2024-07-04T07:14:55Z
1944,1944,00812ce41c44be6e5cd5e2b8e5bf602f806bbbca,dubbo-container/dubbo-container-api/src/main/java/org/apache/dubbo/container/Main.java,2024-03-29T03:40:06Z
1946,1946,e554427a1a50e40cb5e89ba5014eb8b90fe1fdab,dubbo-rpc/dubbo-rpc-api/src/main/java/org/apache/dubbo/rpc/AsyncContext.java,2021-12-27T02:24:09Z
1946,1946,e554427a1a50e40cb5e89ba5014eb8b90fe1fdab,dubbo-rpc/dubbo-rpc-api/src/main/java/org/apache/dubbo/rpc/AsyncContextImpl.java,2021-12-27T02:24:09Z
1948,1948,00812ce41c44be6e5cd5e2b8e5bf602f806bbbca,dubbo-plugin/dubbo-qos/src/main/java/org/apache/dubbo/qos/command/decoder/HttpCommandDecoder.java,2024-03-29T03:40:06Z
1948,1948,00812ce41c44be6e5cd5e2b8e5bf602f806bbbca,dubbo-plugin/dubbo-qos/src/main/java/org/apache/dubbo/qos/command/util/CommandHelper.java,2024-03-29T03:40:06Z
1948,1948,00812ce41c44be6e5cd5e2b8e5bf602f806bbbca,dubbo-plugin/dubbo-qos/src/main/java/org/apache/dubbo/qos/textui/TTable.java,2024-03-29T03:40:06Z
1949,1949,06605365c51fd4e8bbec50a9aa1061408063e50c,dubbo-plugin/dubbo-qos/src/test/java/org/apache/dubbo/qos/command/CommandContextFactoryTest.java,2023-03-17T05:33:49Z
1949,1949,06605365c51fd4e8bbec50a9aa1061408063e50c,dubbo-plugin/dubbo-qos/src/test/java/org/apache/dubbo/qos/command/CommandContextTest.java,2023-03-17T05:33:49Z
1949,1949,06605365c51fd4e8bbec50a9aa1061408063e50c,dubbo-plugin/dubbo-qos/src/test/java/org/apache/dubbo/qos/command/DefaultCommandExecutorTest.java,2023-03-17T05:33:49Z
1949,1949,06605365c51fd4e8bbec50a9aa1061408063e50c,dubbo-plugin/dubbo-qos/src/test/java/org/apache/dubbo/qos/command/GreetingCommand.java,2023-03-17T05:33:49Z
1951,1951,00812ce41c44be6e5cd5e2b8e5bf602f806bbbca,dubbo-plugin/dubbo-qos/src/main/java/org/apache/dubbo/qos/command/decoder/HttpCommandDecoder.java,2024-03-29T03:40:06Z
1951,1951,00812ce41c44be6e5cd5e2b8e5bf602f806bbbca,dubbo-plugin/dubbo-qos/src/main/java/org/apache/dubbo/qos/command/util/CommandHelper.java,2024-03-29T03:40:06Z
1951,1951,00812ce41c44be6e5cd5e2b8e5bf602f806bbbca,dubbo-plugin/dubbo-qos/src/main/java/org/apache/dubbo/qos/textui/TTable.java,2024-03-29T03:40:06Z
1952,1952,11d5bd9ffadf11af0d13e6ab478829b4ae3c8572,pom.xml,2024-06-24T09:54:45Z
1953,1953,05cecc55bccc5c4ab985f7bab3b3c63e7380ed01,dubbo-config/dubbo-config-spring/src/main/resources/META-INF/dubbo.xsd,2024-02-02T06:10:23Z
1956,1956,11d5bd9ffadf11af0d13e6ab478829b4ae3c8572,pom.xml,2024-06-24T09:54:45Z
1957,1957,faefee2cb2b64e10ff4f874f6da6e032d84f0ff2,dubbo-rpc/dubbo-rpc-api/src/main/java/org/apache/dubbo/rpc/support/RpcUtils.java,2024-05-08T03:51:00Z
1958,1958,7e51047cb084a9f9b09d934cf058074c534503f4,dubbo-remoting/dubbo-remoting-zookeeper/src/test/java/org/apache/dubbo/remoting/zookeeper/curator/CuratorZookeeperClientTest.java,2023-02-27T12:09:15Z
1959,1959,8bdecea7ef808d19f0449dd43ec85ba8dbaeeb26,dubbo-remoting/dubbo-remoting-p2p/pom.xml,2020-08-17T05:38:04Z
1966,1966,11d5bd9ffadf11af0d13e6ab478829b4ae3c8572,pom.xml,2024-06-24T09:54:45Z
1969,1969,00812ce41c44be6e5cd5e2b8e5bf602f806bbbca,dubbo-config/dubbo-config-api/src/main/java/org/apache/dubbo/config/ServiceConfig.java,2024-03-29T03:40:06Z
1970,1970,ec443043e2da83d946943baabf7f122f9efc0dcc,dubbo-config/dubbo-config-api/src/main/java/org/apache/dubbo/config/ReferenceConfig.java,2024-04-01T03:03:29Z
1973,1973,00812ce41c44be6e5cd5e2b8e5bf602f806bbbca,dubbo-common/src/main/java/org/apache/dubbo/common/timer/HashedWheelTimer.java,2024-03-29T03:40:06Z
1973,1973,00812ce41c44be6e5cd5e2b8e5bf602f806bbbca,dubbo-common/src/main/java/org/apache/dubbo/common/utils/StringUtils.java,2024-03-29T03:40:06Z
1974,1974,11d5bd9ffadf11af0d13e6ab478829b4ae3c8572,pom.xml,2024-06-24T09:54:45Z
1976,1976,06605365c51fd4e8bbec50a9aa1061408063e50c,dubbo-plugin/dubbo-qos/src/test/java/org/apache/dubbo/qos/command/GreetingCommand.java,2023-03-17T05:33:49Z
1976,1976,06605365c51fd4e8bbec50a9aa1061408063e50c,dubbo-plugin/dubbo-qos/src/test/java/org/apache/dubbo/qos/command/decoder/HttpCommandDecoderTest.java,2023-03-17T05:33:49Z
1976,1976,06605365c51fd4e8bbec50a9aa1061408063e50c,dubbo-plugin/dubbo-qos/src/test/java/org/apache/dubbo/qos/command/decoder/TelnetCommandDecoderTest.java,2023-03-17T05:33:49Z
1976,1976,06605365c51fd4e8bbec50a9aa1061408063e50c,dubbo-plugin/dubbo-qos/src/test/java/org/apache/dubbo/qos/command/impl/HelpTest.java,2023-03-17T05:33:49Z
1976,1976,06605365c51fd4e8bbec50a9aa1061408063e50c,dubbo-plugin/dubbo-qos/src/test/java/org/apache/dubbo/qos/command/impl/LsTest.java,2023-03-17T05:33:49Z
1980,1980,1697a331c3b1803cf9f288c39cc837995d2a2d29,dubbo-plugin/dubbo-qos/src/test/java/org/apache/dubbo/qos/command/util/CommandHelperTest.java,2023-05-26T07:28:07Z
1982,1982,1a6dbbe2ca3ddf3aa156016f2f734c10eb281f00,dubbo-plugin/dubbo-qos/src/main/java/org/apache/dubbo/qos/protocol/QosProtocolWrapper.java,2023-11-01T12:04:31Z
1987,1987,8bdecea7ef808d19f0449dd43ec85ba8dbaeeb26,dubbo-rpc/dubbo-rpc-redis/src/main/java/org/apache/dubbo/rpc/protocol/redis/RedisProtocol.java,2020-08-17T05:38:04Z
1989,1989,05cecc55bccc5c4ab985f7bab3b3c63e7380ed01,dubbo-config/dubbo-config-spring/src/main/resources/META-INF/dubbo.xsd,2024-02-02T06:10:23Z
1991,1991,11d5bd9ffadf11af0d13e6ab478829b4ae3c8572,pom.xml,2024-06-24T09:54:45Z
1993,1993,1a6dbbe2ca3ddf3aa156016f2f734c10eb281f00,dubbo-plugin/dubbo-qos/src/main/java/org/apache/dubbo/qos/protocol/QosProtocolWrapper.java,2023-11-01T12:04:31Z
1994,1994,f1af604e7e9791921f918fdb84750588cf0e3a15,dubbo-serialization/pom.xml,2022-07-15T02:18:41Z
1997,1997,e1f3e63ee6413f240992ae5deb83c7bd62ce4ba3,dubbo-remoting/dubbo-remoting-netty4/src/main/java/org/apache/dubbo/remoting/transport/netty4/NettyClientHandler.java,2022-11-07T09:40:41Z
1999,1999,ec443043e2da83d946943baabf7f122f9efc0dcc,dubbo-config/dubbo-config-api/src/main/java/org/apache/dubbo/config/ReferenceConfig.java,2024-04-01T03:03:29Z
2001,2001,1a6dbbe2ca3ddf3aa156016f2f734c10eb281f00,dubbo-plugin/dubbo-qos/src/main/java/org/apache/dubbo/qos/protocol/QosProtocolWrapper.java,2023-11-01T12:04:31Z
2004,2004,966efaab85a30d3d9339093381a7b069c2d71c64,dubbo-rpc/dubbo-rpc-api/src/test/java/org/apache/dubbo/rpc/filter/ExceptionFilterTest.java,2024-01-10T03:27:48Z
2005,2005,11d5bd9ffadf11af0d13e6ab478829b4ae3c8572,pom.xml,2024-06-24T09:54:45Z
2014,2014,79a1cca4ef1d583d2ae2c8e3f16eeea5881712cc,dubbo-config/dubbo-config-spring/src/main/java/org/apache/dubbo/config/spring/ReferenceBean.java,2024-07-04T07:14:55Z
2018,2018,8bdecea7ef808d19f0449dd43ec85ba8dbaeeb26,dubbo-registry/dubbo-registry-redis/src/main/java/org/apache/dubbo/registry/redis/RedisRegistry.java,2020-08-17T05:38:04Z
2018,2018,8bdecea7ef808d19f0449dd43ec85ba8dbaeeb26,dubbo-rpc/dubbo-rpc-redis/src/main/java/org/apache/dubbo/rpc/protocol/redis/RedisProtocol.java,2020-08-17T05:38:04Z
2018,2018,8bdecea7ef808d19f0449dd43ec85ba8dbaeeb26,dubbo-rpc/dubbo-rpc-redis/src/test/java/org/apache/dubbo/rpc/protocol/redis/RedisProtocolTest.java,2020-08-17T05:38:04Z
2019,2019,bed691b449913fdee6293e0fd87bbd0a16e8a417,dubbo-compatible/README.md,2018-07-05T02:38:09Z
2024,2024,28266668d38424bf936e21d16e6f32c8750685b7,dubbo-cluster/src/test/java/com/alibaba/dubbo/rpc/cluster/support/AbstractClusterInvokerTest.java,2018-06-07T11:06:41Z
2024,2024,28266668d38424bf936e21d16e6f32c8750685b7,dubbo-cluster/src/test/java/com/alibaba/dubbo/rpc/cluster/support/ForkingClusterInvokerTest.java,2018-06-07T11:06:41Z
2025,2025,6b3f54383f4b6102215e33ea879a389dff0fd1eb,README.md,2024-04-11T08:47:51Z
2026,2026,60e3b19db518483296ff73245e548ce88c84f5a5,dubbo-cluster/src/main/java/com/alibaba/dubbo/rpc/cluster/support/wrapper/MockClusterInvoker.java,2018-04-21T06:20:09Z
2032,2032,f4974c69b5fedcb896259bcc06ee2e7e7c00111a,hessian-lite/src/main/java/com/alibaba/com/caucho/hessian/io/JavaSerializer.java,2018-06-07T02:11:46Z
2034,2034,38e47c2e547cebdbd37c675fe1f305cded966162,dubbo-rpc/dubbo-rpc-dubbo/src/test/java/org/apache/dubbo/rpc/protocol/dubbo/DubboLazyConnectTest.java,2022-11-22T02:46:52Z
2036,2036,80b145db3e09c947f0b731776ec66694bafc4846,dubbo-config/dubbo-config-api/pom.xml,2024-05-14T03:48:31Z
2041,2041,00812ce41c44be6e5cd5e2b8e5bf602f806bbbca,dubbo-rpc/dubbo-rpc-injvm/src/main/java/org/apache/dubbo/rpc/protocol/injvm/InjvmProtocol.java,2024-03-29T03:40:06Z
2042,2042,8bdecea7ef808d19f0449dd43ec85ba8dbaeeb26,dubbo-rpc/dubbo-rpc-thrift/src/test/java/org/apache/dubbo/rpc/protocol/thrift/ThriftCodecTest.java,2020-08-17T05:38:04Z
2047,2047,988768e589c703e2396b078657d81d6f9549735a,.codecov.yml,2023-02-16T02:09:10Z
2049,2049,80b145db3e09c947f0b731776ec66694bafc4846,dubbo-config/dubbo-config-api/pom.xml,2024-05-14T03:48:31Z
2051,2051,8c786cdf01126cc559856968d211fa648788d4d2,dubbo-rpc/dubbo-rpc-api/src/test/java/org/apache/dubbo/rpc/filter/AccessLogFilterTest.java,2023-02-26T07:17:36Z
2053,2053,f07640fc7455726c841b009492dc5edf5f11c6d1,dubbo-config/dubbo-config-spring/src/test/java/org/apache/dubbo/config/spring/extension/SpringExtensionFactoryTest.java,2021-06-10T16:07:12Z
2057,2057,8c786cdf01126cc559856968d211fa648788d4d2,dubbo-rpc/dubbo-rpc-api/src/test/java/org/apache/dubbo/rpc/filter/AccessLogFilterTest.java,2023-02-26T07:17:36Z
2066,2066,730695a7a26967889405b12fc54099bb006c8231,dubbo-cluster/src/main/java/org/apache/dubbo/rpc/cluster/support/wrapper/MockClusterInvoker.java,2023-11-07T07:40:13Z
2070,2070,64aea16c0eceb9e3cf2576259c36f415259a3ded,dubbo-rpc/dubbo-rpc-dubbo/src/main/java/org/apache/dubbo/rpc/protocol/dubbo/FutureAdapter.java,2019-06-26T06:00:09Z
2071,2071,3fec277f962ddcac7f1962f23e96a917893e3f00,dubbo-config/dubbo-config-api/src/main/java/org/apache/dubbo/config/annotation/Service.java,2019-05-31T06:34:59Z
2073,2073,11d5bd9ffadf11af0d13e6ab478829b4ae3c8572,pom.xml,2024-06-24T09:54:45Z
2074,2074,11d5bd9ffadf11af0d13e6ab478829b4ae3c8572,pom.xml,2024-06-24T09:54:45Z
2076,2076,3fec277f962ddcac7f1962f23e96a917893e3f00,dubbo-config/dubbo-config-api/src/main/java/org/apache/dubbo/config/annotation/Service.java,2019-05-31T06:34:59Z
2077,2077,00812ce41c44be6e5cd5e2b8e5bf602f806bbbca,dubbo-common/src/main/java/org/apache/dubbo/common/utils/UrlUtils.java,2024-03-29T03:40:06Z
2078,2078,7621c9e3d1b480c03146fb51355957e3197cadfd,dubbo-config/dubbo-config-spring/src/test/resources/org/apache/dubbo/config/spring/annotation-version-consumer.xml,2019-10-14T04:58:42Z
2079,2079,dfd135eb95d92ffc3519426b812e274f43b49e9d,dubbo-common/src/main/java/org/apache/dubbo/common/URL.java,2024-05-08T06:09:08Z
2079,2079,dfd135eb95d92ffc3519426b812e274f43b49e9d,dubbo-common/src/test/java/org/apache/dubbo/common/URLTest.java,2024-05-08T06:09:08Z
2080,2080,11d5bd9ffadf11af0d13e6ab478829b4ae3c8572,pom.xml,2024-06-24T09:54:45Z
2081,2081,7621c9e3d1b480c03146fb51355957e3197cadfd,dubbo-config/dubbo-config-spring/src/test/resources/org/apache/dubbo/config/spring/annotation-version-consumer.xml,2019-10-14T04:58:42Z
2082,2082,d0454fdbef0b7724cf5747a276f292eb14c8ab05,dubbo-config/dubbo-config-spring/src/main/java/org/apache/dubbo/config/spring/beans/factory/annotation/ServiceAnnotationBeanPostProcessor.java,2021-06-08T08:44:54Z
2084,2084,c5dd1ea581622f03038255a43a4f808707afe5f2,dubbo-config/dubbo-config-api/src/main/java/org/apache/dubbo/config/annotation/Reference.java,2019-07-27T00:46:57Z
2086,2086,6ad735d74a7f1c5d694f212061e04af9c90a8d3b,dubbo-remoting/dubbo-remoting-api/src/main/java/org/apache/dubbo/remoting/exchange/support/header/HeaderExchangeHandler.java,2023-07-03T02:16:14Z
2090,2090,11d5bd9ffadf11af0d13e6ab478829b4ae3c8572,pom.xml,2024-06-24T09:54:45Z
2092,2092,00812ce41c44be6e5cd5e2b8e5bf602f806bbbca,dubbo-rpc/dubbo-rpc-rest/src/main/java/org/apache/dubbo/rpc/protocol/rest/RestProtocol.java,2024-03-29T03:40:06Z
2094,2094,8e2eb332a1d7aece2d344daa26a8b078420b3034,dubbo-common/src/test/java/org/apache/dubbo/common/bytecode/ClassGeneratorTest.java,2024-05-10T16:27:46Z
2097,2097,25b73b1a135ae75ed50c68e6b5acd694067fd325,dubbo-config/dubbo-config-api/src/test/java/org/apache/dubbo/config/AbstractConfigTest.java,2023-12-27T15:19:51Z
2098,2098,71b9f6aa06afaa17a7cbdff0eeefda3757c0a638,dubbo-config/dubbo-config-spring/src/main/java/org/apache/dubbo/config/spring/status/SpringStatusChecker.java,2022-11-07T09:40:15Z
2101,2101,c10d95b56a48e88d9014238a56e7ee1ea18a33d2,dubbo-rpc/dubbo-rpc-api/src/main/java/org/apache/dubbo/rpc/AsyncRpcResult.java,2023-10-11T15:32:30Z
2103,2103,8bdecea7ef808d19f0449dd43ec85ba8dbaeeb26,dubbo-rpc/dubbo-rpc-hessian/src/main/java/org/apache/dubbo/rpc/protocol/hessian/HessianProtocol.java,2020-08-17T05:38:04Z
2103,2103,8bdecea7ef808d19f0449dd43ec85ba8dbaeeb26,dubbo-rpc/dubbo-rpc-hessian/src/main/java/org/apache/dubbo/rpc/protocol/hessian/HttpClientConnectionFactory.java,2020-08-17T05:38:04Z
2105,2105,11d5bd9ffadf11af0d13e6ab478829b4ae3c8572,pom.xml,2024-06-24T09:54:45Z
2107,2107,f03823eec1610ab40fa894e279614703617ab29b,dubbo-remoting/dubbo-remoting-api/src/main/java/org/apache/dubbo/remoting/transport/AbstractClient.java,2024-04-07T02:31:23Z
2109,2109,11d5bd9ffadf11af0d13e6ab478829b4ae3c8572,pom.xml,2024-06-24T09:54:45Z
2111,2111,e5063679abf2ae2dc028b91b02cb8c8d41251a3d,dubbo-config/dubbo-config-api/src/main/java/com/alibaba/dubbo/config/AbstractInterfaceConfig.java,2018-05-31T08:21:55Z
2114,2114,05cecc55bccc5c4ab985f7bab3b3c63e7380ed01,dubbo-config/dubbo-config-spring/src/main/resources/META-INF/dubbo.xsd,2024-02-02T06:10:23Z
2117,2117,e5063679abf2ae2dc028b91b02cb8c8d41251a3d,dubbo-common/src/main/java/com/alibaba/dubbo/common/Version.java,2018-05-31T08:21:55Z
2118,2118,523a4189b8a7233c926eab1218daf627a3e870b8,dubbo-common/src/main/java/org/apache/dubbo/common/Version.java,2024-06-04T14:59:16Z
2119,2119,11d5bd9ffadf11af0d13e6ab478829b4ae3c8572,pom.xml,2024-06-24T09:54:45Z
2122,2122,6b3f54383f4b6102215e33ea879a389dff0fd1eb,README.md,2024-04-11T08:47:51Z
2123,2123,d0e628eb32e4f38ca10b0148de59ac8c587fceb7,all/pom.xml,2018-07-26T08:24:07Z
2124,2124,8bdecea7ef808d19f0449dd43ec85ba8dbaeeb26,dubbo-rpc/dubbo-rpc-http/src/main/resources/META-INF/dubbo/internal/org.apache.dubbo.rpc.Protocol,2020-08-17T05:38:04Z
2125,2125,730695a7a26967889405b12fc54099bb006c8231,dubbo-cluster/src/main/java/org/apache/dubbo/rpc/cluster/support/AbstractClusterInvoker.java,2023-11-07T07:40:13Z
2125,2125,730695a7a26967889405b12fc54099bb006c8231,dubbo-cluster/src/main/java/org/apache/dubbo/rpc/cluster/support/ForkingClusterInvoker.java,2023-11-07T07:40:13Z
2125,2125,730695a7a26967889405b12fc54099bb006c8231,dubbo-cluster/src/test/java/org/apache/dubbo/rpc/cluster/support/AbstractClusterInvokerTest.java,2023-11-07T07:40:13Z
2125,2125,730695a7a26967889405b12fc54099bb006c8231,dubbo-cluster/src/test/java/org/apache/dubbo/rpc/cluster/support/FailoverClusterInvokerTest.java,2023-11-07T07:40:13Z
2125,2125,730695a7a26967889405b12fc54099bb006c8231,dubbo-cluster/src/test/java/org/apache/dubbo/rpc/cluster/support/ForkingClusterInvokerTest.java,2023-11-07T07:40:13Z
2126,2126,cd78bba7b7c7134b1317275da3ffc277dc6f54d0,dubbo-config/dubbo-config-spring/pom.xml,2024-05-14T03:48:23Z
2130,2130,0fc93d03456210839d95093ec4f2677e8f35677e,.travis.yml,2023-01-25T00:11:33Z
2133,2133,2604618095e0aeec06b616dda105f61bdd3757d8,dubbo-config/dubbo-config-spring/src/main/java/org/apache/dubbo/config/spring/AnnotationBean.java,2019-03-26T07:57:07Z
2135,2135,f03823eec1610ab40fa894e279614703617ab29b,dubbo-remoting/dubbo-remoting-api/src/main/java/org/apache/dubbo/remoting/transport/AbstractClient.java,2024-04-07T02:31:23Z
2137,2137,720a3afe31d883c16778b910ece6b02da3c5215a,dubbo-common/src/main/java/com/alibaba/dubbo/common/utils/CompatibleTypeUtils.java,2017-12-19T09:03:56Z
2137,2137,720a3afe31d883c16778b910ece6b02da3c5215a,dubbo-common/src/test/java/com/alibaba/dubbo/common/utils/CompatibleTypeUtilsTest.java,2017-12-19T09:03:56Z
2138,2138,c272af38c65649ec5dd4348ccf73fb699fa976a2,dubbo-common/src/main/java/org/apache/dubbo/common/utils/CompatibleTypeUtils.java,2023-03-02T22:43:37Z
2139,2139,60e3b19db518483296ff73245e548ce88c84f5a5,dubbo-cluster/src/main/java/com/alibaba/dubbo/rpc/cluster/support/FailoverClusterInvoker.java,2018-04-21T06:20:09Z
2143,2143,11d5bd9ffadf11af0d13e6ab478829b4ae3c8572,pom.xml,2024-06-24T09:54:45Z
2145,2145,00812ce41c44be6e5cd5e2b8e5bf602f806bbbca,dubbo-cluster/src/main/java/org/apache/dubbo/rpc/cluster/support/FailoverClusterInvoker.java,2024-03-29T03:40:06Z
2146,2146,301bc34f66f59d39a66fcc98962045cdf64b3e21,dubbo-rpc/dubbo-rpc-redis/src/test/java/com/alibaba/dubbo/rpc/protocol/redis/RedisProtocolTest.java,2018-06-01T04:29:34Z
2147,2147,6b3f54383f4b6102215e33ea879a389dff0fd1eb,README.md,2024-04-11T08:47:51Z
2148,2148,d2ae941502410fbbf937e654b25f1399eedd3fbf,dependencies-bom/pom.xml,2018-07-09T14:32:24Z
2150,2150,189d76be5d94d43d8054cc58d48507380aea99a3,dubbo-registry/dubbo-registry-zookeeper/src/main/java/org/apache/dubbo/registry/zookeeper/ZookeeperRegistry.java,2024-05-21T03:36:53Z
2152,2152,6b3f54383f4b6102215e33ea879a389dff0fd1eb,README.md,2024-04-11T08:47:51Z
2153,2153,f224fc5a47ae87817a91241109f1fcab1fee1539,dubbo-registry/dubbo-registry-api/src/main/java/org/apache/dubbo/registry/integration/RegistryProtocol.java,2024-07-03T02:12:33Z
2155,2155,0eb0e01b39d425b2e0546c6dd46a851fa3026439,dubbo-rpc/dubbo-rpc-api/src/main/java/org/apache/dubbo/rpc/filter/ContextFilter.java,2023-02-10T07:31:32Z
2156,2156,730695a7a26967889405b12fc54099bb006c8231,dubbo-cluster/src/main/java/org/apache/dubbo/rpc/cluster/support/AbstractClusterInvoker.java,2023-11-07T07:40:13Z
2156,2156,730695a7a26967889405b12fc54099bb006c8231,dubbo-cluster/src/main/java/org/apache/dubbo/rpc/cluster/support/AvailableClusterInvoker.java,2023-11-07T07:40:13Z
2156,2156,730695a7a26967889405b12fc54099bb006c8231,dubbo-cluster/src/main/java/org/apache/dubbo/rpc/cluster/support/BroadcastClusterInvoker.java,2023-11-07T07:40:13Z
2156,2156,730695a7a26967889405b12fc54099bb006c8231,dubbo-cluster/src/test/java/org/apache/dubbo/rpc/cluster/support/AbstractClusterInvokerTest.java,2023-11-07T07:40:13Z
2156,2156,730695a7a26967889405b12fc54099bb006c8231,dubbo-cluster/src/test/java/org/apache/dubbo/rpc/cluster/support/FailbackClusterInvokerTest.java,2023-11-07T07:40:13Z
2156,2156,730695a7a26967889405b12fc54099bb006c8231,dubbo-cluster/src/test/java/org/apache/dubbo/rpc/cluster/support/FailfastClusterInvokerTest.java,2023-11-07T07:40:13Z
2156,2156,730695a7a26967889405b12fc54099bb006c8231,dubbo-cluster/src/test/java/org/apache/dubbo/rpc/cluster/support/wrapper/MockClusterInvokerTest.java,2023-11-07T07:40:13Z
2159,2159,0d91d419a8b25a9917a03dc68a3eb5069ac856ea,dubbo-common/src/main/java/org/apache/dubbo/common/extension/ExtensionLoader.java,2023-10-19T07:25:40Z
2160,2160,f224fc5a47ae87817a91241109f1fcab1fee1539,dubbo-registry/dubbo-registry-api/src/main/java/org/apache/dubbo/registry/integration/RegistryProtocol.java,2024-07-03T02:12:33Z
2161,2161,6b3f54383f4b6102215e33ea879a389dff0fd1eb,README.md,2024-04-11T08:47:51Z
2166,2166,e5063679abf2ae2dc028b91b02cb8c8d41251a3d,dubbo-config/dubbo-config-api/src/main/java/com/alibaba/dubbo/config/AbstractInterfaceConfig.java,2018-05-31T08:21:55Z
2167,2167,87547793e0530aabdf429218629def9001347252,dubbo-config/dubbo-config-api/src/main/java/org/apache/dubbo/config/AbstractInterfaceConfig.java,2019-10-21T09:02:05Z
2170,2170,00812ce41c44be6e5cd5e2b8e5bf602f806bbbca,dubbo-compatible/src/main/java/com/alibaba/dubbo/config/ServiceConfig.java,2024-03-29T03:40:06Z
2171,2171,912deb69a8ee5f043a222ddeb2eef1e23d46957f,dubbo-rpc/dubbo-rpc-rest/src/main/java/org/apache/dubbo/rpc/protocol/rest/RpcContextFilter.java,2023-04-05T06:10:53Z
2172,2172,730695a7a26967889405b12fc54099bb006c8231,dubbo-cluster/src/main/java/org/apache/dubbo/rpc/cluster/loadbalance/LeastActiveLoadBalance.java,2023-11-07T07:40:13Z
2172,2172,730695a7a26967889405b12fc54099bb006c8231,dubbo-cluster/src/test/java/org/apache/dubbo/rpc/cluster/loadbalance/LeastActiveBalanceTest.java,2023-11-07T07:40:13Z
2172,2172,730695a7a26967889405b12fc54099bb006c8231,dubbo-cluster/src/test/java/org/apache/dubbo/rpc/cluster/loadbalance/LoadBalanceBaseTest.java,2023-11-07T07:40:13Z
2172,2172,730695a7a26967889405b12fc54099bb006c8231,dubbo-cluster/src/test/java/org/apache/dubbo/rpc/cluster/loadbalance/RandomLoadBalanceTest.java,2023-11-07T07:40:13Z
2172,2172,730695a7a26967889405b12fc54099bb006c8231,dubbo-cluster/src/test/java/org/apache/dubbo/rpc/cluster/loadbalance/RoundRobinLoadBalanceTest.java,2023-11-07T07:40:13Z
2173,2173,0d91d419a8b25a9917a03dc68a3eb5069ac856ea,dubbo-compatible/src/main/java/com/alibaba/dubbo/config/annotation/Reference.java,2023-10-19T07:25:40Z
2175,2175,e5063679abf2ae2dc028b91b02cb8c8d41251a3d,dubbo-common/src/main/java/com/alibaba/dubbo/common/Version.java,2018-05-31T08:21:55Z
2176,2176,523a4189b8a7233c926eab1218daf627a3e870b8,dubbo-common/src/main/java/org/apache/dubbo/common/Version.java,2024-06-04T14:59:16Z
2183,2183,0d91d419a8b25a9917a03dc68a3eb5069ac856ea,dubbo-compatible/src/main/java/com/alibaba/dubbo/config/annotation/Reference.java,2023-10-19T07:25:40Z
2185,2185,52250b8a2086ca361fc3c3912720e3eb3d495b17,dubbo-remoting/dubbo-remoting-api/src/main/java/org/apache/dubbo/remoting/exchange/support/DefaultFuture.java,2023-09-12T04:45:03Z
2186,2186,5672670d8876b3a85201a38577c49cb7376bd7ab,dubbo-common/src/main/java/org/apache/dubbo/common/threadpool/support/eager/EagerThreadPoolExecutor.java,2022-01-23T09:11:42Z
2189,2189,17b75a78955effbf82f4cd958c37545209c152e1,dubbo-cluster/src/main/java/org/apache/dubbo/rpc/cluster/directory/AbstractDirectory.java,2024-02-29T03:26:11Z
2190,2190,00812ce41c44be6e5cd5e2b8e5bf602f806bbbca,dubbo-cluster/src/main/java/org/apache/dubbo/rpc/cluster/loadbalance/ConsistentHashLoadBalance.java,2024-03-29T03:40:06Z
2192,2192,a50328c116f9e59f1e5ee17dae5391b99af00c51,dubbo-config/dubbo-config-api/src/test/java/com/alibaba/dubbo/config/AbstractConfigTest.java,2018-05-14T07:55:55Z
2193,2193,7bb8fd7e8cbd5b67d6c86dcbc7c95f7e76002f58,dubbo-common/src/main/java/com/alibaba/dubbo/common/extension/Activate.java,2023-02-09T01:38:26Z
2193,2193,7bb8fd7e8cbd5b67d6c86dcbc7c95f7e76002f58,dubbo-common/src/main/java/org/apache/dubbo/common/extension/Activate.java,2023-02-09T01:38:26Z
2195,2195,b7b34b6c475912c4c805b389954fd897bdd9f769,dubbo-serialization/dubbo-serialization-api/pom.xml,2019-08-08T08:22:48Z
2195,2195,b7b34b6c475912c4c805b389954fd897bdd9f769,dubbo-serialization/dubbo-serialization-hessian2/pom.xml,2019-08-08T08:22:48Z
2196,2196,7e51047cb084a9f9b09d934cf058074c534503f4,dubbo-registry/dubbo-registry-api/src/test/java/org/apache/dubbo/registry/support/AbstractRegistryTest.java,2023-02-27T12:09:15Z
2197,2197,00812ce41c44be6e5cd5e2b8e5bf602f806bbbca,dubbo-rpc/dubbo-rpc-dubbo/src/main/java/org/apache/dubbo/rpc/protocol/dubbo/DubboProtocol.java,2024-03-29T03:40:06Z
2198,2198,ac8ee831c9566569b8a58298983ee7e7ff30e4d8,dubbo-dependencies-bom/pom.xml,2024-07-02T06:27:45Z
2199,2199,00812ce41c44be6e5cd5e2b8e5bf602f806bbbca,dubbo-monitor/dubbo-monitor-api/src/main/java/org/apache/dubbo/monitor/support/AbstractMonitorFactory.java,2024-03-29T03:40:06Z
2200,2200,7e51047cb084a9f9b09d934cf058074c534503f4,dubbo-registry/dubbo-registry-api/src/test/java/org/apache/dubbo/registry/support/AbstractRegistryTest.java,2023-02-27T12:09:15Z
2201,2201,1368e21d9bb1afda195b0411091cb90003658456,dubbo-common/pom.xml,2023-12-26T09:31:44Z
2202,2202,1368e21d9bb1afda195b0411091cb90003658456,dubbo-common/pom.xml,2023-12-26T09:31:44Z
2203,2203,00812ce41c44be6e5cd5e2b8e5bf602f806bbbca,dubbo-monitor/dubbo-monitor-api/src/main/java/org/apache/dubbo/monitor/support/AbstractMonitorFactory.java,2024-03-29T03:40:06Z
2204,2204,11d5bd9ffadf11af0d13e6ab478829b4ae3c8572,pom.xml,2024-06-24T09:54:45Z
2205,2205,7e51047cb084a9f9b09d934cf058074c534503f4,dubbo-registry/dubbo-registry-api/src/test/java/org/apache/dubbo/registry/support/AbstractRegistryTest.java,2023-02-27T12:09:15Z
2206,2206,0b380e32807e51ad9f6b61f27556915a184f9681,dubbo-common/src/main/java/org/apache/dubbo/common/Constants.java,2019-05-14T08:12:30Z
2207,2207,11d5bd9ffadf11af0d13e6ab478829b4ae3c8572,pom.xml,2024-06-24T09:54:45Z
2208,2208,0e76eb000b92a8719413cd0eacabb70d4fb9f7a2,dubbo-serialization/dubbo-serialization-kryo/src/main/java/org/apache/dubbo/common/serialize/kryo/utils/AbstractKryoFactory.java,2019-08-14T02:08:04Z
2209,2209,05cecc55bccc5c4ab985f7bab3b3c63e7380ed01,dubbo-config/dubbo-config-spring/src/main/resources/META-INF/dubbo.xsd,2024-02-02T06:10:23Z
2210,2210,dbca54ca237b16e157ada4aa2b98eb29117fb2ba,dubbo-serialization/dubbo-serialization-kryo/src/main/java/org/apache/dubbo/common/serialize/kryo/CompatibleKryo.java,2018-11-15T03:33:24Z
2211,2211,dbca54ca237b16e157ada4aa2b98eb29117fb2ba,dubbo-serialization/dubbo-serialization-kryo/src/main/java/org/apache/dubbo/common/serialize/kryo/CompatibleKryo.java,2018-11-15T03:33:24Z
2212,2212,fed4755cd6693e51d8f99555b1d339019e591917,dubbo-registry/dubbo-registry-api/src/main/java/org/apache/dubbo/registry/support/FailbackRegistry.java,2024-01-02T02:22:13Z
2213,2213,00812ce41c44be6e5cd5e2b8e5bf602f806bbbca,dubbo-monitor/dubbo-monitor-api/src/main/java/org/apache/dubbo/monitor/support/AbstractMonitorFactory.java,2024-03-29T03:40:06Z
2214,2214,ac8ee831c9566569b8a58298983ee7e7ff30e4d8,dubbo-dependencies-bom/pom.xml,2024-07-02T06:27:45Z
2217,2217,aa54350c6f5abd0803ace8c14b9a731b69100d03,dubbo-remoting/dubbo-remoting-zookeeper/src/main/java/org/apache/dubbo/remoting/zookeeper/curator/CuratorZookeeperClient.java,2023-07-31T11:11:49Z
2220,2220,914c3777bb4a8b6f7835dc6eb99d3f9dc17f459d,dubbo-serialization/dubbo-serialization-api/src/main/java/org/apache/dubbo/common/serialize/support/SerializableClassRegistry.java,2021-09-14T05:58:18Z
2221,2221,dfd135eb95d92ffc3519426b812e274f43b49e9d,dubbo-common/src/main/java/org/apache/dubbo/common/URL.java,2024-05-08T06:09:08Z
2223,2223,1368e21d9bb1afda195b0411091cb90003658456,dubbo-common/pom.xml,2023-12-26T09:31:44Z
2225,2225,11d5bd9ffadf11af0d13e6ab478829b4ae3c8572,pom.xml,2024-06-24T09:54:45Z
2228,2228,05cecc55bccc5c4ab985f7bab3b3c63e7380ed01,dubbo-config/dubbo-config-spring/src/main/resources/META-INF/dubbo.xsd,2024-02-02T06:10:23Z
2230,2230,dfd135eb95d92ffc3519426b812e274f43b49e9d,dubbo-common/src/main/java/org/apache/dubbo/common/URL.java,2024-05-08T06:09:08Z
2231,2231,0872090fa4fbd70ba302978ce3575f4cdafb7f1e,dubbo-rpc/dubbo-rpc-dubbo/src/main/java/org/apache/dubbo/rpc/protocol/dubbo/telnet/InvokeTelnetHandler.java,2019-09-03T06:17:40Z
2232,2232,11d5bd9ffadf11af0d13e6ab478829b4ae3c8572,pom.xml,2024-06-24T09:54:45Z
2236,2236,0872090fa4fbd70ba302978ce3575f4cdafb7f1e,dubbo-rpc/dubbo-rpc-dubbo/src/main/java/org/apache/dubbo/rpc/protocol/dubbo/telnet/InvokeTelnetHandler.java,2019-09-03T06:17:40Z
2237,2237,0df34a1a20811d4a03032d03dac146c59bd52b34,dubbo-remoting/dubbo-remoting-api/src/main/java/org/apache/dubbo/remoting/telnet/support/TelnetHandlerAdapter.java,2022-12-22T02:02:22Z
2239,2239,7e51047cb084a9f9b09d934cf058074c534503f4,dubbo-registry/dubbo-registry-api/src/test/java/org/apache/dubbo/registry/support/AbstractRegistryTest.java,2023-02-27T12:09:15Z
2240,2240,00812ce41c44be6e5cd5e2b8e5bf602f806bbbca,dubbo-config/dubbo-config-api/src/main/java/org/apache/dubbo/config/ServiceConfig.java,2024-03-29T03:40:06Z
2241,2241,00812ce41c44be6e5cd5e2b8e5bf602f806bbbca,dubbo-config/dubbo-config-api/src/main/java/org/apache/dubbo/config/ServiceConfig.java,2024-03-29T03:40:06Z
2242,2242,00812ce41c44be6e5cd5e2b8e5bf602f806bbbca,dubbo-config/dubbo-config-api/src/main/java/org/apache/dubbo/config/ServiceConfig.java,2024-03-29T03:40:06Z
2243,2243,00812ce41c44be6e5cd5e2b8e5bf602f806bbbca,dubbo-config/dubbo-config-api/src/main/java/org/apache/dubbo/config/ServiceConfig.java,2024-03-29T03:40:06Z
2244,2244,00812ce41c44be6e5cd5e2b8e5bf602f806bbbca,dubbo-config/dubbo-config-api/src/main/java/org/apache/dubbo/config/ServiceConfig.java,2024-03-29T03:40:06Z
2245,2245,00812ce41c44be6e5cd5e2b8e5bf602f806bbbca,dubbo-config/dubbo-config-api/src/main/java/org/apache/dubbo/config/ServiceConfig.java,2024-03-29T03:40:06Z
2246,2246,0872090fa4fbd70ba302978ce3575f4cdafb7f1e,dubbo-rpc/dubbo-rpc-dubbo/src/main/java/org/apache/dubbo/rpc/protocol/dubbo/telnet/InvokeTelnetHandler.java,2019-09-03T06:17:40Z
2247,2247,7e51047cb084a9f9b09d934cf058074c534503f4,dubbo-registry/dubbo-registry-api/src/test/java/org/apache/dubbo/registry/support/AbstractRegistryTest.java,2023-02-27T12:09:15Z
2248,2248,00812ce41c44be6e5cd5e2b8e5bf602f806bbbca,dubbo-config/dubbo-config-api/src/main/java/org/apache/dubbo/config/ServiceConfig.java,2024-03-29T03:40:06Z
2250,2250,1368e21d9bb1afda195b0411091cb90003658456,dubbo-common/pom.xml,2023-12-26T09:31:44Z
2252,2252,00812ce41c44be6e5cd5e2b8e5bf602f806bbbca,dubbo-config/dubbo-config-api/src/main/java/org/apache/dubbo/config/ServiceConfig.java,2024-03-29T03:40:06Z
2253,2253,00812ce41c44be6e5cd5e2b8e5bf602f806bbbca,dubbo-config/dubbo-config-api/src/main/java/org/apache/dubbo/config/ServiceConfig.java,2024-03-29T03:40:06Z
2254,2254,0872090fa4fbd70ba302978ce3575f4cdafb7f1e,dubbo-rpc/dubbo-rpc-dubbo/src/main/java/org/apache/dubbo/rpc/protocol/dubbo/telnet/InvokeTelnetHandler.java,2019-09-03T06:17:40Z
2255,2255,0872090fa4fbd70ba302978ce3575f4cdafb7f1e,dubbo-rpc/dubbo-rpc-dubbo/src/main/java/org/apache/dubbo/rpc/protocol/dubbo/telnet/InvokeTelnetHandler.java,2019-09-03T06:17:40Z
2256,2256,11d5bd9ffadf11af0d13e6ab478829b4ae3c8572,pom.xml,2024-06-24T09:54:45Z
2257,2257,7e51047cb084a9f9b09d934cf058074c534503f4,dubbo-registry/dubbo-registry-api/src/test/java/org/apache/dubbo/registry/support/AbstractRegistryTest.java,2023-02-27T12:09:15Z
2258,2258,00812ce41c44be6e5cd5e2b8e5bf602f806bbbca,dubbo-config/dubbo-config-api/src/main/java/org/apache/dubbo/config/ServiceConfig.java,2024-03-29T03:40:06Z
2259,2259,0872090fa4fbd70ba302978ce3575f4cdafb7f1e,dubbo-rpc/dubbo-rpc-dubbo/src/main/java/org/apache/dubbo/rpc/protocol/dubbo/telnet/InvokeTelnetHandler.java,2019-09-03T06:17:40Z
2260,2260,7e51047cb084a9f9b09d934cf058074c534503f4,dubbo-registry/dubbo-registry-api/src/test/java/org/apache/dubbo/registry/support/AbstractRegistryTest.java,2023-02-27T12:09:15Z
2261,2261,7e51047cb084a9f9b09d934cf058074c534503f4,dubbo-registry/dubbo-registry-api/src/test/java/org/apache/dubbo/registry/support/AbstractRegistryTest.java,2023-02-27T12:09:15Z
2262,2262,0df34a1a20811d4a03032d03dac146c59bd52b34,dubbo-remoting/dubbo-remoting-api/src/main/java/org/apache/dubbo/remoting/telnet/support/TelnetHandlerAdapter.java,2022-12-22T02:02:22Z
2263,2263,7e51047cb084a9f9b09d934cf058074c534503f4,dubbo-registry/dubbo-registry-api/src/test/java/org/apache/dubbo/registry/support/AbstractRegistryTest.java,2023-02-27T12:09:15Z
2264,2264,ac8ee831c9566569b8a58298983ee7e7ff30e4d8,dubbo-dependencies-bom/pom.xml,2024-07-02T06:27:45Z
2265,2265,00812ce41c44be6e5cd5e2b8e5bf602f806bbbca,dubbo-config/dubbo-config-api/src/main/java/org/apache/dubbo/config/ServiceConfig.java,2024-03-29T03:40:06Z
2266,2266,1368e21d9bb1afda195b0411091cb90003658456,dubbo-common/pom.xml,2023-12-26T09:31:44Z
2267,2267,00812ce41c44be6e5cd5e2b8e5bf602f806bbbca,dubbo-config/dubbo-config-api/src/main/java/org/apache/dubbo/config/ServiceConfig.java,2024-03-29T03:40:06Z
2269,2269,00812ce41c44be6e5cd5e2b8e5bf602f806bbbca,dubbo-config/dubbo-config-api/src/main/java/org/apache/dubbo/config/ServiceConfig.java,2024-03-29T03:40:06Z
2270,2270,00812ce41c44be6e5cd5e2b8e5bf602f806bbbca,dubbo-config/dubbo-config-api/src/main/java/org/apache/dubbo/config/ServiceConfig.java,2024-03-29T03:40:06Z
2271,2271,00812ce41c44be6e5cd5e2b8e5bf602f806bbbca,dubbo-config/dubbo-config-api/src/main/java/org/apache/dubbo/config/ServiceConfig.java,2024-03-29T03:40:06Z
2272,2272,ac8ee831c9566569b8a58298983ee7e7ff30e4d8,dubbo-dependencies-bom/pom.xml,2024-07-02T06:27:45Z
2273,2273,60c55b83bc27282dabb93a31ccb3e35e29ae087e,dubbo-rpc/dubbo-rpc-dubbo/src/test/java/org/apache/dubbo/rpc/protocol/dubbo/support/DemoServiceImpl.java,2021-05-10T08:10:31Z
2274,2274,00812ce41c44be6e5cd5e2b8e5bf602f806bbbca,dubbo-config/dubbo-config-api/src/main/java/org/apache/dubbo/config/ServiceConfig.java,2024-03-29T03:40:06Z
2275,2275,7e51047cb084a9f9b09d934cf058074c534503f4,dubbo-registry/dubbo-registry-api/src/test/java/org/apache/dubbo/registry/support/AbstractRegistryTest.java,2023-02-27T12:09:15Z
2276,2276,1368e21d9bb1afda195b0411091cb90003658456,dubbo-common/pom.xml,2023-12-26T09:31:44Z
2277,2277,00812ce41c44be6e5cd5e2b8e5bf602f806bbbca,dubbo-config/dubbo-config-api/src/main/java/org/apache/dubbo/config/ServiceConfig.java,2024-03-29T03:40:06Z
2278,2278,00812ce41c44be6e5cd5e2b8e5bf602f806bbbca,dubbo-config/dubbo-config-api/src/main/java/org/apache/dubbo/config/ServiceConfig.java,2024-03-29T03:40:06Z
2279,2279,ac8ee831c9566569b8a58298983ee7e7ff30e4d8,dubbo-dependencies-bom/pom.xml,2024-07-02T06:27:45Z
2280,2280,ac8ee831c9566569b8a58298983ee7e7ff30e4d8,dubbo-dependencies-bom/pom.xml,2024-07-02T06:27:45Z
2281,2281,ac8ee831c9566569b8a58298983ee7e7ff30e4d8,dubbo-dependencies-bom/pom.xml,2024-07-02T06:27:45Z
2282,2282,00812ce41c44be6e5cd5e2b8e5bf602f806bbbca,dubbo-config/dubbo-config-api/src/main/java/org/apache/dubbo/config/ServiceConfig.java,2024-03-29T03:40:06Z
2283,2283,00812ce41c44be6e5cd5e2b8e5bf602f806bbbca,dubbo-config/dubbo-config-api/src/main/java/org/apache/dubbo/config/ServiceConfig.java,2024-03-29T03:40:06Z
2284,2284,7e51047cb084a9f9b09d934cf058074c534503f4,dubbo-registry/dubbo-registry-api/src/test/java/org/apache/dubbo/registry/support/AbstractRegistryTest.java,2023-02-27T12:09:15Z
2285,2285,ac8ee831c9566569b8a58298983ee7e7ff30e4d8,dubbo-dependencies-bom/pom.xml,2024-07-02T06:27:45Z
2286,2286,0872090fa4fbd70ba302978ce3575f4cdafb7f1e,dubbo-rpc/dubbo-rpc-dubbo/src/main/java/org/apache/dubbo/rpc/protocol/dubbo/telnet/InvokeTelnetHandler.java,2019-09-03T06:17:40Z
2286,2286,0872090fa4fbd70ba302978ce3575f4cdafb7f1e,dubbo-rpc/dubbo-rpc-dubbo/src/test/java/org/apache/dubbo/rpc/protocol/dubbo/telnet/InvokerTelnetHandlerTest.java,2019-09-03T06:17:40Z
2287,2287,7e51047cb084a9f9b09d934cf058074c534503f4,dubbo-registry/dubbo-registry-api/src/test/java/org/apache/dubbo/registry/support/AbstractRegistryTest.java,2023-02-27T12:09:15Z
2288,2288,7e51047cb084a9f9b09d934cf058074c534503f4,dubbo-registry/dubbo-registry-api/src/test/java/org/apache/dubbo/registry/support/AbstractRegistryTest.java,2023-02-27T12:09:15Z
2289,2289,00812ce41c44be6e5cd5e2b8e5bf602f806bbbca,dubbo-config/dubbo-config-api/src/main/java/org/apache/dubbo/config/ServiceConfig.java,2024-03-29T03:40:06Z
2290,2290,00812ce41c44be6e5cd5e2b8e5bf602f806bbbca,dubbo-config/dubbo-config-api/src/main/java/org/apache/dubbo/config/ServiceConfig.java,2024-03-29T03:40:06Z
2291,2291,00812ce41c44be6e5cd5e2b8e5bf602f806bbbca,dubbo-config/dubbo-config-api/src/main/java/org/apache/dubbo/config/ServiceConfig.java,2024-03-29T03:40:06Z
2292,2292,00812ce41c44be6e5cd5e2b8e5bf602f806bbbca,dubbo-config/dubbo-config-api/src/main/java/org/apache/dubbo/config/ServiceConfig.java,2024-03-29T03:40:06Z
2293,2293,1368e21d9bb1afda195b0411091cb90003658456,dubbo-common/pom.xml,2023-12-26T09:31:44Z
2294,2294,00812ce41c44be6e5cd5e2b8e5bf602f806bbbca,dubbo-config/dubbo-config-api/src/main/java/org/apache/dubbo/config/ServiceConfig.java,2024-03-29T03:40:06Z
2294,2294,00812ce41c44be6e5cd5e2b8e5bf602f806bbbca,dubbo-rpc/dubbo-rpc-dubbo/src/main/java/org/apache/dubbo/rpc/protocol/dubbo/DubboProtocol.java,2024-03-29T03:40:06Z
2296,2296,00812ce41c44be6e5cd5e2b8e5bf602f806bbbca,dubbo-config/dubbo-config-api/src/main/java/org/apache/dubbo/config/ServiceConfig.java,2024-03-29T03:40:06Z
2299,2299,11d5bd9ffadf11af0d13e6ab478829b4ae3c8572,pom.xml,2024-06-24T09:54:45Z
2302,2302,0fc93d03456210839d95093ec4f2677e8f35677e,.travis.yml,2023-01-25T00:11:33Z
2303,2303,1be3c999d112215a1354ab396cb2fbb94f3d2a0e,dubbo-config/dubbo-config-api/src/main/java/com/alibaba/dubbo/config/annotation/Reference.java,2019-10-12T13:17:35Z
2306,2306,0fc93d03456210839d95093ec4f2677e8f35677e,.travis.yml,2023-01-25T00:11:33Z
2307,2307,ea35f7ed5c1d6d2a6ede821f1481eb5088254d28,dubbo-metrics/dubbo-metrics-api/pom.xml,2023-06-20T02:02:30Z
2309,2309,730695a7a26967889405b12fc54099bb006c8231,dubbo-cluster/src/main/java/org/apache/dubbo/rpc/cluster/support/AbstractClusterInvoker.java,2023-11-07T07:40:13Z
2309,2309,730695a7a26967889405b12fc54099bb006c8231,dubbo-cluster/src/test/java/org/apache/dubbo/rpc/cluster/support/AbstractClusterInvokerTest.java,2023-11-07T07:40:13Z
2319,2319,ac8ee831c9566569b8a58298983ee7e7ff30e4d8,dubbo-dependencies-bom/pom.xml,2024-07-02T06:27:45Z
2322,2322,f224fc5a47ae87817a91241109f1fcab1fee1539,dubbo-registry/dubbo-registry-api/src/main/java/org/apache/dubbo/registry/integration/RegistryProtocol.java,2024-07-03T02:12:33Z
2325,2325,c10d95b56a48e88d9014238a56e7ee1ea18a33d2,dubbo-rpc/dubbo-rpc-api/src/main/java/org/apache/dubbo/rpc/AsyncRpcResult.java,2023-10-11T15:32:30Z
2327,2327,11d5bd9ffadf11af0d13e6ab478829b4ae3c8572,pom.xml,2024-06-24T09:54:45Z
2329,2329,00812ce41c44be6e5cd5e2b8e5bf602f806bbbca,dubbo-common/src/main/java/org/apache/dubbo/common/timer/HashedWheelTimer.java,2024-03-29T03:40:06Z
2329,2329,00812ce41c44be6e5cd5e2b8e5bf602f806bbbca,dubbo-common/src/main/java/org/apache/dubbo/common/utils/StringUtils.java,2024-03-29T03:40:06Z
2330,2330,ac8ee831c9566569b8a58298983ee7e7ff30e4d8,dubbo-dependencies-bom/pom.xml,2024-07-02T06:27:45Z
2333,2333,54b0d7e3f4bc8f348c6260f649c6e3174d5b8a03,dubbo-bom/pom.xml,2020-02-28T08:53:26Z
2337,2337,0fc93d03456210839d95093ec4f2677e8f35677e,.travis.yml,2023-01-25T00:11:33Z
2338,2338,ac8ee831c9566569b8a58298983ee7e7ff30e4d8,dubbo-dependencies-bom/pom.xml,2024-07-02T06:27:45Z
2343,2343,79a1cca4ef1d583d2ae2c8e3f16eeea5881712cc,dubbo-config/dubbo-config-spring/src/main/java/org/apache/dubbo/config/spring/ReferenceBean.java,2024-07-04T07:14:55Z
2347,2347,04d132fee1cf23f6c0eada7131c9b5ab18b8ded7,dubbo-config/dubbo-config-api/src/test/java/org/apache/dubbo/config/utils/MockReferenceConfig.java,2023-06-08T02:13:55Z
2354,2354,6b3f54383f4b6102215e33ea879a389dff0fd1eb,README.md,2024-04-11T08:47:51Z
2355,2355,143d61d3e28ce16dc3f89c53d7933524fb9ebff8,dubbo-remoting/dubbo-remoting-api/src/test/java/org/apache/dubbo/remoting/exchange/support/header/HeaderExchangeChannelTest.java,2022-11-22T03:05:42Z
2356,2356,ee9d01a6e0712b7024a89b4767a6ea3f7243d999,dubbo-rpc/dubbo-rpc-api/src/main/java/org/apache/dubbo/rpc/RpcContext.java,2022-11-10T12:56:26Z
2357,2357,ff39bf36c35316061e7e028abd28dd392405e7f0,dubbo-config/dubbo-config-api/src/main/java/org/apache/dubbo/config/utils/ReferenceConfigCache.java,2021-09-02T09:54:20Z
2358,2358,aa54350c6f5abd0803ace8c14b9a731b69100d03,dubbo-rpc/dubbo-rpc-api/src/main/resources/META-INF/dubbo/internal/org.apache.dubbo.rpc.Filter,2023-07-31T11:11:49Z
2359,2359,143d61d3e28ce16dc3f89c53d7933524fb9ebff8,dubbo-remoting/dubbo-remoting-api/src/test/java/org/apache/dubbo/remoting/exchange/support/header/HeaderExchangeChannelTest.java,2022-11-22T03:05:42Z
2360,2360,d327fea6746ca18d315f60e718f5e7d392b518e3,dubbo-config/dubbo-config-spring/src/main/resources/META-INF/compat/dubbo.xsd,2022-12-05T07:38:26Z
2361,2361,87547793e0530aabdf429218629def9001347252,dubbo-config/dubbo-config-api/src/main/java/org/apache/dubbo/config/AbstractInterfaceConfig.java,2019-10-21T09:02:05Z
2362,2362,730695a7a26967889405b12fc54099bb006c8231,dubbo-cluster/src/main/java/org/apache/dubbo/rpc/cluster/support/AbstractClusterInvoker.java,2023-11-07T07:40:13Z
2363,2363,5c54c6837876b7daf0c55d9f9cafde109baa1a5d,dubbo-demo/dubbo-demo-consumer/src/main/resources/META-INF/spring/dubbo-demo-consumer.xml,2018-12-29T01:48:06Z
2364,2364,36e0cf5490f9ea289a9d809694b0b2347106a515,dubbo-rpc/dubbo-rpc-dubbo/src/main/java/org/apache/dubbo/rpc/protocol/dubbo/DubboInvoker.java,2024-03-11T06:00:16Z
2365,2365,143d61d3e28ce16dc3f89c53d7933524fb9ebff8,dubbo-remoting/dubbo-remoting-api/src/test/java/org/apache/dubbo/remoting/exchange/support/header/HeaderExchangeChannelTest.java,2022-11-22T03:05:42Z
2366,2366,ac8ee831c9566569b8a58298983ee7e7ff30e4d8,dubbo-dependencies-bom/pom.xml,2024-07-02T06:27:45Z
2367,2367,79a1cca4ef1d583d2ae2c8e3f16eeea5881712cc,dubbo-config/dubbo-config-spring/src/main/java/org/apache/dubbo/config/spring/ReferenceBean.java,2024-07-04T07:14:55Z
2368,2368,36e0cf5490f9ea289a9d809694b0b2347106a515,dubbo-rpc/dubbo-rpc-dubbo/src/main/java/org/apache/dubbo/rpc/protocol/dubbo/DubboInvoker.java,2024-03-11T06:00:16Z
2369,2369,143d61d3e28ce16dc3f89c53d7933524fb9ebff8,dubbo-remoting/dubbo-remoting-api/src/test/java/org/apache/dubbo/remoting/exchange/support/header/HeaderExchangeChannelTest.java,2022-11-22T03:05:42Z
2370,2370,00812ce41c44be6e5cd5e2b8e5bf602f806bbbca,dubbo-common/src/main/java/org/apache/dubbo/common/utils/ConfigUtils.java,2024-03-29T03:40:06Z
2371,2371,552112ed0157a0360f1499e7b04152047b350472,dubbo-rpc/dubbo-rpc-api/src/main/java/org/apache/dubbo/rpc/filter/ConsumerContextFilter.java,2021-03-16T15:18:43Z
2372,2372,ff39bf36c35316061e7e028abd28dd392405e7f0,dubbo-config/dubbo-config-api/src/main/java/org/apache/dubbo/config/utils/ReferenceConfigCache.java,2021-09-02T09:54:20Z
2373,2373,143d61d3e28ce16dc3f89c53d7933524fb9ebff8,dubbo-remoting/dubbo-remoting-api/src/test/java/org/apache/dubbo/remoting/exchange/support/header/HeaderExchangeChannelTest.java,2022-11-22T03:05:42Z
2374,2374,62e204e424a723952439d0eb65cc8df4957bde34,dubbo-config/dubbo-config-api/src/main/java/org/apache/dubbo/config/ApplicationConfig.java,2019-10-10T13:15:18Z
2375,2375,00812ce41c44be6e5cd5e2b8e5bf602f806bbbca,dubbo-rpc/dubbo-rpc-dubbo/src/main/java/org/apache/dubbo/rpc/protocol/dubbo/DubboProtocol.java,2024-03-29T03:40:06Z
2376,2376,143d61d3e28ce16dc3f89c53d7933524fb9ebff8,dubbo-remoting/dubbo-remoting-api/src/test/java/org/apache/dubbo/remoting/exchange/support/header/HeaderExchangeChannelTest.java,2022-11-22T03:05:42Z
2377,2377,36e0cf5490f9ea289a9d809694b0b2347106a515,dubbo-rpc/dubbo-rpc-dubbo/src/main/java/org/apache/dubbo/rpc/protocol/dubbo/DubboInvoker.java,2024-03-11T06:00:16Z
2378,2378,f224fc5a47ae87817a91241109f1fcab1fee1539,dubbo-registry/dubbo-registry-api/src/main/java/org/apache/dubbo/registry/integration/RegistryProtocol.java,2024-07-03T02:12:33Z
2379,2379,87547793e0530aabdf429218629def9001347252,dubbo-config/dubbo-config-api/src/main/java/org/apache/dubbo/config/AbstractInterfaceConfig.java,2019-10-21T09:02:05Z
2380,2380,ff39bf36c35316061e7e028abd28dd392405e7f0,dubbo-config/dubbo-config-api/src/main/java/org/apache/dubbo/config/utils/ReferenceConfigCache.java,2021-09-02T09:54:20Z
2381,2381,563a0e472ab50d2d697e2f0415c80b68ad6b17bd,dubbo-config/dubbo-config-spring/src/main/java/org/apache/dubbo/config/spring/ServiceBean.java,2023-06-29T02:31:36Z
2382,2382,143d61d3e28ce16dc3f89c53d7933524fb9ebff8,dubbo-remoting/dubbo-remoting-api/src/test/java/org/apache/dubbo/remoting/exchange/support/header/HeaderExchangeChannelTest.java,2022-11-22T03:05:42Z
2383,2383,143d61d3e28ce16dc3f89c53d7933524fb9ebff8,dubbo-remoting/dubbo-remoting-api/src/test/java/org/apache/dubbo/remoting/exchange/support/header/HeaderExchangeChannelTest.java,2022-11-22T03:05:42Z
2384,2384,ff39bf36c35316061e7e028abd28dd392405e7f0,dubbo-config/dubbo-config-api/src/main/java/org/apache/dubbo/config/utils/ReferenceConfigCache.java,2021-09-02T09:54:20Z
2385,2385,143d61d3e28ce16dc3f89c53d7933524fb9ebff8,dubbo-remoting/dubbo-remoting-api/src/test/java/org/apache/dubbo/remoting/exchange/support/header/HeaderExchangeChannelTest.java,2022-11-22T03:05:42Z
2386,2386,143d61d3e28ce16dc3f89c53d7933524fb9ebff8,dubbo-remoting/dubbo-remoting-api/src/test/java/org/apache/dubbo/remoting/exchange/support/header/HeaderExchangeChannelTest.java,2022-11-22T03:05:42Z
2387,2387,143d61d3e28ce16dc3f89c53d7933524fb9ebff8,dubbo-remoting/dubbo-remoting-api/src/test/java/org/apache/dubbo/remoting/exchange/support/header/HeaderExchangeChannelTest.java,2022-11-22T03:05:42Z
2388,2388,00812ce41c44be6e5cd5e2b8e5bf602f806bbbca,dubbo-config/dubbo-config-api/src/main/java/org/apache/dubbo/config/ServiceConfig.java,2024-03-29T03:40:06Z
2389,2389,87547793e0530aabdf429218629def9001347252,dubbo-config/dubbo-config-api/src/main/java/org/apache/dubbo/config/AbstractInterfaceConfig.java,2019-10-21T09:02:05Z
2390,2390,62e204e424a723952439d0eb65cc8df4957bde34,dubbo-config/dubbo-config-api/src/main/java/org/apache/dubbo/config/ApplicationConfig.java,2019-10-10T13:15:18Z
2391,2391,36e0cf5490f9ea289a9d809694b0b2347106a515,dubbo-rpc/dubbo-rpc-dubbo/src/main/java/org/apache/dubbo/rpc/protocol/dubbo/DubboInvoker.java,2024-03-11T06:00:16Z
2393,2393,11d5bd9ffadf11af0d13e6ab478829b4ae3c8572,pom.xml,2024-06-24T09:54:45Z
2394,2394,f224fc5a47ae87817a91241109f1fcab1fee1539,dubbo-registry/dubbo-registry-api/src/main/java/org/apache/dubbo/registry/integration/RegistryProtocol.java,2024-07-03T02:12:33Z
2395,2395,ed7be11af9a8a9dddb4d23eea089f3890391575b,dubbo-plugin/dubbo-qos/src/main/java/org/apache/dubbo/qos/server/DubboLogo.java,2020-02-01T06:58:09Z
2396,2396,8bdecea7ef808d19f0449dd43ec85ba8dbaeeb26,dubbo-registry/dubbo-registry-redis/src/main/java/org/apache/dubbo/registry/redis/RedisRegistry.java,2020-08-17T05:38:04Z
2399,2399,00812ce41c44be6e5cd5e2b8e5bf602f806bbbca,dubbo-common/src/main/java/org/apache/dubbo/common/compiler/support/ClassUtils.java,2024-03-29T03:40:06Z
2401,2401,3d02e9c7892e8ab2becd906777ac8f698a1ebebe,dubbo-remoting/dubbo-remoting-api/src/main/java/org/apache/dubbo/remoting/exchange/codec/ExchangeCodec.java,2023-06-03T06:52:52Z
2402,2402,a4632dad6cf5ecdbcd8e4f357c69f3b34afc04f0,dubbo-plugin/dubbo-qos/src/main/java/com/alibaba/dubbo/qos/server/DubboLogo.java,2018-01-25T06:01:50Z
2406,2406,8bdecea7ef808d19f0449dd43ec85ba8dbaeeb26,dubbo-container/dubbo-container-log4j/src/test/java/org/apache/dubbo/container/log4j/Log4jContainerTest.java,2020-08-17T05:38:04Z
2408,2408,7e51047cb084a9f9b09d934cf058074c534503f4,dubbo-registry/dubbo-registry-api/src/test/java/org/apache/dubbo/registry/support/AbstractRegistryTest.java,2023-02-27T12:09:15Z
2409,2409,7e51047cb084a9f9b09d934cf058074c534503f4,dubbo-registry/dubbo-registry-api/src/test/java/org/apache/dubbo/registry/support/AbstractRegistryTest.java,2023-02-27T12:09:15Z
2414,2414,d28b2244eff738b1f8efa2a9f6e86b61f25b182a,dubbo-common/src/main/java/org/apache/dubbo/common/io/StreamUtils.java,2023-01-24T12:51:56Z
2415,2415,79a1cca4ef1d583d2ae2c8e3f16eeea5881712cc,dubbo-config/dubbo-config-spring/src/main/java/org/apache/dubbo/config/spring/ReferenceBean.java,2024-07-04T07:14:55Z
2417,2417,103cdb391d81423e7951e4ac85d90303945bd4dd,release.sh,2018-09-02T07:08:14Z
2418,2418,0d91d419a8b25a9917a03dc68a3eb5069ac856ea,dubbo-config/dubbo-config-spring/src/test/java/org/apache/dubbo/config/spring/context/annotation/provider/HelloServiceImpl.java,2023-10-19T07:25:40Z
2426,2426,548db9861ffac386aefffd22cdfeb38076d34381,dubbo-remoting/dubbo-remoting-api/src/main/java/org/apache/dubbo/remoting/transport/dispatcher/ChannelEventRunnable.java,2023-02-03T01:10:44Z
2428,2428,ec443043e2da83d946943baabf7f122f9efc0dcc,dubbo-config/dubbo-config-api/src/main/java/org/apache/dubbo/config/ReferenceConfig.java,2024-04-01T03:03:29Z
2433,2433,730695a7a26967889405b12fc54099bb006c8231,dubbo-cluster/src/main/java/org/apache/dubbo/rpc/cluster/loadbalance/LeastActiveLoadBalance.java,2023-11-07T07:40:13Z
2433,2433,730695a7a26967889405b12fc54099bb006c8231,dubbo-cluster/src/main/java/org/apache/dubbo/rpc/cluster/loadbalance/RandomLoadBalance.java,2023-11-07T07:40:13Z
2434,2434,730695a7a26967889405b12fc54099bb006c8231,dubbo-cluster/src/main/java/org/apache/dubbo/rpc/cluster/support/ClusterUtils.java,2023-11-07T07:40:13Z
2437,2437,e07e5e294b0bc96ada4ed868cfae1307b3872462,dubbo-rpc/dubbo-rpc-api/src/main/java/org/apache/dubbo/rpc/filter/ActiveLimitFilter.java,2023-06-13T12:25:25Z
2439,2439,730695a7a26967889405b12fc54099bb006c8231,dubbo-cluster/src/main/java/org/apache/dubbo/rpc/cluster/loadbalance/LeastActiveLoadBalance.java,2023-11-07T07:40:13Z
2439,2439,730695a7a26967889405b12fc54099bb006c8231,dubbo-cluster/src/main/java/org/apache/dubbo/rpc/cluster/loadbalance/RandomLoadBalance.java,2023-11-07T07:40:13Z
2440,2440,11d5bd9ffadf11af0d13e6ab478829b4ae3c8572,pom.xml,2024-06-24T09:54:45Z
2443,2443,faefee2cb2b64e10ff4f874f6da6e032d84f0ff2,dubbo-rpc/dubbo-rpc-api/src/main/java/org/apache/dubbo/rpc/support/RpcUtils.java,2024-05-08T03:51:00Z
2445,2445,00812ce41c44be6e5cd5e2b8e5bf602f806bbbca,dubbo-rpc/dubbo-rpc-api/src/main/java/org/apache/dubbo/rpc/RpcStatus.java,2024-03-29T03:40:06Z
2447,2447,faefee2cb2b64e10ff4f874f6da6e032d84f0ff2,dubbo-rpc/dubbo-rpc-api/src/main/java/org/apache/dubbo/rpc/support/RpcUtils.java,2024-05-08T03:51:00Z
2448,2448,6b3f54383f4b6102215e33ea879a389dff0fd1eb,README.md,2024-04-11T08:47:51Z
2449,2449,6b3f54383f4b6102215e33ea879a389dff0fd1eb,README.md,2024-04-11T08:47:51Z
2451,2451,08205284b8e107b61d4db9959dc760b78b1af1a5,dubbo-remoting/dubbo-remoting-api/src/main/java/com/alibaba/dubbo/remoting/exchange/support/header/HeaderExchangeHandler.java,2018-06-14T01:06:28Z
2452,2452,a6a7102328ef274eebd0c5051561a9ae9cac7208,dubbo-rpc/dubbo-rpc-dubbo/src/test/java/com/alibaba/dubbo/rpc/protocol/dubbo/telnet/InvokerTelnetHandlerTest.java,2018-04-26T06:50:30Z
2453,2453,a6a7102328ef274eebd0c5051561a9ae9cac7208,dubbo-rpc/dubbo-rpc-dubbo/src/test/java/com/alibaba/dubbo/rpc/protocol/dubbo/telnet/InvokerTelnetHandlerTest.java,2018-04-26T06:50:30Z
2454,2454,11d5bd9ffadf11af0d13e6ab478829b4ae3c8572,pom.xml,2024-06-24T09:54:45Z
2455,2455,08205284b8e107b61d4db9959dc760b78b1af1a5,dubbo-registry/dubbo-registry-api/src/main/java/com/alibaba/dubbo/registry/integration/RegistryProtocol.java,2018-06-14T01:06:28Z
2456,2456,d0e628eb32e4f38ca10b0148de59ac8c587fceb7,all/pom.xml,2018-07-26T08:24:07Z
2457,2457,f03823eec1610ab40fa894e279614703617ab29b,dubbo-remoting/dubbo-remoting-api/src/main/java/org/apache/dubbo/remoting/transport/AbstractClient.java,2024-04-07T02:31:23Z
2458,2458,6b3f54383f4b6102215e33ea879a389dff0fd1eb,README.md,2024-04-11T08:47:51Z
2465,2465,c272af38c65649ec5dd4348ccf73fb699fa976a2,dubbo-common/src/test/java/org/apache/dubbo/common/compiler/support/JavassistCompilerTest.java,2023-03-02T22:43:37Z
2465,2465,c272af38c65649ec5dd4348ccf73fb699fa976a2,dubbo-common/src/test/java/org/apache/dubbo/common/compiler/support/JdkCompilerTest.java,2023-03-02T22:43:37Z
2467,2467,d0454fdbef0b7724cf5747a276f292eb14c8ab05,dubbo-config/dubbo-config-spring/src/test/resources/org/apache/dubbo/config/spring/override-multi-protocol.xml,2021-06-08T08:44:54Z
2468,2468,79a1cca4ef1d583d2ae2c8e3f16eeea5881712cc,dubbo-config/dubbo-config-spring/src/main/java/org/apache/dubbo/config/spring/ReferenceBean.java,2024-07-04T07:14:55Z
2470,2470,05cecc55bccc5c4ab985f7bab3b3c63e7380ed01,dubbo-config/dubbo-config-spring/src/main/resources/META-INF/dubbo.xsd,2024-02-02T06:10:23Z
2475,2475,57c58de0adeab8f3717ac78e69a9470060df748c,dubbo-plugin/dubbo-qos/src/main/java/org/apache/dubbo/qos/command/CommandContext.java,2023-02-26T10:30:32Z
2480,2480,45120670ba52dfe9730175304db196f5f67fb6d4,dubbo-filter/dubbo-filter-cache/src/test/java/org/apache/dubbo/cache/filter/CacheFilterTest.java,2022-11-22T02:49:50Z
2481,2481,0fc93d03456210839d95093ec4f2677e8f35677e,.travis.yml,2023-01-25T00:11:33Z
2483,2483,c612da2c53300c41532eac1c86db06798994215c,.github/ISSUE_TEMPLATE/dubbo-issue-report-template.md,2019-05-26T03:30:18Z
2487,2487,11d5bd9ffadf11af0d13e6ab478829b4ae3c8572,pom.xml,2024-06-24T09:54:45Z
2488,2488,6b3f54383f4b6102215e33ea879a389dff0fd1eb,README.md,2024-04-11T08:47:51Z
2494,2494,6b3f54383f4b6102215e33ea879a389dff0fd1eb,README.md,2024-04-11T08:47:51Z
2495,2495,c10d95b56a48e88d9014238a56e7ee1ea18a33d2,dubbo-rpc/dubbo-rpc-api/src/main/java/org/apache/dubbo/rpc/AsyncRpcResult.java,2023-10-11T15:32:30Z
2496,2496,271d5eff293ac0820273186a1763a07d65fde5de,dubbo-remoting/dubbo-remoting-netty/src/test/java/org/apache/dubbo/remoting/transport/netty/ClientReconnectTest.java,2023-07-03T02:27:56Z
2497,2497,271d5eff293ac0820273186a1763a07d65fde5de,dubbo-remoting/dubbo-remoting-netty/src/test/java/org/apache/dubbo/remoting/transport/netty/ClientReconnectTest.java,2023-07-03T02:27:56Z
2498,2498,c10d95b56a48e88d9014238a56e7ee1ea18a33d2,dubbo-rpc/dubbo-rpc-api/src/main/java/org/apache/dubbo/rpc/AsyncRpcResult.java,2023-10-11T15:32:30Z
2500,2500,25548c345bdfc1dcf222b68c2057cd472e2b74a0,dubbo-common/src/test/java/org/apache/dubbo/common/utils/PojoUtilsTest.java,2023-05-26T07:32:54Z
2501,2501,0fc93d03456210839d95093ec4f2677e8f35677e,.travis.yml,2023-01-25T00:11:33Z
2502,2502,04c26e6cb0f07d776769f2e53edd7ef92e078f77,dubbo-common/src/test/java/com/alibaba/dubbo/common/utils/PojoUtilsTest.java,2018-06-06T08:23:47Z
2505,2505,563a0e472ab50d2d697e2f0415c80b68ad6b17bd,dubbo-config/dubbo-config-spring/src/main/java/org/apache/dubbo/config/spring/ServiceBean.java,2023-06-29T02:31:36Z
2506,2506,dbca54ca237b16e157ada4aa2b98eb29117fb2ba,dubbo-config/dubbo-config-spring/src/main/resources/META-INF/web-fragment.xml,2018-11-15T03:33:24Z
2509,2509,189d76be5d94d43d8054cc58d48507380aea99a3,dubbo-registry/dubbo-registry-zookeeper/src/main/java/org/apache/dubbo/registry/zookeeper/ZookeeperRegistry.java,2024-05-21T03:36:53Z
2513,2513,9f9b3d7cb7b6478f704d1527db2a40e22d14ecf5,dubbo-config/dubbo-config-spring/src/test/java/org/apache/dubbo/config/spring/ConfigTest.java,2022-11-22T08:05:58Z
2517,2517,563a0e472ab50d2d697e2f0415c80b68ad6b17bd,dubbo-config/dubbo-config-spring/src/main/java/org/apache/dubbo/config/spring/ServiceBean.java,2023-06-29T02:31:36Z
2517,2517,563a0e472ab50d2d697e2f0415c80b68ad6b17bd,dubbo-config/dubbo-config-spring/src/test/java/org/apache/dubbo/config/spring/status/DataSourceStatusCheckerTest.java,2023-06-29T02:31:36Z
2518,2518,0d91d419a8b25a9917a03dc68a3eb5069ac856ea,dubbo-common/src/main/java/org/apache/dubbo/common/extension/ExtensionLoader.java,2023-10-19T07:25:40Z
2520,2520,730695a7a26967889405b12fc54099bb006c8231,dubbo-cluster/src/main/java/org/apache/dubbo/rpc/cluster/loadbalance/LeastActiveLoadBalance.java,2023-11-07T07:40:13Z
2523,2523,1ef12208df62c7f23e13b0bd024955ea9f552f43,dubbo-serialization/dubbo-serialization-hessian2/src/test/java/org/apache/dubbo/common/serialize/serialization/AbstractSerializationPersonFailTest.java,2018-10-15T13:35:36Z
2523,2523,1ef12208df62c7f23e13b0bd024955ea9f552f43,dubbo-serialization/dubbo-serialization-hessian2/src/test/java/org/apache/dubbo/common/serialize/serialization/AbstractSerializationPersonOkTest.java,2018-10-15T13:35:36Z
2523,2523,1ef12208df62c7f23e13b0bd024955ea9f552f43,dubbo-serialization/dubbo-serialization-kryo/src/test/java/org/apache/dubbo/common/serialize/serialization/AbstractSerializationPersonFailTest.java,2018-10-15T13:35:36Z
2523,2523,1ef12208df62c7f23e13b0bd024955ea9f552f43,dubbo-serialization/dubbo-serialization-kryo/src/test/java/org/apache/dubbo/common/serialize/serialization/AbstractSerializationPersonOkTest.java,2018-10-15T13:35:36Z
2527,2527,00812ce41c44be6e5cd5e2b8e5bf602f806bbbca,dubbo-common/src/main/java/org/apache/dubbo/common/utils/ConfigUtils.java,2024-03-29T03:40:06Z
2527,2527,00812ce41c44be6e5cd5e2b8e5bf602f806bbbca,dubbo-config/dubbo-config-api/src/main/java/org/apache/dubbo/config/ServiceConfig.java,2024-03-29T03:40:06Z
2528,2528,00812ce41c44be6e5cd5e2b8e5bf602f806bbbca,dubbo-remoting/dubbo-remoting-api/src/main/java/org/apache/dubbo/remoting/exchange/support/header/HeaderExchangeServer.java,2024-03-29T03:40:06Z
2528,2528,00812ce41c44be6e5cd5e2b8e5bf602f806bbbca,dubbo-remoting/dubbo-remoting-netty4/src/main/java/org/apache/dubbo/remoting/transport/netty4/NettyChannel.java,2024-03-29T03:40:06Z
2529,2529,79a1cca4ef1d583d2ae2c8e3f16eeea5881712cc,dubbo-config/dubbo-config-spring/src/main/java/org/apache/dubbo/config/spring/ReferenceBean.java,2024-07-04T07:14:55Z
2536,2536,0fb1e4c4c644390d76398f223528de5dace9c440,dubbo-remoting/dubbo-remoting-netty4/src/test/java/org/apache/dubbo/remoting/transport/netty4/NettyClientToServerTest.java,2023-09-22T12:23:32Z
2551,2551,0872090fa4fbd70ba302978ce3575f4cdafb7f1e,dubbo-rpc/dubbo-rpc-dubbo/src/test/java/org/apache/dubbo/rpc/protocol/dubbo/telnet/ListTelnetHandlerTest.java,2019-09-03T06:17:40Z
2552,2552,570cd47d9a47f93efcee835a47e40bdffe7046a6,dubbo-compatible/src/test/java/org/apache/dubbo/generic/GenericServiceTest.java,2023-12-14T11:12:27Z
2554,2554,730695a7a26967889405b12fc54099bb006c8231,dubbo-common/src/main/java/org/apache/dubbo/common/bytecode/ClassGenerator.java,2023-11-07T07:40:13Z
2559,2559,0fc93d03456210839d95093ec4f2677e8f35677e,.travis.yml,2023-01-25T00:11:33Z
2562,2562,00812ce41c44be6e5cd5e2b8e5bf602f806bbbca,dubbo-common/src/main/java/org/apache/dubbo/common/utils/ConfigUtils.java,2024-03-29T03:40:06Z
2563,2563,dbca54ca237b16e157ada4aa2b98eb29117fb2ba,dubbo-config/dubbo-config-spring/src/test/java/org/apache/dubbo/config/spring/initializer/DubboApplicationContextInitializerTest.java,2018-11-15T03:33:24Z
2564,2564,dbca54ca237b16e157ada4aa2b98eb29117fb2ba,dubbo-config/dubbo-config-spring/src/test/java/org/apache/dubbo/config/spring/initializer/DubboApplicationContextInitializerTest.java,2018-11-15T03:33:24Z
2565,2565,43d48bd6caf95f61f4e879a5be8b5560a55daee9,dubbo-registry/dubbo-registry-api/src/main/java/org/apache/dubbo/registry/support/AbstractRegistryFactory.java,2022-09-19T06:31:03Z
2566,2566,43d48bd6caf95f61f4e879a5be8b5560a55daee9,dubbo-registry/dubbo-registry-api/src/main/java/org/apache/dubbo/registry/support/AbstractRegistryFactory.java,2022-09-19T06:31:03Z
2568,2568,05cecc55bccc5c4ab985f7bab3b3c63e7380ed01,dubbo-config/dubbo-config-spring/src/main/resources/META-INF/dubbo.xsd,2024-02-02T06:10:23Z
2571,2571,0d91d419a8b25a9917a03dc68a3eb5069ac856ea,dubbo-common/src/main/java/org/apache/dubbo/common/extension/ExtensionLoader.java,2023-10-19T07:25:40Z
2573,2573,0d91d419a8b25a9917a03dc68a3eb5069ac856ea,dubbo-common/src/main/java/org/apache/dubbo/common/extension/ExtensionLoader.java,2023-10-19T07:25:40Z
2575,2575,5c54c6837876b7daf0c55d9f9cafde109baa1a5d,dubbo-demo/dubbo-demo-consumer/src/main/resources/META-INF/spring/dubbo-demo-consumer.xml,2018-12-29T01:48:06Z
2577,2577,7e51047cb084a9f9b09d934cf058074c534503f4,dubbo-registry/dubbo-registry-api/src/test/java/org/apache/dubbo/registry/support/AbstractRegistryFactoryTest.java,2023-02-27T12:09:15Z
2581,2581,7e51047cb084a9f9b09d934cf058074c534503f4,dubbo-registry/dubbo-registry-api/src/test/java/org/apache/dubbo/registry/support/AbstractRegistryFactoryTest.java,2023-02-27T12:09:15Z
2582,2582,08205284b8e107b61d4db9959dc760b78b1af1a5,dubbo-config/dubbo-config-api/src/main/java/com/alibaba/dubbo/config/ReferenceConfig.java,2018-06-14T01:06:28Z
2584,2584,28266668d38424bf936e21d16e6f32c8750685b7,dubbo-cluster/src/test/java/com/alibaba/dubbo/rpc/cluster/loadbalance/LoadBalanceTest.java,2018-06-07T11:06:41Z
2586,2586,730695a7a26967889405b12fc54099bb006c8231,dubbo-cluster/src/main/java/org/apache/dubbo/rpc/cluster/loadbalance/RoundRobinLoadBalance.java,2023-11-07T07:40:13Z
2587,2587,79a1cca4ef1d583d2ae2c8e3f16eeea5881712cc,dubbo-config/dubbo-config-spring/src/main/java/org/apache/dubbo/config/spring/ReferenceBean.java,2024-07-04T07:14:55Z
2591,2591,1fbeed8e552d221822b06740cf31312aa7aa29c5,dubbo-registry/dubbo-registry-api/src/test/java/org/apache/dubbo/registry/support/FailbackRegistryTest.java,2022-11-22T02:47:54Z
2593,2593,00812ce41c44be6e5cd5e2b8e5bf602f806bbbca,dubbo-filter/dubbo-filter-cache/src/main/java/org/apache/dubbo/cache/support/expiring/ExpiringMap.java,2024-03-29T03:40:06Z
2594,2594,b2a4f612ece11d6bac508600b22095ccd0e87c88,dubbo-filter/dubbo-filter-cache/src/main/java/org/apache/dubbo/cache/support/lru/LruCache.java,2021-12-29T02:56:05Z
2595,2595,f03823eec1610ab40fa894e279614703617ab29b,dubbo-remoting/dubbo-remoting-api/src/main/java/org/apache/dubbo/remoting/transport/AbstractClient.java,2024-04-07T02:31:23Z
2596,2596,11d5bd9ffadf11af0d13e6ab478829b4ae3c8572,pom.xml,2024-06-24T09:54:45Z
2597,2597,730695a7a26967889405b12fc54099bb006c8231,dubbo-cluster/src/main/java/org/apache/dubbo/rpc/cluster/loadbalance/RandomLoadBalance.java,2023-11-07T07:40:13Z
2601,2601,6b3f54383f4b6102215e33ea879a389dff0fd1eb,README.md,2024-04-11T08:47:51Z
2602,2602,d0e628eb32e4f38ca10b0148de59ac8c587fceb7,all/pom.xml,2018-07-26T08:24:07Z
2603,2603,1be3c999d112215a1354ab396cb2fbb94f3d2a0e,dubbo-config/dubbo-config-api/src/main/java/com/alibaba/dubbo/config/annotation/Reference.java,2019-10-12T13:17:35Z
2603,2603,1be3c999d112215a1354ab396cb2fbb94f3d2a0e,dubbo-config/dubbo-config-api/src/main/java/com/alibaba/dubbo/config/annotation/Service.java,2019-10-12T13:17:35Z
2604,2604,0d785f1346f48abf34a1a7690b437c3615780beb,dubbo-all/pom.xml,2020-07-22T06:45:08Z
2607,2607,08205284b8e107b61d4db9959dc760b78b1af1a5,dubbo-common/src/main/java/com/alibaba/dubbo/common/Constants.java,2018-06-14T01:06:28Z
2608,2608,801eb7307f5bed71687e5b2741310bc13858344b,dubbo-rpc/dubbo-rpc-api/src/main/java/org/apache/dubbo/rpc/support/DelegateInvoker.java,2018-10-31T03:01:40Z
2609,2609,0fc93d03456210839d95093ec4f2677e8f35677e,.travis.yml,2023-01-25T00:11:33Z
2611,2611,1643bf381690ca352749c0de1070a305ef4939e9,dubbo-common/src/main/java/org/apache/dubbo/common/utils/LRUCache.java,2022-09-03T06:14:47Z
2614,2614,06605365c51fd4e8bbec50a9aa1061408063e50c,dubbo-plugin/dubbo-qos/src/main/java/org/apache/dubbo/qos/command/impl/Offline.java,2023-03-17T05:33:49Z
2614,2614,06605365c51fd4e8bbec50a9aa1061408063e50c,dubbo-plugin/dubbo-qos/src/main/java/org/apache/dubbo/qos/command/impl/Online.java,2023-03-17T05:33:49Z
2615,2615,103cdb391d81423e7951e4ac85d90303945bd4dd,release.sh,2018-09-02T07:08:14Z
2616,2616,1643bf381690ca352749c0de1070a305ef4939e9,dubbo-common/src/main/java/org/apache/dubbo/common/utils/LRUCache.java,2022-09-03T06:14:47Z
2617,2617,1643bf381690ca352749c0de1070a305ef4939e9,dubbo-common/src/main/java/org/apache/dubbo/common/utils/LRUCache.java,2022-09-03T06:14:47Z
2618,2618,f1af604e7e9791921f918fdb84750588cf0e3a15,dubbo-serialization/pom.xml,2022-07-15T02:18:41Z
2620,2620,b7b34b6c475912c4c805b389954fd897bdd9f769,dubbo-serialization/dubbo-serialization-api/pom.xml,2019-08-08T08:22:48Z
2620,2620,b7b34b6c475912c4c805b389954fd897bdd9f769,dubbo-serialization/dubbo-serialization-fastjson/pom.xml,2019-08-08T08:22:48Z
2620,2620,b7b34b6c475912c4c805b389954fd897bdd9f769,dubbo-serialization/dubbo-serialization-fst/pom.xml,2019-08-08T08:22:48Z
2620,2620,b7b34b6c475912c4c805b389954fd897bdd9f769,dubbo-serialization/dubbo-serialization-hessian2/pom.xml,2019-08-08T08:22:48Z
2620,2620,b7b34b6c475912c4c805b389954fd897bdd9f769,dubbo-serialization/dubbo-serialization-jdk/pom.xml,2019-08-08T08:22:48Z
2620,2620,b7b34b6c475912c4c805b389954fd897bdd9f769,dubbo-serialization/dubbo-serialization-kryo/pom.xml,2019-08-08T08:22:48Z
2621,2621,6f3fcabae5fc53bad69b65a20687d77e58ab0ee1,dubbo-common/src/main/java/com/alibaba/dubbo/common/status/support/LoadStatusChecker.java,2018-05-15T01:59:15Z
2622,2622,903db35c605709806ef6a91831e5ea2a26a2e8a1,dubbo-remoting/dubbo-remoting-netty4/src/main/java/com/alibaba/dubbo/remoting/transport/netty4/NettyClient.java,2018-05-03T07:07:34Z
2624,2624,b7b34b6c475912c4c805b389954fd897bdd9f769,dubbo-serialization/dubbo-serialization-api/pom.xml,2019-08-08T08:22:48Z
2624,2624,b7b34b6c475912c4c805b389954fd897bdd9f769,dubbo-serialization/dubbo-serialization-fastjson/pom.xml,2019-08-08T08:22:48Z
2624,2624,b7b34b6c475912c4c805b389954fd897bdd9f769,dubbo-serialization/dubbo-serialization-fst/pom.xml,2019-08-08T08:22:48Z
2624,2624,b7b34b6c475912c4c805b389954fd897bdd9f769,dubbo-serialization/dubbo-serialization-hessian2/pom.xml,2019-08-08T08:22:48Z
2624,2624,b7b34b6c475912c4c805b389954fd897bdd9f769,dubbo-serialization/dubbo-serialization-jdk/pom.xml,2019-08-08T08:22:48Z
2624,2624,b7b34b6c475912c4c805b389954fd897bdd9f769,dubbo-serialization/dubbo-serialization-kryo/pom.xml,2019-08-08T08:22:48Z
2626,2626,dfd135eb95d92ffc3519426b812e274f43b49e9d,dubbo-common/src/main/java/org/apache/dubbo/common/URL.java,2024-05-08T06:09:08Z
2627,2627,1643bf381690ca352749c0de1070a305ef4939e9,dubbo-common/src/main/java/org/apache/dubbo/common/utils/LRUCache.java,2022-09-03T06:14:47Z
2630,2630,00812ce41c44be6e5cd5e2b8e5bf602f806bbbca,dubbo-filter/dubbo-filter-cache/src/main/java/org/apache/dubbo/cache/support/expiring/ExpiringMap.java,2024-03-29T03:40:06Z
2631,2631,e1a04777039be9ba6d360a0bf566f316ea47d3f3,dubbo-common/src/main/java/org/apache/dubbo/common/status/support/LoadStatusChecker.java,2022-06-28T08:48:29Z
2632,2632,f1af604e7e9791921f918fdb84750588cf0e3a15,dubbo-serialization/pom.xml,2022-07-15T02:18:41Z
2636,2636,ec443043e2da83d946943baabf7f122f9efc0dcc,dubbo-config/dubbo-config-api/src/main/java/org/apache/dubbo/config/ReferenceConfig.java,2024-04-01T03:03:29Z
2640,2640,563a0e472ab50d2d697e2f0415c80b68ad6b17bd,dubbo-config/dubbo-config-spring/src/test/java/org/apache/dubbo/config/spring/status/DataSourceStatusCheckerTest.java,2023-06-29T02:31:36Z
2643,2643,11d5bd9ffadf11af0d13e6ab478829b4ae3c8572,pom.xml,2024-06-24T09:54:45Z
2646,2646,ec443043e2da83d946943baabf7f122f9efc0dcc,dubbo-config/dubbo-config-api/src/main/java/org/apache/dubbo/config/ReferenceConfig.java,2024-04-01T03:03:29Z
2647,2647,28266668d38424bf936e21d16e6f32c8750685b7,dubbo-cluster/src/test/java/com/alibaba/dubbo/rpc/cluster/loadbalance/LoadBalanceTest.java,2018-06-07T11:06:41Z
2647,2647,28266668d38424bf936e21d16e6f32c8750685b7,dubbo-cluster/src/test/java/com/alibaba/dubbo/rpc/cluster/support/AbstractClusterInvokerTest.java,2018-06-07T11:06:41Z
2649,2649,0d91d419a8b25a9917a03dc68a3eb5069ac856ea,dubbo-config/dubbo-config-spring/src/main/java/org/apache/dubbo/config/spring/beans/factory/annotation/ReferenceAnnotationBeanPostProcessor.java,2023-10-19T07:25:40Z
2650,2650,730695a7a26967889405b12fc54099bb006c8231,dubbo-cluster/src/main/java/org/apache/dubbo/rpc/cluster/loadbalance/RoundRobinLoadBalance.java,2023-11-07T07:40:13Z
2650,2650,730695a7a26967889405b12fc54099bb006c8231,dubbo-cluster/src/test/java/org/apache/dubbo/rpc/cluster/StickyTest.java,2023-11-07T07:40:13Z
2650,2650,730695a7a26967889405b12fc54099bb006c8231,dubbo-cluster/src/test/java/org/apache/dubbo/rpc/cluster/loadbalance/LoadBalanceBaseTest.java,2023-11-07T07:40:13Z
2650,2650,730695a7a26967889405b12fc54099bb006c8231,dubbo-cluster/src/test/java/org/apache/dubbo/rpc/cluster/loadbalance/RoundRobinLoadBalanceTest.java,2023-11-07T07:40:13Z
2650,2650,730695a7a26967889405b12fc54099bb006c8231,dubbo-cluster/src/test/java/org/apache/dubbo/rpc/cluster/support/AbstractClusterInvokerTest.java,2023-11-07T07:40:13Z
2653,2653,00812ce41c44be6e5cd5e2b8e5bf602f806bbbca,dubbo-remoting/dubbo-remoting-api/src/main/java/org/apache/dubbo/remoting/exchange/support/header/HeaderExchangeServer.java,2024-03-29T03:40:06Z
2655,2655,cd78bba7b7c7134b1317275da3ffc277dc6f54d0,dubbo-config/dubbo-config-spring/pom.xml,2024-05-14T03:48:23Z
2656,2656,d50adb7c837448358ae980c7f90cd43daf6eab8b,dubbo-remoting/dubbo-remoting-api/src/test/java/org/apache/dubbo/remoting/codec/ExchangeCodecTest.java,2024-03-10T03:22:59Z
2657,2657,cd78bba7b7c7134b1317275da3ffc277dc6f54d0,dubbo-config/dubbo-config-spring/pom.xml,2024-05-14T03:48:23Z
2658,2658,00812ce41c44be6e5cd5e2b8e5bf602f806bbbca,dubbo-common/src/main/java/org/apache/dubbo/common/timer/HashedWheelTimer.java,2024-03-29T03:40:06Z
2658,2658,00812ce41c44be6e5cd5e2b8e5bf602f806bbbca,dubbo-remoting/dubbo-remoting-api/src/main/java/org/apache/dubbo/remoting/exchange/support/header/HeaderExchangeServer.java,2024-03-29T03:40:06Z
2660,2660,11d5bd9ffadf11af0d13e6ab478829b4ae3c8572,pom.xml,2024-06-24T09:54:45Z
2661,2661,0d91d419a8b25a9917a03dc68a3eb5069ac856ea,dubbo-common/src/main/java/org/apache/dubbo/common/extension/ExtensionLoader.java,2023-10-19T07:25:40Z
2662,2662,7d5fa50783c5321447368230ca75138425697459,dubbo-common/src/main/java/org/apache/dubbo/common/store/support/SimpleDataStore.java,2024-06-24T01:26:45Z
2666,2666,00812ce41c44be6e5cd5e2b8e5bf602f806bbbca,dubbo-remoting/dubbo-remoting-api/src/main/java/org/apache/dubbo/remoting/transport/CodecSupport.java,2024-03-29T03:40:06Z
2668,2668,28266668d38424bf936e21d16e6f32c8750685b7,dubbo-remoting/dubbo-remoting-api/src/test/java/com/alibaba/dubbo/remoting/codec/ExchangeCodecTest.java,2018-06-07T11:06:41Z
2669,2669,730695a7a26967889405b12fc54099bb006c8231,dubbo-cluster/pom.xml,2023-11-07T07:40:13Z
2669,2669,730695a7a26967889405b12fc54099bb006c8231,dubbo-cluster/src/main/java/org/apache/dubbo/rpc/cluster/loadbalance/AbstractLoadBalance.java,2023-11-07T07:40:13Z
2670,2670,ac8ee831c9566569b8a58298983ee7e7ff30e4d8,dubbo-dependencies-bom/pom.xml,2024-07-02T06:27:45Z
2672,2672,79a1cca4ef1d583d2ae2c8e3f16eeea5881712cc,dubbo-config/dubbo-config-spring/src/main/java/org/apache/dubbo/config/spring/ReferenceBean.java,2024-07-04T07:14:55Z
2675,2675,8b55a0b31e1c7f9b7d6df5171865bbc11a4d8544,dubbo-registry/dubbo-registry-multicast/src/main/java/com/alibaba/dubbo/registry/multicast/MulticastRegistry.java,2018-06-08T03:41:08Z
2675,2675,8b55a0b31e1c7f9b7d6df5171865bbc11a4d8544,dubbo-registry/dubbo-registry-multicast/src/test/java/com/alibaba/dubbo/registry/multicast/MulticastRegistryTest.java,2018-06-08T03:41:08Z
2676,2676,79a1cca4ef1d583d2ae2c8e3f16eeea5881712cc,dubbo-config/dubbo-config-spring/src/main/java/org/apache/dubbo/config/spring/ReferenceBean.java,2024-07-04T07:14:55Z
2677,2677,b99b3837186b7fb7f68ae106b67cc42deeed18b9,dubbo-config/dubbo-config-spring/src/main/java/org/apache/dubbo/config/spring/beans/factory/annotation/DubboConfigBindingBeanPostProcessor.java,2020-02-11T05:12:03Z
2679,2679,edaaa1612190c60467cae14bf9550e86bd0ca004,dubbo-rpc/dubbo-rpc-api/src/main/java/org/apache/dubbo/rpc/protocol/AbstractInvoker.java,2023-09-20T01:45:28Z
2680,2680,5856d4f0631b65aa9adcd2e88c065bbc7a3a8ee2,dubbo-rpc/dubbo-rpc-api/src/main/java/com/alibaba/dubbo/rpc/protocol/AbstractInvoker.java,2018-06-05T08:02:55Z
2681,2681,28266668d38424bf936e21d16e6f32c8750685b7,dubbo-common/src/test/java/com/alibaba/dubbo/common/extensionloader/ExtensionLoaderTest.java,2018-06-07T11:06:41Z
2682,2682,0d91d419a8b25a9917a03dc68a3eb5069ac856ea,dubbo-common/src/main/java/org/apache/dubbo/common/extension/ExtensionLoader.java,2023-10-19T07:25:40Z
2682,2682,0d91d419a8b25a9917a03dc68a3eb5069ac856ea,dubbo-common/src/test/java/org/apache/dubbo/common/extension/ExtensionLoaderTest.java,2023-10-19T07:25:40Z
2684,2684,06488870268ef17e47992082254cb7f026b12291,FAQ.md,2018-12-17T07:56:06Z
2686,2686,563a0e472ab50d2d697e2f0415c80b68ad6b17bd,dubbo-config/dubbo-config-spring/src/main/java/org/apache/dubbo/config/spring/ServiceBean.java,2023-06-29T02:31:36Z
2687,2687,cd78bba7b7c7134b1317275da3ffc277dc6f54d0,dubbo-config/dubbo-config-spring/pom.xml,2024-05-14T03:48:23Z
2688,2688,ec443043e2da83d946943baabf7f122f9efc0dcc,dubbo-config/dubbo-config-api/src/main/java/org/apache/dubbo/config/ReferenceConfig.java,2024-04-01T03:03:29Z
2690,2690,f1af604e7e9791921f918fdb84750588cf0e3a15,dubbo-serialization/pom.xml,2022-07-15T02:18:41Z
2691,2691,f1af604e7e9791921f918fdb84750588cf0e3a15,dubbo-serialization/pom.xml,2022-07-15T02:18:41Z
2696,2696,60e3b19db518483296ff73245e548ce88c84f5a5,dubbo-cluster/src/main/java/com/alibaba/dubbo/rpc/cluster/loadbalance/RoundRobinLoadBalance.java,2018-04-21T06:20:09Z
2697,2697,730695a7a26967889405b12fc54099bb006c8231,dubbo-cluster/src/main/java/org/apache/dubbo/rpc/cluster/loadbalance/RoundRobinLoadBalance.java,2023-11-07T07:40:13Z
2699,2699,ac8ee831c9566569b8a58298983ee7e7ff30e4d8,dubbo-dependencies-bom/pom.xml,2024-07-02T06:27:45Z
2700,2700,ac8ee831c9566569b8a58298983ee7e7ff30e4d8,dubbo-dependencies-bom/pom.xml,2024-07-02T06:27:45Z
2703,2703,43d48bd6caf95f61f4e879a5be8b5560a55daee9,dubbo-registry/dubbo-registry-api/src/main/java/org/apache/dubbo/registry/support/AbstractRegistryFactory.java,2022-09-19T06:31:03Z
2705,2705,79ba4cd6b737fa9a2af92a6d9a2189454dc5b623,CHANGES.md,2023-08-27T15:16:56Z
2708,2708,79ba4cd6b737fa9a2af92a6d9a2189454dc5b623,CHANGES.md,2023-08-27T15:16:56Z
2709,2709,00812ce41c44be6e5cd5e2b8e5bf602f806bbbca,dubbo-remoting/dubbo-remoting-api/src/main/java/org/apache/dubbo/remoting/exchange/support/header/HeaderExchangeServer.java,2024-03-29T03:40:06Z
2712,2712,0d91d419a8b25a9917a03dc68a3eb5069ac856ea,dubbo-common/src/main/java/org/apache/dubbo/common/extension/ExtensionLoader.java,2023-10-19T07:25:40Z
2713,2713,79ba4cd6b737fa9a2af92a6d9a2189454dc5b623,CHANGES.md,2023-08-27T15:16:56Z
2716,2716,79ba4cd6b737fa9a2af92a6d9a2189454dc5b623,CHANGES.md,2023-08-27T15:16:56Z
2719,2719,08205284b8e107b61d4db9959dc760b78b1af1a5,dubbo-config/dubbo-config-api/src/main/java/com/alibaba/dubbo/config/ReferenceConfig.java,2018-06-14T01:06:28Z
2721,2721,79a1cca4ef1d583d2ae2c8e3f16eeea5881712cc,dubbo-config/dubbo-config-spring/src/main/java/org/apache/dubbo/config/spring/ReferenceBean.java,2024-07-04T07:14:55Z
2725,2725,11d5bd9ffadf11af0d13e6ab478829b4ae3c8572,pom.xml,2024-06-24T09:54:45Z
2727,2727,0d91d419a8b25a9917a03dc68a3eb5069ac856ea,dubbo-common/src/main/java/org/apache/dubbo/common/extension/ExtensionLoader.java,2023-10-19T07:25:40Z
2728,2728,0d91d419a8b25a9917a03dc68a3eb5069ac856ea,dubbo-common/src/main/java/org/apache/dubbo/common/extension/ExtensionLoader.java,2023-10-19T07:25:40Z
2729,2729,aa54350c6f5abd0803ace8c14b9a731b69100d03,dubbo-registry/dubbo-registry-api/src/main/java/org/apache/dubbo/registry/integration/RegistryDirectory.java,2023-07-31T11:11:49Z
2730,2730,0d91d419a8b25a9917a03dc68a3eb5069ac856ea,dubbo-config/dubbo-config-spring/src/main/java/org/apache/dubbo/config/spring/beans/factory/annotation/ReferenceAnnotationBeanPostProcessor.java,2023-10-19T07:25:40Z
2734,2734,11d5bd9ffadf11af0d13e6ab478829b4ae3c8572,pom.xml,2024-06-24T09:54:45Z
2735,2735,563a0e472ab50d2d697e2f0415c80b68ad6b17bd,dubbo-config/dubbo-config-spring/src/main/java/org/apache/dubbo/config/spring/ServiceBean.java,2023-06-29T02:31:36Z
2738,2738,05cecc55bccc5c4ab985f7bab3b3c63e7380ed01,dubbo-config/dubbo-config-spring/src/main/resources/META-INF/dubbo.xsd,2024-02-02T06:10:23Z
2739,2739,08205284b8e107b61d4db9959dc760b78b1af1a5,dubbo-config/dubbo-config-api/src/main/java/com/alibaba/dubbo/config/ReferenceConfig.java,2018-06-14T01:06:28Z
2740,2740,00812ce41c44be6e5cd5e2b8e5bf602f806bbbca,dubbo-common/src/main/java/org/apache/dubbo/common/utils/StringUtils.java,2024-03-29T03:40:06Z
2741,2741,7e51047cb084a9f9b09d934cf058074c534503f4,dubbo-rpc/dubbo-rpc-dubbo/src/test/java/org/apache/dubbo/rpc/protocol/dubbo/DubboProtocolTest.java,2023-02-27T12:09:15Z
2742,2742,ec443043e2da83d946943baabf7f122f9efc0dcc,dubbo-config/dubbo-config-api/src/main/java/org/apache/dubbo/config/ReferenceConfig.java,2024-04-01T03:03:29Z
2744,2744,570cd47d9a47f93efcee835a47e40bdffe7046a6,dubbo-compatible/src/test/java/org/apache/dubbo/generic/GenericServiceTest.java,2023-12-14T11:12:27Z
2745,2745,79a1cca4ef1d583d2ae2c8e3f16eeea5881712cc,dubbo-config/dubbo-config-spring/src/main/java/org/apache/dubbo/config/spring/ReferenceBean.java,2024-07-04T07:14:55Z
2746,2746,b99b3837186b7fb7f68ae106b67cc42deeed18b9,dubbo-config/dubbo-config-spring/src/main/java/org/apache/dubbo/config/spring/context/annotation/DubboConfigBindingRegistrar.java,2020-02-11T05:12:03Z
2747,2747,6d85688cc4e696cebe23218aa6b2703b59fd1ecf,dubbo-remoting/dubbo-remoting-netty4/src/main/java/org/apache/dubbo/remoting/transport/netty4/NettyServerHandler.java,2022-08-15T01:47:39Z
2749,2749,00812ce41c44be6e5cd5e2b8e5bf602f806bbbca,dubbo-config/dubbo-config-api/src/main/java/org/apache/dubbo/config/ServiceConfig.java,2024-03-29T03:40:06Z
2750,2750,f4c210b6d6846cc72f92997b52c3dd4c563347be,dubbo-config/dubbo-config-api/src/main/java/com/alibaba/dubbo/config/ServiceConfig.java,2018-06-01T09:18:25Z
2750,2750,f4c210b6d6846cc72f92997b52c3dd4c563347be,dubbo-config/dubbo-config-api/src/test/java/com/alibaba/dubbo/config/ServiceConfigTest.java,2018-06-01T09:18:25Z
2751,2751,05cecc55bccc5c4ab985f7bab3b3c63e7380ed01,dubbo-config/dubbo-config-spring/src/main/resources/META-INF/dubbo.xsd,2024-02-02T06:10:23Z
2754,2754,20351b01a8abebd488a86fdaa5b70c02eb1886f9,dubbo-config/dubbo-config-api/src/main/java/org/apache/dubbo/config/AbstractConfig.java,2019-10-21T04:43:17Z
2755,2755,d4032660d5be0d133dc624c45af8c5a02caaef0b,dubbo-rpc/dubbo-rpc-dubbo/src/test/java/org/apache/dubbo/rpc/protocol/dubbo/ReferenceCountExchangeClientTest.java,2023-04-11T10:58:22Z
2759,2759,0c6346f21534a7505f79555a60a5dbaa72561a9e,dubbo-config/dubbo-config-api/src/main/java/com/alibaba/dubbo/config/AbstractConfig.java,2018-06-11T03:15:38Z
2760,2760,7e51047cb084a9f9b09d934cf058074c534503f4,dubbo-filter/dubbo-filter-cache/src/test/java/org/apache/dubbo/cache/support/jcache/JCacheFactoryTest.java,2023-02-27T12:09:15Z
2761,2761,28266668d38424bf936e21d16e6f32c8750685b7,dubbo-config/dubbo-config-spring/src/test/java/com/alibaba/dubbo/config/spring/ConfigTest.java,2018-06-07T11:06:41Z
2763,2763,189d76be5d94d43d8054cc58d48507380aea99a3,dubbo-registry/dubbo-registry-zookeeper/src/main/java/org/apache/dubbo/registry/zookeeper/ZookeeperRegistry.java,2024-05-21T03:36:53Z
2764,2764,f224fc5a47ae87817a91241109f1fcab1fee1539,dubbo-registry/dubbo-registry-api/src/main/java/org/apache/dubbo/registry/integration/RegistryProtocol.java,2024-07-03T02:12:33Z
2767,2767,1a6dbbe2ca3ddf3aa156016f2f734c10eb281f00,dubbo-plugin/dubbo-qos/src/main/java/org/apache/dubbo/qos/protocol/QosProtocolWrapper.java,2023-11-01T12:04:31Z
2768,2768,a4632dad6cf5ecdbcd8e4f357c69f3b34afc04f0,dubbo-plugin/dubbo-qos/src/main/java/com/alibaba/dubbo/qos/protocol/QosProtocolWrapper.java,2018-01-25T06:01:50Z
2772,2772,11d5bd9ffadf11af0d13e6ab478829b4ae3c8572,pom.xml,2024-06-24T09:54:45Z
2774,2774,ac8ee831c9566569b8a58298983ee7e7ff30e4d8,dubbo-dependencies-bom/pom.xml,2024-07-02T06:27:45Z
2775,2775,79ba4cd6b737fa9a2af92a6d9a2189454dc5b623,CHANGES.md,2023-08-27T15:16:56Z
2778,2778,00812ce41c44be6e5cd5e2b8e5bf602f806bbbca,dubbo-remoting/dubbo-remoting-api/src/main/java/org/apache/dubbo/remoting/exchange/support/header/HeaderExchangeServer.java,2024-03-29T03:40:06Z
2786,2786,6b3f54383f4b6102215e33ea879a389dff0fd1eb,README.md,2024-04-11T08:47:51Z
2787,2787,0872090fa4fbd70ba302978ce3575f4cdafb7f1e,dubbo-rpc/dubbo-rpc-dubbo/src/main/java/org/apache/dubbo/rpc/protocol/dubbo/telnet/InvokeTelnetHandler.java,2019-09-03T06:17:40Z
2788,2788,0d91d419a8b25a9917a03dc68a3eb5069ac856ea,dubbo-common/src/main/java/org/apache/dubbo/common/extension/ExtensionLoader.java,2023-10-19T07:25:40Z
2790,2790,730695a7a26967889405b12fc54099bb006c8231,dubbo-common/src/main/java/org/apache/dubbo/common/Parameters.java,2023-11-07T07:40:13Z
2791,2791,dfd135eb95d92ffc3519426b812e274f43b49e9d,dubbo-common/src/main/java/org/apache/dubbo/common/URL.java,2024-05-08T06:09:08Z
2797,2797,7e51047cb084a9f9b09d934cf058074c534503f4,dubbo-rpc/dubbo-rpc-dubbo/src/test/java/org/apache/dubbo/rpc/protocol/dubbo/DubboProtocolTest.java,2023-02-27T12:09:15Z
2800,2800,563a0e472ab50d2d697e2f0415c80b68ad6b17bd,dubbo-config/dubbo-config-spring/src/main/java/org/apache/dubbo/config/spring/schema/DubboBeanDefinitionParser.java,2023-06-29T02:31:36Z
2801,2801,00812ce41c44be6e5cd5e2b8e5bf602f806bbbca,dubbo-remoting/dubbo-remoting-api/src/main/java/org/apache/dubbo/remoting/telnet/support/command/HelpTelnetHandler.java,2024-03-29T03:40:06Z
2802,2802,8c786cdf01126cc559856968d211fa648788d4d2,dubbo-cluster/src/test/resources/log4j.xml,2023-02-26T07:17:36Z
2803,2803,60c55b83bc27282dabb93a31ccb3e35e29ae087e,dubbo-rpc/dubbo-rpc-dubbo/src/test/java/org/apache/dubbo/rpc/protocol/dubbo/support/DemoServiceImpl.java,2021-05-10T08:10:31Z
2804,2804,523a4189b8a7233c926eab1218daf627a3e870b8,dubbo-common/src/main/java/org/apache/dubbo/common/Version.java,2024-06-04T14:59:16Z
2804,2804,523a4189b8a7233c926eab1218daf627a3e870b8,dubbo-common/src/test/java/org/apache/dubbo/common/version/VersionTest.java,2024-06-04T14:59:16Z
2805,2805,e5063679abf2ae2dc028b91b02cb8c8d41251a3d,dubbo-config/dubbo-config-spring/src/main/java/com/alibaba/dubbo/config/spring/schema/DubboBeanDefinitionParser.java,2018-05-31T08:21:55Z
2807,2807,730695a7a26967889405b12fc54099bb006c8231,dubbo-cluster/src/test/java/org/apache/dubbo/rpc/cluster/StickyTest.java,2023-11-07T07:40:13Z
2809,2809,05cecc55bccc5c4ab985f7bab3b3c63e7380ed01,dubbo-config/dubbo-config-spring/src/main/resources/META-INF/dubbo.xsd,2024-02-02T06:10:23Z
2810,2810,f224fc5a47ae87817a91241109f1fcab1fee1539,dubbo-registry/dubbo-registry-api/src/main/java/org/apache/dubbo/registry/integration/RegistryProtocol.java,2024-07-03T02:12:33Z
2815,2815,437c6ce220eb294534420ad366a1b43de5cf0ebb,dubbo-serialization/dubbo-serialization-test/src/test/java/org/apache/dubbo/common/serialize/fst/FstObjectOutputTest.java,2018-12-10T08:28:15Z
2816,2816,79a1cca4ef1d583d2ae2c8e3f16eeea5881712cc,dubbo-config/dubbo-config-spring/src/main/java/org/apache/dubbo/config/spring/ReferenceBean.java,2024-07-04T07:14:55Z
2817,2817,f224fc5a47ae87817a91241109f1fcab1fee1539,dubbo-registry/dubbo-registry-api/src/main/java/org/apache/dubbo/registry/integration/RegistryProtocol.java,2024-07-03T02:12:33Z
2818,2818,20351b01a8abebd488a86fdaa5b70c02eb1886f9,dubbo-config/dubbo-config-api/src/main/java/org/apache/dubbo/config/AbstractConfig.java,2019-10-21T04:43:17Z
2820,2820,730695a7a26967889405b12fc54099bb006c8231,dubbo-common/src/main/java/org/apache/dubbo/common/config/Environment.java,2023-11-07T07:40:13Z
2820,2820,730695a7a26967889405b12fc54099bb006c8231,dubbo-common/src/main/java/org/apache/dubbo/common/config/InmemoryConfiguration.java,2023-11-07T07:40:13Z
2820,2820,730695a7a26967889405b12fc54099bb006c8231,dubbo-common/src/main/java/org/apache/dubbo/common/config/SystemConfiguration.java,2023-11-07T07:40:13Z
2822,2822,05cecc55bccc5c4ab985f7bab3b3c63e7380ed01,dubbo-config/dubbo-config-spring/src/main/resources/META-INF/dubbo.xsd,2024-02-02T06:10:23Z
2823,2823,00812ce41c44be6e5cd5e2b8e5bf602f806bbbca,dubbo-config/dubbo-config-api/src/main/java/org/apache/dubbo/config/ServiceConfig.java,2024-03-29T03:40:06Z
2825,2825,00812ce41c44be6e5cd5e2b8e5bf602f806bbbca,dubbo-common/src/main/java/org/apache/dubbo/common/bytecode/Wrapper.java,2024-03-29T03:40:06Z
2826,2826,730695a7a26967889405b12fc54099bb006c8231,dubbo-cluster/src/main/java/org/apache/dubbo/rpc/cluster/support/AbstractClusterInvoker.java,2023-11-07T07:40:13Z
2826,2826,730695a7a26967889405b12fc54099bb006c8231,dubbo-cluster/src/main/java/org/apache/dubbo/rpc/cluster/support/FailbackClusterInvoker.java,2023-11-07T07:40:13Z
2831,2831,730695a7a26967889405b12fc54099bb006c8231,dubbo-cluster/src/main/java/org/apache/dubbo/rpc/cluster/Router.java,2023-11-07T07:40:13Z
2831,2831,730695a7a26967889405b12fc54099bb006c8231,dubbo-cluster/src/main/java/org/apache/dubbo/rpc/cluster/router/AbstractRouter.java,2023-11-07T07:40:13Z
2839,2839,8bdecea7ef808d19f0449dd43ec85ba8dbaeeb26,dubbo-remoting/dubbo-remoting-p2p/src/test/java/org/apache/dubbo/remoting/p2p/support/FileNetworkerTest.java,2020-08-17T05:38:04Z
2844,2844,e981dca7013c8f1f037c09dbc34925009bba5372,dubbo-configcenter/dubbo-configcenter-api/src/main/java/org/apache/dubbo/configcenter/AbstractDynamicConfiguration.java,2019-01-03T08:57:59Z
2846,2846,730695a7a26967889405b12fc54099bb006c8231,dubbo-cluster/src/test/java/org/apache/dubbo/rpc/cluster/loadbalance/LoadBalanceBaseTest.java,2023-11-07T07:40:13Z
2848,2848,8bdecea7ef808d19f0449dd43ec85ba8dbaeeb26,dubbo-remoting/dubbo-remoting-p2p/src/test/java/org/apache/dubbo/remoting/p2p/support/FileNetworkerTest.java,2020-08-17T05:38:04Z
2849,2849,ec443043e2da83d946943baabf7f122f9efc0dcc,dubbo-config/dubbo-config-api/src/main/java/org/apache/dubbo/config/ReferenceConfig.java,2024-04-01T03:03:29Z
2852,2852,e5063679abf2ae2dc028b91b02cb8c8d41251a3d,dubbo-config/dubbo-config-spring/src/main/java/com/alibaba/dubbo/config/spring/schema/DubboBeanDefinitionParser.java,2018-05-31T08:21:55Z
2861,2861,aa54350c6f5abd0803ace8c14b9a731b69100d03,dubbo-registry/dubbo-registry-api/src/main/java/org/apache/dubbo/registry/integration/RegistryDirectory.java,2023-07-31T11:11:49Z
2872,2872,f224fc5a47ae87817a91241109f1fcab1fee1539,dubbo-registry/dubbo-registry-api/src/main/java/org/apache/dubbo/registry/integration/RegistryProtocol.java,2024-07-03T02:12:33Z
2873,2873,11d5bd9ffadf11af0d13e6ab478829b4ae3c8572,pom.xml,2024-06-24T09:54:45Z
2874,2874,1a5a77391c6170ab3ffc12cfc3013ae110c518a4,dubbo-remoting/dubbo-remoting-api/src/main/java/com/alibaba/dubbo/remoting/Decodeable.java,2017-12-29T07:05:13Z
2875,2875,00812ce41c44be6e5cd5e2b8e5bf602f806bbbca,dubbo-cluster/src/main/java/org/apache/dubbo/rpc/cluster/support/FailoverClusterInvoker.java,2024-03-29T03:40:06Z
2876,2876,1a5a77391c6170ab3ffc12cfc3013ae110c518a4,dubbo-remoting/dubbo-remoting-api/src/main/java/com/alibaba/dubbo/remoting/Decodeable.java,2017-12-29T07:05:13Z
2879,2879,efa6900bb1b59c70f131af868396a8903b098a18,dubbo-cluster/src/test/java/org/apache/dubbo/rpc/cluster/router/script/ScriptRouterTest.java,2021-11-03T03:13:04Z
2880,2880,8bc9257f4e09b2937e21842b90984dfcaefe97b6,dubbo-container/dubbo-container-api/src/main/resources/META-INF/assembly/bin/start.sh,2021-06-01T06:14:35Z
2885,2885,efa6900bb1b59c70f131af868396a8903b098a18,dubbo-cluster/src/main/java/org/apache/dubbo/rpc/cluster/router/condition/ConditionRouter.java,2021-11-03T03:13:04Z
2885,2885,efa6900bb1b59c70f131af868396a8903b098a18,dubbo-cluster/src/main/java/org/apache/dubbo/rpc/cluster/router/tag/TagRouter.java,2021-11-03T03:13:04Z
2887,2887,17b75a78955effbf82f4cd958c37545209c152e1,dubbo-cluster/src/main/java/org/apache/dubbo/rpc/cluster/directory/AbstractDirectory.java,2024-02-29T03:26:11Z
2892,2892,730695a7a26967889405b12fc54099bb006c8231,dubbo-cluster/src/main/java/org/apache/dubbo/rpc/cluster/loadbalance/LeastActiveLoadBalance.java,2023-11-07T07:40:13Z
2893,2893,730695a7a26967889405b12fc54099bb006c8231,dubbo-cluster/src/main/java/org/apache/dubbo/rpc/cluster/loadbalance/LeastActiveLoadBalance.java,2023-11-07T07:40:13Z
2895,2895,d28b2244eff738b1f8efa2a9f6e86b61f25b182a,dubbo-common/src/main/java/org/apache/dubbo/common/io/StreamUtils.java,2023-01-24T12:51:56Z
2898,2898,8c61f9b225f889761a78d7b0f6c884b051e09e35,dubbo-common/src/test/java/org/apache/dubbo/common/concurrent/CompletableFutureTaskTest.java,2022-11-29T12:42:33Z
2900,2900,ff39bf36c35316061e7e028abd28dd392405e7f0,dubbo-remoting/dubbo-remoting-api/src/main/java/org/apache/dubbo/remoting/Dispatcher.java,2021-09-02T09:54:20Z
2901,2901,6ad735d74a7f1c5d694f212061e04af9c90a8d3b,dubbo-config/dubbo-config-api/src/main/java/org/apache/dubbo/config/DubboShutdownHook.java,2023-07-03T02:16:14Z
2903,2903,ff39bf36c35316061e7e028abd28dd392405e7f0,dubbo-remoting/dubbo-remoting-api/src/main/java/org/apache/dubbo/remoting/Dispatcher.java,2021-09-02T09:54:20Z
2904,2904,8c61f9b225f889761a78d7b0f6c884b051e09e35,dubbo-common/src/test/java/org/apache/dubbo/common/concurrent/CompletableFutureTaskTest.java,2022-11-29T12:42:33Z
2905,2905,730695a7a26967889405b12fc54099bb006c8231,dubbo-cluster/src/test/java/org/apache/dubbo/rpc/cluster/configurator/parser/ConfigParserTest.java,2023-11-07T07:40:13Z
2906,2906,38e47c2e547cebdbd37c675fe1f305cded966162,dubbo-rpc/dubbo-rpc-dubbo/src/test/java/org/apache/dubbo/rpc/protocol/dubbo/DubboLazyConnectTest.java,2022-11-22T02:46:52Z
2906,2906,38e47c2e547cebdbd37c675fe1f305cded966162,dubbo-rpc/dubbo-rpc-dubbo/src/test/java/org/apache/dubbo/rpc/protocol/dubbo/MultiThreadTest.java,2022-11-22T02:46:52Z
2906,2906,38e47c2e547cebdbd37c675fe1f305cded966162,dubbo-rpc/dubbo-rpc-dubbo/src/test/java/org/apache/dubbo/rpc/protocol/dubbo/RpcFilterTest.java,2022-11-22T02:46:52Z
2907,2907,8c61f9b225f889761a78d7b0f6c884b051e09e35,dubbo-common/src/test/java/org/apache/dubbo/common/concurrent/CompletableFutureTaskTest.java,2022-11-29T12:42:33Z
2909,2909,730695a7a26967889405b12fc54099bb006c8231,dubbo-cluster/src/main/java/org/apache/dubbo/rpc/cluster/Router.java,2023-11-07T07:40:13Z
2913,2913,8c61f9b225f889761a78d7b0f6c884b051e09e35,dubbo-common/src/test/java/org/apache/dubbo/common/concurrent/CompletableFutureTaskTest.java,2022-11-29T12:42:33Z
2917,2917,8c61f9b225f889761a78d7b0f6c884b051e09e35,dubbo-common/src/test/java/org/apache/dubbo/common/concurrent/CompletableFutureTaskTest.java,2022-11-29T12:42:33Z
2920,2920,8bdecea7ef808d19f0449dd43ec85ba8dbaeeb26,dubbo-registry/dubbo-registry-default/src/test/java/org/apache/dubbo/registry/dubbo/RegistryDirectoryTest.java,2020-08-17T05:38:04Z
2921,2921,00812ce41c44be6e5cd5e2b8e5bf602f806bbbca,dubbo-filter/dubbo-filter-cache/src/main/java/org/apache/dubbo/cache/support/AbstractCacheFactory.java,2024-03-29T03:40:06Z
2922,2922,6ad735d74a7f1c5d694f212061e04af9c90a8d3b,dubbo-config/dubbo-config-api/src/main/java/org/apache/dubbo/config/DubboShutdownHook.java,2023-07-03T02:16:14Z
2923,2923,11d5bd9ffadf11af0d13e6ab478829b4ae3c8572,pom.xml,2024-06-24T09:54:45Z
2924,2924,efa6900bb1b59c70f131af868396a8903b098a18,dubbo-cluster/src/main/java/org/apache/dubbo/rpc/cluster/router/tag/TagRouter.java,2021-11-03T03:13:04Z
2925,2925,0df34a1a20811d4a03032d03dac146c59bd52b34,dubbo-remoting/dubbo-remoting-api/src/main/java/org/apache/dubbo/remoting/telnet/support/TelnetHandlerAdapter.java,2022-12-22T02:02:22Z
2927,2927,6b3f54383f4b6102215e33ea879a389dff0fd1eb,README.md,2024-04-11T08:47:51Z
2928,2928,00812ce41c44be6e5cd5e2b8e5bf602f806bbbca,dubbo-config/dubbo-config-api/src/main/java/org/apache/dubbo/config/ServiceConfig.java,2024-03-29T03:40:06Z
2929,2929,00812ce41c44be6e5cd5e2b8e5bf602f806bbbca,dubbo-config/dubbo-config-api/src/main/java/org/apache/dubbo/config/ServiceConfig.java,2024-03-29T03:40:06Z
2930,2930,730695a7a26967889405b12fc54099bb006c8231,dubbo-cluster/src/main/java/org/apache/dubbo/rpc/cluster/support/AbstractClusterInvoker.java,2023-11-07T07:40:13Z
2930,2930,730695a7a26967889405b12fc54099bb006c8231,dubbo-cluster/src/test/java/org/apache/dubbo/rpc/cluster/directory/StaticDirectoryTest.java,2023-11-07T07:40:13Z
2931,2931,00812ce41c44be6e5cd5e2b8e5bf602f806bbbca,dubbo-config/dubbo-config-api/src/main/java/org/apache/dubbo/config/ServiceConfig.java,2024-03-29T03:40:06Z
2932,2932,730695a7a26967889405b12fc54099bb006c8231,dubbo-cluster/src/main/java/org/apache/dubbo/rpc/cluster/loadbalance/RoundRobinLoadBalance.java,2023-11-07T07:40:13Z
2932,2932,730695a7a26967889405b12fc54099bb006c8231,dubbo-cluster/src/main/java/org/apache/dubbo/rpc/cluster/support/wrapper/MockClusterInvoker.java,2023-11-07T07:40:13Z
2933,2933,00812ce41c44be6e5cd5e2b8e5bf602f806bbbca,dubbo-config/dubbo-config-api/src/main/java/org/apache/dubbo/config/ServiceConfig.java,2024-03-29T03:40:06Z
2934,2934,00812ce41c44be6e5cd5e2b8e5bf602f806bbbca,dubbo-config/dubbo-config-api/src/main/java/org/apache/dubbo/config/ServiceConfig.java,2024-03-29T03:40:06Z
2936,2936,00812ce41c44be6e5cd5e2b8e5bf602f806bbbca,dubbo-cluster/src/main/java/org/apache/dubbo/rpc/cluster/merger/MapMerger.java,2024-03-29T03:40:06Z
2936,2936,00812ce41c44be6e5cd5e2b8e5bf602f806bbbca,dubbo-cluster/src/main/java/org/apache/dubbo/rpc/cluster/merger/MergerFactory.java,2024-03-29T03:40:06Z
2936,2936,00812ce41c44be6e5cd5e2b8e5bf602f806bbbca,dubbo-cluster/src/main/java/org/apache/dubbo/rpc/cluster/merger/SetMerger.java,2024-03-29T03:40:06Z
2938,2938,00812ce41c44be6e5cd5e2b8e5bf602f806bbbca,dubbo-common/src/main/java/org/apache/dubbo/common/beanutil/JavaBeanSerializeUtil.java,2024-03-29T03:40:06Z
2939,2939,b8ea46d0389ec3bc4143c5d6df148fb6a72d033a,dubbo-remoting/dubbo-remoting-api/src/main/java/org/apache/dubbo/remoting/transport/AbstractServer.java,2023-01-04T09:36:49Z
2940,2940,79a1cca4ef1d583d2ae2c8e3f16eeea5881712cc,dubbo-config/dubbo-config-spring/src/main/java/org/apache/dubbo/config/spring/ReferenceBean.java,2024-07-04T07:14:55Z
2941,2941,0872090fa4fbd70ba302978ce3575f4cdafb7f1e,dubbo-rpc/dubbo-rpc-dubbo/src/main/java/org/apache/dubbo/rpc/protocol/dubbo/telnet/InvokeTelnetHandler.java,2019-09-03T06:17:40Z
2944,2944,00812ce41c44be6e5cd5e2b8e5bf602f806bbbca,dubbo-remoting/dubbo-remoting-api/src/main/java/org/apache/dubbo/remoting/telnet/support/command/StatusTelnetHandler.java,2024-03-29T03:40:06Z
2945,2945,71b9f6aa06afaa17a7cbdff0eeefda3757c0a638,dubbo-remoting/dubbo-remoting-netty4/src/main/java/org/apache/dubbo/remoting/transport/netty4/logging/MessageFormatter.java,2022-11-07T09:40:15Z
2946,2946,680481ccdfbeff973a5cc66a42e9ccba87f8ca64,dubbo-registry/dubbo-registry-api/src/main/java/org/apache/dubbo/registry/retry/AbstractRetryTask.java,2023-06-26T04:59:18Z
2947,2947,caed64b2a6e3e4113350dca27f931c129d211dff,dubbo-cluster/src/test/java/org/apache/dubbo/rpc/cluster/loadbalance/ConsistentHashLoadBalanceTest.java,2024-02-19T02:00:19Z
2950,2950,00812ce41c44be6e5cd5e2b8e5bf602f806bbbca,dubbo-config/dubbo-config-spring/src/main/java/org/apache/dubbo/config/spring/util/PropertySourcesUtils.java,2024-03-29T03:40:06Z
2951,2951,11d5bd9ffadf11af0d13e6ab478829b4ae3c8572,pom.xml,2024-06-24T09:54:45Z
2956,2956,ebafc18c4dd3d8fc0f6bd399a56068af67958091,dubbo-rpc/dubbo-rpc-api/src/main/java/org/apache/dubbo/rpc/RpcResult.java,2019-05-23T02:19:04Z
2957,2957,6b3f54383f4b6102215e33ea879a389dff0fd1eb,README.md,2024-04-11T08:47:51Z
2958,2958,4a5ec3e55490e9be734e16f9220d0488bee2761b,PULL_REQUEST_TEMPLATE.md,2021-06-18T03:43:18Z
2959,2959,00812ce41c44be6e5cd5e2b8e5bf602f806bbbca,dubbo-config/dubbo-config-api/src/main/java/org/apache/dubbo/config/ServiceConfig.java,2024-03-29T03:40:06Z
2962,2962,730695a7a26967889405b12fc54099bb006c8231,dubbo-cluster/src/main/java/org/apache/dubbo/rpc/cluster/loadbalance/AbstractLoadBalance.java,2023-11-07T07:40:13Z
2962,2962,730695a7a26967889405b12fc54099bb006c8231,dubbo-cluster/src/main/java/org/apache/dubbo/rpc/cluster/loadbalance/LeastActiveLoadBalance.java,2023-11-07T07:40:13Z
2962,2962,730695a7a26967889405b12fc54099bb006c8231,dubbo-cluster/src/main/java/org/apache/dubbo/rpc/cluster/loadbalance/RandomLoadBalance.java,2023-11-07T07:40:13Z
2962,2962,730695a7a26967889405b12fc54099bb006c8231,dubbo-cluster/src/main/java/org/apache/dubbo/rpc/cluster/loadbalance/RoundRobinLoadBalance.java,2023-11-07T07:40:13Z
2963,2963,00812ce41c44be6e5cd5e2b8e5bf602f806bbbca,dubbo-rpc/dubbo-rpc-api/src/main/java/org/apache/dubbo/rpc/RpcStatus.java,2024-03-29T03:40:06Z
2964,2964,08205284b8e107b61d4db9959dc760b78b1af1a5,dubbo-common/src/main/java/com/alibaba/dubbo/common/Constants.java,2018-06-14T01:06:28Z
2964,2964,08205284b8e107b61d4db9959dc760b78b1af1a5,dubbo-rpc/dubbo-rpc-dubbo/src/main/java/com/alibaba/dubbo/rpc/protocol/dubbo/DubboProtocol.java,2018-06-14T01:06:28Z
2965,2965,00812ce41c44be6e5cd5e2b8e5bf602f806bbbca,dubbo-config/dubbo-config-api/src/main/java/org/apache/dubbo/config/ServiceConfig.java,2024-03-29T03:40:06Z
2966,2966,00812ce41c44be6e5cd5e2b8e5bf602f806bbbca,dubbo-remoting/dubbo-remoting-api/src/main/java/org/apache/dubbo/remoting/transport/CodecSupport.java,2024-03-29T03:40:06Z
2967,2967,00812ce41c44be6e5cd5e2b8e5bf602f806bbbca,dubbo-rpc/dubbo-rpc-api/src/main/java/org/apache/dubbo/rpc/filter/DeprecatedFilter.java,2024-03-29T03:40:06Z
2967,2967,00812ce41c44be6e5cd5e2b8e5bf602f806bbbca,dubbo-rpc/dubbo-rpc-api/src/main/java/org/apache/dubbo/rpc/filter/tps/DefaultTPSLimiter.java,2024-03-29T03:40:06Z
2974,2974,78a4dbad6e5ed195acebc4d2eb18588c79563367,dubbo-rpc/dubbo-rpc-dubbo/src/main/java/org/apache/dubbo/rpc/protocol/dubbo/CallbackServiceCodec.java,2023-08-09T08:05:27Z
2975,2975,189d76be5d94d43d8054cc58d48507380aea99a3,dubbo-registry/dubbo-registry-zookeeper/src/main/java/org/apache/dubbo/registry/zookeeper/ZookeeperRegistry.java,2024-05-21T03:36:53Z
2976,2976,ec443043e2da83d946943baabf7f122f9efc0dcc,dubbo-config/dubbo-config-api/src/main/java/org/apache/dubbo/config/ReferenceConfig.java,2024-04-01T03:03:29Z
2978,2978,79ba4cd6b737fa9a2af92a6d9a2189454dc5b623,CHANGES.md,2023-08-27T15:16:56Z
2979,2979,78a4dbad6e5ed195acebc4d2eb18588c79563367,dubbo-rpc/dubbo-rpc-dubbo/src/main/java/org/apache/dubbo/rpc/protocol/dubbo/CallbackServiceCodec.java,2023-08-09T08:05:27Z
2982,2982,0e66de1c61886c637e5ca11c1b0433bb1c25d05d,codestyle/checkstyle.xml,2021-06-10T12:13:39Z
2983,2983,8bc9257f4e09b2937e21842b90984dfcaefe97b6,CONTRIBUTING.md,2021-06-01T06:14:35Z
3003,3003,00812ce41c44be6e5cd5e2b8e5bf602f806bbbca,dubbo-common/src/main/java/org/apache/dubbo/common/compiler/support/ClassUtils.java,2024-03-29T03:40:06Z
3003,3003,00812ce41c44be6e5cd5e2b8e5bf602f806bbbca,dubbo-rpc/dubbo-rpc-dubbo/src/main/java/org/apache/dubbo/rpc/protocol/dubbo/DubboProtocol.java,2024-03-29T03:40:06Z
3004,3004,0d879666b4fc6163f42fcec2838633bb9f99a482,dubbo-serialization/dubbo-serialization-hessian2/src/main/java/org/apache/dubbo/common/serialize/hessian2/Hessian2Serialization.java,2023-12-04T13:32:50Z
3007,3007,73bfa6a61f92f5fdcfa6740b319ba941e45d7a1a,dubbo-rpc/dubbo-rpc-dubbo/src/main/java/org/apache/dubbo/rpc/protocol/dubbo/DubboExporter.java,2022-08-01T01:26:38Z
3008,3008,6ad735d74a7f1c5d694f212061e04af9c90a8d3b,dubbo-config/dubbo-config-api/src/main/java/org/apache/dubbo/config/DubboShutdownHook.java,2023-07-03T02:16:14Z
3009,3009,f2478b4d5cad482008cae6b8a2ad2dc2d41f3cf5,dubbo-distribution/pom.xml,2024-01-30T09:57:22Z
3010,3010,0fb1e4c4c644390d76398f223528de5dace9c440,dubbo-rpc/dubbo-rpc-api/src/test/java/org/apache/dubbo/rpc/filter/ActiveLimitFilterTest.java,2023-09-22T12:23:32Z
3013,3013,80b145db3e09c947f0b731776ec66694bafc4846,dubbo-config/dubbo-config-api/pom.xml,2024-05-14T03:48:31Z
3015,3015,ec443043e2da83d946943baabf7f122f9efc0dcc,dubbo-config/dubbo-config-api/src/main/java/org/apache/dubbo/config/ReferenceConfig.java,2024-04-01T03:03:29Z
3016,3016,189d76be5d94d43d8054cc58d48507380aea99a3,dubbo-common/src/main/java/org/apache/dubbo/common/json/JSON.java,2024-05-21T03:36:53Z
3017,3017,730695a7a26967889405b12fc54099bb006c8231,dubbo-cluster/src/main/java/org/apache/dubbo/rpc/cluster/support/AbstractClusterInvoker.java,2023-11-07T07:40:13Z
3018,3018,0872090fa4fbd70ba302978ce3575f4cdafb7f1e,dubbo-rpc/dubbo-rpc-api/src/main/java/org/apache/dubbo/rpc/model/ApplicationModel.java,2019-09-03T06:17:40Z
3020,3020,0df34a1a20811d4a03032d03dac146c59bd52b34,dubbo-rpc/dubbo-rpc-dubbo/src/main/java/org/apache/dubbo/rpc/protocol/dubbo/status/ThreadPoolStatusChecker.java,2022-12-22T02:02:22Z
3021,3021,2604618095e0aeec06b616dda105f61bdd3757d8,dubbo-config/dubbo-config-spring/src/main/java/org/apache/dubbo/config/spring/AnnotationBean.java,2019-03-26T07:57:07Z
3027,3027,d35d7eb30c9e536bead96d50d45ff6def219f84f,dubbo-rpc/dubbo-rpc-api/src/main/java/org/apache/dubbo/rpc/filter/AccessLogFilter.java,2024-05-31T07:05:16Z
3028,3028,6b3f54383f4b6102215e33ea879a389dff0fd1eb,README.md,2024-04-11T08:47:51Z
3030,3030,00812ce41c44be6e5cd5e2b8e5bf602f806bbbca,dubbo-common/src/main/java/org/apache/dubbo/common/compiler/support/ClassUtils.java,2024-03-29T03:40:06Z
3030,3030,00812ce41c44be6e5cd5e2b8e5bf602f806bbbca,dubbo-common/src/main/java/org/apache/dubbo/common/utils/ConfigUtils.java,2024-03-29T03:40:06Z
3030,3030,00812ce41c44be6e5cd5e2b8e5bf602f806bbbca,dubbo-rpc/dubbo-rpc-api/src/main/java/org/apache/dubbo/rpc/filter/tps/DefaultTPSLimiter.java,2024-03-29T03:40:06Z
3035,3035,00812ce41c44be6e5cd5e2b8e5bf602f806bbbca,dubbo-rpc/dubbo-rpc-api/src/main/java/org/apache/dubbo/rpc/RpcStatus.java,2024-03-29T03:40:06Z
3036,3036,da5c7ed33dd2ca53946b228f105453ccb0d80b93,dubbo-rpc/dubbo-rpc-dubbo/src/main/java/org/apache/dubbo/rpc/protocol/dubbo/DubboCodec.java,2023-09-25T01:40:18Z
3037,3037,da5c7ed33dd2ca53946b228f105453ccb0d80b93,dubbo-rpc/dubbo-rpc-dubbo/src/main/java/org/apache/dubbo/rpc/protocol/dubbo/DubboCodec.java,2023-09-25T01:40:18Z
3038,3038,60c55b83bc27282dabb93a31ccb3e35e29ae087e,dubbo-rpc/dubbo-rpc-dubbo/src/test/java/org/apache/dubbo/rpc/protocol/dubbo/support/DemoServiceImpl.java,2021-05-10T08:10:31Z
3041,3041,da5c7ed33dd2ca53946b228f105453ccb0d80b93,dubbo-rpc/dubbo-rpc-dubbo/src/main/java/org/apache/dubbo/rpc/protocol/dubbo/DubboCodec.java,2023-09-25T01:40:18Z
3042,3042,da5c7ed33dd2ca53946b228f105453ccb0d80b93,dubbo-rpc/dubbo-rpc-dubbo/src/main/java/org/apache/dubbo/rpc/protocol/dubbo/DubboCodec.java,2023-09-25T01:40:18Z
3043,3043,da5c7ed33dd2ca53946b228f105453ccb0d80b93,dubbo-rpc/dubbo-rpc-dubbo/src/main/java/org/apache/dubbo/rpc/protocol/dubbo/DubboCodec.java,2023-09-25T01:40:18Z
3044,3044,17b75a78955effbf82f4cd958c37545209c152e1,dubbo-cluster/src/main/java/org/apache/dubbo/rpc/cluster/directory/AbstractDirectory.java,2024-02-29T03:26:11Z
3046,3046,523a4189b8a7233c926eab1218daf627a3e870b8,dubbo-common/src/main/java/org/apache/dubbo/common/Version.java,2024-06-04T14:59:16Z
3048,3048,9497802ec338b4dde815c98546a8efbe8ee31873,dubbo-common/src/main/java/org/apache/dubbo/common/utils/Assert.java,2023-02-26T07:14:11Z
3051,3051,aa54350c6f5abd0803ace8c14b9a731b69100d03,dubbo-registry/dubbo-registry-api/src/main/java/org/apache/dubbo/registry/integration/RegistryDirectory.java,2023-07-31T11:11:49Z
3053,3053,8bdecea7ef808d19f0449dd43ec85ba8dbaeeb26,dubbo-registry/dubbo-registry-default/src/test/java/org/apache/dubbo/registry/dubbo/DubboRegistryTest.java,2020-08-17T05:38:04Z
3054,3054,730695a7a26967889405b12fc54099bb006c8231,dubbo-cluster/src/main/java/org/apache/dubbo/rpc/cluster/support/FailbackClusterInvoker.java,2023-11-07T07:40:13Z
3058,3058,00812ce41c44be6e5cd5e2b8e5bf602f806bbbca,dubbo-plugin/dubbo-qos/src/main/java/org/apache/dubbo/qos/textui/TLadder.java,2024-03-29T03:40:06Z
3058,3058,00812ce41c44be6e5cd5e2b8e5bf602f806bbbca,dubbo-plugin/dubbo-qos/src/main/java/org/apache/dubbo/qos/textui/TTable.java,2024-03-29T03:40:06Z
3058,3058,00812ce41c44be6e5cd5e2b8e5bf602f806bbbca,dubbo-plugin/dubbo-qos/src/main/java/org/apache/dubbo/qos/textui/TTree.java,2024-03-29T03:40:06Z
3061,3061,8bdecea7ef808d19f0449dd43ec85ba8dbaeeb26,dubbo-remoting/dubbo-remoting-mina/src/main/java/org/apache/dubbo/remoting/transport/mina/MinaClient.java,2020-08-17T05:38:04Z
3061,3061,8bdecea7ef808d19f0449dd43ec85ba8dbaeeb26,dubbo-remoting/dubbo-remoting-mina/src/main/java/org/apache/dubbo/remoting/transport/mina/MinaServer.java,2020-08-17T05:38:04Z
3062,3062,730695a7a26967889405b12fc54099bb006c8231,dubbo-cluster/src/main/java/org/apache/dubbo/rpc/cluster/Router.java,2023-11-07T07:40:13Z
3062,3062,730695a7a26967889405b12fc54099bb006c8231,dubbo-cluster/src/main/java/org/apache/dubbo/rpc/cluster/RouterChain.java,2023-11-07T07:40:13Z
3062,3062,730695a7a26967889405b12fc54099bb006c8231,dubbo-cluster/src/main/java/org/apache/dubbo/rpc/cluster/configurator/parser/ConfigParser.java,2023-11-07T07:40:13Z
3062,3062,730695a7a26967889405b12fc54099bb006c8231,dubbo-cluster/src/main/java/org/apache/dubbo/rpc/cluster/router/AbstractRouter.java,2023-11-07T07:40:13Z
3064,3064,dbb0a64a84d841f858cefbdaecae8bfe9f3788a1,dubbo-metadata-report/dubbo-metadata-definition/src/main/java/org/apache/dubbo/metadata/definition/TypeDefinitionBuilder.java,2019-09-16T08:30:58Z
3065,3065,05cecc55bccc5c4ab985f7bab3b3c63e7380ed01,dubbo-config/dubbo-config-spring/src/main/resources/META-INF/dubbo.xsd,2024-02-02T06:10:23Z
3066,3066,79a1cca4ef1d583d2ae2c8e3f16eeea5881712cc,dubbo-config/dubbo-config-spring/src/main/java/org/apache/dubbo/config/spring/ReferenceBean.java,2024-07-04T07:14:55Z
3067,3067,faefee2cb2b64e10ff4f874f6da6e032d84f0ff2,dubbo-rpc/dubbo-rpc-api/src/main/java/org/apache/dubbo/rpc/support/RpcUtils.java,2024-05-08T03:51:00Z
3073,3073,20351b01a8abebd488a86fdaa5b70c02eb1886f9,dubbo-config/dubbo-config-api/src/main/java/org/apache/dubbo/config/AbstractConfig.java,2019-10-21T04:43:17Z
3075,3075,f224fc5a47ae87817a91241109f1fcab1fee1539,dubbo-registry/dubbo-registry-api/src/main/java/org/apache/dubbo/registry/integration/RegistryProtocol.java,2024-07-03T02:12:33Z
3076,3076,00812ce41c44be6e5cd5e2b8e5bf602f806bbbca,dubbo-common/src/main/java/org/apache/dubbo/common/utils/StringUtils.java,2024-03-29T03:40:06Z
3077,3077,f224fc5a47ae87817a91241109f1fcab1fee1539,dubbo-registry/dubbo-registry-api/src/main/java/org/apache/dubbo/registry/integration/RegistryProtocol.java,2024-07-03T02:12:33Z
3078,3078,aa54350c6f5abd0803ace8c14b9a731b69100d03,dubbo-registry/dubbo-registry-api/src/main/java/org/apache/dubbo/registry/integration/RegistryDirectory.java,2023-07-31T11:11:49Z
3080,3080,f224fc5a47ae87817a91241109f1fcab1fee1539,dubbo-registry/dubbo-registry-api/src/main/java/org/apache/dubbo/registry/integration/RegistryProtocol.java,2024-07-03T02:12:33Z
3083,3083,00812ce41c44be6e5cd5e2b8e5bf602f806bbbca,dubbo-common/src/main/java/org/apache/dubbo/common/utils/UrlUtils.java,2024-03-29T03:40:06Z
3085,3085,25b73b1a135ae75ed50c68e6b5acd694067fd325,dubbo-config/dubbo-config-api/src/test/java/org/apache/dubbo/config/AbstractConfigTest.java,2023-12-27T15:19:51Z
3086,3086,8bdecea7ef808d19f0449dd43ec85ba8dbaeeb26,dubbo-registry/dubbo-registry-redis/src/main/java/org/apache/dubbo/registry/redis/RedisRegistry.java,2020-08-17T05:38:04Z
3087,3087,8bdecea7ef808d19f0449dd43ec85ba8dbaeeb26,dubbo-registry/dubbo-registry-redis/src/main/java/org/apache/dubbo/registry/redis/RedisRegistry.java,2020-08-17T05:38:04Z
3090,3090,79a1cca4ef1d583d2ae2c8e3f16eeea5881712cc,dubbo-config/dubbo-config-spring/src/main/java/org/apache/dubbo/config/spring/ReferenceBean.java,2024-07-04T07:14:55Z
3092,3092,5c54c6837876b7daf0c55d9f9cafde109baa1a5d,dubbo-demo/dubbo-demo-consumer/src/main/resources/META-INF/spring/dubbo-demo-consumer.xml,2018-12-29T01:48:06Z
3093,3093,00812ce41c44be6e5cd5e2b8e5bf602f806bbbca,dubbo-common/src/main/java/org/apache/dubbo/common/utils/StringUtils.java,2024-03-29T03:40:06Z
3093,3093,00812ce41c44be6e5cd5e2b8e5bf602f806bbbca,dubbo-rpc/dubbo-rpc-api/src/main/java/org/apache/dubbo/rpc/support/MockInvoker.java,2024-03-29T03:40:06Z
3094,3094,f224fc5a47ae87817a91241109f1fcab1fee1539,dubbo-registry/dubbo-registry-api/src/main/java/org/apache/dubbo/registry/integration/RegistryProtocol.java,2024-07-03T02:12:33Z
3095,3095,faefee2cb2b64e10ff4f874f6da6e032d84f0ff2,dubbo-rpc/dubbo-rpc-api/src/main/java/org/apache/dubbo/rpc/support/RpcUtils.java,2024-05-08T03:51:00Z
3096,3096,730695a7a26967889405b12fc54099bb006c8231,dubbo-common/src/main/java/org/apache/dubbo/common/config/CompositeConfiguration.java,2023-11-07T07:40:13Z
3096,3096,730695a7a26967889405b12fc54099bb006c8231,dubbo-common/src/main/java/org/apache/dubbo/common/config/Configuration.java,2023-11-07T07:40:13Z
3096,3096,730695a7a26967889405b12fc54099bb006c8231,dubbo-common/src/main/java/org/apache/dubbo/common/config/InmemoryConfiguration.java,2023-11-07T07:40:13Z
3096,3096,730695a7a26967889405b12fc54099bb006c8231,dubbo-common/src/main/java/org/apache/dubbo/common/config/SystemConfiguration.java,2023-11-07T07:40:13Z
3099,3099,ec443043e2da83d946943baabf7f122f9efc0dcc,dubbo-config/dubbo-config-api/src/main/java/org/apache/dubbo/config/ReferenceConfig.java,2024-04-01T03:03:29Z
3101,3101,87547793e0530aabdf429218629def9001347252,dubbo-config/dubbo-config-api/src/main/java/org/apache/dubbo/config/AbstractInterfaceConfig.java,2019-10-21T09:02:05Z
3102,3102,189d76be5d94d43d8054cc58d48507380aea99a3,dubbo-registry/dubbo-registry-zookeeper/src/main/java/org/apache/dubbo/registry/zookeeper/ZookeeperRegistry.java,2024-05-21T03:36:53Z
3103,3103,ec443043e2da83d946943baabf7f122f9efc0dcc,dubbo-config/dubbo-config-api/src/main/java/org/apache/dubbo/config/ReferenceConfig.java,2024-04-01T03:03:29Z
3104,3104,6b3f54383f4b6102215e33ea879a389dff0fd1eb,README.md,2024-04-11T08:47:51Z
3108,3108,ec443043e2da83d946943baabf7f122f9efc0dcc,dubbo-config/dubbo-config-api/src/main/java/org/apache/dubbo/config/ReferenceConfig.java,2024-04-01T03:03:29Z
3109,3109,9598cd09607b2dbe660ae16f4a95c79e107907a8,dubbo-remoting/dubbo-remoting-zookeeper/src/main/java/org/apache/dubbo/remoting/zookeeper/zkclient/ZkclientZookeeperClient.java,2019-03-14T11:14:03Z
3110,3110,8bdecea7ef808d19f0449dd43ec85ba8dbaeeb26,dubbo-registry/dubbo-registry-default/src/test/java/org/apache/dubbo/registry/dubbo/DubboRegistryTest.java,2020-08-17T05:38:04Z
3112,3112,06d29f12ea2c4648188a433f524041e5c64a1cee,NOTICE,2024-01-02T10:50:56Z
3114,3114,3b145c75880b25343b67a0ae242f27322db9ba18,dubbo-serialization/dubbo-serialization-fastjson/src/main/java/org/apache/dubbo/common/serialize/fastjson/FastJsonObjectInput.java,2019-04-01T04:40:48Z
3115,3115,3e4fda20bba18f0a85340c86ae8ccbb004c7ea84,dubbo-demo/dubbo-demo-annotation/dubbo-demo-annotation-consumer/pom.xml,2024-04-08T08:34:36Z
3115,3115,3e4fda20bba18f0a85340c86ae8ccbb004c7ea84,dubbo-demo/dubbo-demo-annotation/pom.xml,2024-04-08T08:34:36Z
3115,3115,3e4fda20bba18f0a85340c86ae8ccbb004c7ea84,dubbo-demo/dubbo-demo-api/dubbo-demo-api-consumer/pom.xml,2024-04-08T08:34:36Z
3115,3115,3e4fda20bba18f0a85340c86ae8ccbb004c7ea84,dubbo-demo/dubbo-demo-api/pom.xml,2024-04-08T08:34:36Z
3116,3116,11d5bd9ffadf11af0d13e6ab478829b4ae3c8572,pom.xml,2024-06-24T09:54:45Z
3118,3118,4be8594bdefa3b941d062cbcee0794a3718c58b1,dubbo-rpc/dubbo-rpc-injvm/src/main/java/org/apache/dubbo/rpc/protocol/injvm/InjvmInvoker.java,2024-06-20T01:41:36Z
3119,3119,796e9ec9b68f3430f025797d286042dab3462396,dubbo-config/dubbo-config-spring/src/main/java/org/apache/dubbo/config/spring/context/annotation/DubboConfigConfiguration.java,2023-05-07T23:41:48Z
3120,3120,00812ce41c44be6e5cd5e2b8e5bf602f806bbbca,dubbo-monitor/dubbo-monitor-api/src/main/java/org/apache/dubbo/monitor/support/AbstractMonitorFactory.java,2024-03-29T03:40:06Z
3121,3121,00812ce41c44be6e5cd5e2b8e5bf602f806bbbca,dubbo-monitor/dubbo-monitor-api/src/main/java/org/apache/dubbo/monitor/support/AbstractMonitorFactory.java,2024-03-29T03:40:06Z
3122,3122,ed6afe1ac34c0ddf5b3805254700488b7a7efb4d,dubbo-demo/dubbo-demo-xml/dubbo-demo-xml-consumer/pom.xml,2023-05-07T23:42:49Z
3126,3126,79a1cca4ef1d583d2ae2c8e3f16eeea5881712cc,dubbo-config/dubbo-config-spring/src/main/java/org/apache/dubbo/config/spring/ReferenceBean.java,2024-07-04T07:14:55Z
3127,3127,730695a7a26967889405b12fc54099bb006c8231,dubbo-cluster/src/test/java/org/apache/dubbo/rpc/cluster/configurator/parser/ConfigParserTest.java,2023-11-07T07:40:13Z
3128,3128,79a1cca4ef1d583d2ae2c8e3f16eeea5881712cc,dubbo-config/dubbo-config-spring/src/main/java/org/apache/dubbo/config/spring/ReferenceBean.java,2024-07-04T07:14:55Z
3129,3129,79a1cca4ef1d583d2ae2c8e3f16eeea5881712cc,dubbo-config/dubbo-config-spring/src/main/java/org/apache/dubbo/config/spring/ReferenceBean.java,2024-07-04T07:14:55Z
3130,3130,730695a7a26967889405b12fc54099bb006c8231,dubbo-cluster/src/test/java/org/apache/dubbo/rpc/cluster/configurator/parser/ConfigParserTest.java,2023-11-07T07:40:13Z
3131,3131,0d91d419a8b25a9917a03dc68a3eb5069ac856ea,dubbo-common/src/main/java/org/apache/dubbo/common/extension/ExtensionLoader.java,2023-10-19T07:25:40Z
3133,3133,f224fc5a47ae87817a91241109f1fcab1fee1539,dubbo-registry/dubbo-registry-api/src/main/java/org/apache/dubbo/registry/integration/RegistryProtocol.java,2024-07-03T02:12:33Z
3134,3134,ec443043e2da83d946943baabf7f122f9efc0dcc,dubbo-config/dubbo-config-api/src/main/java/org/apache/dubbo/config/ReferenceConfig.java,2024-04-01T03:03:29Z
3135,3135,ec443043e2da83d946943baabf7f122f9efc0dcc,dubbo-config/dubbo-config-api/src/main/java/org/apache/dubbo/config/ReferenceConfig.java,2024-04-01T03:03:29Z
3136,3136,26f39d57ff0d08534971ecdf2e5b4bc46ff5af4e,dubbo-admin/src/main/webapp/WEB-INF/dubbo.properties,2018-01-11T07:41:44Z
3138,3138,05cecc55bccc5c4ab985f7bab3b3c63e7380ed01,dubbo-config/dubbo-config-spring/src/main/resources/META-INF/dubbo.xsd,2024-02-02T06:10:23Z
3139,3139,563a0e472ab50d2d697e2f0415c80b68ad6b17bd,dubbo-config/dubbo-config-spring/src/main/java/org/apache/dubbo/config/spring/ServiceBean.java,2023-06-29T02:31:36Z
3140,3140,189d76be5d94d43d8054cc58d48507380aea99a3,dubbo-registry/dubbo-registry-zookeeper/src/main/java/org/apache/dubbo/registry/zookeeper/ZookeeperRegistry.java,2024-05-21T03:36:53Z
3141,3141,189d76be5d94d43d8054cc58d48507380aea99a3,dubbo-registry/dubbo-registry-zookeeper/src/main/java/org/apache/dubbo/registry/zookeeper/ZookeeperRegistry.java,2024-05-21T03:36:53Z
3142,3142,79a1cca4ef1d583d2ae2c8e3f16eeea5881712cc,dubbo-config/dubbo-config-spring/src/main/java/org/apache/dubbo/config/spring/ReferenceBean.java,2024-07-04T07:14:55Z
3143,3143,00812ce41c44be6e5cd5e2b8e5bf602f806bbbca,dubbo-config/dubbo-config-api/src/main/java/org/apache/dubbo/config/ServiceConfig.java,2024-03-29T03:40:06Z
3146,3146,f224fc5a47ae87817a91241109f1fcab1fee1539,dubbo-registry/dubbo-registry-api/src/main/java/org/apache/dubbo/registry/integration/RegistryProtocol.java,2024-07-03T02:12:33Z
3149,3149,11d5bd9ffadf11af0d13e6ab478829b4ae3c8572,pom.xml,2024-06-24T09:54:45Z
3154,3154,638b193c2c7a6ad96b651b686196345c24c89909,dubbo-rpc/dubbo-rpc-api/src/main/java/org/apache/dubbo/rpc/RpcException.java,2023-02-23T07:07:38Z
3156,3156,25c2b3808a03a42c9d2cb2ca3e715b5f9ac043e5,dubbo-registry/dubbo-registry-api/src/main/java/org/apache/dubbo/registry/support/AbstractRegistry.java,2023-06-21T01:23:40Z
3157,3157,87547793e0530aabdf429218629def9001347252,dubbo-config/dubbo-config-api/src/main/java/org/apache/dubbo/config/AbstractInterfaceConfig.java,2019-10-21T09:02:05Z
3160,3160,faefee2cb2b64e10ff4f874f6da6e032d84f0ff2,dubbo-rpc/dubbo-rpc-api/src/main/java/org/apache/dubbo/rpc/support/RpcUtils.java,2024-05-08T03:51:00Z
3162,3162,7facd5be19ea80ffee05172931b589ddc90ace8a,dubbo-remoting/dubbo-remoting-api/src/main/java/org/apache/dubbo/remoting/exchange/support/header/ReconnectTimerTask.java,2023-04-11T11:00:02Z
3166,3166,764b8dffccf75926d692d45c18fe2eb498a369dc,dubbo-metadata-report/dubbo-metadata-report-api/src/main/java/org/apache/dubbo/metadata/identifier/MetadataIdentifier.java,2019-07-22T06:51:45Z
3166,3166,764b8dffccf75926d692d45c18fe2eb498a369dc,dubbo-metadata-report/dubbo-metadata-report-api/src/test/java/org/apache/dubbo/metadata/identifier/MetadataIdentifierTest.java,2019-07-22T06:51:45Z
3167,3167,638b193c2c7a6ad96b651b686196345c24c89909,dubbo-rpc/dubbo-rpc-api/src/main/java/org/apache/dubbo/rpc/RpcException.java,2023-02-23T07:07:38Z
3170,3170,00812ce41c44be6e5cd5e2b8e5bf602f806bbbca,dubbo-registry/dubbo-registry-multicast/src/main/java/org/apache/dubbo/registry/multicast/MulticastRegistry.java,2024-03-29T03:40:06Z
3171,3171,ec443043e2da83d946943baabf7f122f9efc0dcc,dubbo-config/dubbo-config-api/src/main/java/org/apache/dubbo/config/ReferenceConfig.java,2024-04-01T03:03:29Z
3173,3173,730695a7a26967889405b12fc54099bb006c8231,dubbo-cluster/src/main/java/org/apache/dubbo/rpc/cluster/router/condition/config/model/ConditionRouterRule.java,2023-11-07T07:40:13Z
3173,3173,730695a7a26967889405b12fc54099bb006c8231,dubbo-cluster/src/main/java/org/apache/dubbo/rpc/cluster/router/condition/config/model/ConditionRuleParser.java,2023-11-07T07:40:13Z
3173,3173,730695a7a26967889405b12fc54099bb006c8231,dubbo-cluster/src/test/java/org/apache/dubbo/rpc/cluster/router/ConfigConditionRouterTest.java,2023-11-07T07:40:13Z
3174,3174,e07e5e294b0bc96ada4ed868cfae1307b3872462,dubbo-rpc/dubbo-rpc-api/src/main/java/org/apache/dubbo/rpc/filter/TimeoutFilter.java,2023-06-13T12:25:25Z
3178,3178,79a1cca4ef1d583d2ae2c8e3f16eeea5881712cc,dubbo-config/dubbo-config-spring/src/main/java/org/apache/dubbo/config/spring/ReferenceBean.java,2024-07-04T07:14:55Z
3180,3180,8bdecea7ef808d19f0449dd43ec85ba8dbaeeb26,dubbo-registry/dubbo-registry-redis/src/main/java/org/apache/dubbo/registry/redis/RedisRegistry.java,2020-08-17T05:38:04Z
3180,3180,8bdecea7ef808d19f0449dd43ec85ba8dbaeeb26,dubbo-registry/dubbo-registry-redis/src/test/java/org/apache/dubbo/registry/redis/RedisRegistryTest.java,2020-08-17T05:38:04Z
3181,3181,f03823eec1610ab40fa894e279614703617ab29b,dubbo-remoting/dubbo-remoting-api/src/main/java/org/apache/dubbo/remoting/transport/AbstractClient.java,2024-04-07T02:31:23Z
3182,3182,dfd135eb95d92ffc3519426b812e274f43b49e9d,dubbo-common/src/main/java/org/apache/dubbo/common/URL.java,2024-05-08T06:09:08Z
3182,3182,dfd135eb95d92ffc3519426b812e274f43b49e9d,dubbo-common/src/test/java/org/apache/dubbo/common/URLTest.java,2024-05-08T06:09:08Z
3183,3183,548369311919dd83e87c792808b34ab0ecded5c6,dubbo-registry/dubbo-registry-api/src/test/java/org/apache/dubbo/registry/ZKTools.java,2023-02-28T05:32:31Z
3184,3184,00812ce41c44be6e5cd5e2b8e5bf602f806bbbca,dubbo-rpc/dubbo-rpc-dubbo/src/main/java/org/apache/dubbo/rpc/protocol/dubbo/DubboProtocol.java,2024-03-29T03:40:06Z
3185,3185,c10d95b56a48e88d9014238a56e7ee1ea18a33d2,dubbo-rpc/dubbo-rpc-api/src/main/java/org/apache/dubbo/rpc/AsyncRpcResult.java,2023-10-11T15:32:30Z
3191,3191,730695a7a26967889405b12fc54099bb006c8231,dubbo-cluster/src/main/java/org/apache/dubbo/rpc/cluster/loadbalance/RandomLoadBalance.java,2023-11-07T07:40:13Z
3191,3191,730695a7a26967889405b12fc54099bb006c8231,dubbo-cluster/src/test/java/org/apache/dubbo/rpc/cluster/loadbalance/RandomLoadBalanceTest.java,2023-11-07T07:40:13Z
3195,3195,730695a7a26967889405b12fc54099bb006c8231,dubbo-cluster/src/main/java/org/apache/dubbo/rpc/cluster/loadbalance/RandomLoadBalance.java,2023-11-07T07:40:13Z
3195,3195,730695a7a26967889405b12fc54099bb006c8231,dubbo-cluster/src/test/java/org/apache/dubbo/rpc/cluster/loadbalance/RandomLoadBalanceTest.java,2023-11-07T07:40:13Z
3196,3196,c272af38c65649ec5dd4348ccf73fb699fa976a2,dubbo-common/src/main/java/org/apache/dubbo/common/utils/CompatibleTypeUtils.java,2023-03-02T22:43:37Z
3197,3197,25548c345bdfc1dcf222b68c2057cd472e2b74a0,dubbo-common/src/main/java/org/apache/dubbo/common/utils/PojoUtils.java,2023-05-26T07:32:54Z
3199,3199,78a4dbad6e5ed195acebc4d2eb18588c79563367,dubbo-rpc/dubbo-rpc-dubbo/src/main/java/org/apache/dubbo/rpc/protocol/dubbo/CallbackServiceCodec.java,2023-08-09T08:05:27Z
3202,3202,00812ce41c44be6e5cd5e2b8e5bf602f806bbbca,dubbo-container/dubbo-container-api/src/main/java/org/apache/dubbo/container/Main.java,2024-03-29T03:40:06Z
3206,3206,11d5bd9ffadf11af0d13e6ab478829b4ae3c8572,pom.xml,2024-06-24T09:54:45Z
3207,3207,002a6a1b3e3a7533fedd2bc2d3e72920d96f47e5,dubbo-common/src/main/java/org/apache/dubbo/common/threadpool/support/AbortPolicyWithReport.java,2024-03-08T02:11:43Z
3210,3210,0872090fa4fbd70ba302978ce3575f4cdafb7f1e,dubbo-rpc/dubbo-rpc-dubbo/src/main/java/org/apache/dubbo/rpc/protocol/dubbo/telnet/InvokeTelnetHandler.java,2019-09-03T06:17:40Z
3210,3210,0872090fa4fbd70ba302978ce3575f4cdafb7f1e,dubbo-rpc/dubbo-rpc-dubbo/src/test/java/org/apache/dubbo/rpc/protocol/dubbo/telnet/InvokerTelnetHandlerTest.java,2019-09-03T06:17:40Z
3210,3210,0872090fa4fbd70ba302978ce3575f4cdafb7f1e,dubbo-rpc/dubbo-rpc-dubbo/src/test/java/org/apache/dubbo/rpc/protocol/dubbo/telnet/SelectTelnetHandlerTest.java,2019-09-03T06:17:40Z
3211,3211,11d5bd9ffadf11af0d13e6ab478829b4ae3c8572,pom.xml,2024-06-24T09:54:45Z
3213,3213,00812ce41c44be6e5cd5e2b8e5bf602f806bbbca,dubbo-remoting/dubbo-remoting-api/src/main/java/org/apache/dubbo/remoting/exchange/support/header/HeaderExchangeServer.java,2024-03-29T03:40:06Z
3217,3217,87547793e0530aabdf429218629def9001347252,dubbo-config/dubbo-config-api/src/main/java/org/apache/dubbo/config/AbstractInterfaceConfig.java,2019-10-21T09:02:05Z
3220,3220,ec443043e2da83d946943baabf7f122f9efc0dcc,dubbo-config/dubbo-config-api/src/main/java/org/apache/dubbo/config/ReferenceConfig.java,2024-04-01T03:03:29Z
3221,3221,ec443043e2da83d946943baabf7f122f9efc0dcc,dubbo-config/dubbo-config-api/src/main/java/org/apache/dubbo/config/ReferenceConfig.java,2024-04-01T03:03:29Z
3222,3222,87547793e0530aabdf429218629def9001347252,dubbo-config/dubbo-config-api/src/main/java/org/apache/dubbo/config/AbstractInterfaceConfig.java,2019-10-21T09:02:05Z
3224,3224,00812ce41c44be6e5cd5e2b8e5bf602f806bbbca,dubbo-rpc/dubbo-rpc-rest/src/main/java/org/apache/dubbo/rpc/protocol/rest/RestProtocol.java,2024-03-29T03:40:06Z
3225,3225,cd78bba7b7c7134b1317275da3ffc277dc6f54d0,dubbo-config/dubbo-config-spring/pom.xml,2024-05-14T03:48:23Z
3227,3227,0b067c628b6c9f7437aaaf9e71372d06953f4738,dubbo-remoting/dubbo-remoting-zookeeper/src/main/java/org/apache/dubbo/remoting/zookeeper/support/AbstractZookeeperTransporter.java,2021-07-08T13:51:35Z
3228,3228,11d5bd9ffadf11af0d13e6ab478829b4ae3c8572,pom.xml,2024-06-24T09:54:45Z
3229,3229,523a4189b8a7233c926eab1218daf627a3e870b8,dubbo-common/src/main/java/org/apache/dubbo/common/Version.java,2024-06-04T14:59:16Z
3229,3229,523a4189b8a7233c926eab1218daf627a3e870b8,dubbo-common/src/test/java/org/apache/dubbo/common/version/VersionTest.java,2024-06-04T14:59:16Z
3230,3230,79a1cca4ef1d583d2ae2c8e3f16eeea5881712cc,dubbo-config/dubbo-config-spring/src/main/java/org/apache/dubbo/config/spring/ReferenceBean.java,2024-07-04T07:14:55Z
3232,3232,d327fea6746ca18d315f60e718f5e7d392b518e3,dubbo-config/dubbo-config-spring/src/main/resources/META-INF/compat/dubbo.xsd,2022-12-05T07:38:26Z
3233,3233,efa6900bb1b59c70f131af868396a8903b098a18,dubbo-cluster/src/main/java/org/apache/dubbo/rpc/cluster/router/tag/TagRouter.java,2021-11-03T03:13:04Z
3235,3235,0872090fa4fbd70ba302978ce3575f4cdafb7f1e,dubbo-rpc/dubbo-rpc-dubbo/src/main/java/org/apache/dubbo/rpc/protocol/dubbo/telnet/InvokeTelnetHandler.java,2019-09-03T06:17:40Z
3238,3238,00812ce41c44be6e5cd5e2b8e5bf602f806bbbca,dubbo-cluster/src/main/java/org/apache/dubbo/rpc/cluster/merger/MapMerger.java,2024-03-29T03:40:06Z
3238,3238,00812ce41c44be6e5cd5e2b8e5bf602f806bbbca,dubbo-cluster/src/main/java/org/apache/dubbo/rpc/cluster/merger/SetMerger.java,2024-03-29T03:40:06Z
3239,3239,12febcfbf505c926070686a4d4318812b1ed1938,dubbo-common/src/main/java/org/apache/dubbo/common/utils/NetUtils.java,2023-03-25T07:42:33Z
3240,3240,730695a7a26967889405b12fc54099bb006c8231,dubbo-cluster/src/main/java/org/apache/dubbo/rpc/cluster/Router.java,2023-11-07T07:40:13Z
3240,3240,730695a7a26967889405b12fc54099bb006c8231,dubbo-cluster/src/main/java/org/apache/dubbo/rpc/cluster/router/AbstractRouter.java,2023-11-07T07:40:13Z
3240,3240,730695a7a26967889405b12fc54099bb006c8231,dubbo-cluster/src/main/java/org/apache/dubbo/rpc/cluster/router/mock/MockInvokersSelector.java,2023-11-07T07:40:13Z
3241,3241,5d916cd2c10ad3f21290bf25e338261c30cafbad,dubbo-config/dubbo-config-spring/src/main/java/org/apache/dubbo/config/spring/util/AnnotationUtils.java,2024-05-08T07:20:54Z
3245,3245,730695a7a26967889405b12fc54099bb006c8231,dubbo-cluster/src/main/java/org/apache/dubbo/rpc/cluster/RouterChain.java,2023-11-07T07:40:13Z
3246,3246,0d785f1346f48abf34a1a7690b437c3615780beb,dubbo-all/pom.xml,2020-07-22T06:45:08Z
3247,3247,da5c7ed33dd2ca53946b228f105453ccb0d80b93,dubbo-rpc/dubbo-rpc-dubbo/src/main/java/org/apache/dubbo/rpc/protocol/dubbo/DubboCodec.java,2023-09-25T01:40:18Z
3252,3252,f7bdd5e1c36b5f345b3f0aecae2d2f331f7a7e47,dubbo-serialization/dubbo-serialization-test/src/test/java/org/apache/dubbo/common/serialize/protostuff/ProtostuffSerializationTest.java,2019-06-03T04:57:54Z
3254,3254,d6661cf5018078738910a705a5d9bfbd5dcac541,dubbo-compatible/src/main/java/com/alibaba/dubbo/rpc/Protocol.java,2023-06-05T02:09:30Z
3255,3255,002a6a1b3e3a7533fedd2bc2d3e72920d96f47e5,dubbo-common/src/main/java/org/apache/dubbo/common/threadpool/support/AbortPolicyWithReport.java,2024-03-08T02:11:43Z
3263,3263,d6f9d8d38fb6ac804cb8375f4770079337279538,dubbo-configcenter/dubbo-configcenter-apollo/src/main/java/org/apache/dubbo/configcenter/support/apollo/ApolloDynamicConfiguration.java,2023-04-19T10:33:13Z
3264,3264,ec443043e2da83d946943baabf7f122f9efc0dcc,dubbo-config/dubbo-config-api/src/main/java/org/apache/dubbo/config/ReferenceConfig.java,2024-04-01T03:03:29Z
3267,3267,002a6a1b3e3a7533fedd2bc2d3e72920d96f47e5,dubbo-common/src/main/java/org/apache/dubbo/common/threadpool/support/AbortPolicyWithReport.java,2024-03-08T02:11:43Z
3269,3269,741b7854af74637461634572c0c1e8987494fc3a,dubbo-remoting/dubbo-remoting-api/src/test/java/org/apache/dubbo/remoting/handler/ConnectChannelHandlerTest.java,2023-03-30T11:20:08Z
3271,3271,05cecc55bccc5c4ab985f7bab3b3c63e7380ed01,dubbo-config/dubbo-config-spring/src/main/resources/META-INF/dubbo.xsd,2024-02-02T06:10:23Z
3273,3273,79a1cca4ef1d583d2ae2c8e3f16eeea5881712cc,dubbo-config/dubbo-config-spring/src/main/java/org/apache/dubbo/config/spring/ReferenceBean.java,2024-07-04T07:14:55Z
3274,3274,d35d7eb30c9e536bead96d50d45ff6def219f84f,dubbo-rpc/dubbo-rpc-api/src/main/java/org/apache/dubbo/rpc/filter/AccessLogFilter.java,2024-05-31T07:05:16Z
3276,3276,00812ce41c44be6e5cd5e2b8e5bf602f806bbbca,dubbo-remoting/dubbo-remoting-api/src/main/java/org/apache/dubbo/remoting/exchange/support/header/HeaderExchangeServer.java,2024-03-29T03:40:06Z
3278,3278,8bdecea7ef808d19f0449dd43ec85ba8dbaeeb26,dubbo-rpc/dubbo-rpc-redis/src/test/java/org/apache/dubbo/rpc/protocol/redis/RedisProtocolTest.java,2020-08-17T05:38:04Z
3280,3280,d4904d4c3f1303042a4a88a63669b2be3d36de19,dubbo-rpc/dubbo-rpc-dubbo/src/main/java/org/apache/dubbo/rpc/protocol/dubbo/telnet/ShutdownTelnetHandler.java,2019-07-25T02:45:27Z
3281,3281,ec443043e2da83d946943baabf7f122f9efc0dcc,dubbo-config/dubbo-config-api/src/main/java/org/apache/dubbo/config/ReferenceConfig.java,2024-04-01T03:03:29Z
3282,3282,00812ce41c44be6e5cd5e2b8e5bf602f806bbbca,dubbo-common/src/main/java/org/apache/dubbo/common/bytecode/Wrapper.java,2024-03-29T03:40:06Z
3283,3283,b99b3837186b7fb7f68ae106b67cc42deeed18b9,dubbo-config/dubbo-config-spring/src/main/java/org/apache/dubbo/config/spring/beans/factory/annotation/DubboConfigBindingBeanPostProcessor.java,2020-02-11T05:12:03Z
3284,3284,dfd135eb95d92ffc3519426b812e274f43b49e9d,dubbo-common/src/main/java/org/apache/dubbo/common/URL.java,2024-05-08T06:09:08Z
3285,3285,00812ce41c44be6e5cd5e2b8e5bf602f806bbbca,dubbo-cluster/src/main/java/org/apache/dubbo/rpc/cluster/loadbalance/ConsistentHashLoadBalance.java,2024-03-29T03:40:06Z
3291,3291,8bdecea7ef808d19f0449dd43ec85ba8dbaeeb26,dubbo-registry/dubbo-registry-redis/src/main/java/org/apache/dubbo/registry/redis/RedisRegistry.java,2020-08-17T05:38:04Z
3292,3292,aa54350c6f5abd0803ace8c14b9a731b69100d03,dubbo-registry/dubbo-registry-api/src/main/java/org/apache/dubbo/registry/integration/RegistryDirectory.java,2023-07-31T11:11:49Z
3293,3293,79ba4cd6b737fa9a2af92a6d9a2189454dc5b623,CHANGES.md,2023-08-27T15:16:56Z
3295,3295,f224fc5a47ae87817a91241109f1fcab1fee1539,dubbo-registry/dubbo-registry-api/src/main/java/org/apache/dubbo/registry/integration/RegistryProtocol.java,2024-07-03T02:12:33Z
3297,3297,00812ce41c44be6e5cd5e2b8e5bf602f806bbbca,dubbo-rpc/dubbo-rpc-dubbo/src/main/java/org/apache/dubbo/rpc/protocol/dubbo/DubboProtocol.java,2024-03-29T03:40:06Z
3299,3299,00812ce41c44be6e5cd5e2b8e5bf602f806bbbca,dubbo-remoting/dubbo-remoting-api/src/main/java/org/apache/dubbo/remoting/exchange/support/header/HeaderExchangeServer.java,2024-03-29T03:40:06Z
3300,3300,0fc93d03456210839d95093ec4f2677e8f35677e,.travis.yml,2023-01-25T00:11:33Z
3301,3301,570cd47d9a47f93efcee835a47e40bdffe7046a6,dubbo-compatible/src/test/java/org/apache/dubbo/generic/GenericServiceTest.java,2023-12-14T11:12:27Z
3303,3303,5f39404b076734d93c4437994f56280daaaabcd0,dubbo-rpc/dubbo-rpc-dubbo/src/main/java/org/apache/dubbo/rpc/protocol/dubbo/DecodeableRpcResult.java,2023-06-13T13:42:27Z
3307,3307,8e2eb332a1d7aece2d344daa26a8b078420b3034,dubbo-monitor/dubbo-monitor-default/src/test/java/org/apache/dubbo/monitor/dubbo/DubboMonitorTest.java,2024-05-10T16:27:46Z
3309,3309,1643bf381690ca352749c0de1070a305ef4939e9,dubbo-config/dubbo-config-spring/src/main/java/org/apache/dubbo/config/spring/ConfigCenterBean.java,2022-09-03T06:14:47Z
3311,3311,0d91d419a8b25a9917a03dc68a3eb5069ac856ea,dubbo-config/dubbo-config-spring/src/main/java/org/apache/dubbo/config/spring/beans/factory/annotation/ReferenceAnnotationBeanPostProcessor.java,2023-10-19T07:25:40Z
3313,3313,dad55714caff3c03a0c5a806ae35e84e58ea1b3b,dubbo-serialization/dubbo-serialization-hessian2/src/main/java/org/apache/dubbo/common/serialize/hessian2/Hessian2SerializerFactory.java,2023-09-26T02:44:07Z
3315,3315,d0e628eb32e4f38ca10b0148de59ac8c587fceb7,all/pom.xml,2018-07-26T08:24:07Z
3316,3316,0df34a1a20811d4a03032d03dac146c59bd52b34,dubbo-remoting/dubbo-remoting-api/src/main/java/org/apache/dubbo/remoting/telnet/support/TelnetHandlerAdapter.java,2022-12-22T02:02:22Z
3317,3317,00812ce41c44be6e5cd5e2b8e5bf602f806bbbca,dubbo-registry/dubbo-registry-multicast/src/main/java/org/apache/dubbo/registry/multicast/MulticastRegistry.java,2024-03-29T03:40:06Z
3318,3318,80b145db3e09c947f0b731776ec66694bafc4846,dubbo-config/dubbo-config-api/pom.xml,2024-05-14T03:48:31Z
3322,3322,ac8ee831c9566569b8a58298983ee7e7ff30e4d8,dubbo-dependencies-bom/pom.xml,2024-07-02T06:27:45Z
3323,3323,3e78bd8867c317376c11050fe10233ac9305b91c,dubbo-metadata-report/dubbo-metadata-report-api/src/main/java/org/apache/dubbo/metadata/integration/MetadataReportService.java,2019-10-21T13:19:36Z
3326,3326,00812ce41c44be6e5cd5e2b8e5bf602f806bbbca,dubbo-rpc/dubbo-rpc-injvm/src/main/java/org/apache/dubbo/rpc/protocol/injvm/InjvmProtocol.java,2024-03-29T03:40:06Z
3327,3327,8e2eb332a1d7aece2d344daa26a8b078420b3034,dubbo-monitor/dubbo-monitor-default/src/test/java/org/apache/dubbo/monitor/dubbo/DubboMonitorTest.java,2024-05-10T16:27:46Z
3329,3329,fe3d34588348122c2cb5af36541251b51d67e751,dubbo-metadata-report/dubbo-metadata-report-api/src/test/java/org/apache/dubbo/metadata/store/test/JTestMetadataReport4Test.java,2019-05-12T08:33:35Z
3331,3331,8bdecea7ef808d19f0449dd43ec85ba8dbaeeb26,dubbo-rpc/dubbo-rpc-thrift/src/main/java/org/apache/dubbo/rpc/protocol/thrift/ThriftCodec.java,2020-08-17T05:38:04Z
3331,3331,8bdecea7ef808d19f0449dd43ec85ba8dbaeeb26,dubbo-rpc/dubbo-rpc-thrift/src/main/java/org/apache/dubbo/rpc/protocol/thrift/ThriftProtocol.java,2020-08-17T05:38:04Z
3331,3331,8bdecea7ef808d19f0449dd43ec85ba8dbaeeb26,dubbo-rpc/dubbo-rpc-thrift/src/test/java/org/apache/dubbo/rpc/protocol/thrift/ThriftCodecTest.java,2020-08-17T05:38:04Z
3333,3333,730695a7a26967889405b12fc54099bb006c8231,dubbo-cluster/src/main/java/org/apache/dubbo/rpc/cluster/Configurator.java,2023-11-07T07:40:13Z
3333,3333,730695a7a26967889405b12fc54099bb006c8231,dubbo-cluster/src/main/java/org/apache/dubbo/rpc/cluster/router/AbstractRouter.java,2023-11-07T07:40:13Z
3335,3335,8bc9257f4e09b2937e21842b90984dfcaefe97b6,CONTRIBUTING.md,2021-06-01T06:14:35Z
3336,3336,322add3243aaa92f7d56cf68377ff065326337fa,dubbo-monitor/dubbo-monitor-default/src/test/java/com/alibaba/dubbo/monitor/dubbo/DubboMonitorTest.java,2018-05-14T07:48:41Z
3337,3337,45120670ba52dfe9730175304db196f5f67fb6d4,dubbo-plugin/dubbo-qos/src/test/java/org/apache/dubbo/qos/textui/TKvTest.java,2022-11-22T02:49:50Z
3337,3337,45120670ba52dfe9730175304db196f5f67fb6d4,dubbo-plugin/dubbo-qos/src/test/java/org/apache/dubbo/qos/textui/TLadderTest.java,2022-11-22T02:49:50Z
3337,3337,45120670ba52dfe9730175304db196f5f67fb6d4,dubbo-plugin/dubbo-qos/src/test/java/org/apache/dubbo/qos/textui/TTableTest.java,2022-11-22T02:49:50Z
3338,3338,0d91d419a8b25a9917a03dc68a3eb5069ac856ea,dubbo-rpc/dubbo-rpc-api/src/test/java/org/apache/dubbo/rpc/filter/GenericImplFilterTest.java,2023-10-19T07:25:40Z
3340,3340,11d5bd9ffadf11af0d13e6ab478829b4ae3c8572,pom.xml,2024-06-24T09:54:45Z
3341,3341,f03823eec1610ab40fa894e279614703617ab29b,dubbo-remoting/dubbo-remoting-api/src/main/java/org/apache/dubbo/remoting/transport/AbstractClient.java,2024-04-07T02:31:23Z
3344,3344,fed4755cd6693e51d8f99555b1d339019e591917,dubbo-registry/dubbo-registry-api/src/main/java/org/apache/dubbo/registry/support/FailbackRegistry.java,2024-01-02T02:22:13Z
3345,3345,d6661cf5018078738910a705a5d9bfbd5dcac541,dubbo-compatible/src/main/java/com/alibaba/dubbo/common/URL.java,2023-06-05T02:09:30Z
3346,3346,e4bfb3d0e78ec903792f34cdd71017819584203b,dubbo-metrics/dubbo-metrics-api/src/main/java/org/apache/dubbo/metrics/MetricLevel.java,2019-03-14T07:32:49Z
3349,3349,d6661cf5018078738910a705a5d9bfbd5dcac541,dubbo-compatible/src/main/java/com/alibaba/dubbo/common/URL.java,2023-06-05T02:09:30Z
3350,3350,d6661cf5018078738910a705a5d9bfbd5dcac541,dubbo-compatible/src/main/java/com/alibaba/dubbo/common/URL.java,2023-06-05T02:09:30Z
3352,3352,11d5bd9ffadf11af0d13e6ab478829b4ae3c8572,pom.xml,2024-06-24T09:54:45Z
3354,3354,6b3f54383f4b6102215e33ea879a389dff0fd1eb,README.md,2024-04-11T08:47:51Z
3358,3358,11d5bd9ffadf11af0d13e6ab478829b4ae3c8572,pom.xml,2024-06-24T09:54:45Z
3360,3360,fe3d34588348122c2cb5af36541251b51d67e751,dubbo-metadata-report/dubbo-metadata-report-zookeeper/src/test/java/org/apache/dubbo/metadata/store/zookeeper/ZookeeperMetadataReportTest.java,2019-05-12T08:33:35Z
3362,3362,6b3f54383f4b6102215e33ea879a389dff0fd1eb,README.md,2024-04-11T08:47:51Z
3363,3363,00812ce41c44be6e5cd5e2b8e5bf602f806bbbca,dubbo-rpc/dubbo-rpc-api/src/main/java/org/apache/dubbo/rpc/protocol/AbstractProxyProtocol.java,2024-03-29T03:40:06Z
3366,3366,fe3d34588348122c2cb5af36541251b51d67e751,dubbo-metadata-report/dubbo-metadata-report-api/src/test/java/org/apache/dubbo/metadata/store/test/JTestMetadataReport4Test.java,2019-05-12T08:33:35Z
3371,3371,f224fc5a47ae87817a91241109f1fcab1fee1539,dubbo-registry/dubbo-registry-api/src/main/java/org/apache/dubbo/registry/integration/RegistryProtocol.java,2024-07-03T02:12:33Z
3374,3374,00812ce41c44be6e5cd5e2b8e5bf602f806bbbca,dubbo-registry/dubbo-registry-multicast/src/main/java/org/apache/dubbo/registry/multicast/MulticastRegistry.java,2024-03-29T03:40:06Z
3375,3375,8bc9257f4e09b2937e21842b90984dfcaefe97b6,dubbo-container/dubbo-container-api/src/main/resources/META-INF/assembly/bin/start.sh,2021-06-01T06:14:35Z
3376,3376,edaaa1612190c60467cae14bf9550e86bd0ca004,dubbo-rpc/dubbo-rpc-api/src/main/java/org/apache/dubbo/rpc/protocol/AbstractInvoker.java,2023-09-20T01:45:28Z
3377,3377,edaaa1612190c60467cae14bf9550e86bd0ca004,dubbo-rpc/dubbo-rpc-api/src/main/java/org/apache/dubbo/rpc/protocol/AbstractInvoker.java,2023-09-20T01:45:28Z
3378,3378,8bdecea7ef808d19f0449dd43ec85ba8dbaeeb26,dubbo-registry/dubbo-registry-redis/src/main/java/org/apache/dubbo/registry/redis/RedisRegistry.java,2020-08-17T05:38:04Z
3380,3380,0d91d419a8b25a9917a03dc68a3eb5069ac856ea,dubbo-common/src/main/java/org/apache/dubbo/common/extension/ExtensionLoader.java,2023-10-19T07:25:40Z
3381,3381,f224fc5a47ae87817a91241109f1fcab1fee1539,dubbo-registry/dubbo-registry-api/src/main/java/org/apache/dubbo/registry/integration/RegistryProtocol.java,2024-07-03T02:12:33Z
3382,3382,d452ea492424ab470c2b2a47e4a5338d4dd6612b,dubbo-rpc/dubbo-rpc-rest/pom.xml,2023-07-12T04:26:03Z
3383,3383,8c786cdf01126cc559856968d211fa648788d4d2,dubbo-cluster/src/test/resources/log4j.xml,2023-02-26T07:17:36Z
3383,3383,8c786cdf01126cc559856968d211fa648788d4d2,dubbo-rpc/dubbo-rpc-api/src/test/resources/log4j.xml,2023-02-26T07:17:36Z
3384,3384,f224fc5a47ae87817a91241109f1fcab1fee1539,dubbo-registry/dubbo-registry-api/src/main/java/org/apache/dubbo/registry/integration/RegistryProtocol.java,2024-07-03T02:12:33Z
3387,3387,0d91d419a8b25a9917a03dc68a3eb5069ac856ea,dubbo-config/dubbo-config-spring/src/main/java/org/apache/dubbo/config/spring/beans/factory/annotation/ReferenceAnnotationBeanPostProcessor.java,2023-10-19T07:25:40Z
3388,3388,d0454fdbef0b7724cf5747a276f292eb14c8ab05,dubbo-config/dubbo-config-spring/src/main/java/org/apache/dubbo/config/spring/beans/factory/annotation/ServiceAnnotationBeanPostProcessor.java,2021-06-08T08:44:54Z
3389,3389,c272af38c65649ec5dd4348ccf73fb699fa976a2,dubbo-common/src/main/java/org/apache/dubbo/common/logger/LoggerFactory.java,2023-03-02T22:43:37Z
3395,3395,6b3f54383f4b6102215e33ea879a389dff0fd1eb,README.md,2024-04-11T08:47:51Z
3396,3396,730695a7a26967889405b12fc54099bb006c8231,dubbo-cluster/src/main/java/org/apache/dubbo/rpc/cluster/configurator/override/OverrideConfigurator.java,2023-11-07T07:40:13Z
3396,3396,730695a7a26967889405b12fc54099bb006c8231,dubbo-cluster/src/main/java/org/apache/dubbo/rpc/cluster/configurator/override/OverrideConfiguratorFactory.java,2023-11-07T07:40:13Z
3397,3397,1a6dbbe2ca3ddf3aa156016f2f734c10eb281f00,dubbo-plugin/dubbo-qos/src/main/java/org/apache/dubbo/qos/protocol/QosProtocolWrapper.java,2023-11-01T12:04:31Z
3398,3398,d6f9d8d38fb6ac804cb8375f4770079337279538,dubbo-configcenter/dubbo-configcenter-apollo/src/main/java/org/apache/dubbo/configcenter/support/apollo/ApolloDynamicConfiguration.java,2023-04-19T10:33:13Z
3399,3399,d6f9d8d38fb6ac804cb8375f4770079337279538,dubbo-configcenter/dubbo-configcenter-apollo/src/main/java/org/apache/dubbo/configcenter/support/apollo/ApolloDynamicConfiguration.java,2023-04-19T10:33:13Z
3402,3402,d0454fdbef0b7724cf5747a276f292eb14c8ab05,dubbo-config/dubbo-config-spring/src/main/java/org/apache/dubbo/config/spring/beans/factory/annotation/ServiceAnnotationBeanPostProcessor.java,2021-06-08T08:44:54Z
3403,3403,62e204e424a723952439d0eb65cc8df4957bde34,dubbo-configcenter/dubbo-configcenter-api/src/main/java/org/apache/dubbo/configcenter/ConfigChangeEvent.java,2019-10-10T13:15:18Z
3404,3404,efa6900bb1b59c70f131af868396a8903b098a18,dubbo-cluster/src/main/java/org/apache/dubbo/rpc/cluster/router/script/ScriptRouter.java,2021-11-03T03:13:04Z
3405,3405,efa6900bb1b59c70f131af868396a8903b098a18,dubbo-cluster/src/main/java/org/apache/dubbo/rpc/cluster/router/condition/ConditionRouter.java,2021-11-03T03:13:04Z
3406,3406,00812ce41c44be6e5cd5e2b8e5bf602f806bbbca,dubbo-registry/dubbo-registry-multicast/src/main/java/org/apache/dubbo/registry/multicast/MulticastRegistry.java,2024-03-29T03:40:06Z
3407,3407,11d5bd9ffadf11af0d13e6ab478829b4ae3c8572,pom.xml,2024-06-24T09:54:45Z
3409,3409,00812ce41c44be6e5cd5e2b8e5bf602f806bbbca,dubbo-registry/dubbo-registry-multicast/src/main/java/org/apache/dubbo/registry/multicast/MulticastRegistry.java,2024-03-29T03:40:06Z
3410,3410,0d91d419a8b25a9917a03dc68a3eb5069ac856ea,dubbo-common/src/main/java/org/apache/dubbo/common/extension/ExtensionLoader.java,2023-10-19T07:25:40Z
3412,3412,60e3b19db518483296ff73245e548ce88c84f5a5,dubbo-common/src/main/java/com/alibaba/dubbo/common/extension/support/ActivateComparator.java,2018-04-21T06:20:09Z
3413,3413,6b3f54383f4b6102215e33ea879a389dff0fd1eb,README.md,2024-04-11T08:47:51Z
3414,3414,60e3b19db518483296ff73245e548ce88c84f5a5,dubbo-common/src/main/java/com/alibaba/dubbo/common/extension/support/ActivateComparator.java,2018-04-21T06:20:09Z
3417,3417,730695a7a26967889405b12fc54099bb006c8231,dubbo-cluster/src/main/java/org/apache/dubbo/rpc/cluster/loadbalance/RoundRobinLoadBalance.java,2023-11-07T07:40:13Z
3418,3418,0d91d419a8b25a9917a03dc68a3eb5069ac856ea,dubbo-common/src/main/java/org/apache/dubbo/common/extension/support/ActivateComparator.java,2023-10-19T07:25:40Z
3419,3419,0d91d419a8b25a9917a03dc68a3eb5069ac856ea,dubbo-common/src/main/java/org/apache/dubbo/common/extension/ExtensionLoader.java,2023-10-19T07:25:40Z
3421,3421,e1f3e63ee6413f240992ae5deb83c7bd62ce4ba3,dubbo-remoting/dubbo-remoting-netty4/src/main/java/org/apache/dubbo/remoting/transport/netty4/NettyCodecAdapter.java,2022-11-07T09:40:41Z
3424,3424,00812ce41c44be6e5cd5e2b8e5bf602f806bbbca,dubbo-common/src/main/java/org/apache/dubbo/common/compiler/support/ClassUtils.java,2024-03-29T03:40:06Z
3425,3425,25c2b3808a03a42c9d2cb2ca3e715b5f9ac043e5,dubbo-registry/dubbo-registry-api/src/main/java/org/apache/dubbo/registry/support/AbstractRegistry.java,2023-06-21T01:23:40Z
3427,3427,00812ce41c44be6e5cd5e2b8e5bf602f806bbbca,dubbo-common/src/main/java/org/apache/dubbo/common/utils/IOUtils.java,2024-03-29T03:40:06Z
3428,3428,ae46f6f5943a9b74c3c99ca719f7422ab8956496,dubbo-rpc/dubbo-rpc-dubbo/src/test/java/org/apache/dubbo/rpc/validation/ValidationTest.java,2019-10-16T06:50:20Z
3430,3430,70ec90dae80cf1c1537f0dd83f8a844a905ebbdb,dubbo-common/src/main/java/com/alibaba/dubbo/common/utils/NetUtils.java,2018-06-11T05:50:51Z
3432,3432,f03823eec1610ab40fa894e279614703617ab29b,dubbo-remoting/dubbo-remoting-api/src/main/java/org/apache/dubbo/remoting/transport/AbstractClient.java,2024-04-07T02:31:23Z
3433,3433,dfd135eb95d92ffc3519426b812e274f43b49e9d,dubbo-common/src/main/java/org/apache/dubbo/common/URL.java,2024-05-08T06:09:08Z
3434,3434,f03823eec1610ab40fa894e279614703617ab29b,dubbo-remoting/dubbo-remoting-api/src/main/java/org/apache/dubbo/remoting/transport/AbstractClient.java,2024-04-07T02:31:23Z
3435,3435,f03823eec1610ab40fa894e279614703617ab29b,dubbo-remoting/dubbo-remoting-api/src/main/java/org/apache/dubbo/remoting/transport/AbstractClient.java,2024-04-07T02:31:23Z
3437,3437,00812ce41c44be6e5cd5e2b8e5bf602f806bbbca,dubbo-container/dubbo-container-api/src/main/java/org/apache/dubbo/container/Main.java,2024-03-29T03:40:06Z
3438,3438,c272af38c65649ec5dd4348ccf73fb699fa976a2,dubbo-common/src/test/java/org/apache/dubbo/common/logger/LoggerTest.java,2023-03-02T22:43:37Z
3440,3440,25c2b3808a03a42c9d2cb2ca3e715b5f9ac043e5,dubbo-registry/dubbo-registry-api/src/main/java/org/apache/dubbo/registry/support/AbstractRegistry.java,2023-06-21T01:23:40Z
3441,3441,11d5bd9ffadf11af0d13e6ab478829b4ae3c8572,pom.xml,2024-06-24T09:54:45Z
3444,3444,00812ce41c44be6e5cd5e2b8e5bf602f806bbbca,dubbo-config/dubbo-config-api/src/main/java/org/apache/dubbo/config/ServiceConfig.java,2024-03-29T03:40:06Z
3446,3446,189d76be5d94d43d8054cc58d48507380aea99a3,dubbo-registry/dubbo-registry-zookeeper/src/main/java/org/apache/dubbo/registry/zookeeper/ZookeeperRegistry.java,2024-05-21T03:36:53Z
3447,3447,83b4114a9fc81bddaae6e120da33ebef29a6d44e,dubbo-config/dubbo-config-api/src/test/java/org/apache/dubbo/config/ServiceConfigTest.java,2023-06-13T00:35:20Z
3448,3448,4a3172b80aa1402309fff8d0266bd3632d9bf81e,dubbo-remoting/dubbo-remoting-netty4/src/main/java/org/apache/dubbo/remoting/transport/netty4/NettyBackedChannelBuffer.java,2023-03-27T01:46:32Z
3451,3451,00812ce41c44be6e5cd5e2b8e5bf602f806bbbca,dubbo-common/src/main/java/org/apache/dubbo/common/timer/HashedWheelTimer.java,2024-03-29T03:40:06Z
3452,3452,11d5bd9ffadf11af0d13e6ab478829b4ae3c8572,pom.xml,2024-06-24T09:54:45Z
3453,3453,0d91d419a8b25a9917a03dc68a3eb5069ac856ea,dubbo-common/src/main/java/org/apache/dubbo/common/extension/ExtensionLoader.java,2023-10-19T07:25:40Z
3454,3454,189d76be5d94d43d8054cc58d48507380aea99a3,dubbo-registry/dubbo-registry-zookeeper/src/main/java/org/apache/dubbo/registry/zookeeper/ZookeeperRegistry.java,2024-05-21T03:36:53Z
3455,3455,00812ce41c44be6e5cd5e2b8e5bf602f806bbbca,dubbo-rpc/dubbo-rpc-rest/src/main/java/org/apache/dubbo/rpc/protocol/rest/RestProtocol.java,2024-03-29T03:40:06Z
3456,3456,0d91d419a8b25a9917a03dc68a3eb5069ac856ea,dubbo-common/src/main/java/org/apache/dubbo/common/extension/ExtensionLoader.java,2023-10-19T07:25:40Z
3457,3457,dfd135eb95d92ffc3519426b812e274f43b49e9d,dubbo-common/src/main/java/org/apache/dubbo/common/URL.java,2024-05-08T06:09:08Z
3458,3458,dfd135eb95d92ffc3519426b812e274f43b49e9d,dubbo-common/src/main/java/org/apache/dubbo/common/URL.java,2024-05-08T06:09:08Z
3459,3459,dfd135eb95d92ffc3519426b812e274f43b49e9d,dubbo-common/src/main/java/org/apache/dubbo/common/URL.java,2024-05-08T06:09:08Z
3460,3460,dfd135eb95d92ffc3519426b812e274f43b49e9d,dubbo-common/src/main/java/org/apache/dubbo/common/URL.java,2024-05-08T06:09:08Z
3466,3466,8bdecea7ef808d19f0449dd43ec85ba8dbaeeb26,dubbo-registry/dubbo-registry-redis/src/main/java/org/apache/dubbo/registry/redis/RedisRegistry.java,2020-08-17T05:38:04Z
3469,3469,1bdbfd864740f6023762b788c7ae0d42f00fd5d6,dubbo-cluster/src/main/java/org/apache/dubbo/rpc/cluster/support/MergeableClusterInvoker.java,2024-01-02T10:58:43Z
3470,3470,11d5bd9ffadf11af0d13e6ab478829b4ae3c8572,pom.xml,2024-06-24T09:54:45Z
3471,3471,523a4189b8a7233c926eab1218daf627a3e870b8,dubbo-common/src/main/java/org/apache/dubbo/common/Version.java,2024-06-04T14:59:16Z
3474,3474,0d91d419a8b25a9917a03dc68a3eb5069ac856ea,dubbo-rpc/dubbo-rpc-api/src/main/java/org/apache/dubbo/rpc/filter/GenericFilter.java,2023-10-19T07:25:40Z
3479,3479,f224fc5a47ae87817a91241109f1fcab1fee1539,dubbo-registry/dubbo-registry-api/src/main/java/org/apache/dubbo/registry/integration/RegistryProtocol.java,2024-07-03T02:12:33Z
3480,3480,00812ce41c44be6e5cd5e2b8e5bf602f806bbbca,dubbo-rpc/dubbo-rpc-rest/src/main/java/org/apache/dubbo/rpc/protocol/rest/RestProtocol.java,2024-03-29T03:40:06Z
3481,3481,62e204e424a723952439d0eb65cc8df4957bde34,dubbo-config/dubbo-config-api/src/main/java/org/apache/dubbo/config/ConfigCenterConfig.java,2019-10-10T13:15:18Z
3481,3481,62e204e424a723952439d0eb65cc8df4957bde34,dubbo-config/dubbo-config-api/src/main/java/org/apache/dubbo/config/MetadataReportConfig.java,2019-10-10T13:15:18Z
3482,3482,00812ce41c44be6e5cd5e2b8e5bf602f806bbbca,dubbo-config/dubbo-config-api/src/main/java/org/apache/dubbo/config/ServiceConfig.java,2024-03-29T03:40:06Z
3485,3485,0d91d419a8b25a9917a03dc68a3eb5069ac856ea,dubbo-common/src/main/java/org/apache/dubbo/common/extension/ExtensionLoader.java,2023-10-19T07:25:40Z
3485,3485,0d91d419a8b25a9917a03dc68a3eb5069ac856ea,dubbo-common/src/test/java/org/apache/dubbo/common/extension/ExtensionLoaderTest.java,2023-10-19T07:25:40Z
3489,3489,ed9e26f0176610e49bc0c8deba9788b7ae1147b5,dubbo-common/src/main/java/org/apache/dubbo/common/extension/AdaptiveClassCodeGenerator.java,2023-02-28T08:05:25Z
3490,3490,aa54350c6f5abd0803ace8c14b9a731b69100d03,dubbo-registry/dubbo-registry-api/src/main/java/org/apache/dubbo/registry/integration/RegistryDirectory.java,2023-07-31T11:11:49Z
3491,3491,87547793e0530aabdf429218629def9001347252,dubbo-config/dubbo-config-api/src/main/java/org/apache/dubbo/config/AbstractInterfaceConfig.java,2019-10-21T09:02:05Z
3492,3492,11d5bd9ffadf11af0d13e6ab478829b4ae3c8572,pom.xml,2024-06-24T09:54:45Z
3495,3495,87547793e0530aabdf429218629def9001347252,dubbo-config/dubbo-config-api/src/main/java/org/apache/dubbo/config/AbstractInterfaceConfig.java,2019-10-21T09:02:05Z
3497,3497,3a3d0ef50ee0939dbf5cd6ddb4b0aeb789b329af,dubbo-config/dubbo-config-spring/src/test/java/org/apache/dubbo/config/spring/beans/factory/annotation/AnnotationPropertyValuesAdapterTest.java,2021-04-30T12:25:24Z
3498,3498,1bdbfd864740f6023762b788c7ae0d42f00fd5d6,dubbo-cluster/src/main/java/org/apache/dubbo/rpc/cluster/support/MergeableClusterInvoker.java,2024-01-02T10:58:43Z
3500,3500,f224fc5a47ae87817a91241109f1fcab1fee1539,dubbo-registry/dubbo-registry-api/src/main/java/org/apache/dubbo/registry/integration/RegistryProtocol.java,2024-07-03T02:12:33Z
3501,3501,00812ce41c44be6e5cd5e2b8e5bf602f806bbbca,dubbo-cluster/src/main/java/org/apache/dubbo/rpc/cluster/loadbalance/ConsistentHashLoadBalance.java,2024-03-29T03:40:06Z
3502,3502,08205284b8e107b61d4db9959dc760b78b1af1a5,dubbo-registry/dubbo-registry-api/src/main/java/com/alibaba/dubbo/registry/integration/RegistryProtocol.java,2018-06-14T01:06:28Z
3504,3504,11d5bd9ffadf11af0d13e6ab478829b4ae3c8572,pom.xml,2024-06-24T09:54:45Z
3505,3505,ff39bf36c35316061e7e028abd28dd392405e7f0,dubbo-config/dubbo-config-api/src/main/java/org/apache/dubbo/config/utils/ReferenceConfigCache.java,2021-09-02T09:54:20Z
3506,3506,d43faf447bf7e9b99ce189fe60f176e094920d39,dubbo-test/dubbo-test-examples/src/main/java/com/alibaba/dubbo/examples/redis/redis-consumer.xml,2018-04-20T08:02:34Z
3507,3507,a7f56a36be1408602b4b31baaf7947ee9bba5985,dubbo-metadata-report/dubbo-metadata-definition/src/main/java/org/apache/dubbo/metadata/definition/builder/CollectionTypeBuilder.java,2019-05-22T06:45:37Z
3507,3507,a7f56a36be1408602b4b31baaf7947ee9bba5985,dubbo-metadata-report/dubbo-metadata-definition/src/main/java/org/apache/dubbo/metadata/definition/builder/MapTypeBuilder.java,2019-05-22T06:45:37Z
3508,3508,5008e0f2acd90a70590b0b9d8c40e5904d5dfcf8,dubbo-registry/dubbo-registry-api/src/main/java/org/apache/dubbo/registry/support/ProviderConsumerRegTable.java,2019-06-26T09:09:21Z
3511,3511,08205284b8e107b61d4db9959dc760b78b1af1a5,dubbo-common/src/main/java/com/alibaba/dubbo/common/Constants.java,2018-06-14T01:06:28Z
3513,3513,ac8ee831c9566569b8a58298983ee7e7ff30e4d8,dubbo-dependencies-bom/pom.xml,2024-07-02T06:27:45Z
3515,3515,0d785f1346f48abf34a1a7690b437c3615780beb,dubbo-all/pom.xml,2020-07-22T06:45:08Z
3516,3516,6b3f54383f4b6102215e33ea879a389dff0fd1eb,README.md,2024-04-11T08:47:51Z
3517,3517,8bdecea7ef808d19f0449dd43ec85ba8dbaeeb26,dubbo-rpc/dubbo-rpc-webservice/src/main/java/org/apache/dubbo/rpc/protocol/webservice/WebServiceProtocol.java,2020-08-17T05:38:04Z
3519,3519,db039c68d916ba74f03d87e61f667d689961a6bb,dubbo-serialization/dubbo-serialization-kryo/src/test/java/com/alibaba/dubbo/common/serialize/serialization/AbstractSerializationTest.java,2018-05-03T08:26:12Z
3520,3520,ec443043e2da83d946943baabf7f122f9efc0dcc,dubbo-config/dubbo-config-api/src/main/java/org/apache/dubbo/config/ReferenceConfig.java,2024-04-01T03:03:29Z
3521,3521,0d749715efb93696178ee94e79341f58eec47078,dubbo-monitor/dubbo-monitor-default/src/main/java/org/apache/dubbo/monitor/dubbo/DubboMonitor.java,2023-01-20T03:27:55Z
3523,3523,9b212c2d38dc400edc13f321e3bc6314640c727b,dubbo-monitor/dubbo-monitor-default/src/main/java/org/apache/dubbo/monitor/dubbo/DubboMonitorFactory.java,2020-05-08T09:39:43Z
3524,3524,efa6900bb1b59c70f131af868396a8903b098a18,dubbo-cluster/src/main/java/org/apache/dubbo/rpc/cluster/router/script/ScriptRouter.java,2021-11-03T03:13:04Z
3526,3526,912deb69a8ee5f043a222ddeb2eef1e23d46957f,dubbo-rpc/dubbo-rpc-rest/src/main/java/org/apache/dubbo/rpc/protocol/rest/RpcContextFilter.java,2023-04-05T06:10:53Z
3527,3527,d0d1a65e16cee5f18fc181a349add143adeb57a8,dubbo-config/dubbo-config-api/src/main/java/org/apache/dubbo/config/ProviderConfig.java,2019-05-20T05:49:33Z
3528,3528,ec443043e2da83d946943baabf7f122f9efc0dcc,dubbo-config/dubbo-config-api/src/main/java/org/apache/dubbo/config/ReferenceConfig.java,2024-04-01T03:03:29Z
3530,3530,0d91d419a8b25a9917a03dc68a3eb5069ac856ea,dubbo-compatible/src/main/java/com/alibaba/dubbo/config/annotation/Reference.java,2023-10-19T07:25:40Z
3532,3532,f224fc5a47ae87817a91241109f1fcab1fee1539,dubbo-registry/dubbo-registry-api/src/main/java/org/apache/dubbo/registry/integration/RegistryProtocol.java,2024-07-03T02:12:33Z
3534,3534,ec443043e2da83d946943baabf7f122f9efc0dcc,dubbo-config/dubbo-config-api/src/main/java/org/apache/dubbo/config/ReferenceConfig.java,2024-04-01T03:03:29Z
3536,3536,efa6900bb1b59c70f131af868396a8903b098a18,dubbo-cluster/src/main/java/org/apache/dubbo/rpc/cluster/router/tag/TagRouter.java,2021-11-03T03:13:04Z
3538,3538,d2ae941502410fbbf937e654b25f1399eedd3fbf,dependencies-bom/pom.xml,2018-07-09T14:32:24Z
3542,3542,c152c3ce1114ebaee0a5717c21133c54a050d5cf,dubbo-rpc/dubbo-rpc-api/src/main/java/org/apache/dubbo/rpc/model/ServiceMetadata.java,2019-10-10T08:49:46Z
3544,3544,b0cf97ebc34d4accfd0b4532c2e5d8088fc003ac,dubbo-config/dubbo-config-api/src/test/java/org/apache/dubbo/config/builders/AbstractBuilderTest.java,2019-11-08T06:32:53Z
3544,3544,b0cf97ebc34d4accfd0b4532c2e5d8088fc003ac,dubbo-config/dubbo-config-api/src/test/java/org/apache/dubbo/config/builders/AbstractInterfaceBuilderTest.java,2019-11-08T06:32:53Z
3544,3544,b0cf97ebc34d4accfd0b4532c2e5d8088fc003ac,dubbo-config/dubbo-config-api/src/test/java/org/apache/dubbo/config/builders/AbstractMethodBuilderTest.java,2019-11-08T06:32:53Z
3544,3544,b0cf97ebc34d4accfd0b4532c2e5d8088fc003ac,dubbo-config/dubbo-config-api/src/test/java/org/apache/dubbo/config/builders/AbstractReferenceBuilderTest.java,2019-11-08T06:32:53Z
3544,3544,b0cf97ebc34d4accfd0b4532c2e5d8088fc003ac,dubbo-config/dubbo-config-api/src/test/java/org/apache/dubbo/config/builders/AbstractServiceBuilderTest.java,2019-11-08T06:32:53Z
3544,3544,b0cf97ebc34d4accfd0b4532c2e5d8088fc003ac,dubbo-config/dubbo-config-api/src/test/java/org/apache/dubbo/config/builders/ApplicationBuilderTest.java,2019-11-08T06:32:53Z
3544,3544,b0cf97ebc34d4accfd0b4532c2e5d8088fc003ac,dubbo-config/dubbo-config-api/src/test/java/org/apache/dubbo/config/builders/ArgumentBuilderTest.java,2019-11-08T06:32:53Z
3544,3544,b0cf97ebc34d4accfd0b4532c2e5d8088fc003ac,dubbo-config/dubbo-config-api/src/test/java/org/apache/dubbo/config/builders/ConfigCenterBuilderTest.java,2019-11-08T06:32:53Z
3544,3544,b0cf97ebc34d4accfd0b4532c2e5d8088fc003ac,dubbo-config/dubbo-config-api/src/test/java/org/apache/dubbo/config/builders/ConsumerBuilderTest.java,2019-11-08T06:32:53Z
3544,3544,b0cf97ebc34d4accfd0b4532c2e5d8088fc003ac,dubbo-config/dubbo-config-api/src/test/java/org/apache/dubbo/config/builders/MetadataReportBuilderTest.java,2019-11-08T06:32:53Z
3544,3544,b0cf97ebc34d4accfd0b4532c2e5d8088fc003ac,dubbo-config/dubbo-config-api/src/test/java/org/apache/dubbo/config/builders/MethodBuilderTest.java,2019-11-08T06:32:53Z
3544,3544,b0cf97ebc34d4accfd0b4532c2e5d8088fc003ac,dubbo-config/dubbo-config-api/src/test/java/org/apache/dubbo/config/builders/ModuleBuilderTest.java,2019-11-08T06:32:53Z
3544,3544,b0cf97ebc34d4accfd0b4532c2e5d8088fc003ac,dubbo-config/dubbo-config-api/src/test/java/org/apache/dubbo/config/builders/MonitorBuilderTest.java,2019-11-08T06:32:53Z
3544,3544,b0cf97ebc34d4accfd0b4532c2e5d8088fc003ac,dubbo-config/dubbo-config-api/src/test/java/org/apache/dubbo/config/builders/ProtocolBuilderTest.java,2019-11-08T06:32:53Z
3544,3544,b0cf97ebc34d4accfd0b4532c2e5d8088fc003ac,dubbo-config/dubbo-config-api/src/test/java/org/apache/dubbo/config/builders/ProviderBuilderTest.java,2019-11-08T06:32:53Z
3544,3544,b0cf97ebc34d4accfd0b4532c2e5d8088fc003ac,dubbo-config/dubbo-config-api/src/test/java/org/apache/dubbo/config/builders/ReferenceBuilderTest.java,2019-11-08T06:32:53Z
3544,3544,b0cf97ebc34d4accfd0b4532c2e5d8088fc003ac,dubbo-config/dubbo-config-api/src/test/java/org/apache/dubbo/config/builders/RegistryBuilderTest.java,2019-11-08T06:32:53Z
3544,3544,b0cf97ebc34d4accfd0b4532c2e5d8088fc003ac,dubbo-config/dubbo-config-api/src/test/java/org/apache/dubbo/config/builders/ServiceBuilderTest.java,2019-11-08T06:32:53Z
3547,3547,da5c7ed33dd2ca53946b228f105453ccb0d80b93,dubbo-rpc/dubbo-rpc-dubbo/src/main/java/org/apache/dubbo/rpc/protocol/dubbo/DubboCodec.java,2023-09-25T01:40:18Z
3548,3548,c91affe875a7fc500500d2e5f874caed945afde7,dubbo-configcenter/dubbo-configcenter-zookeeper/src/main/java/org/apache/dubbo/configcenter/support/zookeeper/CacheListener.java,2023-03-27T01:48:38Z
3549,3549,b0cf97ebc34d4accfd0b4532c2e5d8088fc003ac,dubbo-config/dubbo-config-api/src/test/java/org/apache/dubbo/config/builders/AbstractBuilderTest.java,2019-11-08T06:32:53Z
3549,3549,b0cf97ebc34d4accfd0b4532c2e5d8088fc003ac,dubbo-config/dubbo-config-api/src/test/java/org/apache/dubbo/config/builders/AbstractInterfaceBuilderTest.java,2019-11-08T06:32:53Z
3549,3549,b0cf97ebc34d4accfd0b4532c2e5d8088fc003ac,dubbo-config/dubbo-config-api/src/test/java/org/apache/dubbo/config/builders/AbstractMethodBuilderTest.java,2019-11-08T06:32:53Z
3549,3549,b0cf97ebc34d4accfd0b4532c2e5d8088fc003ac,dubbo-config/dubbo-config-api/src/test/java/org/apache/dubbo/config/builders/AbstractReferenceBuilderTest.java,2019-11-08T06:32:53Z
3549,3549,b0cf97ebc34d4accfd0b4532c2e5d8088fc003ac,dubbo-config/dubbo-config-api/src/test/java/org/apache/dubbo/config/builders/AbstractServiceBuilderTest.java,2019-11-08T06:32:53Z
3549,3549,b0cf97ebc34d4accfd0b4532c2e5d8088fc003ac,dubbo-config/dubbo-config-api/src/test/java/org/apache/dubbo/config/builders/ApplicationBuilderTest.java,2019-11-08T06:32:53Z
3549,3549,b0cf97ebc34d4accfd0b4532c2e5d8088fc003ac,dubbo-config/dubbo-config-api/src/test/java/org/apache/dubbo/config/builders/ArgumentBuilderTest.java,2019-11-08T06:32:53Z
3549,3549,b0cf97ebc34d4accfd0b4532c2e5d8088fc003ac,dubbo-config/dubbo-config-api/src/test/java/org/apache/dubbo/config/builders/ConfigCenterBuilderTest.java,2019-11-08T06:32:53Z
3549,3549,b0cf97ebc34d4accfd0b4532c2e5d8088fc003ac,dubbo-config/dubbo-config-api/src/test/java/org/apache/dubbo/config/builders/ConsumerBuilderTest.java,2019-11-08T06:32:53Z
3549,3549,b0cf97ebc34d4accfd0b4532c2e5d8088fc003ac,dubbo-config/dubbo-config-api/src/test/java/org/apache/dubbo/config/builders/MetadataReportBuilderTest.java,2019-11-08T06:32:53Z
3549,3549,b0cf97ebc34d4accfd0b4532c2e5d8088fc003ac,dubbo-config/dubbo-config-api/src/test/java/org/apache/dubbo/config/builders/MethodBuilderTest.java,2019-11-08T06:32:53Z
3549,3549,b0cf97ebc34d4accfd0b4532c2e5d8088fc003ac,dubbo-config/dubbo-config-api/src/test/java/org/apache/dubbo/config/builders/ModuleBuilderTest.java,2019-11-08T06:32:53Z
3549,3549,b0cf97ebc34d4accfd0b4532c2e5d8088fc003ac,dubbo-config/dubbo-config-api/src/test/java/org/apache/dubbo/config/builders/MonitorBuilderTest.java,2019-11-08T06:32:53Z
3549,3549,b0cf97ebc34d4accfd0b4532c2e5d8088fc003ac,dubbo-config/dubbo-config-api/src/test/java/org/apache/dubbo/config/builders/ProtocolBuilderTest.java,2019-11-08T06:32:53Z
3549,3549,b0cf97ebc34d4accfd0b4532c2e5d8088fc003ac,dubbo-config/dubbo-config-api/src/test/java/org/apache/dubbo/config/builders/ProviderBuilderTest.java,2019-11-08T06:32:53Z
3549,3549,b0cf97ebc34d4accfd0b4532c2e5d8088fc003ac,dubbo-config/dubbo-config-api/src/test/java/org/apache/dubbo/config/builders/ReferenceBuilderTest.java,2019-11-08T06:32:53Z
3549,3549,b0cf97ebc34d4accfd0b4532c2e5d8088fc003ac,dubbo-config/dubbo-config-api/src/test/java/org/apache/dubbo/config/builders/RegistryBuilderTest.java,2019-11-08T06:32:53Z
3549,3549,b0cf97ebc34d4accfd0b4532c2e5d8088fc003ac,dubbo-config/dubbo-config-api/src/test/java/org/apache/dubbo/config/builders/ServiceBuilderTest.java,2019-11-08T06:32:53Z
3550,3550,055f1cc6adab30fc09496144cb66952fa5a05376,dubbo-metadata-report/dubbo-metadata-report-api/src/main/java/org/apache/dubbo/metadata/support/AbstractMetadataReport.java,2019-10-11T13:30:51Z
3557,3557,523a4189b8a7233c926eab1218daf627a3e870b8,dubbo-common/src/main/java/org/apache/dubbo/common/Version.java,2024-06-04T14:59:16Z
3558,3558,730695a7a26967889405b12fc54099bb006c8231,dubbo-cluster/src/main/java/org/apache/dubbo/rpc/cluster/support/ClusterUtils.java,2023-11-07T07:40:13Z
3559,3559,00812ce41c44be6e5cd5e2b8e5bf602f806bbbca,dubbo-common/src/main/java/org/apache/dubbo/common/utils/IOUtils.java,2024-03-29T03:40:06Z
3563,3563,730695a7a26967889405b12fc54099bb006c8231,dubbo-common/src/main/java/org/apache/dubbo/common/config/OrderedPropertiesProvider.java,2023-11-07T07:40:13Z
3565,3565,a2a7706a07897bc7d0dc79923dc724159766da78,dubbo-config/dubbo-config-spring/src/main/java/com/alibaba/dubbo/config/spring/ServiceBean.java,2018-04-23T04:19:33Z
3566,3566,730695a7a26967889405b12fc54099bb006c8231,dubbo-cluster/src/main/java/org/apache/dubbo/rpc/cluster/Router.java,2023-11-07T07:40:13Z
3566,3566,730695a7a26967889405b12fc54099bb006c8231,dubbo-cluster/src/main/java/org/apache/dubbo/rpc/cluster/router/AbstractRouter.java,2023-11-07T07:40:13Z
3566,3566,730695a7a26967889405b12fc54099bb006c8231,dubbo-cluster/src/main/java/org/apache/dubbo/rpc/cluster/router/mock/MockInvokersSelector.java,2023-11-07T07:40:13Z
3567,3567,00812ce41c44be6e5cd5e2b8e5bf602f806bbbca,dubbo-common/src/main/java/org/apache/dubbo/common/timer/HashedWheelTimer.java,2024-03-29T03:40:06Z
3568,3568,e5063679abf2ae2dc028b91b02cb8c8d41251a3d,dubbo-rpc/dubbo-rpc-dubbo/src/main/java/com/alibaba/dubbo/rpc/protocol/dubbo/DubboCodec.java,2018-05-31T08:21:55Z
3572,3572,aa54350c6f5abd0803ace8c14b9a731b69100d03,dubbo-registry/dubbo-registry-api/src/main/java/org/apache/dubbo/registry/integration/RegistryDirectory.java,2023-07-31T11:11:49Z
3577,3577,8bdecea7ef808d19f0449dd43ec85ba8dbaeeb26,dubbo-rpc/dubbo-rpc-rmi/src/main/java/org/apache/dubbo/rpc/protocol/rmi/RmiProtocol.java,2020-08-17T05:38:04Z
3577,3577,8bdecea7ef808d19f0449dd43ec85ba8dbaeeb26,dubbo-rpc/dubbo-rpc-rmi/src/main/java/org/apache/dubbo/rpc/protocol/rmi/RmiRemoteInvocation.java,2020-08-17T05:38:04Z
3577,3577,8bdecea7ef808d19f0449dd43ec85ba8dbaeeb26,dubbo-rpc/dubbo-rpc-rmi/src/test/java/org/apache/dubbo/rpc/protocol/rmi/DemoService.java,2020-08-17T05:38:04Z
3577,3577,8bdecea7ef808d19f0449dd43ec85ba8dbaeeb26,dubbo-rpc/dubbo-rpc-rmi/src/test/java/org/apache/dubbo/rpc/protocol/rmi/DemoServiceImpl.java,2020-08-17T05:38:04Z
3577,3577,8bdecea7ef808d19f0449dd43ec85ba8dbaeeb26,dubbo-rpc/dubbo-rpc-rmi/src/test/java/org/apache/dubbo/rpc/protocol/rmi/RmiProtocolTest.java,2020-08-17T05:38:04Z
3578,3578,00812ce41c44be6e5cd5e2b8e5bf602f806bbbca,dubbo-common/src/main/java/org/apache/dubbo/common/utils/CIDRUtils.java,2024-03-29T03:40:06Z
3579,3579,0a9b19c306c8ef34c1949e1634d03b4d0aa45904,dubbo-remoting/dubbo-remoting-netty4/src/main/java/org/apache/dubbo/remoting/transport/netty4/NettyClient.java,2023-03-08T12:11:07Z
3581,3581,286fb12b011fd878b3d44ff6985e082e2141a164,dubbo-rpc/dubbo-rpc-hessian/src/main/java/com/alibaba/dubbo/rpc/protocol/hessian/HessianProtocol.java,2018-06-01T07:02:53Z
3581,3581,286fb12b011fd878b3d44ff6985e082e2141a164,dubbo-rpc/dubbo-rpc-hessian/src/main/java/com/alibaba/dubbo/rpc/protocol/hessian/HttpClientConnectionFactory.java,2018-06-01T07:02:53Z
3583,3583,ec443043e2da83d946943baabf7f122f9efc0dcc,dubbo-config/dubbo-config-api/src/main/java/org/apache/dubbo/config/ReferenceConfig.java,2024-04-01T03:03:29Z
3589,3589,71b9f6aa06afaa17a7cbdff0eeefda3757c0a638,dubbo-remoting/dubbo-remoting-http/src/main/java/org/apache/dubbo/remoting/http/tomcat/TomcatHttpServer.java,2022-11-07T09:40:15Z
3590,3590,e21244a43171c0187b0295fd9ba811155ebb1acd,dubbo-common/src/main/java/org/apache/dubbo/common/config/ConfigurationUtils.java,2024-05-21T02:20:51Z
3591,3591,fbc0320e10246491be630041d1f6fd63eef4bccd,dubbo-test/dubbo-test-integration/pom.xml,2019-05-08T02:28:22Z
3593,3593,ac8ee831c9566569b8a58298983ee7e7ff30e4d8,dubbo-dependencies-bom/pom.xml,2024-07-02T06:27:45Z
3596,3596,00812ce41c44be6e5cd5e2b8e5bf602f806bbbca,dubbo-cluster/src/main/java/org/apache/dubbo/rpc/cluster/support/FailoverClusterInvoker.java,2024-03-29T03:40:06Z
3596,3596,00812ce41c44be6e5cd5e2b8e5bf602f806bbbca,dubbo-rpc/dubbo-rpc-dubbo/src/main/java/org/apache/dubbo/rpc/protocol/dubbo/DubboProtocol.java,2024-03-29T03:40:06Z
3597,3597,f613d72bd2b13a4f89f27ac0c7a68ad9e96bd551,dubbo-rpc/dubbo-rpc-rest/src/test/java/org/apache/dubbo/rpc/protocol/rest/DemoService.java,2023-10-19T02:20:52Z
3597,3597,f613d72bd2b13a4f89f27ac0c7a68ad9e96bd551,dubbo-rpc/dubbo-rpc-rest/src/test/java/org/apache/dubbo/rpc/protocol/rest/DemoServiceImpl.java,2023-10-19T02:20:52Z
3600,3600,71b9f6aa06afaa17a7cbdff0eeefda3757c0a638,dubbo-container/dubbo-container-spring/src/main/java/org/apache/dubbo/container/spring/SpringContainer.java,2022-11-07T09:40:15Z
3601,3601,d0454fdbef0b7724cf5747a276f292eb14c8ab05,dubbo-config/dubbo-config-api/src/test/java/org/apache/dubbo/config/AbstractInterfaceConfigTest.java,2021-06-08T08:44:54Z
3602,3602,dfd135eb95d92ffc3519426b812e274f43b49e9d,dubbo-common/src/main/java/org/apache/dubbo/common/URL.java,2024-05-08T06:09:08Z
3603,3603,ac8ee831c9566569b8a58298983ee7e7ff30e4d8,dubbo-dependencies-bom/pom.xml,2024-07-02T06:27:45Z
3605,3605,ac8ee831c9566569b8a58298983ee7e7ff30e4d8,dubbo-dependencies-bom/pom.xml,2024-07-02T06:27:45Z
3606,3606,ac8ee831c9566569b8a58298983ee7e7ff30e4d8,dubbo-dependencies-bom/pom.xml,2024-07-02T06:27:45Z
3607,3607,ac8ee831c9566569b8a58298983ee7e7ff30e4d8,dubbo-dependencies-bom/pom.xml,2024-07-02T06:27:45Z
3609,3609,502b4c86dffbc0de3863a5e41ed7b9f633450c1c,dubbo-rpc/pom.xml,2023-02-13T13:16:52Z
3614,3614,79a1cca4ef1d583d2ae2c8e3f16eeea5881712cc,dubbo-config/dubbo-config-spring/src/main/java/org/apache/dubbo/config/spring/ReferenceBean.java,2024-07-04T07:14:55Z
3622,3622,40b805ee88e10bcb62511e0fb1162750cbe83d11,dubbo-compatible/src/main/java/com/alibaba/dubbo/rpc/Invoker.java,2023-06-09T07:21:58Z
3624,3624,0a9b19c306c8ef34c1949e1634d03b4d0aa45904,dubbo-remoting/dubbo-remoting-netty4/src/main/java/org/apache/dubbo/remoting/transport/netty4/NettyClient.java,2023-03-08T12:11:07Z
3626,3626,e261acc98ac0d46ed3239101f1871f9b08e4f136,dubbo-rpc/dubbo-rpc-rsocket/src/main/java/org/apache/dubbo/rpc/protocol/rsocket/MetadataCodec.java,2019-09-02T11:18:07Z
3626,3626,e261acc98ac0d46ed3239101f1871f9b08e4f136,dubbo-rpc/dubbo-rpc-rsocket/src/main/java/org/apache/dubbo/rpc/protocol/rsocket/RSocketConstants.java,2019-09-02T11:18:07Z
3626,3626,e261acc98ac0d46ed3239101f1871f9b08e4f136,dubbo-rpc/dubbo-rpc-rsocket/src/main/java/org/apache/dubbo/rpc/protocol/rsocket/RSocketExporter.java,2019-09-02T11:18:07Z
3626,3626,e261acc98ac0d46ed3239101f1871f9b08e4f136,dubbo-rpc/dubbo-rpc-rsocket/src/main/java/org/apache/dubbo/rpc/protocol/rsocket/RSocketInvoker.java,2019-09-02T11:18:07Z
3626,3626,e261acc98ac0d46ed3239101f1871f9b08e4f136,dubbo-rpc/dubbo-rpc-rsocket/src/main/java/org/apache/dubbo/rpc/protocol/rsocket/RSocketProtocol.java,2019-09-02T11:18:07Z
3628,3628,6b3f54383f4b6102215e33ea879a389dff0fd1eb,README.md,2024-04-11T08:47:51Z
3632,3632,8bdecea7ef808d19f0449dd43ec85ba8dbaeeb26,dubbo-remoting/dubbo-remoting-etcd3/src/main/java/org/apache/dubbo/remoting/etcd/jetcd/JEtcdClient.java,2020-08-17T05:38:04Z
3632,3632,8bdecea7ef808d19f0449dd43ec85ba8dbaeeb26,dubbo-remoting/dubbo-remoting-etcd3/src/main/java/org/apache/dubbo/remoting/etcd/jetcd/JEtcdClientWrapper.java,2020-08-17T05:38:04Z
3633,3633,d35d7eb30c9e536bead96d50d45ff6def219f84f,dubbo-rpc/dubbo-rpc-api/src/main/java/org/apache/dubbo/rpc/filter/AccessLogFilter.java,2024-05-31T07:05:16Z
3634,3634,ebafc18c4dd3d8fc0f6bd399a56068af67958091,dubbo-rpc/dubbo-rpc-api/src/main/java/org/apache/dubbo/rpc/RpcResult.java,2019-05-23T02:19:04Z
3636,3636,e07e5e294b0bc96ada4ed868cfae1307b3872462,dubbo-rpc/dubbo-rpc-api/src/main/java/org/apache/dubbo/rpc/filter/ActiveLimitFilter.java,2023-06-13T12:25:25Z
3637,3637,570cd47d9a47f93efcee835a47e40bdffe7046a6,dubbo-compatible/src/test/java/org/apache/dubbo/generic/GenericServiceTest.java,2023-12-14T11:12:27Z
3639,3639,5d916cd2c10ad3f21290bf25e338261c30cafbad,dubbo-config/dubbo-config-spring/src/main/java/org/apache/dubbo/config/spring/util/AnnotationUtils.java,2024-05-08T07:20:54Z
3642,3642,d91774411dee33f593b854f4f9b34531526b0fc5,dubbo-config/dubbo-config-api/src/main/java/com/alibaba/dubbo/config/MethodConfig.java,2017-12-22T03:52:02Z
3643,3643,ac8ee831c9566569b8a58298983ee7e7ff30e4d8,dubbo-dependencies-bom/pom.xml,2024-07-02T06:27:45Z
3644,3644,e261acc98ac0d46ed3239101f1871f9b08e4f136,dubbo-rpc/dubbo-rpc-rsocket/src/main/java/org/apache/dubbo/rpc/protocol/rsocket/RSocketInvoker.java,2019-09-02T11:18:07Z
3644,3644,e261acc98ac0d46ed3239101f1871f9b08e4f136,dubbo-rpc/dubbo-rpc-rsocket/src/main/java/org/apache/dubbo/rpc/protocol/rsocket/RSocketProtocol.java,2019-09-02T11:18:07Z
3644,3644,e261acc98ac0d46ed3239101f1871f9b08e4f136,dubbo-rpc/dubbo-rpc-rsocket/src/main/java/org/apache/dubbo/rpc/protocol/rsocket/ResourceDirectory.java,2019-09-02T11:18:07Z
3644,3644,e261acc98ac0d46ed3239101f1871f9b08e4f136,dubbo-rpc/dubbo-rpc-rsocket/src/main/java/org/apache/dubbo/rpc/protocol/rsocket/ResourceInfo.java,2019-09-02T11:18:07Z
3644,3644,e261acc98ac0d46ed3239101f1871f9b08e4f136,dubbo-rpc/dubbo-rpc-rsocket/src/test/java/org/apache/dubbo/rpc/protocol/rsocket/RSocketProtocolTest.java,2019-09-02T11:18:07Z
3644,3644,e261acc98ac0d46ed3239101f1871f9b08e4f136,dubbo-rpc/dubbo-rpc-rsocket/src/test/java/org/apache/dubbo/rpc/service/DemoService.java,2019-09-02T11:18:07Z
3644,3644,e261acc98ac0d46ed3239101f1871f9b08e4f136,dubbo-rpc/dubbo-rpc-rsocket/src/test/java/org/apache/dubbo/rpc/service/DemoServiceImpl.java,2019-09-02T11:18:07Z
3645,3645,f224fc5a47ae87817a91241109f1fcab1fee1539,dubbo-registry/dubbo-registry-api/src/main/java/org/apache/dubbo/registry/integration/RegistryProtocol.java,2024-07-03T02:12:33Z
3647,3647,11d5bd9ffadf11af0d13e6ab478829b4ae3c8572,pom.xml,2024-06-24T09:54:45Z
3649,3649,00812ce41c44be6e5cd5e2b8e5bf602f806bbbca,dubbo-config/dubbo-config-api/src/main/java/org/apache/dubbo/config/ServiceConfig.java,2024-03-29T03:40:06Z
3651,3651,00812ce41c44be6e5cd5e2b8e5bf602f806bbbca,dubbo-cluster/src/main/java/org/apache/dubbo/rpc/cluster/configurator/AbstractConfigurator.java,2024-03-29T03:40:06Z
3654,3654,00812ce41c44be6e5cd5e2b8e5bf602f806bbbca,dubbo-rpc/dubbo-rpc-api/src/main/java/org/apache/dubbo/rpc/filter/tps/DefaultTPSLimiter.java,2024-03-29T03:40:06Z
3655,3655,8bdecea7ef808d19f0449dd43ec85ba8dbaeeb26,dubbo-registry/dubbo-registry-etcd3/src/main/java/org/apache/dubbo/registry/etcd/EtcdRegistry.java,2020-08-17T05:38:04Z
3656,3656,c5dd1ea581622f03038255a43a4f808707afe5f2,dubbo-serialization/dubbo-serialization-test/src/test/java/org/apache/dubbo/common/serialize/base/AbstractSerializationTest.java,2019-07-27T00:46:57Z
3658,3658,8e2eb332a1d7aece2d344daa26a8b078420b3034,dubbo-monitor/dubbo-monitor-default/src/test/java/org/apache/dubbo/monitor/dubbo/DubboMonitorTest.java,2024-05-10T16:27:46Z
3659,3659,0d785f1346f48abf34a1a7690b437c3615780beb,dubbo-all/pom.xml,2020-07-22T06:45:08Z
3663,3663,1bdf359b1a4c50e260960fd35c2896b184e1954b,dubbo-configcenter/pom.xml,2021-10-19T02:11:53Z
3664,3664,0eb0e01b39d425b2e0546c6dd46a851fa3026439,dubbo-rpc/dubbo-rpc-api/src/main/java/org/apache/dubbo/rpc/filter/ContextFilter.java,2023-02-10T07:31:32Z
3665,3665,00812ce41c44be6e5cd5e2b8e5bf602f806bbbca,dubbo-rpc/dubbo-rpc-rest/src/main/java/org/apache/dubbo/rpc/protocol/rest/RestProtocol.java,2024-03-29T03:40:06Z
3666,3666,f7a32be429e815e9bc70f0dec31d67461e5c695e,dubbo-config/dubbo-config-spring/src/test/java/org/apache/dubbo/config/spring/context/annotation/EnableDubboConfigTest.java,2023-12-22T02:25:53Z
3667,3667,a8800c8e71d25745ad0dd9af97e5aaa4e51b305e,dubbo-distribution/src/assembly/source-release.xml,2019-12-04T03:10:20Z
3668,3668,f7a32be429e815e9bc70f0dec31d67461e5c695e,dubbo-config/dubbo-config-spring/src/test/java/org/apache/dubbo/config/spring/context/annotation/EnableDubboConfigTest.java,2023-12-22T02:25:53Z
3670,3670,f7a32be429e815e9bc70f0dec31d67461e5c695e,dubbo-config/dubbo-config-spring/src/test/java/org/apache/dubbo/config/spring/context/annotation/EnableDubboConfigTest.java,2023-12-22T02:25:53Z
3671,3671,8bdecea7ef808d19f0449dd43ec85ba8dbaeeb26,dubbo-configcenter/dubbo-configcenter-consul/src/main/java/org/apache/dubbo/configcenter/consul/ConsulDynamicConfiguration.java,2020-08-17T05:38:04Z
3672,3672,f7a32be429e815e9bc70f0dec31d67461e5c695e,dubbo-config/dubbo-config-spring/src/test/java/org/apache/dubbo/config/spring/context/annotation/EnableDubboConfigTest.java,2023-12-22T02:25:53Z
3674,3674,6b3f54383f4b6102215e33ea879a389dff0fd1eb,README.md,2024-04-11T08:47:51Z
3675,3675,0a1ad55bff34c8cffc066c4ab26ac8466691a4f4,dubbo-registry/dubbo-registry-nacos/src/main/java/org/apache/dubbo/registry/nacos/NacosRegistry.java,2024-04-22T11:42:47Z
3679,3679,c91affe875a7fc500500d2e5f874caed945afde7,dubbo-configcenter/dubbo-configcenter-zookeeper/src/main/java/org/apache/dubbo/configcenter/support/zookeeper/CacheListener.java,2023-03-27T01:48:38Z
3680,3680,52250b8a2086ca361fc3c3912720e3eb3d495b17,dubbo-remoting/dubbo-remoting-api/src/main/java/org/apache/dubbo/remoting/exchange/support/DefaultFuture.java,2023-09-12T04:45:03Z
3681,3681,52250b8a2086ca361fc3c3912720e3eb3d495b17,dubbo-remoting/dubbo-remoting-api/src/main/java/org/apache/dubbo/remoting/exchange/support/DefaultFuture.java,2023-09-12T04:45:03Z
3683,3683,ac8ee831c9566569b8a58298983ee7e7ff30e4d8,dubbo-dependencies-bom/pom.xml,2024-07-02T06:27:45Z
3685,3685,8c786cdf01126cc559856968d211fa648788d4d2,dubbo-registry/dubbo-registry-api/src/main/java/org/apache/dubbo/registry/integration/AbstractConfiguratorListener.java,2023-02-26T07:17:36Z
3686,3686,988768e589c703e2396b078657d81d6f9549735a,dubbo-rpc/dubbo-rpc-api/src/main/java/org/apache/dubbo/rpc/proxy/AbstractProxyInvoker.java,2023-02-16T02:09:10Z
3688,3688,62e204e424a723952439d0eb65cc8df4957bde34,dubbo-config/dubbo-config-api/src/main/java/org/apache/dubbo/config/ConfigCenterConfig.java,2019-10-10T13:15:18Z
3692,3692,8bdecea7ef808d19f0449dd43ec85ba8dbaeeb26,dubbo-remoting/dubbo-remoting-etcd3/src/main/java/org/apache/dubbo/remoting/etcd/jetcd/JEtcdClientWrapper.java,2020-08-17T05:38:04Z
3693,3693,b89df9d8f164f147c98b6c6af41337afaff203c5,dubbo-rpc/dubbo-rpc-api/src/main/java/org/apache/dubbo/rpc/model/ProviderMethodModel.java,2019-09-06T13:04:58Z
3693,3693,b89df9d8f164f147c98b6c6af41337afaff203c5,dubbo-rpc/dubbo-rpc-api/src/main/java/org/apache/dubbo/rpc/model/ProviderModel.java,2019-09-06T13:04:58Z
3699,3699,ec443043e2da83d946943baabf7f122f9efc0dcc,dubbo-config/dubbo-config-api/src/main/java/org/apache/dubbo/config/ReferenceConfig.java,2024-04-01T03:03:29Z
3703,3703,bc85a3f29a01e44fb415b0647ac755c319f3fcac,dubbo-rpc/dubbo-rpc-dubbo/src/test/java/org/apache/dubbo/rpc/protocol/dubbo/decode/DubboTelnetDecodeTest.java,2023-04-11T08:10:06Z
3706,3706,62e204e424a723952439d0eb65cc8df4957bde34,dubbo-config/dubbo-config-api/src/main/java/org/apache/dubbo/config/ConfigCenterConfig.java,2019-10-10T13:15:18Z
3712,3712,e07e5e294b0bc96ada4ed868cfae1307b3872462,dubbo-monitor/dubbo-monitor-api/src/main/java/org/apache/dubbo/monitor/support/MonitorFilter.java,2023-06-13T12:25:25Z
3714,3714,f2478b4d5cad482008cae6b8a2ad2dc2d41f3cf5,dubbo-distribution/pom.xml,2024-01-30T09:57:22Z
3716,3716,00812ce41c44be6e5cd5e2b8e5bf602f806bbbca,dubbo-rpc/dubbo-rpc-api/src/main/java/org/apache/dubbo/rpc/support/MockInvoker.java,2024-03-29T03:40:06Z
3717,3717,ac8ee831c9566569b8a58298983ee7e7ff30e4d8,dubbo-dependencies-bom/pom.xml,2024-07-02T06:27:45Z
3718,3718,79a1cca4ef1d583d2ae2c8e3f16eeea5881712cc,dubbo-config/dubbo-config-spring/src/main/java/org/apache/dubbo/config/spring/ReferenceBean.java,2024-07-04T07:14:55Z
3722,3722,c91affe875a7fc500500d2e5f874caed945afde7,dubbo-configcenter/dubbo-configcenter-zookeeper/src/main/java/org/apache/dubbo/configcenter/support/zookeeper/CacheListener.java,2023-03-27T01:48:38Z
3723,3723,f2dbc84cac0fab7c89033813a2f7cf5359314dd7,dubbo-filter/dubbo-filter-validation/src/main/java/org/apache/dubbo/validation/support/jvalidation/JValidator.java,2023-09-20T01:44:23Z
3730,3730,c91affe875a7fc500500d2e5f874caed945afde7,dubbo-configcenter/dubbo-configcenter-zookeeper/src/main/java/org/apache/dubbo/configcenter/support/zookeeper/CacheListener.java,2023-03-27T01:48:38Z
3731,3731,45120670ba52dfe9730175304db196f5f67fb6d4,dubbo-filter/dubbo-filter-cache/src/test/java/org/apache/dubbo/cache/filter/CacheFilterTest.java,2022-11-22T02:49:50Z
3734,3734,98c46777581be7c8e6df18c6a3e55d3c470e19b4,dubbo-serialization/dubbo-serialization-test/src/test/java/org/apache/dubbo/common/serialize/protostuff/ProtostuffObjectOutputTest.java,2019-08-22T09:08:10Z
3735,3735,54b0d7e3f4bc8f348c6260f649c6e3174d5b8a03,dubbo-bom/pom.xml,2020-02-28T08:53:26Z
3737,3737,20351b01a8abebd488a86fdaa5b70c02eb1886f9,dubbo-config/dubbo-config-api/src/main/java/org/apache/dubbo/config/AbstractConfig.java,2019-10-21T04:43:17Z
3738,3738,faefee2cb2b64e10ff4f874f6da6e032d84f0ff2,dubbo-rpc/dubbo-rpc-api/src/main/java/org/apache/dubbo/rpc/support/RpcUtils.java,2024-05-08T03:51:00Z
3742,3742,8bdecea7ef808d19f0449dd43ec85ba8dbaeeb26,dubbo-configcenter/dubbo-configcenter-etcd/pom.xml,2020-08-17T05:38:04Z
3748,3748,25c2b3808a03a42c9d2cb2ca3e715b5f9ac043e5,dubbo-registry/dubbo-registry-api/src/main/java/org/apache/dubbo/registry/support/AbstractRegistry.java,2023-06-21T01:23:40Z
3750,3750,71b9f6aa06afaa17a7cbdff0eeefda3757c0a638,dubbo-remoting/dubbo-remoting-api/src/main/java/org/apache/dubbo/remoting/transport/dispatcher/connection/ConnectionOrderedChannelHandler.java,2022-11-07T09:40:15Z
3752,3752,ec443043e2da83d946943baabf7f122f9efc0dcc,dubbo-config/dubbo-config-api/src/main/java/org/apache/dubbo/config/ReferenceConfig.java,2024-04-01T03:03:29Z
3754,3754,ec443043e2da83d946943baabf7f122f9efc0dcc,dubbo-config/dubbo-config-api/src/main/java/org/apache/dubbo/config/ReferenceConfig.java,2024-04-01T03:03:29Z
3755,3755,11d5bd9ffadf11af0d13e6ab478829b4ae3c8572,pom.xml,2024-06-24T09:54:45Z
3756,3756,730695a7a26967889405b12fc54099bb006c8231,dubbo-cluster/src/main/java/org/apache/dubbo/rpc/cluster/loadbalance/RoundRobinLoadBalance.java,2023-11-07T07:40:13Z
3756,3756,730695a7a26967889405b12fc54099bb006c8231,dubbo-cluster/src/main/java/org/apache/dubbo/rpc/cluster/support/AbstractClusterInvoker.java,2023-11-07T07:40:13Z
3757,3757,00812ce41c44be6e5cd5e2b8e5bf602f806bbbca,dubbo-cluster/src/main/java/org/apache/dubbo/rpc/cluster/loadbalance/ConsistentHashLoadBalance.java,2024-03-29T03:40:06Z
3758,3758,00812ce41c44be6e5cd5e2b8e5bf602f806bbbca,dubbo-cluster/src/main/java/org/apache/dubbo/rpc/cluster/loadbalance/ConsistentHashLoadBalance.java,2024-03-29T03:40:06Z
3763,3763,b7b34b6c475912c4c805b389954fd897bdd9f769,dubbo-serialization/dubbo-serialization-api/pom.xml,2019-08-08T08:22:48Z
3767,3767,6784375811518a200685e635ee51edc548629971,dubbo-serialization/dubbo-serialization-fastjson/src/main/java/com/alibaba/dubbo/common/serialize/fastjson/FastJsonObjectInput.java,2018-05-03T05:52:08Z
3767,3767,6784375811518a200685e635ee51edc548629971,dubbo-serialization/dubbo-serialization-fastjson/src/test/java/com/alibaba/dubbo/common/serialize/fastjson/FastJsonObjectInputTest.java,2018-05-03T05:52:08Z
3768,3768,8bc9257f4e09b2937e21842b90984dfcaefe97b6,dubbo-container/dubbo-container-api/src/main/resources/META-INF/assembly/bin/start.sh,2021-06-01T06:14:35Z
3769,3769,7594d814891aa43ff01a3f14e372e48ef3792ae3,Jenkinsfile,2020-03-06T13:28:59Z
3769,3769,b7730b3c781ea289590d5c859e04403b5ce7248b,Jenkinsfile,2020-03-06T13:28:59Z
3771,3771,3b145c75880b25343b67a0ae242f27322db9ba18,dubbo-serialization/dubbo-serialization-fastjson/src/main/java/org/apache/dubbo/common/serialize/fastjson/FastJsonObjectInput.java,2019-04-01T04:40:48Z
3771,3771,3b145c75880b25343b67a0ae242f27322db9ba18,dubbo-serialization/dubbo-serialization-test/src/test/java/org/apache/dubbo/common/serialize/fastjson/FastJsonObjectInputTest.java,2019-04-01T04:40:48Z
3771,3771,3b145c75880b25343b67a0ae242f27322db9ba18,dubbo-serialization/dubbo-serialization-test/src/test/java/org/apache/dubbo/common/serialize/model/Organization.java,2019-04-01T04:40:48Z
3772,3772,189d76be5d94d43d8054cc58d48507380aea99a3,dubbo-registry/dubbo-registry-zookeeper/src/main/java/org/apache/dubbo/registry/zookeeper/ZookeeperRegistry.java,2024-05-21T03:36:53Z
3775,3775,ac8ee831c9566569b8a58298983ee7e7ff30e4d8,dubbo-dependencies-bom/pom.xml,2024-07-02T06:27:45Z
3782,3782,6b3f54383f4b6102215e33ea879a389dff0fd1eb,README.md,2024-04-11T08:47:51Z
3783,3783,8bc9257f4e09b2937e21842b90984dfcaefe97b6,dubbo-container/dubbo-container-api/src/main/resources/META-INF/assembly/bin/start.sh,2021-06-01T06:14:35Z
3786,3786,ac8ee831c9566569b8a58298983ee7e7ff30e4d8,dubbo-dependencies-bom/pom.xml,2024-07-02T06:27:45Z
3788,3788,faefee2cb2b64e10ff4f874f6da6e032d84f0ff2,dubbo-rpc/dubbo-rpc-api/src/main/java/org/apache/dubbo/rpc/support/RpcUtils.java,2024-05-08T03:51:00Z
3793,3793,11d5bd9ffadf11af0d13e6ab478829b4ae3c8572,pom.xml,2024-06-24T09:54:45Z
3798,3798,a4770cec4151687695e5181722f32b0b1e2a2004,dubbo-rpc/dubbo-rpc-default/src/main/java/com/alibaba/dubbo/rpc/protocol/dubbo/telnet/ListTelnetHandler.java,2017-12-20T09:02:42Z
3798,3798,a4770cec4151687695e5181722f32b0b1e2a2004,dubbo-rpc/dubbo-rpc-default/src/test/java/com/alibaba/dubbo/rpc/protocol/dubbo/telnet/ListTelnetHandlerTest.java,2017-12-20T09:02:42Z
3803,3803,ec443043e2da83d946943baabf7f122f9efc0dcc,dubbo-config/dubbo-config-api/src/main/java/org/apache/dubbo/config/ReferenceConfig.java,2024-04-01T03:03:29Z
3806,3806,523a4189b8a7233c926eab1218daf627a3e870b8,dubbo-common/src/main/java/org/apache/dubbo/common/Version.java,2024-06-04T14:59:16Z
3807,3807,8bc9257f4e09b2937e21842b90984dfcaefe97b6,dubbo-registry/dubbo-registry-nacos/src/main/java/org/apache/dubbo/registry/nacos/NacosRegistryFactory.java,2021-06-01T06:14:35Z
3808,3808,6b3f54383f4b6102215e33ea879a389dff0fd1eb,README.md,2024-04-11T08:47:51Z
3810,3810,f1af604e7e9791921f918fdb84750588cf0e3a15,dubbo-registry/dubbo-registry-nacos/pom.xml,2022-07-15T02:18:41Z
3811,3811,ac8ee831c9566569b8a58298983ee7e7ff30e4d8,dubbo-dependencies-bom/pom.xml,2024-07-02T06:27:45Z
3816,3816,0eb0e01b39d425b2e0546c6dd46a851fa3026439,dubbo-rpc/dubbo-rpc-api/src/main/java/org/apache/dubbo/rpc/filter/ContextFilter.java,2023-02-10T07:31:32Z
3818,3818,0a1ad55bff34c8cffc066c4ab26ac8466691a4f4,dubbo-registry/dubbo-registry-nacos/src/main/java/org/apache/dubbo/registry/nacos/NacosRegistry.java,2024-04-22T11:42:47Z
3820,3820,189d76be5d94d43d8054cc58d48507380aea99a3,dubbo-registry/dubbo-registry-zookeeper/src/main/java/org/apache/dubbo/registry/zookeeper/ZookeeperRegistry.java,2024-05-21T03:36:53Z
3822,3822,3e78bd8867c317376c11050fe10233ac9305b91c,dubbo-metadata-report/dubbo-metadata-report-api/src/main/java/org/apache/dubbo/metadata/integration/MetadataReportService.java,2019-10-21T13:19:36Z
3823,3823,00812ce41c44be6e5cd5e2b8e5bf602f806bbbca,dubbo-config/dubbo-config-spring/src/main/java/org/apache/dubbo/config/spring/util/PropertySourcesUtils.java,2024-03-29T03:40:06Z
3824,3824,0d91d419a8b25a9917a03dc68a3eb5069ac856ea,dubbo-compatible/src/main/java/com/alibaba/dubbo/config/annotation/Service.java,2023-10-19T07:25:40Z
3825,3825,79a1cca4ef1d583d2ae2c8e3f16eeea5881712cc,dubbo-config/dubbo-config-spring/src/main/java/org/apache/dubbo/config/spring/ReferenceBean.java,2024-07-04T07:14:55Z
3833,3833,79a1cca4ef1d583d2ae2c8e3f16eeea5881712cc,dubbo-config/dubbo-config-spring/src/main/java/org/apache/dubbo/config/spring/ReferenceBean.java,2024-07-04T07:14:55Z
3834,3834,05cecc55bccc5c4ab985f7bab3b3c63e7380ed01,dubbo-config/dubbo-config-spring/src/main/resources/META-INF/dubbo.xsd,2024-02-02T06:10:23Z
3837,3837,a4770cec4151687695e5181722f32b0b1e2a2004,dubbo-rpc/dubbo-rpc-default/src/main/java/com/alibaba/dubbo/rpc/protocol/dubbo/telnet/ListTelnetHandler.java,2017-12-20T09:02:42Z
3837,3837,a4770cec4151687695e5181722f32b0b1e2a2004,dubbo-rpc/dubbo-rpc-default/src/test/java/com/alibaba/dubbo/rpc/protocol/dubbo/telnet/ListTelnetHandlerTest.java,2017-12-20T09:02:42Z
3838,3838,6b3f54383f4b6102215e33ea879a389dff0fd1eb,README.md,2024-04-11T08:47:51Z
3839,3839,ff39bf36c35316061e7e028abd28dd392405e7f0,dubbo-common/src/main/java/org/apache/dubbo/common/extension/SPI.java,2021-09-02T09:54:20Z
3844,3844,79a1cca4ef1d583d2ae2c8e3f16eeea5881712cc,dubbo-config/dubbo-config-spring/src/main/java/org/apache/dubbo/config/spring/ReferenceBean.java,2024-07-04T07:14:55Z
3847,3847,faefee2cb2b64e10ff4f874f6da6e032d84f0ff2,dubbo-rpc/dubbo-rpc-api/src/main/java/org/apache/dubbo/rpc/support/RpcUtils.java,2024-05-08T03:51:00Z
3849,3849,8bdecea7ef808d19f0449dd43ec85ba8dbaeeb26,dubbo-registry/dubbo-registry-default/src/test/java/org/apache/dubbo/registry/dubbo/RegistryProtocolTest.java,2020-08-17T05:38:04Z
3850,3850,83b4114a9fc81bddaae6e120da33ebef29a6d44e,dubbo-config/dubbo-config-api/src/test/java/org/apache/dubbo/config/ServiceConfigTest.java,2023-06-13T00:35:20Z
3851,3851,ac8ee831c9566569b8a58298983ee7e7ff30e4d8,dubbo-dependencies-bom/pom.xml,2024-07-02T06:27:45Z
3852,3852,ac8ee831c9566569b8a58298983ee7e7ff30e4d8,dubbo-dependencies-bom/pom.xml,2024-07-02T06:27:45Z
3853,3853,62e204e424a723952439d0eb65cc8df4957bde34,dubbo-config/dubbo-config-api/src/main/java/org/apache/dubbo/config/ConfigCenterConfig.java,2019-10-10T13:15:18Z
3854,3854,05cecc55bccc5c4ab985f7bab3b3c63e7380ed01,dubbo-config/dubbo-config-spring/src/main/resources/META-INF/dubbo.xsd,2024-02-02T06:10:23Z
3855,3855,faefee2cb2b64e10ff4f874f6da6e032d84f0ff2,dubbo-rpc/dubbo-rpc-api/src/main/java/org/apache/dubbo/rpc/support/RpcUtils.java,2024-05-08T03:51:00Z
3857,3857,ec443043e2da83d946943baabf7f122f9efc0dcc,dubbo-config/dubbo-config-api/src/main/java/org/apache/dubbo/config/ReferenceConfig.java,2024-04-01T03:03:29Z
3859,3859,6b3f54383f4b6102215e33ea879a389dff0fd1eb,README.md,2024-04-11T08:47:51Z
3862,3862,563a0e472ab50d2d697e2f0415c80b68ad6b17bd,dubbo-config/dubbo-config-spring/src/main/java/org/apache/dubbo/config/spring/schema/DubboBeanDefinitionParser.java,2023-06-29T02:31:36Z
3863,3863,05cecc55bccc5c4ab985f7bab3b3c63e7380ed01,dubbo-config/dubbo-config-spring/src/main/resources/META-INF/dubbo.xsd,2024-02-02T06:10:23Z
3864,3864,552112ed0157a0360f1499e7b04152047b350472,dubbo-rpc/dubbo-rpc-api/src/main/java/org/apache/dubbo/rpc/filter/ConsumerContextFilter.java,2021-03-16T15:18:43Z
3867,3867,0e66de1c61886c637e5ca11c1b0433bb1c25d05d,dubbo-common/src/main/java/org/apache/dubbo/common/extension/Adaptive.java,2021-06-10T12:13:39Z
3868,3868,7e51047cb084a9f9b09d934cf058074c534503f4,dubbo-rpc/dubbo-rpc-dubbo/src/test/java/org/apache/dubbo/rpc/protocol/dubbo/DubboProtocolTest.java,2023-02-27T12:09:15Z
3869,3869,00812ce41c44be6e5cd5e2b8e5bf602f806bbbca,dubbo-config/dubbo-config-api/src/main/java/org/apache/dubbo/config/ServiceConfig.java,2024-03-29T03:40:06Z
3883,3883,ec443043e2da83d946943baabf7f122f9efc0dcc,dubbo-config/dubbo-config-api/src/main/java/org/apache/dubbo/config/ReferenceConfig.java,2024-04-01T03:03:29Z
3885,3885,c24eca7e1edefed758a0123c0141da21ed708a42,.gitignore,2024-05-08T03:06:02Z
3886,3886,ac8ee831c9566569b8a58298983ee7e7ff30e4d8,dubbo-dependencies-bom/pom.xml,2024-07-02T06:27:45Z
3887,3887,ac8ee831c9566569b8a58298983ee7e7ff30e4d8,dubbo-dependencies-bom/pom.xml,2024-07-02T06:27:45Z
3888,3888,d56eaa8ac9e8eaab69e42124ae82bd7de42b8d74,dubbo-metadata-report/dubbo-metadata-report-redis/src/main/java/org/apache/dubbo/metadata/store/redis/RedisMetadataReport.java,2019-08-06T08:55:27Z
3889,3889,966efaab85a30d3d9339093381a7b069c2d71c64,dubbo-rpc/dubbo-rpc-api/src/main/java/org/apache/dubbo/rpc/filter/ExceptionFilter.java,2024-01-10T03:27:48Z
3889,3889,966efaab85a30d3d9339093381a7b069c2d71c64,dubbo-rpc/dubbo-rpc-api/src/test/java/org/apache/dubbo/rpc/filter/ExceptionFilterTest.java,2024-01-10T03:27:48Z
3897,3897,903db35c605709806ef6a91831e5ea2a26a2e8a1,dubbo-remoting/dubbo-remoting-netty4/src/main/java/com/alibaba/dubbo/remoting/transport/netty4/NettyClient.java,2018-05-03T07:07:34Z
3898,3898,6b3f54383f4b6102215e33ea879a389dff0fd1eb,README.md,2024-04-11T08:47:51Z
3900,3900,62e204e424a723952439d0eb65cc8df4957bde34,dubbo-config/dubbo-config-api/src/main/java/org/apache/dubbo/config/AbstractServiceConfig.java,2019-10-10T13:15:18Z
3904,3904,b7b34b6c475912c4c805b389954fd897bdd9f769,dubbo-serialization/dubbo-serialization-gson/pom.xml,2019-08-08T08:22:48Z
3906,3906,ac8ee831c9566569b8a58298983ee7e7ff30e4d8,dubbo-dependencies-bom/pom.xml,2024-07-02T06:27:45Z
3908,3908,ac8ee831c9566569b8a58298983ee7e7ff30e4d8,dubbo-dependencies-bom/pom.xml,2024-07-02T06:27:45Z
3909,3909,ed9e26f0176610e49bc0c8deba9788b7ae1147b5,dubbo-common/src/main/java/org/apache/dubbo/common/extension/AdaptiveClassCodeGenerator.java,2023-02-28T08:05:25Z
3910,3910,00812ce41c44be6e5cd5e2b8e5bf602f806bbbca,dubbo-common/src/main/java/org/apache/dubbo/common/timer/HashedWheelTimer.java,2024-03-29T03:40:06Z
3915,3915,98c46777581be7c8e6df18c6a3e55d3c470e19b4,dubbo-serialization/dubbo-serialization-test/src/test/java/org/apache/dubbo/common/serialize/protostuff/ProtostuffObjectOutputTest.java,2019-08-22T09:08:10Z
3916,3916,00812ce41c44be6e5cd5e2b8e5bf602f806bbbca,dubbo-rpc/dubbo-rpc-dubbo/src/main/java/org/apache/dubbo/rpc/protocol/dubbo/DubboProtocol.java,2024-03-29T03:40:06Z
3919,3919,f05662a66deb331008dbe02e8a0b3f4174820ad9,dubbo-monitor/dubbo-monitor-default/src/main/java/org/apache/dubbo/monitor/dubbo/MetricsFilter.java,2023-04-11T03:24:55Z
3924,3924,11d5bd9ffadf11af0d13e6ab478829b4ae3c8572,pom.xml,2024-06-24T09:54:45Z
3931,3931,8bdecea7ef808d19f0449dd43ec85ba8dbaeeb26,dubbo-registry/dubbo-registry-consul/src/main/java/org/apache/dubbo/registry/consul/ConsulRegistry.java,2020-08-17T05:38:04Z
3935,3935,ec443043e2da83d946943baabf7f122f9efc0dcc,dubbo-config/dubbo-config-api/src/main/java/org/apache/dubbo/config/ReferenceConfig.java,2024-04-01T03:03:29Z
3937,3937,f03823eec1610ab40fa894e279614703617ab29b,dubbo-remoting/dubbo-remoting-api/src/main/java/org/apache/dubbo/remoting/transport/AbstractClient.java,2024-04-07T02:31:23Z
3938,3938,ac8ee831c9566569b8a58298983ee7e7ff30e4d8,dubbo-dependencies-bom/pom.xml,2024-07-02T06:27:45Z
3940,3940,71b9f6aa06afaa17a7cbdff0eeefda3757c0a638,dubbo-remoting/dubbo-remoting-api/src/main/java/org/apache/dubbo/remoting/transport/DecodeHandler.java,2022-11-07T09:40:15Z
3941,3941,11d5bd9ffadf11af0d13e6ab478829b4ae3c8572,pom.xml,2024-06-24T09:54:45Z
3943,3943,f2478b4d5cad482008cae6b8a2ad2dc2d41f3cf5,dubbo-distribution/pom.xml,2024-01-30T09:57:22Z
3948,3948,0fc93d03456210839d95093ec4f2677e8f35677e,.travis.yml,2023-01-25T00:11:33Z
3953,3953,0d94d150539471c7640137c016f65ec8cf570e36,dubbo-demo/dubbo-demo-api/dubbo-demo-api-provider/src/main/java/org/apache/dubbo/demo/provider/Application.java,2023-04-05T06:31:32Z
3954,3954,00812ce41c44be6e5cd5e2b8e5bf602f806bbbca,dubbo-common/src/main/java/org/apache/dubbo/common/utils/UrlUtils.java,2024-03-29T03:40:06Z
3957,3957,00812ce41c44be6e5cd5e2b8e5bf602f806bbbca,dubbo-config/dubbo-config-api/src/main/java/org/apache/dubbo/config/ServiceConfig.java,2024-03-29T03:40:06Z
3959,3959,00812ce41c44be6e5cd5e2b8e5bf602f806bbbca,dubbo-config/dubbo-config-api/src/main/java/org/apache/dubbo/config/ServiceConfig.java,2024-03-29T03:40:06Z
3963,3963,8bdecea7ef808d19f0449dd43ec85ba8dbaeeb26,dubbo-registry/dubbo-registry-consul/src/main/java/org/apache/dubbo/registry/consul/ConsulRegistry.java,2020-08-17T05:38:04Z
3965,3965,ac8ee831c9566569b8a58298983ee7e7ff30e4d8,dubbo-dependencies-bom/pom.xml,2024-07-02T06:27:45Z
3966,3966,f2478b4d5cad482008cae6b8a2ad2dc2d41f3cf5,dubbo-distribution/pom.xml,2024-01-30T09:57:22Z
3967,3967,00812ce41c44be6e5cd5e2b8e5bf602f806bbbca,dubbo-remoting/dubbo-remoting-api/src/main/java/org/apache/dubbo/remoting/transport/CodecSupport.java,2024-03-29T03:40:06Z
3968,3968,0d785f1346f48abf34a1a7690b437c3615780beb,dubbo-all/pom.xml,2020-07-22T06:45:08Z
3969,3969,730695a7a26967889405b12fc54099bb006c8231,dubbo-cluster/src/main/java/org/apache/dubbo/rpc/cluster/RouterChain.java,2023-11-07T07:40:13Z
3970,3970,d35d7eb30c9e536bead96d50d45ff6def219f84f,dubbo-rpc/dubbo-rpc-api/src/main/java/org/apache/dubbo/rpc/filter/AccessLogFilter.java,2024-05-31T07:05:16Z
3975,3975,ac8ee831c9566569b8a58298983ee7e7ff30e4d8,dubbo-dependencies-bom/pom.xml,2024-07-02T06:27:45Z
3976,3976,ac8ee831c9566569b8a58298983ee7e7ff30e4d8,dubbo-dependencies-bom/pom.xml,2024-07-02T06:27:45Z
3977,3977,ac8ee831c9566569b8a58298983ee7e7ff30e4d8,dubbo-dependencies-bom/pom.xml,2024-07-02T06:27:45Z
3978,3978,730695a7a26967889405b12fc54099bb006c8231,dubbo-cluster/src/main/java/org/apache/dubbo/rpc/cluster/RouterChain.java,2023-11-07T07:40:13Z
3980,3980,c98abb2f95d90bffb3ee40690c2a290f62905c63,dubbo-metadata-report/dubbo-metadata-report-etcd/pom.xml,2019-05-05T10:32:34Z
3981,3981,79a1cca4ef1d583d2ae2c8e3f16eeea5881712cc,dubbo-config/dubbo-config-spring/src/main/java/org/apache/dubbo/config/spring/ReferenceBean.java,2024-07-04T07:14:55Z
3987,3987,3e4fda20bba18f0a85340c86ae8ccbb004c7ea84,dubbo-demo/dubbo-demo-annotation/dubbo-demo-annotation-consumer/pom.xml,2024-04-08T08:34:36Z
3987,3987,3e4fda20bba18f0a85340c86ae8ccbb004c7ea84,dubbo-demo/dubbo-demo-annotation/pom.xml,2024-04-08T08:34:36Z
3987,3987,3e4fda20bba18f0a85340c86ae8ccbb004c7ea84,dubbo-demo/dubbo-demo-api/dubbo-demo-api-consumer/pom.xml,2024-04-08T08:34:36Z
3987,3987,3e4fda20bba18f0a85340c86ae8ccbb004c7ea84,dubbo-demo/dubbo-demo-api/pom.xml,2024-04-08T08:34:36Z
3988,3988,3e4fda20bba18f0a85340c86ae8ccbb004c7ea84,dubbo-configcenter/dubbo-configcenter-nacos/pom.xml,2024-04-08T08:34:36Z
3989,3989,808bc96edaca49b86dc5382a3826b079574d7aca,dubbo-test/pom.xml,2023-05-08T01:35:59Z
3993,3993,da5c7ed33dd2ca53946b228f105453ccb0d80b93,dubbo-rpc/dubbo-rpc-dubbo/src/main/java/org/apache/dubbo/rpc/protocol/dubbo/DubboCodec.java,2023-09-25T01:40:18Z
3995,3995,5f39404b076734d93c4437994f56280daaaabcd0,dubbo-rpc/dubbo-rpc-dubbo/src/main/java/org/apache/dubbo/rpc/protocol/dubbo/DecodeableRpcResult.java,2023-06-13T13:42:27Z
3996,3996,523a4189b8a7233c926eab1218daf627a3e870b8,dubbo-common/src/main/java/org/apache/dubbo/common/Version.java,2024-06-04T14:59:16Z
3997,3997,faefee2cb2b64e10ff4f874f6da6e032d84f0ff2,dubbo-rpc/dubbo-rpc-api/src/main/java/org/apache/dubbo/rpc/support/RpcUtils.java,2024-05-08T03:51:00Z
4006,4006,f224fc5a47ae87817a91241109f1fcab1fee1539,dubbo-registry/dubbo-registry-api/src/main/java/org/apache/dubbo/registry/integration/RegistryProtocol.java,2024-07-03T02:12:33Z
4011,4011,6b86651ee731b68e8caaf304336e80abdfc3dd59,dubbo-serialization/dubbo-serialization-protobuf-json/pom.xml,2019-09-17T07:50:18Z
4012,4012,0bfd54cea412fef92e0ec36b2dc18136c4c3d4e0,dubbo-remoting/dubbo-remoting-netty4/src/main/java/org/apache/dubbo/remoting/transport/netty4/NettyServer.java,2023-09-01T05:03:33Z
4014,4014,00812ce41c44be6e5cd5e2b8e5bf602f806bbbca,dubbo-compatible/src/main/java/com/alibaba/dubbo/rpc/RpcContext.java,2024-03-29T03:40:06Z
4015,4015,fed4755cd6693e51d8f99555b1d339019e591917,dubbo-registry/dubbo-registry-api/src/main/java/org/apache/dubbo/registry/support/FailbackRegistry.java,2024-01-02T02:22:13Z
4017,4017,f224fc5a47ae87817a91241109f1fcab1fee1539,dubbo-registry/dubbo-registry-api/src/main/java/org/apache/dubbo/registry/integration/RegistryProtocol.java,2024-07-03T02:12:33Z
4020,4020,523a4189b8a7233c926eab1218daf627a3e870b8,dubbo-common/src/main/java/org/apache/dubbo/common/constants/CommonConstants.java,2024-06-04T14:59:16Z
4021,4021,730695a7a26967889405b12fc54099bb006c8231,dubbo-common/src/main/java/org/apache/dubbo/common/constants/RemotingConstants.java,2023-11-07T07:40:13Z
4023,4023,f224fc5a47ae87817a91241109f1fcab1fee1539,dubbo-registry/dubbo-registry-api/src/main/java/org/apache/dubbo/registry/integration/RegistryProtocol.java,2024-07-03T02:12:33Z
4024,4024,0d91d419a8b25a9917a03dc68a3eb5069ac856ea,dubbo-rpc/dubbo-rpc-api/src/main/java/org/apache/dubbo/rpc/filter/GenericFilter.java,2023-10-19T07:25:40Z
4025,4025,0d785f1346f48abf34a1a7690b437c3615780beb,dubbo-all/pom.xml,2020-07-22T06:45:08Z
4026,4026,25548c345bdfc1dcf222b68c2057cd472e2b74a0,dubbo-common/src/main/java/org/apache/dubbo/common/utils/PojoUtils.java,2023-05-26T07:32:54Z
4026,4026,25548c345bdfc1dcf222b68c2057cd472e2b74a0,dubbo-common/src/test/java/org/apache/dubbo/common/utils/PojoUtilsTest.java,2023-05-26T07:32:54Z
4027,4027,bc8cb85fec79d10f03825d12c65a85f656a46f65,dubbo-cluster/src/main/java/org/apache/dubbo/rpc/cluster/support/AvailableCluster.java,2021-12-05T13:46:16Z
4029,4029,79a1cca4ef1d583d2ae2c8e3f16eeea5881712cc,dubbo-config/dubbo-config-spring/src/main/java/org/apache/dubbo/config/spring/ReferenceBean.java,2024-07-04T07:14:55Z
4030,4030,79a1cca4ef1d583d2ae2c8e3f16eeea5881712cc,dubbo-config/dubbo-config-spring/src/main/java/org/apache/dubbo/config/spring/ReferenceBean.java,2024-07-04T07:14:55Z
4031,4031,002a6a1b3e3a7533fedd2bc2d3e72920d96f47e5,dubbo-common/src/main/java/org/apache/dubbo/common/threadpool/support/AbortPolicyWithReport.java,2024-03-08T02:11:43Z
4032,4032,502b4c86dffbc0de3863a5e41ed7b9f633450c1c,dubbo-rpc/pom.xml,2023-02-13T13:16:52Z
4033,4033,00812ce41c44be6e5cd5e2b8e5bf602f806bbbca,dubbo-remoting/dubbo-remoting-api/src/main/java/org/apache/dubbo/remoting/telnet/support/command/StatusTelnetHandler.java,2024-03-29T03:40:06Z
4034,4034,730695a7a26967889405b12fc54099bb006c8231,dubbo-cluster/src/main/java/org/apache/dubbo/rpc/cluster/support/ClusterUtils.java,2023-11-07T07:40:13Z
4034,4034,730695a7a26967889405b12fc54099bb006c8231,dubbo-cluster/src/test/java/org/apache/dubbo/rpc/cluster/support/ClusterUtilsTest.java,2023-11-07T07:40:13Z
4035,4035,f224fc5a47ae87817a91241109f1fcab1fee1539,dubbo-registry/dubbo-registry-api/src/main/java/org/apache/dubbo/registry/integration/RegistryProtocol.java,2024-07-03T02:12:33Z
4038,4038,f224fc5a47ae87817a91241109f1fcab1fee1539,dubbo-registry/dubbo-registry-api/src/main/java/org/apache/dubbo/registry/integration/RegistryProtocol.java,2024-07-03T02:12:33Z
4040,4040,52250b8a2086ca361fc3c3912720e3eb3d495b17,dubbo-remoting/dubbo-remoting-api/src/main/java/org/apache/dubbo/remoting/exchange/support/DefaultFuture.java,2023-09-12T04:45:03Z
4045,4045,f224fc5a47ae87817a91241109f1fcab1fee1539,dubbo-registry/dubbo-registry-api/src/main/java/org/apache/dubbo/registry/integration/RegistryProtocol.java,2024-07-03T02:12:33Z
4046,4046,00812ce41c44be6e5cd5e2b8e5bf602f806bbbca,dubbo-common/src/main/java/org/apache/dubbo/common/timer/HashedWheelTimer.java,2024-03-29T03:40:06Z
4047,4047,730695a7a26967889405b12fc54099bb006c8231,dubbo-cluster/src/main/java/org/apache/dubbo/rpc/cluster/support/ClusterUtils.java,2023-11-07T07:40:13Z
4047,4047,730695a7a26967889405b12fc54099bb006c8231,dubbo-cluster/src/test/java/org/apache/dubbo/rpc/cluster/support/ClusterUtilsTest.java,2023-11-07T07:40:13Z
4048,4048,f224fc5a47ae87817a91241109f1fcab1fee1539,dubbo-registry/dubbo-registry-api/src/main/java/org/apache/dubbo/registry/integration/RegistryProtocol.java,2024-07-03T02:12:33Z
4049,4049,3e78bd8867c317376c11050fe10233ac9305b91c,dubbo-metadata-report/dubbo-metadata-report-api/src/main/java/org/apache/dubbo/metadata/integration/MetadataReportService.java,2019-10-21T13:19:36Z
4052,4052,f224fc5a47ae87817a91241109f1fcab1fee1539,dubbo-registry/dubbo-registry-api/src/main/java/org/apache/dubbo/registry/integration/RegistryProtocol.java,2024-07-03T02:12:33Z
4053,4053,f224fc5a47ae87817a91241109f1fcab1fee1539,dubbo-registry/dubbo-registry-api/src/main/java/org/apache/dubbo/registry/integration/RegistryProtocol.java,2024-07-03T02:12:33Z
4056,4056,00812ce41c44be6e5cd5e2b8e5bf602f806bbbca,dubbo-rpc/dubbo-rpc-dubbo/src/main/java/org/apache/dubbo/rpc/protocol/dubbo/DubboProtocol.java,2024-03-29T03:40:06Z
4057,4057,00812ce41c44be6e5cd5e2b8e5bf602f806bbbca,dubbo-remoting/dubbo-remoting-api/src/main/java/org/apache/dubbo/remoting/exchange/support/header/HeaderExchangeServer.java,2024-03-29T03:40:06Z
4057,4057,00812ce41c44be6e5cd5e2b8e5bf602f806bbbca,dubbo-remoting/dubbo-remoting-api/src/main/java/org/apache/dubbo/remoting/telnet/codec/TelnetCodec.java,2024-03-29T03:40:06Z
4058,4058,730695a7a26967889405b12fc54099bb006c8231,dubbo-cluster/src/main/java/org/apache/dubbo/rpc/cluster/support/ClusterUtils.java,2023-11-07T07:40:13Z
4060,4060,d0454fdbef0b7724cf5747a276f292eb14c8ab05,dubbo-config/dubbo-config-spring/src/main/java/org/apache/dubbo/config/spring/beans/factory/annotation/ServiceAnnotationBeanPostProcessor.java,2021-06-08T08:44:54Z
4062,4062,d35d7eb30c9e536bead96d50d45ff6def219f84f,dubbo-rpc/dubbo-rpc-api/src/main/java/org/apache/dubbo/rpc/filter/AccessLogFilter.java,2024-05-31T07:05:16Z
4064,4064,00812ce41c44be6e5cd5e2b8e5bf602f806bbbca,dubbo-cluster/src/main/java/org/apache/dubbo/rpc/cluster/configurator/AbstractConfigurator.java,2024-03-29T03:40:06Z
4065,4065,f224fc5a47ae87817a91241109f1fcab1fee1539,dubbo-registry/dubbo-registry-api/src/main/java/org/apache/dubbo/registry/integration/RegistryProtocol.java,2024-07-03T02:12:33Z
4066,4066,00812ce41c44be6e5cd5e2b8e5bf602f806bbbca,dubbo-registry/dubbo-registry-multiple/src/main/java/org/apache/dubbo/registry/multiple/MultipleRegistry.java,2024-03-29T03:40:06Z
4067,4067,ec443043e2da83d946943baabf7f122f9efc0dcc,dubbo-config/dubbo-config-api/src/main/java/org/apache/dubbo/config/ReferenceConfig.java,2024-04-01T03:03:29Z
4069,4069,f224fc5a47ae87817a91241109f1fcab1fee1539,dubbo-registry/dubbo-registry-api/src/main/java/org/apache/dubbo/registry/integration/RegistryProtocol.java,2024-07-03T02:12:33Z
4072,4072,f224fc5a47ae87817a91241109f1fcab1fee1539,dubbo-registry/dubbo-registry-api/src/main/java/org/apache/dubbo/registry/integration/RegistryProtocol.java,2024-07-03T02:12:33Z
4073,4073,6b3f54383f4b6102215e33ea879a389dff0fd1eb,README.md,2024-04-11T08:47:51Z
4074,4074,e9175a6c748ca50ef06d1a6108fabad32e402a32,dubbo-demo/dubbo-demo-xml/dubbo-demo-xml-provider/src/main/resources/spring/dubbo-provider.xml,2022-03-11T07:11:10Z
4076,4076,ac8ee831c9566569b8a58298983ee7e7ff30e4d8,dubbo-dependencies-bom/pom.xml,2024-07-02T06:27:45Z
4077,4077,f224fc5a47ae87817a91241109f1fcab1fee1539,dubbo-registry/dubbo-registry-api/src/main/java/org/apache/dubbo/registry/integration/RegistryProtocol.java,2024-07-03T02:12:33Z
4078,4078,b8664c42350cd97de10223e0196dc9789cbc136d,dubbo-config/dubbo-config-spring/src/test/java/org/apache/dubbo/config/spring/beans/factory/annotation/MergedAnnotationTest.java,2022-11-22T02:49:25Z
4079,4079,ec443043e2da83d946943baabf7f122f9efc0dcc,dubbo-config/dubbo-config-api/src/main/java/org/apache/dubbo/config/ReferenceConfig.java,2024-04-01T03:03:29Z
4081,4081,52250b8a2086ca361fc3c3912720e3eb3d495b17,dubbo-remoting/dubbo-remoting-api/src/main/java/org/apache/dubbo/remoting/exchange/support/DefaultFuture.java,2023-09-12T04:45:03Z
4085,4085,c24eca7e1edefed758a0123c0141da21ed708a42,.gitignore,2024-05-08T03:06:02Z
4086,4086,8bdecea7ef808d19f0449dd43ec85ba8dbaeeb26,dubbo-registry/dubbo-registry-etcd3/pom.xml,2020-08-17T05:38:04Z
4086,4086,8bdecea7ef808d19f0449dd43ec85ba8dbaeeb26,dubbo-registry/dubbo-registry-etcd3/src/test/java/org/apache/dubbo/registry/etcd/EtcdRegistryTest.java,2020-08-17T05:38:04Z
4087,4087,52250b8a2086ca361fc3c3912720e3eb3d495b17,dubbo-remoting/dubbo-remoting-api/src/main/java/org/apache/dubbo/remoting/exchange/support/DefaultFuture.java,2023-09-12T04:45:03Z
4088,4088,c91affe875a7fc500500d2e5f874caed945afde7,dubbo-configcenter/dubbo-configcenter-nacos/src/test/java/org/apache/dubbo/configcenter/support/nacos/NacosDynamicConfigurationTest.java,2023-03-27T01:48:38Z
4092,4092,f224fc5a47ae87817a91241109f1fcab1fee1539,dubbo-registry/dubbo-registry-api/src/main/java/org/apache/dubbo/registry/integration/RegistryProtocol.java,2024-07-03T02:12:33Z
4095,4095,62e204e424a723952439d0eb65cc8df4957bde34,dubbo-config/dubbo-config-api/src/main/java/org/apache/dubbo/config/ApplicationConfig.java,2019-10-10T13:15:18Z
4098,4098,11d5bd9ffadf11af0d13e6ab478829b4ae3c8572,pom.xml,2024-06-24T09:54:45Z
4099,4099,ac8ee831c9566569b8a58298983ee7e7ff30e4d8,dubbo-dependencies-bom/pom.xml,2024-07-02T06:27:45Z
4100,4100,6b3f54383f4b6102215e33ea879a389dff0fd1eb,README.md,2024-04-11T08:47:51Z
4101,4101,f224fc5a47ae87817a91241109f1fcab1fee1539,dubbo-registry/dubbo-registry-api/src/main/java/org/apache/dubbo/registry/integration/RegistryProtocol.java,2024-07-03T02:12:33Z
4106,4106,f03823eec1610ab40fa894e279614703617ab29b,dubbo-remoting/dubbo-remoting-api/src/main/java/org/apache/dubbo/remoting/transport/AbstractClient.java,2024-04-07T02:31:23Z
4109,4109,ec443043e2da83d946943baabf7f122f9efc0dcc,dubbo-config/dubbo-config-api/src/main/java/org/apache/dubbo/config/ReferenceConfig.java,2024-04-01T03:03:29Z
4110,4110,6b3f54383f4b6102215e33ea879a389dff0fd1eb,README.md,2024-04-11T08:47:51Z
4112,4112,0a1ad55bff34c8cffc066c4ab26ac8466691a4f4,dubbo-registry/dubbo-registry-nacos/src/main/java/org/apache/dubbo/registry/nacos/NacosRegistry.java,2024-04-22T11:42:47Z
4116,4116,8bdecea7ef808d19f0449dd43ec85ba8dbaeeb26,dubbo-remoting/dubbo-remoting-etcd3/src/main/java/org/apache/dubbo/remoting/etcd/jetcd/JEtcdClient.java,2020-08-17T05:38:04Z
4124,4124,5fb8dc07a85faf7c31bd8d2cf84c2d598784d1e9,dubbo-metadata/src/main/java/org/apache/dubbo/metadata/MetadataService.java,2019-06-17T03:12:47Z
4126,4126,aa54350c6f5abd0803ace8c14b9a731b69100d03,dubbo-remoting/dubbo-remoting-zookeeper/src/main/java/org/apache/dubbo/remoting/zookeeper/curator/CuratorZookeeperClient.java,2023-07-31T11:11:49Z
4127,4127,c10d95b56a48e88d9014238a56e7ee1ea18a33d2,dubbo-rpc/dubbo-rpc-api/src/main/java/org/apache/dubbo/rpc/AsyncRpcResult.java,2023-10-11T15:32:30Z
4128,4128,0d91d419a8b25a9917a03dc68a3eb5069ac856ea,dubbo-rpc/dubbo-rpc-api/src/main/java/org/apache/dubbo/rpc/AppResponse.java,2023-10-19T07:25:40Z
4129,4129,52250b8a2086ca361fc3c3912720e3eb3d495b17,dubbo-remoting/dubbo-remoting-api/src/main/java/org/apache/dubbo/remoting/exchange/support/DefaultFuture.java,2023-09-12T04:45:03Z
4130,4130,ac8ee831c9566569b8a58298983ee7e7ff30e4d8,dubbo-dependencies-bom/pom.xml,2024-07-02T06:27:45Z
4131,4131,523a4189b8a7233c926eab1218daf627a3e870b8,dubbo-common/src/main/java/org/apache/dubbo/common/constants/CommonConstants.java,2024-06-04T14:59:16Z
4132,4132,52250b8a2086ca361fc3c3912720e3eb3d495b17,dubbo-remoting/dubbo-remoting-api/src/main/java/org/apache/dubbo/remoting/exchange/support/DefaultFuture.java,2023-09-12T04:45:03Z
4135,4135,0d91d419a8b25a9917a03dc68a3eb5069ac856ea,dubbo-config/dubbo-config-spring/src/main/java/org/apache/dubbo/config/spring/beans/factory/annotation/ReferenceAnnotationBeanPostProcessor.java,2023-10-19T07:25:40Z
4137,4137,0d91d419a8b25a9917a03dc68a3eb5069ac856ea,dubbo-rpc/dubbo-rpc-api/src/main/java/org/apache/dubbo/rpc/AppResponse.java,2023-10-19T07:25:40Z
4138,4138,f224fc5a47ae87817a91241109f1fcab1fee1539,dubbo-registry/dubbo-registry-api/src/main/java/org/apache/dubbo/registry/integration/RegistryProtocol.java,2024-07-03T02:12:33Z
4141,4141,7e51047cb084a9f9b09d934cf058074c534503f4,dubbo-rpc/dubbo-rpc-api/src/test/java/org/apache/dubbo/rpc/filter/tps/DefaultTPSLimiterTest.java,2023-02-27T12:09:15Z
4142,4142,ac8ee831c9566569b8a58298983ee7e7ff30e4d8,dubbo-dependencies-bom/pom.xml,2024-07-02T06:27:45Z
4145,4145,11d5bd9ffadf11af0d13e6ab478829b4ae3c8572,pom.xml,2024-06-24T09:54:45Z
4146,4146,faefee2cb2b64e10ff4f874f6da6e032d84f0ff2,dubbo-rpc/dubbo-rpc-api/src/main/java/org/apache/dubbo/rpc/support/RpcUtils.java,2024-05-08T03:51:00Z
4148,4148,aa54350c6f5abd0803ace8c14b9a731b69100d03,dubbo-rpc/dubbo-rpc-api/src/main/resources/META-INF/dubbo/internal/org.apache.dubbo.rpc.Filter,2023-07-31T11:11:49Z
4150,4150,e1f3e63ee6413f240992ae5deb83c7bd62ce4ba3,dubbo-remoting/dubbo-remoting-netty4/src/main/java/org/apache/dubbo/remoting/transport/netty4/NettyClientHandler.java,2022-11-07T09:40:41Z
4153,4153,06f719086e0303c8edcc64f660cc7739de4dfdb5,dubbo-rpc/dubbo-rpc-jsonrpc/src/main/java/org/apache/dubbo/rpc/protocol/jsonrpc/JsonRpcProtocol.java,2019-08-20T03:55:48Z
4153,4153,06f719086e0303c8edcc64f660cc7739de4dfdb5,dubbo-rpc/dubbo-rpc-jsonrpc/src/test/java/org/apache/dubbo/rpc/protocol/jsonrpc/JsonRpcProtocolTest.java,2019-08-20T03:55:48Z
4154,4154,8bdecea7ef808d19f0449dd43ec85ba8dbaeeb26,dubbo-rpc/dubbo-rpc-thrift/src/main/java/org/apache/dubbo/rpc/protocol/thrift/ThriftInvoker.java,2020-08-17T05:38:04Z
4155,4155,c10d95b56a48e88d9014238a56e7ee1ea18a33d2,dubbo-rpc/dubbo-rpc-api/src/main/java/org/apache/dubbo/rpc/AsyncRpcResult.java,2023-10-11T15:32:30Z
4157,4157,11d5bd9ffadf11af0d13e6ab478829b4ae3c8572,pom.xml,2024-06-24T09:54:45Z
4158,4158,36e0cf5490f9ea289a9d809694b0b2347106a515,dubbo-rpc/dubbo-rpc-dubbo/src/main/java/org/apache/dubbo/rpc/protocol/dubbo/DubboInvoker.java,2024-03-11T06:00:16Z
4161,4161,ac8ee831c9566569b8a58298983ee7e7ff30e4d8,dubbo-dependencies-bom/pom.xml,2024-07-02T06:27:45Z
4162,4162,6b3f54383f4b6102215e33ea879a389dff0fd1eb,README.md,2024-04-11T08:47:51Z
4163,4163,0d91d419a8b25a9917a03dc68a3eb5069ac856ea,dubbo-config/dubbo-config-spring/src/main/java/org/apache/dubbo/config/spring/beans/factory/annotation/ReferenceAnnotationBeanPostProcessor.java,2023-10-19T07:25:40Z
4165,4165,1c6374c2f564766dbeacd6866c7ccb84b2690a2a,SECURITY.md,2024-01-08T11:50:50Z
4166,4166,ed6afe1ac34c0ddf5b3805254700488b7a7efb4d,dubbo-demo/dubbo-demo-xml/dubbo-demo-xml-consumer/pom.xml,2023-05-07T23:42:49Z
4166,4166,ed6afe1ac34c0ddf5b3805254700488b7a7efb4d,dubbo-demo/dubbo-demo-xml/dubbo-demo-xml-provider/pom.xml,2023-05-07T23:42:49Z
4169,4169,ac8ee831c9566569b8a58298983ee7e7ff30e4d8,dubbo-dependencies-bom/pom.xml,2024-07-02T06:27:45Z
4170,4170,764b8dffccf75926d692d45c18fe2eb498a369dc,dubbo-metadata-report/dubbo-metadata-report-api/src/main/java/org/apache/dubbo/metadata/identifier/MetadataIdentifier.java,2019-07-22T06:51:45Z
4170,4170,764b8dffccf75926d692d45c18fe2eb498a369dc,dubbo-metadata-report/dubbo-metadata-report-api/src/test/java/org/apache/dubbo/metadata/identifier/MetadataIdentifierTest.java,2019-07-22T06:51:45Z
4171,4171,523a4189b8a7233c926eab1218daf627a3e870b8,dubbo-common/src/main/java/org/apache/dubbo/common/constants/CommonConstants.java,2024-06-04T14:59:16Z
4172,4172,f1af604e7e9791921f918fdb84750588cf0e3a15,dubbo-registry/dubbo-registry-nacos/pom.xml,2022-07-15T02:18:41Z
4174,4174,f224fc5a47ae87817a91241109f1fcab1fee1539,dubbo-registry/dubbo-registry-api/src/main/java/org/apache/dubbo/registry/integration/RegistryProtocol.java,2024-07-03T02:12:33Z
4177,4177,523a4189b8a7233c926eab1218daf627a3e870b8,dubbo-common/src/main/java/org/apache/dubbo/common/constants/CommonConstants.java,2024-06-04T14:59:16Z
4178,4178,f224fc5a47ae87817a91241109f1fcab1fee1539,dubbo-registry/dubbo-registry-api/src/main/java/org/apache/dubbo/registry/integration/RegistryProtocol.java,2024-07-03T02:12:33Z
4179,4179,f224fc5a47ae87817a91241109f1fcab1fee1539,dubbo-registry/dubbo-registry-api/src/main/java/org/apache/dubbo/registry/integration/RegistryProtocol.java,2024-07-03T02:12:33Z
4180,4180,00812ce41c44be6e5cd5e2b8e5bf602f806bbbca,dubbo-common/src/main/java/org/apache/dubbo/common/utils/UrlUtils.java,2024-03-29T03:40:06Z
4180,4180,00812ce41c44be6e5cd5e2b8e5bf602f806bbbca,dubbo-remoting/dubbo-remoting-netty4/src/main/java/org/apache/dubbo/remoting/transport/netty4/NettyChannel.java,2024-03-29T03:40:06Z
4181,4181,f224fc5a47ae87817a91241109f1fcab1fee1539,dubbo-registry/dubbo-registry-api/src/main/java/org/apache/dubbo/registry/integration/RegistryProtocol.java,2024-07-03T02:12:33Z
4186,4186,ac8ee831c9566569b8a58298983ee7e7ff30e4d8,dubbo-dependencies-bom/pom.xml,2024-07-02T06:27:45Z
4187,4187,79ba4cd6b737fa9a2af92a6d9a2189454dc5b623,CHANGES.md,2023-08-27T15:16:56Z
4188,4188,00812ce41c44be6e5cd5e2b8e5bf602f806bbbca,dubbo-config/dubbo-config-api/src/main/java/org/apache/dubbo/config/ServiceConfig.java,2024-03-29T03:40:06Z
4188,4188,00812ce41c44be6e5cd5e2b8e5bf602f806bbbca,dubbo-rpc/dubbo-rpc-api/src/main/java/org/apache/dubbo/rpc/support/MockInvoker.java,2024-03-29T03:40:06Z
4189,4189,730695a7a26967889405b12fc54099bb006c8231,dubbo-common/src/main/java/org/apache/dubbo/common/config/Configuration.java,2023-11-07T07:40:13Z
4190,4190,faefee2cb2b64e10ff4f874f6da6e032d84f0ff2,dubbo-rpc/dubbo-rpc-api/src/main/java/org/apache/dubbo/rpc/support/RpcUtils.java,2024-05-08T03:51:00Z
4194,4194,faefee2cb2b64e10ff4f874f6da6e032d84f0ff2,dubbo-rpc/dubbo-rpc-api/src/main/java/org/apache/dubbo/rpc/support/RpcUtils.java,2024-05-08T03:51:00Z
4195,4195,ac8ee831c9566569b8a58298983ee7e7ff30e4d8,dubbo-dependencies-bom/pom.xml,2024-07-02T06:27:45Z
4196,4196,c24eca7e1edefed758a0123c0141da21ed708a42,.gitignore,2024-05-08T03:06:02Z
4197,4197,563a0e472ab50d2d697e2f0415c80b68ad6b17bd,dubbo-config/dubbo-config-spring/src/main/java/org/apache/dubbo/config/spring/ServiceBean.java,2023-06-29T02:31:36Z
4202,4202,f224fc5a47ae87817a91241109f1fcab1fee1539,dubbo-registry/dubbo-registry-api/src/main/java/org/apache/dubbo/registry/integration/RegistryProtocol.java,2024-07-03T02:12:33Z
4203,4203,8a2dffd55e95d394aa05812d5948cae81fd1a3ed,dubbo-configcenter/dubbo-configcenter-nacos/src/main/java/org/apache/dubbo/configcenter/support/nacos/NacosDynamicConfiguration.java,2023-06-12T02:10:19Z
4204,4204,0a1ad55bff34c8cffc066c4ab26ac8466691a4f4,dubbo-registry/dubbo-registry-nacos/src/main/java/org/apache/dubbo/registry/nacos/NacosRegistry.java,2024-04-22T11:42:47Z
4205,4205,11d5bd9ffadf11af0d13e6ab478829b4ae3c8572,pom.xml,2024-06-24T09:54:45Z
4208,4208,80a15197e617aac1842b75ad5d9a535b03e23a95,dubbo-common/src/test/java/org/apache/dubbo/common/config/SystemConfigurationTest.java,2022-12-16T04:56:56Z
4209,4209,b7b34b6c475912c4c805b389954fd897bdd9f769,dubbo-rpc/dubbo-rpc-xml/src/main/java/org/apache/dubbo/xml/rpc/protocol/xmlrpc/XmlRpcProtocol.java,2019-08-08T08:22:48Z
4210,4210,b7b34b6c475912c4c805b389954fd897bdd9f769,dubbo-rpc/dubbo-rpc-xml/src/main/java/org/apache/dubbo/xml/rpc/protocol/xmlrpc/XmlRpcProtocol.java,2019-08-08T08:22:48Z
4211,4211,b7b34b6c475912c4c805b389954fd897bdd9f769,dubbo-rpc/dubbo-rpc-xml/src/main/java/org/apache/dubbo/xml/rpc/protocol/xmlrpc/XmlRpcProtocol.java,2019-08-08T08:22:48Z
4212,4212,c272af38c65649ec5dd4348ccf73fb699fa976a2,dubbo-common/src/main/java/org/apache/dubbo/common/logger/LoggerFactory.java,2023-03-02T22:43:37Z
4214,4214,dfd135eb95d92ffc3519426b812e274f43b49e9d,dubbo-common/src/test/java/org/apache/dubbo/common/URLTest.java,2024-05-08T06:09:08Z
4215,4215,faefee2cb2b64e10ff4f874f6da6e032d84f0ff2,dubbo-rpc/dubbo-rpc-api/src/main/java/org/apache/dubbo/rpc/support/RpcUtils.java,2024-05-08T03:51:00Z
4216,4216,f224fc5a47ae87817a91241109f1fcab1fee1539,dubbo-registry/dubbo-registry-api/src/main/java/org/apache/dubbo/registry/integration/RegistryProtocol.java,2024-07-03T02:12:33Z
4217,4217,f224fc5a47ae87817a91241109f1fcab1fee1539,dubbo-registry/dubbo-registry-api/src/main/java/org/apache/dubbo/registry/integration/RegistryProtocol.java,2024-07-03T02:12:33Z
4220,4220,12febcfbf505c926070686a4d4318812b1ed1938,dubbo-common/src/main/java/org/apache/dubbo/common/utils/NetUtils.java,2023-03-25T07:42:33Z
4222,4222,dfd135eb95d92ffc3519426b812e274f43b49e9d,dubbo-common/src/main/java/org/apache/dubbo/common/URL.java,2024-05-08T06:09:08Z
4223,4223,f224fc5a47ae87817a91241109f1fcab1fee1539,dubbo-registry/dubbo-registry-api/src/main/java/org/apache/dubbo/registry/integration/RegistryProtocol.java,2024-07-03T02:12:33Z
4225,4225,20351b01a8abebd488a86fdaa5b70c02eb1886f9,dubbo-config/dubbo-config-api/src/main/java/org/apache/dubbo/config/AbstractConfig.java,2019-10-21T04:43:17Z
4226,4226,77e6708ebd8d8d2165d004b1a5a74eda60d40c4c,dubbo-cluster/src/test/java/org/apache/dubbo/rpc/cluster/router/condition/ConditionRouterTest.java,2021-12-27T08:00:22Z
4228,4228,b7b34b6c475912c4c805b389954fd897bdd9f769,dubbo-rpc/dubbo-rpc-xml/src/main/java/org/apache/dubbo/xml/rpc/protocol/xmlrpc/XmlRpcProtocol.java,2019-08-08T08:22:48Z
4229,4229,11d5bd9ffadf11af0d13e6ab478829b4ae3c8572,pom.xml,2024-06-24T09:54:45Z
4231,4231,c5dd1ea581622f03038255a43a4f808707afe5f2,DISCLAIMER,2019-07-27T00:46:57Z
4232,4232,c5dd1ea581622f03038255a43a4f808707afe5f2,DISCLAIMER,2019-07-27T00:46:57Z
4233,4233,c5dd1ea581622f03038255a43a4f808707afe5f2,DISCLAIMER,2019-07-27T00:46:57Z
4234,4234,c5dd1ea581622f03038255a43a4f808707afe5f2,DISCLAIMER,2019-07-27T00:46:57Z
4235,4235,11d5bd9ffadf11af0d13e6ab478829b4ae3c8572,pom.xml,2024-06-24T09:54:45Z
4236,4236,730695a7a26967889405b12fc54099bb006c8231,dubbo-cluster/src/main/java/org/apache/dubbo/rpc/cluster/router/tag/model/TagRouterRule.java,2023-11-07T07:40:13Z
4237,4237,4be8594bdefa3b941d062cbcee0794a3718c58b1,dubbo-rpc/dubbo-rpc-injvm/src/main/java/org/apache/dubbo/rpc/protocol/injvm/InjvmInvoker.java,2024-06-20T01:41:36Z
4240,4240,f224fc5a47ae87817a91241109f1fcab1fee1539,dubbo-registry/dubbo-registry-api/src/main/java/org/apache/dubbo/registry/integration/RegistryProtocol.java,2024-07-03T02:12:33Z
4242,4242,12d99d686f3b7946758a02554f81f562fc394419,dubbo-common/src/main/java/org/apache/dubbo/common/config/AbstractPrefixConfiguration.java,2020-02-20T07:00:26Z
4244,4244,dfd135eb95d92ffc3519426b812e274f43b49e9d,dubbo-common/src/main/java/org/apache/dubbo/common/URL.java,2024-05-08T06:09:08Z
4245,4245,f224fc5a47ae87817a91241109f1fcab1fee1539,dubbo-registry/dubbo-registry-api/src/main/java/org/apache/dubbo/registry/integration/RegistryProtocol.java,2024-07-03T02:12:33Z
4246,4246,6ad735d74a7f1c5d694f212061e04af9c90a8d3b,dubbo-remoting/dubbo-remoting-api/src/main/java/org/apache/dubbo/remoting/exchange/support/header/HeaderExchangeHandler.java,2023-07-03T02:16:14Z
4249,4249,20351b01a8abebd488a86fdaa5b70c02eb1886f9,dubbo-config/dubbo-config-api/src/main/java/org/apache/dubbo/config/AbstractConfig.java,2019-10-21T04:43:17Z
4254,4254,00812ce41c44be6e5cd5e2b8e5bf602f806bbbca,dubbo-remoting/dubbo-remoting-netty4/src/main/java/org/apache/dubbo/remoting/transport/netty4/NettyChannel.java,2024-03-29T03:40:06Z
4255,4255,dfd135eb95d92ffc3519426b812e274f43b49e9d,dubbo-common/src/main/java/org/apache/dubbo/common/URL.java,2024-05-08T06:09:08Z
4257,4257,36e0cf5490f9ea289a9d809694b0b2347106a515,dubbo-rpc/dubbo-rpc-dubbo/src/main/java/org/apache/dubbo/rpc/protocol/dubbo/DubboInvoker.java,2024-03-11T06:00:16Z
4259,4259,ac8ee831c9566569b8a58298983ee7e7ff30e4d8,dubbo-dependencies-bom/pom.xml,2024-07-02T06:27:45Z
4260,4260,523a4189b8a7233c926eab1218daf627a3e870b8,dubbo-common/src/main/java/org/apache/dubbo/common/constants/CommonConstants.java,2024-06-04T14:59:16Z
4267,4267,dfd135eb95d92ffc3519426b812e274f43b49e9d,dubbo-common/src/main/java/org/apache/dubbo/common/URL.java,2024-05-08T06:09:08Z
4272,4272,25b73b1a135ae75ed50c68e6b5acd694067fd325,dubbo-config/dubbo-config-api/src/test/java/org/apache/dubbo/config/AbstractConfigTest.java,2023-12-27T15:19:51Z
4276,4276,00812ce41c44be6e5cd5e2b8e5bf602f806bbbca,dubbo-rpc/dubbo-rpc-api/src/main/java/org/apache/dubbo/rpc/RpcStatus.java,2024-03-29T03:40:06Z
4289,4289,20351b01a8abebd488a86fdaa5b70c02eb1886f9,dubbo-config/dubbo-config-api/src/main/java/org/apache/dubbo/config/AbstractConfig.java,2019-10-21T04:43:17Z
4290,4290,0d91d419a8b25a9917a03dc68a3eb5069ac856ea,dubbo-common/src/main/java/org/apache/dubbo/common/extension/ExtensionLoader.java,2023-10-19T07:25:40Z
4291,4291,0d91d419a8b25a9917a03dc68a3eb5069ac856ea,dubbo-common/src/main/java/org/apache/dubbo/common/extension/ExtensionLoader.java,2023-10-19T07:25:40Z
4292,4292,0d91d419a8b25a9917a03dc68a3eb5069ac856ea,dubbo-common/src/main/java/org/apache/dubbo/common/extension/ExtensionLoader.java,2023-10-19T07:25:40Z
4292,4292,0d91d419a8b25a9917a03dc68a3eb5069ac856ea,dubbo-common/src/test/java/org/apache/dubbo/common/extension/ExtensionLoaderTest.java,2023-10-19T07:25:40Z
4293,4293,28266668d38424bf936e21d16e6f32c8750685b7,dubbo-registry/dubbo-registry-api/src/test/java/com/alibaba/dubbo/registry/support/AbstractRegistryFactoryTest.java,2018-06-07T11:06:41Z
4296,4296,a1642ac07a838e31bab952d972be62c007a95a34,dubbo-common/src/main/java/org/apache/dubbo/common/utils/ReflectUtils.java,2023-11-20T02:51:25Z
4297,4297,11d5bd9ffadf11af0d13e6ab478829b4ae3c8572,pom.xml,2024-06-24T09:54:45Z
4300,4300,25548c345bdfc1dcf222b68c2057cd472e2b74a0,dubbo-common/src/main/java/org/apache/dubbo/common/utils/PojoUtils.java,2023-05-26T07:32:54Z
4300,4300,25548c345bdfc1dcf222b68c2057cd472e2b74a0,dubbo-common/src/test/java/org/apache/dubbo/common/utils/PojoUtilsTest.java,2023-05-26T07:32:54Z
4301,4301,dfd135eb95d92ffc3519426b812e274f43b49e9d,dubbo-common/src/main/java/org/apache/dubbo/common/URL.java,2024-05-08T06:09:08Z
4302,4302,60e3b19db518483296ff73245e548ce88c84f5a5,dubbo-cluster/src/main/java/com/alibaba/dubbo/rpc/cluster/support/wrapper/MockClusterInvoker.java,2018-04-21T06:20:09Z
4303,4303,563a0e472ab50d2d697e2f0415c80b68ad6b17bd,dubbo-config/dubbo-config-spring/src/main/java/org/apache/dubbo/config/spring/schema/DubboBeanDefinitionParser.java,2023-06-29T02:31:36Z
4305,4305,563a0e472ab50d2d697e2f0415c80b68ad6b17bd,dubbo-config/dubbo-config-spring/src/main/java/org/apache/dubbo/config/spring/schema/DubboBeanDefinitionParser.java,2023-06-29T02:31:36Z
4308,4308,8bc9257f4e09b2937e21842b90984dfcaefe97b6,dubbo-registry/dubbo-registry-nacos/src/main/java/org/apache/dubbo/registry/nacos/NacosRegistryFactory.java,2021-06-01T06:14:35Z
4311,4311,faefee2cb2b64e10ff4f874f6da6e032d84f0ff2,dubbo-rpc/dubbo-rpc-api/src/main/java/org/apache/dubbo/rpc/support/RpcUtils.java,2024-05-08T03:51:00Z
4318,4318,11d5bd9ffadf11af0d13e6ab478829b4ae3c8572,pom.xml,2024-06-24T09:54:45Z
4319,4319,71b9f6aa06afaa17a7cbdff0eeefda3757c0a638,dubbo-remoting/dubbo-remoting-api/src/main/java/org/apache/dubbo/remoting/transport/dispatcher/WrappedChannelHandler.java,2022-11-07T09:40:15Z
4321,4321,00812ce41c44be6e5cd5e2b8e5bf602f806bbbca,dubbo-common/src/main/java/org/apache/dubbo/common/beanutil/JavaBeanSerializeUtil.java,2024-03-29T03:40:06Z
4322,4322,00812ce41c44be6e5cd5e2b8e5bf602f806bbbca,dubbo-plugin/dubbo-qos/src/main/java/org/apache/dubbo/qos/textui/TTree.java,2024-03-29T03:40:06Z
4322,4322,00812ce41c44be6e5cd5e2b8e5bf602f806bbbca,dubbo-registry/dubbo-registry-multicast/src/main/java/org/apache/dubbo/registry/multicast/MulticastRegistry.java,2024-03-29T03:40:06Z
4324,4324,00812ce41c44be6e5cd5e2b8e5bf602f806bbbca,dubbo-filter/dubbo-filter-cache/src/main/java/org/apache/dubbo/cache/support/expiring/ExpiringMap.java,2024-03-29T03:40:06Z
4325,4325,00812ce41c44be6e5cd5e2b8e5bf602f806bbbca,dubbo-registry/dubbo-registry-multicast/src/main/java/org/apache/dubbo/registry/multicast/MulticastRegistry.java,2024-03-29T03:40:06Z
4326,4326,2841c9d6d17252a426f07daeff5a468946f897c2,dubbo-rpc/dubbo-rpc-api/src/main/java/org/apache/dubbo/rpc/filter/tps/StatItem.java,2021-10-30T02:28:50Z
4327,4327,aa54350c6f5abd0803ace8c14b9a731b69100d03,dubbo-registry/dubbo-registry-api/src/main/java/org/apache/dubbo/registry/integration/RegistryDirectory.java,2023-07-31T11:11:49Z
4332,4332,25548c345bdfc1dcf222b68c2057cd472e2b74a0,dubbo-common/src/main/java/org/apache/dubbo/common/utils/PojoUtils.java,2023-05-26T07:32:54Z
4332,4332,25548c345bdfc1dcf222b68c2057cd472e2b74a0,dubbo-common/src/test/java/org/apache/dubbo/common/utils/PojoUtilsTest.java,2023-05-26T07:32:54Z
4334,4334,25548c345bdfc1dcf222b68c2057cd472e2b74a0,dubbo-common/src/main/java/org/apache/dubbo/common/utils/PojoUtils.java,2023-05-26T07:32:54Z
4334,4334,25548c345bdfc1dcf222b68c2057cd472e2b74a0,dubbo-common/src/test/java/org/apache/dubbo/common/utils/PojoUtilsTest.java,2023-05-26T07:32:54Z
4339,4339,ed9e26f0176610e49bc0c8deba9788b7ae1147b5,dubbo-common/src/main/java/org/apache/dubbo/common/extension/AdaptiveClassCodeGenerator.java,2023-02-28T08:05:25Z
4343,4343,00812ce41c44be6e5cd5e2b8e5bf602f806bbbca,dubbo-config/dubbo-config-api/src/main/java/org/apache/dubbo/config/ServiceConfig.java,2024-03-29T03:40:06Z
4346,4346,0d91d419a8b25a9917a03dc68a3eb5069ac856ea,dubbo-common/src/main/java/org/apache/dubbo/common/extension/ExtensionLoader.java,2023-10-19T07:25:40Z
4346,4346,0d91d419a8b25a9917a03dc68a3eb5069ac856ea,dubbo-common/src/test/java/org/apache/dubbo/common/extension/ExtensionLoaderTest.java,2023-10-19T07:25:40Z
4349,4349,0a1ad55bff34c8cffc066c4ab26ac8466691a4f4,dubbo-registry/dubbo-registry-nacos/src/main/java/org/apache/dubbo/registry/nacos/NacosRegistry.java,2024-04-22T11:42:47Z
4352,4352,3e4fda20bba18f0a85340c86ae8ccbb004c7ea84,dubbo-demo/dubbo-demo-annotation/dubbo-demo-annotation-consumer/pom.xml,2024-04-08T08:34:36Z
4354,4354,3e4fda20bba18f0a85340c86ae8ccbb004c7ea84,dubbo-demo/dubbo-demo-annotation/dubbo-demo-annotation-consumer/pom.xml,2024-04-08T08:34:36Z
4356,4356,0d785f1346f48abf34a1a7690b437c3615780beb,dubbo-all/pom.xml,2020-07-22T06:45:08Z
4358,4358,8bdecea7ef808d19f0449dd43ec85ba8dbaeeb26,dubbo-remoting/dubbo-remoting-etcd3/src/main/java/org/apache/dubbo/remoting/etcd/jetcd/JEtcdClient.java,2020-08-17T05:38:04Z
4359,4359,1efe576197f2bfe9ded1f9d80fdde0663e31c5dc,dubbo-config/dubbo-config-api/src/test/java/org/apache/dubbo/config/RegistryConfigTest.java,2022-11-22T06:23:29Z
4360,4360,f224fc5a47ae87817a91241109f1fcab1fee1539,dubbo-registry/dubbo-registry-api/src/main/java/org/apache/dubbo/registry/integration/RegistryProtocol.java,2024-07-03T02:12:33Z
4362,4362,dfd135eb95d92ffc3519426b812e274f43b49e9d,dubbo-common/src/main/java/org/apache/dubbo/common/URL.java,2024-05-08T06:09:08Z
4363,4363,dfd135eb95d92ffc3519426b812e274f43b49e9d,dubbo-common/src/main/java/org/apache/dubbo/common/URL.java,2024-05-08T06:09:08Z
4364,4364,0d785f1346f48abf34a1a7690b437c3615780beb,dubbo-all/pom.xml,2020-07-22T06:45:08Z
4365,4365,05cecc55bccc5c4ab985f7bab3b3c63e7380ed01,dubbo-config/dubbo-config-spring/src/main/resources/META-INF/dubbo.xsd,2024-02-02T06:10:23Z
4368,4368,3e4fda20bba18f0a85340c86ae8ccbb004c7ea84,dubbo-demo/dubbo-demo-annotation/dubbo-demo-annotation-consumer/pom.xml,2024-04-08T08:34:36Z
4372,4372,dbb0a64a84d841f858cefbdaecae8bfe9f3788a1,dubbo-metadata-report/dubbo-metadata-definition/src/main/java/org/apache/dubbo/metadata/definition/TypeDefinitionBuilder.java,2019-09-16T08:30:58Z
4375,4375,ac8ee831c9566569b8a58298983ee7e7ff30e4d8,dubbo-dependencies-bom/pom.xml,2024-07-02T06:27:45Z
4376,4376,54b0d7e3f4bc8f348c6260f649c6e3174d5b8a03,dubbo-bom/pom.xml,2020-02-28T08:53:26Z
4378,4378,730695a7a26967889405b12fc54099bb006c8231,dubbo-common/src/main/java/org/apache/dubbo/common/constants/QosConstants.java,2023-11-07T07:40:13Z
4379,4379,0d91d419a8b25a9917a03dc68a3eb5069ac856ea,dubbo-rpc/dubbo-rpc-api/src/main/java/org/apache/dubbo/rpc/AppResponse.java,2023-10-19T07:25:40Z
4380,4380,e07e5e294b0bc96ada4ed868cfae1307b3872462,dubbo-rpc/dubbo-rpc-api/src/main/java/org/apache/dubbo/rpc/filter/ActiveLimitFilter.java,2023-06-13T12:25:25Z
4380,4380,e07e5e294b0bc96ada4ed868cfae1307b3872462,dubbo-rpc/dubbo-rpc-api/src/main/java/org/apache/dubbo/rpc/filter/ExecuteLimitFilter.java,2023-06-13T12:25:25Z
4381,4381,47ec6598b880a50a8c750e31152f5ef5cfb9b12f,dubbo-rpc/dubbo-rpc-api/src/main/java/org/apache/dubbo/rpc/protocol/AsyncToSyncInvoker.java,2020-11-24T06:45:51Z
4383,4383,0eb0e01b39d425b2e0546c6dd46a851fa3026439,dubbo-rpc/dubbo-rpc-api/src/main/java/org/apache/dubbo/rpc/filter/ContextFilter.java,2023-02-10T07:31:32Z
4385,4385,d07c64f809361ec629b738ca223c7e89d08c03f4,dubbo-config/dubbo-config-spring/src/main/java/com/alibaba/dubbo/config/spring/beans/factory/annotation/ServiceAnnotationBeanPostProcessor.java,2018-04-24T02:21:04Z
4386,4386,98c46777581be7c8e6df18c6a3e55d3c470e19b4,dubbo-serialization/dubbo-serialization-test/src/test/java/org/apache/dubbo/common/serialize/protostuff/ProtostuffObjectOutputTest.java,2019-08-22T09:08:10Z
4387,4387,e1a04777039be9ba6d360a0bf566f316ea47d3f3,dubbo-common/src/main/java/org/apache/dubbo/common/utils/MethodUtils.java,2022-06-28T08:48:29Z
4388,4388,f224fc5a47ae87817a91241109f1fcab1fee1539,dubbo-registry/dubbo-registry-api/src/main/java/org/apache/dubbo/registry/integration/RegistryProtocol.java,2024-07-03T02:12:33Z
4392,4392,d07c64f809361ec629b738ca223c7e89d08c03f4,dubbo-config/dubbo-config-spring/src/main/java/com/alibaba/dubbo/config/spring/beans/factory/annotation/ServiceAnnotationBeanPostProcessor.java,2018-04-24T02:21:04Z
4394,4394,c10d95b56a48e88d9014238a56e7ee1ea18a33d2,dubbo-rpc/dubbo-rpc-api/src/main/java/org/apache/dubbo/rpc/AsyncRpcResult.java,2023-10-11T15:32:30Z
4396,4396,e5063679abf2ae2dc028b91b02cb8c8d41251a3d,dubbo-rpc/dubbo-rpc-dubbo/src/main/java/com/alibaba/dubbo/rpc/protocol/dubbo/DecodeableRpcResult.java,2018-05-31T08:21:55Z
4397,4397,f224fc5a47ae87817a91241109f1fcab1fee1539,dubbo-registry/dubbo-registry-api/src/main/java/org/apache/dubbo/registry/integration/RegistryProtocol.java,2024-07-03T02:12:33Z
4398,4398,7e51047cb084a9f9b09d934cf058074c534503f4,dubbo-monitor/dubbo-monitor-default/src/test/java/org/apache/dubbo/monitor/dubbo/MetricsFilterTest.java,2023-02-27T12:09:15Z
4401,4401,c10d95b56a48e88d9014238a56e7ee1ea18a33d2,dubbo-rpc/dubbo-rpc-api/src/main/java/org/apache/dubbo/rpc/AsyncRpcResult.java,2023-10-11T15:32:30Z
4403,4403,ed9e26f0176610e49bc0c8deba9788b7ae1147b5,dubbo-common/src/main/java/org/apache/dubbo/common/io/Bytes.java,2023-02-28T08:05:25Z
4407,4407,523a4189b8a7233c926eab1218daf627a3e870b8,dubbo-common/src/main/java/org/apache/dubbo/common/constants/CommonConstants.java,2024-06-04T14:59:16Z
4408,4408,0d785f1346f48abf34a1a7690b437c3615780beb,dubbo-all/pom.xml,2020-07-22T06:45:08Z
4411,4411,3160602072c198728cca48e449984a4e596e7c37,dubbo-config/dubbo-config-api/src/test/java/org/apache/dubbo/config/ConfigCenterConfigTest.java,2023-06-19T01:34:06Z
4413,4413,38e47c2e547cebdbd37c675fe1f305cded966162,dubbo-rpc/dubbo-rpc-api/src/test/java/org/apache/dubbo/rpc/support/MockInvokerTest.java,2022-11-22T02:46:52Z
4415,4415,5d916cd2c10ad3f21290bf25e338261c30cafbad,dubbo-config/dubbo-config-spring/src/main/java/org/apache/dubbo/config/spring/util/AnnotationUtils.java,2024-05-08T07:20:54Z
4417,4417,54b0d7e3f4bc8f348c6260f649c6e3174d5b8a03,dubbo-bom/pom.xml,2020-02-28T08:53:26Z
4420,4420,563a0e472ab50d2d697e2f0415c80b68ad6b17bd,dubbo-config/dubbo-config-spring/src/main/java/org/apache/dubbo/config/spring/ServiceBean.java,2023-06-29T02:31:36Z
4424,4424,730695a7a26967889405b12fc54099bb006c8231,dubbo-cluster/src/main/java/org/apache/dubbo/rpc/cluster/loadbalance/RandomLoadBalance.java,2023-11-07T07:40:13Z
4425,4425,ed9e26f0176610e49bc0c8deba9788b7ae1147b5,dubbo-common/src/main/java/org/apache/dubbo/common/io/Bytes.java,2023-02-28T08:05:25Z
4426,4426,12febcfbf505c926070686a4d4318812b1ed1938,dubbo-common/src/main/java/org/apache/dubbo/common/utils/NetUtils.java,2023-03-25T07:42:33Z
4430,4430,ac8ee831c9566569b8a58298983ee7e7ff30e4d8,dubbo-dependencies-bom/pom.xml,2024-07-02T06:27:45Z
4431,4431,efa6900bb1b59c70f131af868396a8903b098a18,dubbo-cluster/src/main/java/org/apache/dubbo/rpc/cluster/router/tag/TagRouter.java,2021-11-03T03:13:04Z
4432,4432,11d5bd9ffadf11af0d13e6ab478829b4ae3c8572,pom.xml,2024-06-24T09:54:45Z
4434,4434,0fc93d03456210839d95093ec4f2677e8f35677e,.travis.yml,2023-01-25T00:11:33Z
4436,4436,36e0cf5490f9ea289a9d809694b0b2347106a515,dubbo-rpc/dubbo-rpc-dubbo/src/main/java/org/apache/dubbo/rpc/protocol/dubbo/DubboInvoker.java,2024-03-11T06:00:16Z
4438,4438,563a0e472ab50d2d697e2f0415c80b68ad6b17bd,dubbo-config/dubbo-config-spring/src/main/java/org/apache/dubbo/config/spring/schema/DubboBeanDefinitionParser.java,2023-06-29T02:31:36Z
4440,4440,0a1ad55bff34c8cffc066c4ab26ac8466691a4f4,dubbo-registry/dubbo-registry-nacos/src/main/java/org/apache/dubbo/registry/nacos/NacosRegistry.java,2024-04-22T11:42:47Z
4442,4442,3160602072c198728cca48e449984a4e596e7c37,dubbo-config/dubbo-config-api/src/test/java/org/apache/dubbo/config/ConfigCenterConfigTest.java,2023-06-19T01:34:06Z
4443,4443,47ec6598b880a50a8c750e31152f5ef5cfb9b12f,dubbo-rpc/dubbo-rpc-api/src/main/java/org/apache/dubbo/rpc/protocol/AsyncToSyncInvoker.java,2020-11-24T06:45:51Z
4447,4447,3e4fda20bba18f0a85340c86ae8ccbb004c7ea84,dubbo-demo/dubbo-demo-annotation/dubbo-demo-annotation-consumer/pom.xml,2024-04-08T08:34:36Z
4448,4448,0fc93d03456210839d95093ec4f2677e8f35677e,.travis.yml,2023-01-25T00:11:33Z
4451,4451,ac8ee831c9566569b8a58298983ee7e7ff30e4d8,dubbo-dependencies-bom/pom.xml,2024-07-02T06:27:45Z
4452,4452,ac8ee831c9566569b8a58298983ee7e7ff30e4d8,dubbo-dependencies-bom/pom.xml,2024-07-02T06:27:45Z
4453,4453,79ba4cd6b737fa9a2af92a6d9a2189454dc5b623,CHANGES.md,2023-08-27T15:16:56Z
4454,4454,0a1ad55bff34c8cffc066c4ab26ac8466691a4f4,dubbo-registry/dubbo-registry-nacos/src/main/java/org/apache/dubbo/registry/nacos/NacosRegistry.java,2024-04-22T11:42:47Z
4456,4456,730695a7a26967889405b12fc54099bb006c8231,dubbo-cluster/src/main/java/org/apache/dubbo/rpc/cluster/loadbalance/RandomLoadBalance.java,2023-11-07T07:40:13Z
4463,4463,ac8ee831c9566569b8a58298983ee7e7ff30e4d8,dubbo-dependencies-bom/pom.xml,2024-07-02T06:27:45Z
4464,4464,730695a7a26967889405b12fc54099bb006c8231,dubbo-cluster/src/main/java/org/apache/dubbo/rpc/cluster/RouterChain.java,2023-11-07T07:40:13Z
4465,4465,764b8dffccf75926d692d45c18fe2eb498a369dc,dubbo-metadata-report/dubbo-metadata-report-api/src/main/java/org/apache/dubbo/metadata/identifier/MetadataIdentifier.java,2019-07-22T06:51:45Z
4465,4465,764b8dffccf75926d692d45c18fe2eb498a369dc,dubbo-metadata-report/dubbo-metadata-report-api/src/test/java/org/apache/dubbo/metadata/identifier/MetadataIdentifierTest.java,2019-07-22T06:51:45Z
4471,4471,00812ce41c44be6e5cd5e2b8e5bf602f806bbbca,dubbo-compatible/src/main/java/com/alibaba/dubbo/rpc/RpcContext.java,2024-03-29T03:40:06Z
4472,4472,764b8dffccf75926d692d45c18fe2eb498a369dc,dubbo-metadata-report/dubbo-metadata-report-api/src/main/java/org/apache/dubbo/metadata/identifier/MetadataIdentifier.java,2019-07-22T06:51:45Z
4472,4472,764b8dffccf75926d692d45c18fe2eb498a369dc,dubbo-metadata-report/dubbo-metadata-report-api/src/test/java/org/apache/dubbo/metadata/identifier/MetadataIdentifierTest.java,2019-07-22T06:51:45Z
4476,4476,d56eaa8ac9e8eaab69e42124ae82bd7de42b8d74,dubbo-metadata-report/dubbo-metadata-report-redis/src/main/java/org/apache/dubbo/metadata/store/redis/RedisMetadataReport.java,2019-08-06T08:55:27Z
4478,4478,02a59e2f4074889500ea29130b82aa80ced44d5e,dubbo-demo/dubbo-demo-xml/dubbo-demo-xml-consumer/src/main/java/org/apache/dubbo/demo/consumer/Application.java,2023-02-22T06:02:16Z
4480,4480,00812ce41c44be6e5cd5e2b8e5bf602f806bbbca,dubbo-config/dubbo-config-api/src/main/java/org/apache/dubbo/config/ServiceConfig.java,2024-03-29T03:40:06Z
4482,4482,808bc96edaca49b86dc5382a3826b079574d7aca,dubbo-demo/pom.xml,2023-05-08T01:35:59Z
4483,4483,d07c64f809361ec629b738ca223c7e89d08c03f4,dubbo-config/dubbo-config-spring/src/main/java/com/alibaba/dubbo/config/spring/beans/factory/annotation/ServiceAnnotationBeanPostProcessor.java,2018-04-24T02:21:04Z
4485,4485,11d5bd9ffadf11af0d13e6ab478829b4ae3c8572,pom.xml,2024-06-24T09:54:45Z
4488,4488,e5063679abf2ae2dc028b91b02cb8c8d41251a3d,dubbo-common/src/main/java/com/alibaba/dubbo/common/Version.java,2018-05-31T08:21:55Z
4488,4488,e5063679abf2ae2dc028b91b02cb8c8d41251a3d,dubbo-common/src/test/java/com/alibaba/dubbo/common/version/VersionTest.java,2018-05-31T08:21:55Z
4490,4490,523a4189b8a7233c926eab1218daf627a3e870b8,dubbo-common/src/main/java/org/apache/dubbo/common/Version.java,2024-06-04T14:59:16Z
4490,4490,523a4189b8a7233c926eab1218daf627a3e870b8,dubbo-common/src/test/java/org/apache/dubbo/common/version/VersionTest.java,2024-06-04T14:59:16Z
4492,4492,20351b01a8abebd488a86fdaa5b70c02eb1886f9,dubbo-config/dubbo-config-api/src/main/java/org/apache/dubbo/config/AbstractConfig.java,2019-10-21T04:43:17Z
4493,4493,0bfd54cea412fef92e0ec36b2dc18136c4c3d4e0,dubbo-remoting/dubbo-remoting-netty4/src/main/java/org/apache/dubbo/remoting/transport/netty4/NettyServer.java,2023-09-01T05:03:33Z
4495,4495,c0ca0422538187190f7c52f33f87cece4c0d657c,distribution/pom.xml,2018-06-19T03:31:09Z
4496,4496,c0ca0422538187190f7c52f33f87cece4c0d657c,distribution/pom.xml,2018-06-19T03:31:09Z
4500,4500,ac8ee831c9566569b8a58298983ee7e7ff30e4d8,dubbo-dependencies-bom/pom.xml,2024-07-02T06:27:45Z
4502,4502,00812ce41c44be6e5cd5e2b8e5bf602f806bbbca,dubbo-compatible/src/main/java/com/alibaba/dubbo/rpc/RpcContext.java,2024-03-29T03:40:06Z
4503,4503,5d916cd2c10ad3f21290bf25e338261c30cafbad,dubbo-config/dubbo-config-spring/src/main/java/org/apache/dubbo/config/spring/util/AnnotationUtils.java,2024-05-08T07:20:54Z
4504,4504,0eb0e01b39d425b2e0546c6dd46a851fa3026439,dubbo-rpc/dubbo-rpc-api/src/main/java/org/apache/dubbo/rpc/FutureContext.java,2023-02-10T07:31:32Z
4505,4505,796e9ec9b68f3430f025797d286042dab3462396,dubbo-config/dubbo-config-spring/src/main/java/org/apache/dubbo/config/spring/context/annotation/DubboConfigConfiguration.java,2023-05-07T23:41:48Z
4509,4509,ac8ee831c9566569b8a58298983ee7e7ff30e4d8,dubbo-dependencies-bom/pom.xml,2024-07-02T06:27:45Z
4510,4510,0d91d419a8b25a9917a03dc68a3eb5069ac856ea,dubbo-common/src/main/java/org/apache/dubbo/common/extension/support/ActivateComparator.java,2023-10-19T07:25:40Z
4513,4513,87547793e0530aabdf429218629def9001347252,dubbo-config/dubbo-config-api/src/main/java/org/apache/dubbo/config/AbstractInterfaceConfig.java,2019-10-21T09:02:05Z
4515,4515,ed9e26f0176610e49bc0c8deba9788b7ae1147b5,dubbo-common/src/main/java/org/apache/dubbo/common/io/Bytes.java,2023-02-28T08:05:25Z
4517,4517,c5dd1ea581622f03038255a43a4f808707afe5f2,dubbo-demo/README.md,2019-07-27T00:46:57Z
4521,4521,25548c345bdfc1dcf222b68c2057cd472e2b74a0,dubbo-common/src/main/java/org/apache/dubbo/common/utils/PojoUtils.java,2023-05-26T07:32:54Z
4521,4521,25548c345bdfc1dcf222b68c2057cd472e2b74a0,dubbo-common/src/test/java/org/apache/dubbo/common/utils/PojoUtilsTest.java,2023-05-26T07:32:54Z
4522,4522,25b73b1a135ae75ed50c68e6b5acd694067fd325,dubbo-config/dubbo-config-api/src/test/java/org/apache/dubbo/config/AbstractConfigTest.java,2023-12-27T15:19:51Z
4523,4523,c91affe875a7fc500500d2e5f874caed945afde7,dubbo-configcenter/dubbo-configcenter-zookeeper/src/main/java/org/apache/dubbo/configcenter/support/zookeeper/ZookeeperDynamicConfiguration.java,2023-03-27T01:48:38Z
4526,4526,0d91d419a8b25a9917a03dc68a3eb5069ac856ea,dubbo-common/src/main/java/org/apache/dubbo/common/extension/ExtensionLoader.java,2023-10-19T07:25:40Z
4529,4529,e5063679abf2ae2dc028b91b02cb8c8d41251a3d,dubbo-rpc/dubbo-rpc-dubbo/src/main/java/com/alibaba/dubbo/rpc/protocol/dubbo/DubboCodec.java,2018-05-31T08:21:55Z
4530,4530,e5063679abf2ae2dc028b91b02cb8c8d41251a3d,dubbo-rpc/dubbo-rpc-dubbo/src/main/java/com/alibaba/dubbo/rpc/protocol/dubbo/DubboCodec.java,2018-05-31T08:21:55Z
4531,4531,e261acc98ac0d46ed3239101f1871f9b08e4f136,dubbo-rpc/dubbo-rpc-rsocket/src/main/java/org/apache/dubbo/rpc/protocol/rsocket/MetadataCodec.java,2019-09-02T11:18:07Z
4533,4533,730695a7a26967889405b12fc54099bb006c8231,dubbo-cluster/src/main/java/org/apache/dubbo/rpc/cluster/support/ClusterUtils.java,2023-11-07T07:40:13Z
4533,4533,730695a7a26967889405b12fc54099bb006c8231,dubbo-cluster/src/test/java/org/apache/dubbo/rpc/cluster/support/ClusterUtilsTest.java,2023-11-07T07:40:13Z
4534,4534,ac8ee831c9566569b8a58298983ee7e7ff30e4d8,dubbo-dependencies-bom/pom.xml,2024-07-02T06:27:45Z
4537,4537,f1af604e7e9791921f918fdb84750588cf0e3a15,dubbo-registry/dubbo-registry-nacos/pom.xml,2022-07-15T02:18:41Z
4538,4538,da53578c57432df08c595e20c97129c24dc7533c,dubbo-metadata/dubbo-metadata-report-redis/src/test/java/org/apache/dubbo/metadata/store/redis/RedisMetadataReportTest.java,2024-05-29T07:01:08Z
4539,4539,87547793e0530aabdf429218629def9001347252,dubbo-config/dubbo-config-api/src/main/java/org/apache/dubbo/config/AbstractInterfaceConfig.java,2019-10-21T09:02:05Z
4540,4540,08205284b8e107b61d4db9959dc760b78b1af1a5,dubbo-cluster/src/main/java/com/alibaba/dubbo/rpc/cluster/support/ClusterUtils.java,2018-06-14T01:06:28Z
4544,4544,00812ce41c44be6e5cd5e2b8e5bf602f806bbbca,dubbo-compatible/src/main/java/com/alibaba/dubbo/rpc/RpcContext.java,2024-03-29T03:40:06Z
4545,4545,0fc93d03456210839d95093ec4f2677e8f35677e,.travis.yml,2023-01-25T00:11:33Z
4546,4546,f224fc5a47ae87817a91241109f1fcab1fee1539,dubbo-registry/dubbo-registry-api/src/main/java/org/apache/dubbo/registry/integration/RegistryProtocol.java,2024-07-03T02:12:33Z
4548,4548,f224fc5a47ae87817a91241109f1fcab1fee1539,dubbo-registry/dubbo-registry-api/src/main/java/org/apache/dubbo/registry/integration/RegistryProtocol.java,2024-07-03T02:12:33Z
4549,4549,ac8ee831c9566569b8a58298983ee7e7ff30e4d8,dubbo-dependencies-bom/pom.xml,2024-07-02T06:27:45Z
4552,4552,523a4189b8a7233c926eab1218daf627a3e870b8,dubbo-common/src/main/java/org/apache/dubbo/common/Version.java,2024-06-04T14:59:16Z
4552,4552,523a4189b8a7233c926eab1218daf627a3e870b8,dubbo-common/src/test/java/org/apache/dubbo/common/version/VersionTest.java,2024-06-04T14:59:16Z
4553,4553,79a1cca4ef1d583d2ae2c8e3f16eeea5881712cc,dubbo-config/dubbo-config-spring/src/main/java/org/apache/dubbo/config/spring/ReferenceBean.java,2024-07-04T07:14:55Z
4554,4554,ec443043e2da83d946943baabf7f122f9efc0dcc,dubbo-config/dubbo-config-api/src/main/java/org/apache/dubbo/config/ReferenceConfig.java,2024-04-01T03:03:29Z
4559,4559,0fc93d03456210839d95093ec4f2677e8f35677e,.travis.yml,2023-01-25T00:11:33Z
4563,4563,ec443043e2da83d946943baabf7f122f9efc0dcc,dubbo-config/dubbo-config-api/src/main/java/org/apache/dubbo/config/ReferenceConfig.java,2024-04-01T03:03:29Z
4566,4566,d35d7eb30c9e536bead96d50d45ff6def219f84f,dubbo-rpc/dubbo-rpc-api/src/main/java/org/apache/dubbo/rpc/filter/AccessLogFilter.java,2024-05-31T07:05:16Z
4567,4567,523a4189b8a7233c926eab1218daf627a3e870b8,dubbo-common/src/main/java/org/apache/dubbo/common/Version.java,2024-06-04T14:59:16Z
4567,4567,523a4189b8a7233c926eab1218daf627a3e870b8,dubbo-common/src/test/java/org/apache/dubbo/common/version/VersionTest.java,2024-06-04T14:59:16Z
4573,4573,ac8ee831c9566569b8a58298983ee7e7ff30e4d8,dubbo-dependencies-bom/pom.xml,2024-07-02T06:27:45Z
4574,4574,52250b8a2086ca361fc3c3912720e3eb3d495b17,dubbo-remoting/dubbo-remoting-api/src/test/java/org/apache/dubbo/remoting/exchange/support/DefaultFutureTest.java,2023-09-12T04:45:03Z
4576,4576,ec443043e2da83d946943baabf7f122f9efc0dcc,dubbo-config/dubbo-config-api/src/main/java/org/apache/dubbo/config/ReferenceConfig.java,2024-04-01T03:03:29Z
4579,4579,ac8ee831c9566569b8a58298983ee7e7ff30e4d8,dubbo-dependencies-bom/pom.xml,2024-07-02T06:27:45Z
4582,4582,aa54350c6f5abd0803ace8c14b9a731b69100d03,dubbo-remoting/dubbo-remoting-zookeeper/src/main/java/org/apache/dubbo/remoting/zookeeper/curator/CuratorZookeeperClient.java,2023-07-31T11:11:49Z
4583,4583,f224fc5a47ae87817a91241109f1fcab1fee1539,dubbo-registry/dubbo-registry-api/src/main/java/org/apache/dubbo/registry/integration/RegistryProtocol.java,2024-07-03T02:12:33Z
4584,4584,0d91d419a8b25a9917a03dc68a3eb5069ac856ea,dubbo-common/src/main/java/org/apache/dubbo/common/extension/ExtensionLoader.java,2023-10-19T07:25:40Z
4586,4586,730695a7a26967889405b12fc54099bb006c8231,dubbo-cluster/src/main/java/org/apache/dubbo/rpc/cluster/support/wrapper/MockClusterInvoker.java,2023-11-07T07:40:13Z
4586,4586,730695a7a26967889405b12fc54099bb006c8231,dubbo-cluster/src/test/java/org/apache/dubbo/rpc/cluster/support/wrapper/MockClusterInvokerTest.java,2023-11-07T07:40:13Z
4586,4586,730695a7a26967889405b12fc54099bb006c8231,dubbo-cluster/src/test/java/org/apache/dubbo/rpc/cluster/support/wrapper/MockProviderRpcExceptionTest.java,2023-11-07T07:40:13Z
4589,4589,189d76be5d94d43d8054cc58d48507380aea99a3,dubbo-registry/dubbo-registry-zookeeper/src/main/java/org/apache/dubbo/registry/zookeeper/ZookeeperRegistry.java,2024-05-21T03:36:53Z
4590,4590,d35d7eb30c9e536bead96d50d45ff6def219f84f,dubbo-rpc/dubbo-rpc-api/src/main/java/org/apache/dubbo/rpc/filter/AccessLogFilter.java,2024-05-31T07:05:16Z
4591,4591,ed9e26f0176610e49bc0c8deba9788b7ae1147b5,dubbo-common/src/main/java/org/apache/dubbo/common/extension/AdaptiveClassCodeGenerator.java,2023-02-28T08:05:25Z
4592,4592,00812ce41c44be6e5cd5e2b8e5bf602f806bbbca,dubbo-config/dubbo-config-api/src/main/java/org/apache/dubbo/config/ServiceConfig.java,2024-03-29T03:40:06Z
4593,4593,ec443043e2da83d946943baabf7f122f9efc0dcc,dubbo-config/dubbo-config-api/src/main/java/org/apache/dubbo/config/ReferenceConfig.java,2024-04-01T03:03:29Z
4596,4596,8bdecea7ef808d19f0449dd43ec85ba8dbaeeb26,dubbo-rpc/dubbo-rpc-http/src/main/java/org/apache/dubbo/rpc/protocol/http/HttpProtocol.java,2020-08-17T05:38:04Z
4596,4596,8bdecea7ef808d19f0449dd43ec85ba8dbaeeb26,dubbo-rpc/dubbo-rpc-http/src/main/java/org/apache/dubbo/rpc/protocol/http/JsonRemoteInvocation.java,2020-08-17T05:38:04Z
4596,4596,8bdecea7ef808d19f0449dd43ec85ba8dbaeeb26,dubbo-rpc/dubbo-rpc-http/src/main/java/org/apache/dubbo/rpc/protocol/http/JsonRpcProxyFactoryBean.java,2020-08-17T05:38:04Z
4596,4596,8bdecea7ef808d19f0449dd43ec85ba8dbaeeb26,dubbo-rpc/dubbo-rpc-http/src/test/java/org/apache/dubbo/rpc/protocol/http/HttpProtocolTest.java,2020-08-17T05:38:04Z
4598,4598,5d916cd2c10ad3f21290bf25e338261c30cafbad,dubbo-config/dubbo-config-spring/src/main/java/org/apache/dubbo/config/spring/util/AnnotationUtils.java,2024-05-08T07:20:54Z
4600,4600,6ad735d74a7f1c5d694f212061e04af9c90a8d3b,dubbo-config/dubbo-config-api/src/main/java/org/apache/dubbo/config/DubboShutdownHook.java,2023-07-03T02:16:14Z
4601,4601,00812ce41c44be6e5cd5e2b8e5bf602f806bbbca,dubbo-config/dubbo-config-api/src/main/java/org/apache/dubbo/config/ServiceConfig.java,2024-03-29T03:40:06Z
4602,4602,87547793e0530aabdf429218629def9001347252,dubbo-config/dubbo-config-api/src/main/java/org/apache/dubbo/config/AbstractInterfaceConfig.java,2019-10-21T09:02:05Z
4603,4603,00812ce41c44be6e5cd5e2b8e5bf602f806bbbca,dubbo-config/dubbo-config-api/src/main/java/org/apache/dubbo/config/ServiceConfig.java,2024-03-29T03:40:06Z
4604,4604,730695a7a26967889405b12fc54099bb006c8231,dubbo-cluster/src/main/java/org/apache/dubbo/rpc/cluster/loadbalance/RoundRobinLoadBalance.java,2023-11-07T07:40:13Z
4606,4606,ac8ee831c9566569b8a58298983ee7e7ff30e4d8,dubbo-dependencies-bom/pom.xml,2024-07-02T06:27:45Z
4609,4609,62e204e424a723952439d0eb65cc8df4957bde34,dubbo-config/dubbo-config-api/src/main/java/org/apache/dubbo/config/RegistryConfig.java,2019-10-10T13:15:18Z
4611,4611,a6a7102328ef274eebd0c5051561a9ae9cac7208,dubbo-rpc/dubbo-rpc-dubbo/src/test/java/com/alibaba/dubbo/rpc/protocol/dubbo/telnet/InvokerTelnetHandlerTest.java,2018-04-26T06:50:30Z
4613,4613,da5c7ed33dd2ca53946b228f105453ccb0d80b93,dubbo-rpc/dubbo-rpc-dubbo/src/main/java/org/apache/dubbo/rpc/protocol/dubbo/DubboCodec.java,2023-09-25T01:40:18Z
4614,4614,00812ce41c44be6e5cd5e2b8e5bf602f806bbbca,dubbo-rpc/dubbo-rpc-rest/src/main/java/org/apache/dubbo/rpc/protocol/rest/RestProtocol.java,2024-03-29T03:40:06Z
4618,4618,ec443043e2da83d946943baabf7f122f9efc0dcc,dubbo-config/dubbo-config-api/src/main/java/org/apache/dubbo/config/ReferenceConfig.java,2024-04-01T03:03:29Z
4619,4619,1cd57821df6f17b498ab784b0b1f46b958ecf81f,dubbo-config/dubbo-config-api/src/test/java/org/apache/dubbo/config/ReferenceConfigTest.java,2024-01-13T10:12:45Z
4624,4624,d2ae941502410fbbf937e654b25f1399eedd3fbf,dependencies-bom/pom.xml,2018-07-09T14:32:24Z
4629,4629,00812ce41c44be6e5cd5e2b8e5bf602f806bbbca,dubbo-rpc/dubbo-rpc-rest/src/main/java/org/apache/dubbo/rpc/protocol/rest/RestProtocol.java,2024-03-29T03:40:06Z
4634,4634,6b86651ee731b68e8caaf304336e80abdfc3dd59,dubbo-serialization/dubbo-serialization-protobuf-json/src/main/java/org/apache/dubbo/common/serialize/protobuf/support/MapValue.java,2019-09-17T07:50:18Z
4636,4636,00812ce41c44be6e5cd5e2b8e5bf602f806bbbca,dubbo-cluster/src/main/java/org/apache/dubbo/rpc/cluster/support/FailoverClusterInvoker.java,2024-03-29T03:40:06Z
4638,4638,c5dd1ea581622f03038255a43a4f808707afe5f2,dubbo-serialization/dubbo-serialization-protobuf-json/src/main/java/org/apache/dubbo/common/serialize/protobuf/support/GenericProtobufObjectInput.java,2019-07-27T00:46:57Z
4638,4638,c5dd1ea581622f03038255a43a4f808707afe5f2,dubbo-serialization/dubbo-serialization-protobuf-json/src/main/java/org/apache/dubbo/common/serialize/protobuf/support/GenericProtobufObjectOutput.java,2019-07-27T00:46:57Z
4642,4642,11d5bd9ffadf11af0d13e6ab478829b4ae3c8572,pom.xml,2024-06-24T09:54:45Z
4645,4645,3d02e9c7892e8ab2becd906777ac8f698a1ebebe,dubbo-remoting/dubbo-remoting-api/src/main/java/org/apache/dubbo/remoting/exchange/codec/ExchangeCodec.java,2023-06-03T06:52:52Z
4648,4648,00812ce41c44be6e5cd5e2b8e5bf602f806bbbca,dubbo-common/src/main/java/org/apache/dubbo/common/utils/IOUtils.java,2024-03-29T03:40:06Z
4649,4649,730695a7a26967889405b12fc54099bb006c8231,dubbo-common/src/main/java/org/apache/dubbo/common/bytecode/Proxy.java,2023-11-07T07:40:13Z
4655,4655,00812ce41c44be6e5cd5e2b8e5bf602f806bbbca,dubbo-remoting/dubbo-remoting-api/src/main/java/org/apache/dubbo/remoting/telnet/support/command/StatusTelnetHandler.java,2024-03-29T03:40:06Z
4659,4659,d8fc808425c4f1db028c4fdab45d7082a957d760,dubbo-rpc/dubbo-rpc-api/src/main/java/org/apache/dubbo/rpc/protocol/ProtocolFilterWrapper.java,2020-11-16T07:12:23Z
4660,4660,00812ce41c44be6e5cd5e2b8e5bf602f806bbbca,dubbo-common/src/main/java/org/apache/dubbo/common/utils/UrlUtils.java,2024-03-29T03:40:06Z
4666,4666,ac8ee831c9566569b8a58298983ee7e7ff30e4d8,dubbo-dependencies-bom/pom.xml,2024-07-02T06:27:45Z
4670,4670,3d02e9c7892e8ab2becd906777ac8f698a1ebebe,dubbo-remoting/dubbo-remoting-api/src/main/java/org/apache/dubbo/remoting/exchange/codec/ExchangeCodec.java,2023-06-03T06:52:52Z
4673,4673,da5c7ed33dd2ca53946b228f105453ccb0d80b93,dubbo-rpc/dubbo-rpc-dubbo/src/main/java/org/apache/dubbo/rpc/protocol/dubbo/DubboCodec.java,2023-09-25T01:40:18Z
4676,4676,0d91d419a8b25a9917a03dc68a3eb5069ac856ea,dubbo-compatible/src/main/java/com/alibaba/dubbo/rpc/RpcException.java,2023-10-19T07:25:40Z
4677,4677,5d916cd2c10ad3f21290bf25e338261c30cafbad,dubbo-config/dubbo-config-spring/src/main/java/org/apache/dubbo/config/spring/util/AnnotationUtils.java,2024-05-08T07:20:54Z
4678,4678,ec443043e2da83d946943baabf7f122f9efc0dcc,dubbo-config/dubbo-config-api/src/main/java/org/apache/dubbo/config/ReferenceConfig.java,2024-04-01T03:03:29Z
4680,4680,0d91d419a8b25a9917a03dc68a3eb5069ac856ea,dubbo-config/dubbo-config-spring/src/main/java/org/apache/dubbo/config/spring/beans/factory/annotation/ReferenceAnnotationBeanPostProcessor.java,2023-10-19T07:25:40Z
4681,4681,ac8ee831c9566569b8a58298983ee7e7ff30e4d8,dubbo-dependencies-bom/pom.xml,2024-07-02T06:27:45Z
4683,4683,00812ce41c44be6e5cd5e2b8e5bf602f806bbbca,dubbo-rpc/dubbo-rpc-dubbo/src/main/java/org/apache/dubbo/rpc/protocol/dubbo/DubboProtocol.java,2024-03-29T03:40:06Z
4688,4688,f7a32be429e815e9bc70f0dec31d67461e5c695e,dubbo-config/dubbo-config-spring/src/test/java/org/apache/dubbo/config/spring/context/annotation/EnableDubboConfigTest.java,2023-12-22T02:25:53Z
4695,4695,35a6365d3f773a4452560458cef82a7dfdd4802d,dubbo-compatible/src/test/java/org/apache/dubbo/filter/LegacyInvoker.java,2023-05-17T06:25:09Z
4696,4696,6ad735d74a7f1c5d694f212061e04af9c90a8d3b,dubbo-remoting/dubbo-remoting-api/src/main/java/org/apache/dubbo/remoting/exchange/support/header/HeaderExchangeChannel.java,2023-07-03T02:16:14Z
4698,4698,6ad735d74a7f1c5d694f212061e04af9c90a8d3b,dubbo-remoting/dubbo-remoting-api/src/main/java/org/apache/dubbo/remoting/exchange/support/header/HeaderExchangeChannel.java,2023-07-03T02:16:14Z
4700,4700,00812ce41c44be6e5cd5e2b8e5bf602f806bbbca,dubbo-remoting/dubbo-remoting-netty/src/main/java/org/apache/dubbo/remoting/transport/netty/NettyChannel.java,2024-03-29T03:40:06Z
4700,4700,00812ce41c44be6e5cd5e2b8e5bf602f806bbbca,dubbo-remoting/dubbo-remoting-netty4/src/main/java/org/apache/dubbo/remoting/transport/netty4/NettyChannel.java,2024-03-29T03:40:06Z
4704,4704,ac8ee831c9566569b8a58298983ee7e7ff30e4d8,dubbo-dependencies-bom/pom.xml,2024-07-02T06:27:45Z
4705,4705,0d94d150539471c7640137c016f65ec8cf570e36,dubbo-demo/dubbo-demo-api/dubbo-demo-api-consumer/src/main/java/org/apache/dubbo/demo/consumer/Application.java,2023-04-05T06:31:32Z
4705,4705,0d94d150539471c7640137c016f65ec8cf570e36,dubbo-demo/dubbo-demo-api/dubbo-demo-api-provider/src/main/java/org/apache/dubbo/demo/provider/Application.java,2023-04-05T06:31:32Z
4708,4708,79a1cca4ef1d583d2ae2c8e3f16eeea5881712cc,dubbo-config/dubbo-config-spring/src/main/java/org/apache/dubbo/config/spring/ReferenceBean.java,2024-07-04T07:14:55Z
4709,4709,79a1cca4ef1d583d2ae2c8e3f16eeea5881712cc,dubbo-config/dubbo-config-spring/src/main/java/org/apache/dubbo/config/spring/ReferenceBean.java,2024-07-04T07:14:55Z
4710,4710,0fc93d03456210839d95093ec4f2677e8f35677e,.travis.yml,2023-01-25T00:11:33Z
4715,4715,6b3f54383f4b6102215e33ea879a389dff0fd1eb,README.md,2024-04-11T08:47:51Z
4721,4721,0d91d419a8b25a9917a03dc68a3eb5069ac856ea,dubbo-config/dubbo-config-spring/src/main/java/org/apache/dubbo/config/spring/beans/factory/annotation/ReferenceAnnotationBeanPostProcessor.java,2023-10-19T07:25:40Z
4721,4721,0d91d419a8b25a9917a03dc68a3eb5069ac856ea,dubbo-config/dubbo-config-spring/src/test/java/org/apache/dubbo/config/spring/context/annotation/EnableDubboTest.java,2023-10-19T07:25:40Z
4722,4722,f613d72bd2b13a4f89f27ac0c7a68ad9e96bd551,dubbo-rpc/dubbo-rpc-rest/src/test/java/org/apache/dubbo/rpc/protocol/rest/DemoService.java,2023-10-19T02:20:52Z
4722,4722,f613d72bd2b13a4f89f27ac0c7a68ad9e96bd551,dubbo-rpc/dubbo-rpc-rest/src/test/java/org/apache/dubbo/rpc/protocol/rest/DemoServiceImpl.java,2023-10-19T02:20:52Z
4725,4725,00812ce41c44be6e5cd5e2b8e5bf602f806bbbca,dubbo-common/src/main/java/org/apache/dubbo/common/utils/StringUtils.java,2024-03-29T03:40:06Z
4726,4726,f224fc5a47ae87817a91241109f1fcab1fee1539,dubbo-registry/dubbo-registry-api/src/main/java/org/apache/dubbo/registry/integration/RegistryProtocol.java,2024-07-03T02:12:33Z
4728,4728,f224fc5a47ae87817a91241109f1fcab1fee1539,dubbo-registry/dubbo-registry-api/src/main/java/org/apache/dubbo/registry/integration/RegistryProtocol.java,2024-07-03T02:12:33Z
4729,4729,00812ce41c44be6e5cd5e2b8e5bf602f806bbbca,dubbo-registry/dubbo-registry-multicast/src/main/java/org/apache/dubbo/registry/multicast/MulticastRegistry.java,2024-03-29T03:40:06Z
4730,4730,00812ce41c44be6e5cd5e2b8e5bf602f806bbbca,dubbo-rpc/dubbo-rpc-injvm/src/main/java/org/apache/dubbo/rpc/protocol/injvm/InjvmProtocol.java,2024-03-29T03:40:06Z
4731,4731,8bc9257f4e09b2937e21842b90984dfcaefe97b6,dubbo-registry/dubbo-registry-api/src/main/java/org/apache/dubbo/registry/retry/FailedNotifiedTask.java,2021-06-01T06:14:35Z
4735,4735,f224fc5a47ae87817a91241109f1fcab1fee1539,dubbo-registry/dubbo-registry-api/src/main/java/org/apache/dubbo/registry/integration/RegistryProtocol.java,2024-07-03T02:12:33Z
4736,4736,576ee2c55a1077095208e98c1e4e3896ce087487,licenseCheck.sh,2019-10-08T05:10:31Z
4738,4738,00812ce41c44be6e5cd5e2b8e5bf602f806bbbca,dubbo-rpc/dubbo-rpc-api/src/main/java/org/apache/dubbo/rpc/protocol/AbstractProxyProtocol.java,2024-03-29T03:40:06Z
4739,4739,6b3f54383f4b6102215e33ea879a389dff0fd1eb,README.md,2024-04-11T08:47:51Z
4740,4740,f224fc5a47ae87817a91241109f1fcab1fee1539,dubbo-registry/dubbo-registry-api/src/main/java/org/apache/dubbo/registry/integration/RegistryProtocol.java,2024-07-03T02:12:33Z
4741,4741,00812ce41c44be6e5cd5e2b8e5bf602f806bbbca,dubbo-registry/dubbo-registry-multicast/src/main/java/org/apache/dubbo/registry/multicast/MulticastRegistry.java,2024-03-29T03:40:06Z
4743,4743,f224fc5a47ae87817a91241109f1fcab1fee1539,dubbo-registry/dubbo-registry-api/src/main/java/org/apache/dubbo/registry/integration/RegistryProtocol.java,2024-07-03T02:12:33Z
4744,4744,189d76be5d94d43d8054cc58d48507380aea99a3,dubbo-registry/dubbo-registry-zookeeper/src/main/java/org/apache/dubbo/registry/zookeeper/ZookeeperRegistry.java,2024-05-21T03:36:53Z
4746,4746,35f1914782c11283a7c36efb44a8d71729b34124,dubbo-remoting/dubbo-remoting-api/src/main/java/org/apache/dubbo/remoting/Client.java,2019-01-31T02:25:30Z
4748,4748,d56eaa8ac9e8eaab69e42124ae82bd7de42b8d74,dubbo-metadata-report/dubbo-metadata-report-redis/src/main/java/org/apache/dubbo/metadata/store/redis/RedisMetadataReport.java,2019-08-06T08:55:27Z
4751,4751,730695a7a26967889405b12fc54099bb006c8231,dubbo-cluster/src/main/java/org/apache/dubbo/rpc/cluster/loadbalance/RandomLoadBalance.java,2023-11-07T07:40:13Z
4752,4752,00812ce41c44be6e5cd5e2b8e5bf602f806bbbca,dubbo-config/dubbo-config-api/src/main/java/org/apache/dubbo/config/ServiceConfig.java,2024-03-29T03:40:06Z
4755,4755,8bdecea7ef808d19f0449dd43ec85ba8dbaeeb26,dubbo-registry/dubbo-registry-consul/src/main/java/org/apache/dubbo/registry/consul/ConsulRegistry.java,2020-08-17T05:38:04Z
4756,4756,851594b2f60e2a3924eb17f96b453fd24911080c,dubbo-event/src/main/java/org/apache/dubbo/event/AbstractEventDispatcher.java,2019-08-21T06:47:57Z
4757,4757,3fd0a5a922f42c8914a70d0a89134e9f55782dd9,dubbo-config/dubbo-config-spring/src/main/java/org/apache/dubbo/config/spring/context/properties/DefaultDubboConfigBinder.java,2023-06-01T08:04:00Z
4758,4758,851594b2f60e2a3924eb17f96b453fd24911080c,dubbo-event/src/main/java/org/apache/dubbo/event/AbstractEventDispatcher.java,2019-08-21T06:47:57Z
4761,4761,00812ce41c44be6e5cd5e2b8e5bf602f806bbbca,dubbo-registry/dubbo-registry-multicast/src/main/java/org/apache/dubbo/registry/multicast/MulticastRegistry.java,2024-03-29T03:40:06Z
4763,4763,c91affe875a7fc500500d2e5f874caed945afde7,dubbo-configcenter/dubbo-configcenter-zookeeper/src/main/java/org/apache/dubbo/configcenter/support/zookeeper/ZookeeperDynamicConfiguration.java,2023-03-27T01:48:38Z
4764,4764,523a4189b8a7233c926eab1218daf627a3e870b8,dubbo-common/src/main/java/org/apache/dubbo/common/constants/CommonConstants.java,2024-06-04T14:59:16Z
4766,4766,f224fc5a47ae87817a91241109f1fcab1fee1539,dubbo-registry/dubbo-registry-api/src/main/java/org/apache/dubbo/registry/integration/RegistryProtocol.java,2024-07-03T02:12:33Z
4767,4767,3e78bd8867c317376c11050fe10233ac9305b91c,dubbo-metadata-report/dubbo-metadata-report-api/src/main/java/org/apache/dubbo/metadata/integration/MetadataReportService.java,2019-10-21T13:19:36Z
4768,4768,00812ce41c44be6e5cd5e2b8e5bf602f806bbbca,dubbo-registry/dubbo-registry-multicast/src/main/java/org/apache/dubbo/registry/multicast/MulticastRegistry.java,2024-03-29T03:40:06Z
4769,4769,00812ce41c44be6e5cd5e2b8e5bf602f806bbbca,dubbo-registry/dubbo-registry-multicast/src/main/java/org/apache/dubbo/registry/multicast/MulticastRegistry.java,2024-03-29T03:40:06Z
4770,4770,563a0e472ab50d2d697e2f0415c80b68ad6b17bd,dubbo-config/dubbo-config-spring/src/main/java/org/apache/dubbo/config/spring/schema/DubboBeanDefinitionParser.java,2023-06-29T02:31:36Z
4776,4776,00812ce41c44be6e5cd5e2b8e5bf602f806bbbca,dubbo-config/dubbo-config-api/src/main/java/org/apache/dubbo/config/ServiceConfig.java,2024-03-29T03:40:06Z
4777,4777,80a15197e617aac1842b75ad5d9a535b03e23a95,dubbo-common/src/main/java/org/apache/dubbo/common/config/PropertiesConfiguration.java,2022-12-16T04:56:56Z
4778,4778,b99b3837186b7fb7f68ae106b67cc42deeed18b9,dubbo-config/dubbo-config-spring/src/main/java/org/apache/dubbo/config/spring/beans/factory/annotation/DubboConfigBindingBeanPostProcessor.java,2020-02-11T05:12:03Z
4781,4781,502b4c86dffbc0de3863a5e41ed7b9f633450c1c,dubbo-rpc/pom.xml,2023-02-13T13:16:52Z
4785,4785,a2a7706a07897bc7d0dc79923dc724159766da78,dubbo-config/dubbo-config-spring/src/main/java/com/alibaba/dubbo/config/spring/beans/factory/annotation/DubboConfigBindingBeanPostProcessor.java,2018-04-23T04:19:33Z
4786,4786,730695a7a26967889405b12fc54099bb006c8231,dubbo-cluster/src/main/java/org/apache/dubbo/rpc/cluster/support/ClusterUtils.java,2023-11-07T07:40:13Z
4787,4787,730695a7a26967889405b12fc54099bb006c8231,dubbo-cluster/src/main/java/org/apache/dubbo/rpc/cluster/support/ClusterUtils.java,2023-11-07T07:40:13Z
4787,4787,730695a7a26967889405b12fc54099bb006c8231,dubbo-cluster/src/test/java/org/apache/dubbo/rpc/cluster/support/ClusterUtilsTest.java,2023-11-07T07:40:13Z
4789,4789,6b3f54383f4b6102215e33ea879a389dff0fd1eb,README.md,2024-04-11T08:47:51Z
4795,4795,0e76eb000b92a8719413cd0eacabb70d4fb9f7a2,dubbo-serialization/dubbo-serialization-kryo/src/main/java/org/apache/dubbo/common/serialize/kryo/utils/AbstractKryoFactory.java,2019-08-14T02:08:04Z
4797,4797,730695a7a26967889405b12fc54099bb006c8231,dubbo-common/src/main/java/org/apache/dubbo/common/config/configcenter/AbstractDynamicConfiguration.java,2023-11-07T07:40:13Z
4797,4797,730695a7a26967889405b12fc54099bb006c8231,dubbo-common/src/main/java/org/apache/dubbo/common/config/configcenter/DynamicConfiguration.java,2023-11-07T07:40:13Z
4797,4797,730695a7a26967889405b12fc54099bb006c8231,dubbo-common/src/main/java/org/apache/dubbo/common/config/configcenter/file/FileSystemDynamicConfiguration.java,2023-11-07T07:40:13Z
4798,4798,00812ce41c44be6e5cd5e2b8e5bf602f806bbbca,dubbo-registry/dubbo-registry-multicast/src/main/java/org/apache/dubbo/registry/multicast/MulticastRegistry.java,2024-03-29T03:40:06Z
4799,4799,62e204e424a723952439d0eb65cc8df4957bde34,dubbo-bootstrap/src/test/java/org/apache/dubbo/bootstrap/DubboServiceProviderBootstrap.java,2019-10-10T13:15:18Z
4799,4799,62e204e424a723952439d0eb65cc8df4957bde34,dubbo-config/dubbo-config-api/src/main/java/org/apache/dubbo/config/context/ConfigManager.java,2019-10-10T13:15:18Z
4802,4802,0a1ad55bff34c8cffc066c4ab26ac8466691a4f4,dubbo-registry/dubbo-registry-nacos/src/main/java/org/apache/dubbo/registry/nacos/NacosRegistry.java,2024-04-22T11:42:47Z
4803,4803,3e78bd8867c317376c11050fe10233ac9305b91c,dubbo-metadata-report/dubbo-metadata-report-etcd/src/test/resources/testcontainers.properties,2019-10-21T13:19:36Z
4804,4804,20351b01a8abebd488a86fdaa5b70c02eb1886f9,dubbo-config/dubbo-config-api/src/main/java/org/apache/dubbo/config/AbstractConfig.java,2019-10-21T04:43:17Z
4809,4809,ec443043e2da83d946943baabf7f122f9efc0dcc,dubbo-config/dubbo-config-api/src/main/java/org/apache/dubbo/config/ReferenceConfig.java,2024-04-01T03:03:29Z
4810,4810,523a4189b8a7233c926eab1218daf627a3e870b8,dubbo-common/src/main/java/org/apache/dubbo/common/constants/CommonConstants.java,2024-06-04T14:59:16Z
4811,4811,ec443043e2da83d946943baabf7f122f9efc0dcc,dubbo-config/dubbo-config-api/src/main/java/org/apache/dubbo/config/ReferenceConfig.java,2024-04-01T03:03:29Z
4812,4812,1fbeed8e552d221822b06740cf31312aa7aa29c5,dubbo-registry/dubbo-registry-multicast/src/test/java/org/apache/dubbo/registry/multicast/MulticastRegistryFactoryTest.java,2022-11-22T02:47:54Z
4817,4817,730695a7a26967889405b12fc54099bb006c8231,dubbo-common/src/main/java/org/apache/dubbo/common/config/configcenter/wrapper/CompositeDynamicConfiguration.java,2023-11-07T07:40:13Z
4818,4818,8bdecea7ef808d19f0449dd43ec85ba8dbaeeb26,dubbo-registry/dubbo-registry-consul/src/main/java/org/apache/dubbo/registry/consul/ConsulRegistry.java,2020-08-17T05:38:04Z
4819,4819,3b145c75880b25343b67a0ae242f27322db9ba18,dubbo-serialization/dubbo-serialization-fastjson/src/main/java/org/apache/dubbo/common/serialize/fastjson/FastJsonObjectInput.java,2019-04-01T04:40:48Z
4820,4820,79a1cca4ef1d583d2ae2c8e3f16eeea5881712cc,dubbo-config/dubbo-config-spring/src/main/java/org/apache/dubbo/config/spring/ReferenceBean.java,2024-07-04T07:14:55Z
4825,4825,8bdecea7ef808d19f0449dd43ec85ba8dbaeeb26,dubbo-registry/dubbo-registry-etcd3/src/main/java/org/apache/dubbo/registry/etcd/EtcdRegistry.java,2020-08-17T05:38:04Z
4826,4826,0d91d419a8b25a9917a03dc68a3eb5069ac856ea,dubbo-config/dubbo-config-spring/src/main/java/org/apache/dubbo/config/spring/beans/factory/annotation/ReferenceAnnotationBeanPostProcessor.java,2023-10-19T07:25:40Z
4829,4829,00812ce41c44be6e5cd5e2b8e5bf602f806bbbca,dubbo-config/dubbo-config-api/src/main/java/org/apache/dubbo/config/ServiceConfig.java,2024-03-29T03:40:06Z
4832,4832,3e4fda20bba18f0a85340c86ae8ccbb004c7ea84,dubbo-demo/dubbo-demo-api/dubbo-demo-api-consumer/pom.xml,2024-04-08T08:34:36Z
4834,4834,8c1057296710f04c45c5374b5b2182aed3b53a9a,dubbo-config/dubbo-config-spring/src/test/java/org/apache/dubbo/config/spring/beans/factory/config/YamlPropertySourceFactory.java,2023-03-29T05:58:45Z
4837,4837,11d5bd9ffadf11af0d13e6ab478829b4ae3c8572,pom.xml,2024-06-24T09:54:45Z
4839,4839,aa54350c6f5abd0803ace8c14b9a731b69100d03,dubbo-remoting/dubbo-remoting-zookeeper/src/main/java/org/apache/dubbo/remoting/zookeeper/curator/CuratorZookeeperClient.java,2023-07-31T11:11:49Z
4840,4840,60e3b19db518483296ff73245e548ce88c84f5a5,dubbo-remoting/dubbo-remoting-zookeeper/src/main/java/com/alibaba/dubbo/remoting/zookeeper/curator/CuratorZookeeperClient.java,2018-04-21T06:20:09Z
4840,4840,60e3b19db518483296ff73245e548ce88c84f5a5,dubbo-remoting/dubbo-remoting-zookeeper/src/main/java/com/alibaba/dubbo/remoting/zookeeper/zkclient/ZkclientZookeeperClient.java,2018-04-21T06:20:09Z
4844,4844,a534350541c94709b6f529c2b3a0f1cd6d44c3dc,dubbo-registry/dubbo-registry-zookeeper/src/main/java/org/apache/dubbo/registry/zookeeper/util/CuratorFrameworkUtils.java,2024-06-05T03:39:27Z
4846,4846,06e9410f6873f28db11bc0bec7823f9f3228df53,dubbo-registry/dubbo-registry-api/src/main/java/org/apache/dubbo/registry/client/ServiceDiscoveryRegistry.java,2023-11-01T11:16:19Z
4850,4850,aa54350c6f5abd0803ace8c14b9a731b69100d03,dubbo-registry/dubbo-registry-api/src/main/java/org/apache/dubbo/registry/client/AbstractServiceDiscoveryFactory.java,2023-07-31T11:11:49Z
4852,4852,238fe3125c427eda496b857623ba17e67f722ecd,dubbo-metadata/dubbo-metadata-api/src/main/java/org/apache/dubbo/metadata/report/MetadataReportInstance.java,2024-07-04T08:20:30Z
4853,4853,1be3c999d112215a1354ab396cb2fbb94f3d2a0e,dubbo-bootstrap/src/main/java/org/apache/dubbo/bootstrap/DubboBootstrap.java,2019-10-12T13:17:35Z
4855,4855,94a50e5d4e7f937ac3df4b12cdaa9bb1c45593ca,dubbo-config/dubbo-config-api/src/main/java/org/apache/dubbo/config/metadata/ConfigurableMetadataServiceExporter.java,2023-04-11T13:29:30Z
4858,4858,06e9410f6873f28db11bc0bec7823f9f3228df53,dubbo-registry/dubbo-registry-api/src/main/java/org/apache/dubbo/registry/client/ServiceDiscoveryRegistry.java,2023-11-01T11:16:19Z
4859,4859,f2dbc84cac0fab7c89033813a2f7cf5359314dd7,dubbo-filter/dubbo-filter-validation/src/main/java/org/apache/dubbo/validation/support/jvalidation/JValidator.java,2023-09-20T01:44:23Z
4860,4860,563a0e472ab50d2d697e2f0415c80b68ad6b17bd,dubbo-config/dubbo-config-spring/src/main/java/org/apache/dubbo/config/spring/schema/DubboBeanDefinitionParser.java,2023-06-29T02:31:36Z
4862,4862,98c46777581be7c8e6df18c6a3e55d3c470e19b4,dubbo-serialization/dubbo-serialization-test/src/test/java/org/apache/dubbo/common/serialize/protostuff/ProtostuffObjectOutputTest.java,2019-08-22T09:08:10Z
4865,4865,8e2eb332a1d7aece2d344daa26a8b078420b3034,dubbo-monitor/dubbo-monitor-default/src/test/java/org/apache/dubbo/monitor/dubbo/DubboMonitorTest.java,2024-05-10T16:27:46Z
4866,4866,4be8594bdefa3b941d062cbcee0794a3718c58b1,dubbo-rpc/dubbo-rpc-injvm/src/main/java/org/apache/dubbo/rpc/protocol/injvm/InjvmInvoker.java,2024-06-20T01:41:36Z
4869,4869,730695a7a26967889405b12fc54099bb006c8231,dubbo-cluster/src/main/java/org/apache/dubbo/rpc/cluster/loadbalance/AbstractLoadBalance.java,2023-11-07T07:40:13Z
4870,4870,730695a7a26967889405b12fc54099bb006c8231,dubbo-cluster/src/main/java/org/apache/dubbo/rpc/cluster/Constants.java,2023-11-07T07:40:13Z
4870,4870,730695a7a26967889405b12fc54099bb006c8231,dubbo-cluster/src/main/java/org/apache/dubbo/rpc/cluster/loadbalance/AbstractLoadBalance.java,2023-11-07T07:40:13Z
4872,4872,0df34a1a20811d4a03032d03dac146c59bd52b34,dubbo-rpc/dubbo-rpc-dubbo/src/main/java/org/apache/dubbo/rpc/protocol/dubbo/status/ThreadPoolStatusChecker.java,2022-12-22T02:02:22Z
4874,4874,055f1cc6adab30fc09496144cb66952fa5a05376,dubbo-metadata-report/dubbo-metadata-report-api/src/main/java/org/apache/dubbo/metadata/support/AbstractMetadataReport.java,2019-10-11T13:30:51Z
4877,4877,25c2b3808a03a42c9d2cb2ca3e715b5f9ac043e5,dubbo-registry/dubbo-registry-api/src/main/java/org/apache/dubbo/registry/support/AbstractRegistry.java,2023-06-21T01:23:40Z
4879,4879,724ec8b5547467b80c025cf04b3a52408a64ba49,dubbo-remoting/dubbo-remoting-zookeeper/src/main/java/org/apache/dubbo/remoting/zookeeper/support/AbstractZookeeperClient.java,2021-06-10T09:18:49Z
4880,4880,aa54350c6f5abd0803ace8c14b9a731b69100d03,dubbo-remoting/dubbo-remoting-zookeeper/src/main/java/org/apache/dubbo/remoting/zookeeper/curator/CuratorZookeeperClient.java,2023-07-31T11:11:49Z
4883,4883,00812ce41c44be6e5cd5e2b8e5bf602f806bbbca,dubbo-common/src/main/java/org/apache/dubbo/common/beanutil/JavaBeanSerializeUtil.java,2024-03-29T03:40:06Z
4884,4884,0fc93d03456210839d95093ec4f2677e8f35677e,.travis.yml,2023-01-25T00:11:33Z
4885,4885,78a4dbad6e5ed195acebc4d2eb18588c79563367,dubbo-rpc/dubbo-rpc-dubbo/src/main/java/org/apache/dubbo/rpc/protocol/dubbo/CallbackServiceCodec.java,2023-08-09T08:05:27Z
4886,4886,730695a7a26967889405b12fc54099bb006c8231,dubbo-cluster/src/main/java/org/apache/dubbo/rpc/cluster/loadbalance/AbstractLoadBalance.java,2023-11-07T07:40:13Z
4886,4886,730695a7a26967889405b12fc54099bb006c8231,dubbo-cluster/src/test/java/org/apache/dubbo/rpc/cluster/loadbalance/AbstractLoadBalanceTest.java,2023-11-07T07:40:13Z
4891,4891,a36c21c27707eb312fbf9f8992e3c32c25c8f145,dubbo-serialization/dubbo-serialization-jdk/src/main/java/org/apache/dubbo/common/serialize/java/JavaObjectInput.java,2022-08-01T06:31:34Z
4893,4893,21397b30599ce765d3db938ca53ba26c108ab363,dubbo-config/dubbo-config-api/src/main/java/org/apache/dubbo/config/MonitorConfig.java,2019-08-22T07:09:42Z
4895,4895,766d0cfa894f95f0bddc5bfb397ec6656c517069,dubbo-config/dubbo-config-spring/src/main/java/org/apache/dubbo/config/spring/context/annotation/DubboConfigConfigurationRegistrar.java,2022-07-14T02:06:54Z
4896,4896,730695a7a26967889405b12fc54099bb006c8231,dubbo-common/src/main/java/org/apache/dubbo/common/config/configcenter/ConfigChangedEvent.java,2023-11-07T07:40:13Z
4896,4896,730695a7a26967889405b12fc54099bb006c8231,dubbo-common/src/main/java/org/apache/dubbo/common/config/configcenter/file/FileSystemDynamicConfiguration.java,2023-11-07T07:40:13Z
4899,4899,00812ce41c44be6e5cd5e2b8e5bf602f806bbbca,dubbo-common/src/main/java/org/apache/dubbo/common/utils/StringUtils.java,2024-03-29T03:40:06Z
4900,4900,aa54350c6f5abd0803ace8c14b9a731b69100d03,dubbo-registry/dubbo-registry-api/src/main/java/org/apache/dubbo/registry/client/metadata/ServiceInstanceMetadataUtils.java,2023-07-31T11:11:49Z
4901,4901,286fb12b011fd878b3d44ff6985e082e2141a164,dubbo-rpc/dubbo-rpc-http/src/main/java/com/alibaba/dubbo/rpc/protocol/http/HttpProtocol.java,2018-06-01T07:02:53Z
4901,4901,286fb12b011fd878b3d44ff6985e082e2141a164,dubbo-rpc/dubbo-rpc-http/src/test/java/com/alibaba/dubbo/rpc/protocol/http/HttpProtocolTest.java,2018-06-01T07:02:53Z
4904,4904,aa54350c6f5abd0803ace8c14b9a731b69100d03,dubbo-registry/dubbo-registry-api/src/main/java/org/apache/dubbo/registry/client/metadata/ServiceInstanceMetadataUtils.java,2023-07-31T11:11:49Z
4911,4911,ac8ee831c9566569b8a58298983ee7e7ff30e4d8,dubbo-dependencies-bom/pom.xml,2024-07-02T06:27:45Z
4915,4915,f613d72bd2b13a4f89f27ac0c7a68ad9e96bd551,dubbo-rpc/dubbo-rpc-rest/src/test/java/org/apache/dubbo/rpc/protocol/rest/DemoService.java,2023-10-19T02:20:52Z
4915,4915,f613d72bd2b13a4f89f27ac0c7a68ad9e96bd551,dubbo-rpc/dubbo-rpc-rest/src/test/java/org/apache/dubbo/rpc/protocol/rest/DemoServiceImpl.java,2023-10-19T02:20:52Z
4916,4916,0fc93d03456210839d95093ec4f2677e8f35677e,.travis.yml,2023-01-25T00:11:33Z
4919,4919,62e204e424a723952439d0eb65cc8df4957bde34,dubbo-config/dubbo-config-api/src/main/java/org/apache/dubbo/config/ApplicationConfig.java,2019-10-10T13:15:18Z
4921,4921,a1642ac07a838e31bab952d972be62c007a95a34,dubbo-common/src/main/java/org/apache/dubbo/common/utils/ReflectUtils.java,2023-11-20T02:51:25Z
4922,4922,0a1ad55bff34c8cffc066c4ab26ac8466691a4f4,dubbo-common/src/main/java/org/apache/dubbo/common/constants/RegistryConstants.java,2024-04-22T11:42:47Z
4923,4923,aa54350c6f5abd0803ace8c14b9a731b69100d03,dubbo-registry/dubbo-registry-api/src/main/java/org/apache/dubbo/registry/client/metadata/ServiceInstanceMetadataUtils.java,2023-07-31T11:11:49Z
4924,4924,aa54350c6f5abd0803ace8c14b9a731b69100d03,dubbo-registry/dubbo-registry-api/src/main/java/org/apache/dubbo/registry/client/metadata/ServiceInstanceMetadataUtils.java,2023-07-31T11:11:49Z
4927,4927,06e9410f6873f28db11bc0bec7823f9f3228df53,dubbo-registry/dubbo-registry-api/src/main/java/org/apache/dubbo/registry/client/ServiceDiscoveryRegistry.java,2023-11-01T11:16:19Z
4929,4929,06e9410f6873f28db11bc0bec7823f9f3228df53,dubbo-registry/dubbo-registry-api/src/main/java/org/apache/dubbo/registry/client/ServiceDiscoveryRegistry.java,2023-11-01T11:16:19Z
4932,4932,0d91d419a8b25a9917a03dc68a3eb5069ac856ea,dubbo-rpc/dubbo-rpc-api/src/main/java/org/apache/dubbo/rpc/proxy/AbstractProxyFactory.java,2023-10-19T07:25:40Z
4934,4934,0d91d419a8b25a9917a03dc68a3eb5069ac856ea,dubbo-rpc/dubbo-rpc-api/src/main/java/org/apache/dubbo/rpc/proxy/AbstractProxyFactory.java,2023-10-19T07:25:40Z
4935,4935,00812ce41c44be6e5cd5e2b8e5bf602f806bbbca,dubbo-rpc/dubbo-rpc-api/src/main/java/org/apache/dubbo/rpc/RpcStatus.java,2024-03-29T03:40:06Z
4936,4936,06e9410f6873f28db11bc0bec7823f9f3228df53,dubbo-registry/dubbo-registry-api/src/main/java/org/apache/dubbo/registry/client/ServiceDiscoveryRegistry.java,2023-11-01T11:16:19Z
4938,4938,06e9410f6873f28db11bc0bec7823f9f3228df53,dubbo-registry/dubbo-registry-api/src/main/java/org/apache/dubbo/registry/client/ServiceDiscoveryRegistry.java,2023-11-01T11:16:19Z
4939,4939,8bdecea7ef808d19f0449dd43ec85ba8dbaeeb26,dubbo-registry/dubbo-registry-redis/pom.xml,2020-08-17T05:38:04Z
4939,4939,8bdecea7ef808d19f0449dd43ec85ba8dbaeeb26,dubbo-rpc/dubbo-rpc-redis/pom.xml,2020-08-17T05:38:04Z
4941,4941,e5063679abf2ae2dc028b91b02cb8c8d41251a3d,dubbo-rpc/dubbo-rpc-dubbo/src/main/java/com/alibaba/dubbo/rpc/protocol/dubbo/DubboCodec.java,2018-05-31T08:21:55Z
4943,4943,06e9410f6873f28db11bc0bec7823f9f3228df53,dubbo-registry/dubbo-registry-api/src/main/java/org/apache/dubbo/registry/client/ServiceDiscoveryRegistry.java,2023-11-01T11:16:19Z
4945,4945,aa54350c6f5abd0803ace8c14b9a731b69100d03,dubbo-registry/dubbo-registry-api/src/main/java/org/apache/dubbo/registry/client/metadata/ServiceInstanceMetadataUtils.java,2023-07-31T11:11:49Z
4945,4945,aa54350c6f5abd0803ace8c14b9a731b69100d03,dubbo-registry/dubbo-registry-api/src/main/java/org/apache/dubbo/registry/client/metadata/StandardMetadataServiceURLBuilder.java,2023-07-31T11:11:49Z
4948,4948,acc1d6f64f0340501caa710b970383894c986014,dubbo-configcenter/dubbo-configcenter-apollo/pom.xml,2023-12-12T02:23:01Z
4949,4949,06e9410f6873f28db11bc0bec7823f9f3228df53,dubbo-registry/dubbo-registry-api/src/main/java/org/apache/dubbo/registry/client/ServiceDiscoveryRegistry.java,2023-11-01T11:16:19Z
4953,4953,523a4189b8a7233c926eab1218daf627a3e870b8,dubbo-common/src/main/java/org/apache/dubbo/common/constants/CommonConstants.java,2024-06-04T14:59:16Z
4954,4954,4655d783e6561c93e439199858eb95e425878cf6,dubbo-remoting/dubbo-remoting-netty4/src/test/java/org/apache/dubbo/remoting/transport/netty4/ReplierDispatcherTest.java,2023-09-26T08:30:31Z
4955,4955,a2a7706a07897bc7d0dc79923dc724159766da78,dubbo-config/dubbo-config-spring/src/main/java/com/alibaba/dubbo/config/spring/beans/factory/annotation/DubboConfigBindingBeanPostProcessor.java,2018-04-23T04:19:33Z
4956,4956,f613d72bd2b13a4f89f27ac0c7a68ad9e96bd551,dubbo-rpc/dubbo-rpc-rest/src/test/java/org/apache/dubbo/rpc/protocol/rest/DemoServiceImpl.java,2023-10-19T02:20:52Z
4957,4957,4655d783e6561c93e439199858eb95e425878cf6,dubbo-remoting/dubbo-remoting-netty4/src/test/java/org/apache/dubbo/remoting/transport/netty4/ReplierDispatcherTest.java,2023-09-26T08:30:31Z
4958,4958,06e9410f6873f28db11bc0bec7823f9f3228df53,dubbo-registry/dubbo-registry-api/src/main/java/org/apache/dubbo/registry/client/ServiceDiscoveryRegistry.java,2023-11-01T11:16:19Z
4963,4963,60e3b19db518483296ff73245e548ce88c84f5a5,dubbo-remoting/dubbo-remoting-zookeeper/src/main/java/com/alibaba/dubbo/remoting/zookeeper/curator/CuratorZookeeperClient.java,2018-04-21T06:20:09Z
4963,4963,60e3b19db518483296ff73245e548ce88c84f5a5,dubbo-remoting/dubbo-remoting-zookeeper/src/main/java/com/alibaba/dubbo/remoting/zookeeper/zkclient/ZkclientZookeeperClient.java,2018-04-21T06:20:09Z
4964,4964,00812ce41c44be6e5cd5e2b8e5bf602f806bbbca,dubbo-common/src/main/java/org/apache/dubbo/common/utils/StringUtils.java,2024-03-29T03:40:06Z
4971,4971,62e204e424a723952439d0eb65cc8df4957bde34,dubbo-config/dubbo-config-api/src/main/java/org/apache/dubbo/config/AbstractServiceConfig.java,2019-10-10T13:15:18Z
4974,4974,0a1ad55bff34c8cffc066c4ab26ac8466691a4f4,dubbo-registry/dubbo-registry-nacos/src/main/java/org/apache/dubbo/registry/nacos/NacosRegistry.java,2024-04-22T11:42:47Z
4975,4975,d0454fdbef0b7724cf5747a276f292eb14c8ab05,dubbo-config/dubbo-config-spring/src/main/java/org/apache/dubbo/config/spring/extension/SpringExtensionFactory.java,2021-06-08T08:44:54Z
4976,4976,27e9877620a03a2e6c3aeabb5cc1d66c30eb188d,dubbo-common/src/test/java/org/apache/dubbo/common/threadlocal/InternalThreadLocalTest.java,2023-11-15T06:04:38Z
4978,4978,f224fc5a47ae87817a91241109f1fcab1fee1539,dubbo-registry/dubbo-registry-api/src/main/java/org/apache/dubbo/registry/integration/RegistryProtocol.java,2024-07-03T02:12:33Z
4980,4980,730695a7a26967889405b12fc54099bb006c8231,dubbo-cluster/src/main/java/org/apache/dubbo/rpc/cluster/configurator/parser/ConfigParser.java,2023-11-07T07:40:13Z
4980,4980,730695a7a26967889405b12fc54099bb006c8231,dubbo-cluster/src/main/java/org/apache/dubbo/rpc/cluster/loadbalance/RoundRobinLoadBalance.java,2023-11-07T07:40:13Z
4980,4980,730695a7a26967889405b12fc54099bb006c8231,dubbo-cluster/src/main/java/org/apache/dubbo/rpc/cluster/support/ForkingClusterInvoker.java,2023-11-07T07:40:13Z
4980,4980,730695a7a26967889405b12fc54099bb006c8231,dubbo-cluster/src/test/java/org/apache/dubbo/rpc/cluster/loadbalance/RoundRobinLoadBalanceTest.java,2023-11-07T07:40:13Z
4980,4980,730695a7a26967889405b12fc54099bb006c8231,dubbo-cluster/src/test/java/org/apache/dubbo/rpc/cluster/support/FailoverClusterInvokerTest.java,2023-11-07T07:40:13Z
4980,4980,730695a7a26967889405b12fc54099bb006c8231,dubbo-cluster/src/test/java/org/apache/dubbo/rpc/cluster/support/MergeableClusterInvokerTest.java,2023-11-07T07:40:13Z
4983,4983,762b1d4cf0bca454143a7132ccf22affb551787d,dubbo-metadata-report/dubbo-metadata-definition/src/main/java/org/apache/dubbo/metadata/definition/model/TypeDefinition.java,2019-09-03T02:50:51Z
4988,4988,da5c7ed33dd2ca53946b228f105453ccb0d80b93,dubbo-rpc/dubbo-rpc-dubbo/src/main/java/org/apache/dubbo/rpc/protocol/dubbo/DecodeableRpcInvocation.java,2023-09-25T01:40:18Z
4988,4988,da5c7ed33dd2ca53946b228f105453ccb0d80b93,dubbo-rpc/dubbo-rpc-dubbo/src/main/java/org/apache/dubbo/rpc/protocol/dubbo/DubboCodec.java,2023-09-25T01:40:18Z
4990,4990,0d91d419a8b25a9917a03dc68a3eb5069ac856ea,dubbo-rpc/dubbo-rpc-api/src/main/java/org/apache/dubbo/rpc/filter/GenericFilter.java,2023-10-19T07:25:40Z
4995,4995,7d5fa50783c5321447368230ca75138425697459,dubbo-common/src/main/java/org/apache/dubbo/common/store/support/SimpleDataStore.java,2024-06-24T01:26:45Z
4996,4996,f224fc5a47ae87817a91241109f1fcab1fee1539,dubbo-registry/dubbo-registry-api/src/main/java/org/apache/dubbo/registry/integration/RegistryProtocol.java,2024-07-03T02:12:33Z
4997,4997,ac8ee831c9566569b8a58298983ee7e7ff30e4d8,dubbo-dependencies-bom/pom.xml,2024-07-02T06:27:45Z
4998,4998,00812ce41c44be6e5cd5e2b8e5bf602f806bbbca,dubbo-common/src/main/java/org/apache/dubbo/common/utils/UrlUtils.java,2024-03-29T03:40:06Z
5000,5000,00812ce41c44be6e5cd5e2b8e5bf602f806bbbca,dubbo-common/src/main/java/org/apache/dubbo/common/utils/UrlUtils.java,2024-03-29T03:40:06Z
5002,5002,8bdecea7ef808d19f0449dd43ec85ba8dbaeeb26,dubbo-rpc/dubbo-rpc-native-thrift/src/main/java/org/apache/dubbo/rpc/protocol/nativethrift/ThriftProtocol.java,2020-08-17T05:38:04Z
5003,5003,0d91d419a8b25a9917a03dc68a3eb5069ac856ea,dubbo-common/src/main/java/org/apache/dubbo/common/extension/ExtensionLoader.java,2023-10-19T07:25:40Z
5005,5005,e18904832791e878e7e3362a1d7280a7c0481f0f,dubbo-common/src/main/java/org/apache/dubbo/common/utils/ClassHelper.java,2019-04-30T06:57:19Z
5007,5007,9af6fbf1d0d1456c18bd23bc10e447589616e98c,dubbo-common/src/main/java/org/apache/dubbo/common/utils/ClassUtils.java,2023-06-07T07:54:40Z
5008,5008,00812ce41c44be6e5cd5e2b8e5bf602f806bbbca,dubbo-common/src/main/java/org/apache/dubbo/common/utils/UrlUtils.java,2024-03-29T03:40:06Z
5009,5009,9af6fbf1d0d1456c18bd23bc10e447589616e98c,dubbo-common/src/main/java/org/apache/dubbo/common/utils/ClassUtils.java,2023-06-07T07:54:40Z
5011,5011,62e204e424a723952439d0eb65cc8df4957bde34,dubbo-config/dubbo-config-api/src/main/java/org/apache/dubbo/config/context/ConfigManager.java,2019-10-10T13:15:18Z
5012,5012,0a1ad55bff34c8cffc066c4ab26ac8466691a4f4,dubbo-registry/dubbo-registry-nacos/src/main/java/org/apache/dubbo/registry/nacos/NacosRegistry.java,2024-04-22T11:42:47Z
5013,5013,f03823eec1610ab40fa894e279614703617ab29b,dubbo-remoting/dubbo-remoting-api/src/main/java/org/apache/dubbo/remoting/transport/AbstractClient.java,2024-04-07T02:31:23Z
5017,5017,523a4189b8a7233c926eab1218daf627a3e870b8,dubbo-common/src/main/java/org/apache/dubbo/common/constants/CommonConstants.java,2024-06-04T14:59:16Z
5018,5018,ac8ee831c9566569b8a58298983ee7e7ff30e4d8,dubbo-dependencies-bom/pom.xml,2024-07-02T06:27:45Z
5019,5019,1bdbfd864740f6023762b788c7ae0d42f00fd5d6,dubbo-cluster/src/main/java/org/apache/dubbo/rpc/cluster/support/MergeableClusterInvoker.java,2024-01-02T10:58:43Z
5020,5020,523a4189b8a7233c926eab1218daf627a3e870b8,dubbo-common/src/main/java/org/apache/dubbo/common/constants/CommonConstants.java,2024-06-04T14:59:16Z
5023,5023,ff39bf36c35316061e7e028abd28dd392405e7f0,dubbo-config/dubbo-config-api/src/main/java/org/apache/dubbo/config/utils/ReferenceConfigCache.java,2021-09-02T09:54:20Z
5024,5024,0bfd54cea412fef92e0ec36b2dc18136c4c3d4e0,dubbo-remoting/dubbo-remoting-netty4/src/main/java/org/apache/dubbo/remoting/transport/netty4/NettyServer.java,2023-09-01T05:03:33Z
5025,5025,5d916cd2c10ad3f21290bf25e338261c30cafbad,dubbo-config/dubbo-config-spring/src/main/java/org/apache/dubbo/config/spring/util/AnnotationUtils.java,2024-05-08T07:20:54Z
5026,5026,4655d783e6561c93e439199858eb95e425878cf6,dubbo-remoting/dubbo-remoting-netty4/src/test/java/org/apache/dubbo/remoting/transport/netty4/ReplierDispatcherTest.java,2023-09-26T08:30:31Z
5027,5027,5d916cd2c10ad3f21290bf25e338261c30cafbad,dubbo-config/dubbo-config-spring/src/main/java/org/apache/dubbo/config/spring/util/AnnotationUtils.java,2024-05-08T07:20:54Z
5028,5028,4be8594bdefa3b941d062cbcee0794a3718c58b1,dubbo-rpc/dubbo-rpc-injvm/src/main/java/org/apache/dubbo/rpc/protocol/injvm/InjvmInvoker.java,2024-06-20T01:41:36Z
5029,5029,552112ed0157a0360f1499e7b04152047b350472,dubbo-rpc/dubbo-rpc-api/src/main/java/org/apache/dubbo/rpc/filter/ConsumerContextFilter.java,2021-03-16T15:18:43Z
5030,5030,238fe3125c427eda496b857623ba17e67f722ecd,dubbo-metadata/dubbo-metadata-api/src/main/java/org/apache/dubbo/metadata/report/MetadataReportInstance.java,2024-07-04T08:20:30Z
5031,5031,0a1ad55bff34c8cffc066c4ab26ac8466691a4f4,dubbo-registry/dubbo-registry-nacos/src/main/java/org/apache/dubbo/registry/nacos/NacosRegistry.java,2024-04-22T11:42:47Z
5032,5032,dbb0a64a84d841f858cefbdaecae8bfe9f3788a1,dubbo-metadata-report/dubbo-metadata-definition/src/main/java/org/apache/dubbo/metadata/definition/TypeDefinitionBuilder.java,2019-09-16T08:30:58Z
5033,5033,0d91d419a8b25a9917a03dc68a3eb5069ac856ea,dubbo-config/dubbo-config-spring/src/main/java/org/apache/dubbo/config/spring/beans/factory/annotation/ReferenceAnnotationBeanPostProcessor.java,2023-10-19T07:25:40Z
5035,5035,a534350541c94709b6f529c2b3a0f1cd6d44c3dc,dubbo-registry/dubbo-registry-zookeeper/src/main/java/org/apache/dubbo/registry/zookeeper/util/CuratorFrameworkUtils.java,2024-06-05T03:39:27Z
5037,5037,db03f8c42b2cf33a9303233e31a4c9b8f88b836d,dubbo-remoting/dubbo-remoting-zookeeper/src/main/java/com/alibaba/dubbo/remoting/zookeeper/support/AbstractZookeeperClient.java,2018-05-25T02:28:21Z
5038,5038,d2ae941502410fbbf937e654b25f1399eedd3fbf,dependencies-bom/pom.xml,2018-07-09T14:32:24Z
5042,5042,5bb7ec02b4d93453a903eb2d061e053cd53f4021,dubbo-filter/dubbo-filter-cache/src/main/java/org/apache/dubbo/cache/filter/CacheFilter.java,2022-07-06T02:24:05Z
5042,5042,fd48e1cc28571f54f9177c7b8c55ee49055fe90b,dubbo-filter/dubbo-filter-cache/src/main/java/org/apache/dubbo/cache/filter/CacheFilter.java,2022-07-06T02:24:05Z
5043,5043,00812ce41c44be6e5cd5e2b8e5bf602f806bbbca,dubbo-common/src/main/java/org/apache/dubbo/common/bytecode/Wrapper.java,2024-03-29T03:40:06Z
5044,5044,730695a7a26967889405b12fc54099bb006c8231,dubbo-cluster/src/main/java/org/apache/dubbo/rpc/cluster/loadbalance/LeastActiveLoadBalance.java,2023-11-07T07:40:13Z
5050,5050,730695a7a26967889405b12fc54099bb006c8231,dubbo-cluster/src/main/java/org/apache/dubbo/rpc/cluster/Constants.java,2023-11-07T07:40:13Z
5050,5050,730695a7a26967889405b12fc54099bb006c8231,dubbo-cluster/src/main/java/org/apache/dubbo/rpc/cluster/loadbalance/AbstractLoadBalance.java,2023-11-07T07:40:13Z
5051,5051,b2a4f612ece11d6bac508600b22095ccd0e87c88,dubbo-config/dubbo-config-spring/src/main/java/org/apache/dubbo/config/spring/context/annotation/DubboComponentScanRegistrar.java,2021-12-29T02:56:05Z
5053,5053,730695a7a26967889405b12fc54099bb006c8231,dubbo-cluster/src/main/java/org/apache/dubbo/rpc/cluster/support/BroadcastCluster.java,2023-11-07T07:40:13Z
5054,5054,00812ce41c44be6e5cd5e2b8e5bf602f806bbbca,dubbo-common/src/main/java/org/apache/dubbo/common/utils/StringUtils.java,2024-03-29T03:40:06Z
5054,5054,00812ce41c44be6e5cd5e2b8e5bf602f806bbbca,dubbo-rpc/dubbo-rpc-dubbo/src/main/java/org/apache/dubbo/rpc/protocol/dubbo/DubboProtocol.java,2024-03-29T03:40:06Z
5055,5055,5d916cd2c10ad3f21290bf25e338261c30cafbad,dubbo-config/dubbo-config-spring/src/main/java/org/apache/dubbo/config/spring/util/AnnotationUtils.java,2024-05-08T07:20:54Z
5059,5059,f224fc5a47ae87817a91241109f1fcab1fee1539,dubbo-registry/dubbo-registry-api/src/main/java/org/apache/dubbo/registry/integration/RegistryProtocol.java,2024-07-03T02:12:33Z
5060,5060,8a2dffd55e95d394aa05812d5948cae81fd1a3ed,dubbo-configcenter/dubbo-configcenter-nacos/src/main/java/org/apache/dubbo/configcenter/support/nacos/NacosDynamicConfiguration.java,2023-06-12T02:10:19Z
5063,5063,b99b3837186b7fb7f68ae106b67cc42deeed18b9,dubbo-config/dubbo-config-spring/src/main/java/org/apache/dubbo/config/spring/beans/factory/annotation/DubboConfigBindingBeanPostProcessor.java,2020-02-11T05:12:03Z
5063,5063,b99b3837186b7fb7f68ae106b67cc42deeed18b9,dubbo-config/dubbo-config-spring/src/test/java/org/apache/dubbo/config/spring/beans/factory/annotation/DubboConfigBindingBeanPostProcessorTest.java,2020-02-11T05:12:03Z
5066,5066,79a1cca4ef1d583d2ae2c8e3f16eeea5881712cc,dubbo-config/dubbo-config-spring/src/main/java/org/apache/dubbo/config/spring/ReferenceBean.java,2024-07-04T07:14:55Z
5067,5067,0a1ad55bff34c8cffc066c4ab26ac8466691a4f4,dubbo-registry/dubbo-registry-nacos/src/main/java/org/apache/dubbo/registry/nacos/NacosRegistry.java,2024-04-22T11:42:47Z
5069,5069,e07e5e294b0bc96ada4ed868cfae1307b3872462,dubbo-rpc/dubbo-rpc-api/src/main/java/org/apache/dubbo/rpc/filter/ExecuteLimitFilter.java,2023-06-13T12:25:25Z
5070,5070,11d5bd9ffadf11af0d13e6ab478829b4ae3c8572,pom.xml,2024-06-24T09:54:45Z
5072,5072,0d91d419a8b25a9917a03dc68a3eb5069ac856ea,dubbo-common/src/main/java/org/apache/dubbo/common/extension/ExtensionLoader.java,2023-10-19T07:25:40Z
5075,5075,87547793e0530aabdf429218629def9001347252,dubbo-config/dubbo-config-api/src/main/java/org/apache/dubbo/config/AbstractInterfaceConfig.java,2019-10-21T09:02:05Z
5078,5078,523a4189b8a7233c926eab1218daf627a3e870b8,dubbo-common/src/main/java/org/apache/dubbo/common/constants/CommonConstants.java,2024-06-04T14:59:16Z
5079,5079,00812ce41c44be6e5cd5e2b8e5bf602f806bbbca,dubbo-config/dubbo-config-api/src/main/java/org/apache/dubbo/config/ServiceConfig.java,2024-03-29T03:40:06Z
5083,5083,505ffd5a5dd66e1ea7f383734ab5a5fb5b4e8867,dubbo-metadata-report/dubbo-metadata-definition-protobuf/src/test/resources/protobuf/GooglePB.proto,2019-10-29T09:21:20Z
5084,5084,0d91d419a8b25a9917a03dc68a3eb5069ac856ea,dubbo-common/src/main/java/org/apache/dubbo/common/extension/ExtensionLoader.java,2023-10-19T07:25:40Z
5086,5086,189d76be5d94d43d8054cc58d48507380aea99a3,dubbo-registry/dubbo-registry-zookeeper/src/main/java/org/apache/dubbo/registry/zookeeper/ZookeeperRegistry.java,2024-05-21T03:36:53Z
5087,5087,00812ce41c44be6e5cd5e2b8e5bf602f806bbbca,dubbo-common/src/main/java/org/apache/dubbo/common/utils/UrlUtils.java,2024-03-29T03:40:06Z
5088,5088,79c61669b339d4ef1d47d5977d234a79216254cc,dubbo-metadata-report/dubbo-metadata-report-etcd/src/test/java/org/apache/dubbo/metadata/store/etcd/EtcdMetadataReportTest.java,2019-09-20T02:36:02Z
5094,5094,f7a32be429e815e9bc70f0dec31d67461e5c695e,dubbo-config/dubbo-config-spring/src/test/java/org/apache/dubbo/config/spring/context/annotation/EnableDubboConfigTest.java,2023-12-22T02:25:53Z
5097,5097,ac8ee831c9566569b8a58298983ee7e7ff30e4d8,dubbo-dependencies-bom/pom.xml,2024-07-02T06:27:45Z
5098,5098,5f39404b076734d93c4437994f56280daaaabcd0,dubbo-rpc/dubbo-rpc-dubbo/src/main/java/org/apache/dubbo/rpc/protocol/dubbo/DecodeableRpcResult.java,2023-06-13T13:42:27Z
5099,5099,5f39404b076734d93c4437994f56280daaaabcd0,dubbo-rpc/dubbo-rpc-dubbo/src/main/java/org/apache/dubbo/rpc/protocol/dubbo/DecodeableRpcResult.java,2023-06-13T13:42:27Z
5101,5101,ed9e26f0176610e49bc0c8deba9788b7ae1147b5,dubbo-common/src/main/java/org/apache/dubbo/common/utils/CollectionUtils.java,2023-02-28T08:05:25Z
5102,5102,ed9e26f0176610e49bc0c8deba9788b7ae1147b5,dubbo-common/src/main/java/org/apache/dubbo/common/utils/CollectionUtils.java,2023-02-28T08:05:25Z
5104,5104,0d785f1346f48abf34a1a7690b437c3615780beb,dubbo-all/pom.xml,2020-07-22T06:45:08Z
5105,5105,d6f9d8d38fb6ac804cb8375f4770079337279538,dubbo-configcenter/dubbo-configcenter-apollo/src/main/java/org/apache/dubbo/configcenter/support/apollo/ApolloDynamicConfiguration.java,2023-04-19T10:33:13Z
5107,5107,1368e21d9bb1afda195b0411091cb90003658456,dubbo-common/pom.xml,2023-12-26T09:31:44Z
5108,5108,d6f9d8d38fb6ac804cb8375f4770079337279538,dubbo-configcenter/dubbo-configcenter-apollo/src/main/java/org/apache/dubbo/configcenter/support/apollo/ApolloDynamicConfiguration.java,2023-04-19T10:33:13Z
5110,5110,20351b01a8abebd488a86fdaa5b70c02eb1886f9,dubbo-config/dubbo-config-api/src/main/java/org/apache/dubbo/config/AbstractConfig.java,2019-10-21T04:43:17Z
5112,5112,523a4189b8a7233c926eab1218daf627a3e870b8,dubbo-common/src/main/java/org/apache/dubbo/common/Version.java,2024-06-04T14:59:16Z
5123,5123,efa6900bb1b59c70f131af868396a8903b098a18,dubbo-cluster/src/main/java/org/apache/dubbo/rpc/cluster/router/condition/ConditionRouter.java,2021-11-03T03:13:04Z
5126,5126,aa54350c6f5abd0803ace8c14b9a731b69100d03,dubbo-remoting/dubbo-remoting-zookeeper/src/main/java/org/apache/dubbo/remoting/zookeeper/curator/CuratorZookeeperClient.java,2023-07-31T11:11:49Z
5132,5132,00812ce41c44be6e5cd5e2b8e5bf602f806bbbca,dubbo-config/dubbo-config-spring/src/main/java/org/apache/dubbo/config/spring/util/PropertySourcesUtils.java,2024-03-29T03:40:06Z
5134,5134,b74cf5be3f427867e69832e74f83d6aaa9276708,dubbo-rpc/dubbo-rpc-api/src/test/java/org/apache/dubbo/rpc/support/RpcUtilsTest.java,2023-11-15T06:05:17Z
5135,5135,189d76be5d94d43d8054cc58d48507380aea99a3,dubbo-registry/dubbo-registry-zookeeper/src/main/java/org/apache/dubbo/registry/zookeeper/ZookeeperRegistry.java,2024-05-21T03:36:53Z
5136,5136,6b3f54383f4b6102215e33ea879a389dff0fd1eb,README.md,2024-04-11T08:47:51Z
5137,5137,8bdecea7ef808d19f0449dd43ec85ba8dbaeeb26,dubbo-remoting/dubbo-remoting-grizzly/src/test/java/org/apache/dubbo/remoting/transport/grizzly/GrizzlyTransporterTest.java,2020-08-17T05:38:04Z
5138,5138,af566233dbb9673c9da18b545133bfaca0bd5bf5,dubbo-common/src/main/java/org/apache/dubbo/config/AbstractConfig.java,2023-09-03T02:36:26Z
5139,5139,0b067c628b6c9f7437aaaf9e71372d06953f4738,dubbo-remoting/dubbo-remoting-zookeeper/src/main/java/org/apache/dubbo/remoting/zookeeper/support/AbstractZookeeperTransporter.java,2021-07-08T13:51:35Z
5141,5141,ac8ee831c9566569b8a58298983ee7e7ff30e4d8,dubbo-dependencies-bom/pom.xml,2024-07-02T06:27:45Z
5143,5143,576ee2c55a1077095208e98c1e4e3896ce087487,licenseCheck.sh,2019-10-08T05:10:31Z
5146,5146,3c103d40cdfe490f54aa83a4c30a58bfab9d79b3,dubbo-rpc/dubbo-rpc-api/pom.xml,2022-12-20T15:38:08Z
5147,5147,00812ce41c44be6e5cd5e2b8e5bf602f806bbbca,dubbo-config/dubbo-config-spring/src/main/java/org/apache/dubbo/config/spring/util/PropertySourcesUtils.java,2024-03-29T03:40:06Z
5149,5149,52250b8a2086ca361fc3c3912720e3eb3d495b17,dubbo-remoting/dubbo-remoting-api/src/main/java/org/apache/dubbo/remoting/exchange/support/DefaultFuture.java,2023-09-12T04:45:03Z
5150,5150,13ef73ac55930fe30500292732d8e18585a5cb12,dubbo-config/dubbo-config-spring/src/main/java/org/apache/dubbo/config/spring/beans/factory/annotation/AnnotationInjectedBeanPostProcessor.java,2019-11-17T02:40:40Z
5154,5154,8bdecea7ef808d19f0449dd43ec85ba8dbaeeb26,dubbo-rpc/dubbo-rpc-webservice/src/main/java/org/apache/dubbo/rpc/protocol/webservice/WebServiceProtocol.java,2020-08-17T05:38:04Z
5155,5155,aa54350c6f5abd0803ace8c14b9a731b69100d03,dubbo-registry/dubbo-registry-api/src/main/java/org/apache/dubbo/registry/integration/RegistryDirectory.java,2023-07-31T11:11:49Z
5158,5158,25c2b3808a03a42c9d2cb2ca3e715b5f9ac043e5,dubbo-registry/dubbo-registry-api/src/main/java/org/apache/dubbo/registry/support/AbstractRegistry.java,2023-06-21T01:23:40Z
5160,5160,79ba4cd6b737fa9a2af92a6d9a2189454dc5b623,CHANGES.md,2023-08-27T15:16:56Z
5165,5165,11d5bd9ffadf11af0d13e6ab478829b4ae3c8572,pom.xml,2024-06-24T09:54:45Z
5167,5167,00812ce41c44be6e5cd5e2b8e5bf602f806bbbca,dubbo-compatible/src/main/java/com/alibaba/dubbo/rpc/RpcInvocation.java,2024-03-29T03:40:06Z
5169,5169,523a4189b8a7233c926eab1218daf627a3e870b8,dubbo-common/src/main/java/org/apache/dubbo/common/constants/CommonConstants.java,2024-06-04T14:59:16Z
5171,5171,00812ce41c44be6e5cd5e2b8e5bf602f806bbbca,dubbo-remoting/dubbo-remoting-netty/src/main/java/org/apache/dubbo/remoting/transport/netty/NettyHandler.java,2024-03-29T03:40:06Z
5172,5172,ae46f6f5943a9b74c3c99ca719f7422ab8956496,dubbo-rpc/dubbo-rpc-dubbo/src/test/java/org/apache/dubbo/rpc/service/GenericServiceTest.java,2019-10-16T06:50:20Z
5172,5172,ae46f6f5943a9b74c3c99ca719f7422ab8956496,dubbo-rpc/dubbo-rpc-dubbo/src/test/java/org/apache/dubbo/rpc/validation/ValidationTest.java,2019-10-16T06:50:20Z
5177,5177,ae46f6f5943a9b74c3c99ca719f7422ab8956496,dubbo-rpc/dubbo-rpc-dubbo/src/test/java/org/apache/dubbo/rpc/service/GenericServiceTest.java,2019-10-16T06:50:20Z
5177,5177,ae46f6f5943a9b74c3c99ca719f7422ab8956496,dubbo-rpc/dubbo-rpc-dubbo/src/test/java/org/apache/dubbo/rpc/validation/ValidationTest.java,2019-10-16T06:50:20Z
5179,5179,6ad735d74a7f1c5d694f212061e04af9c90a8d3b,dubbo-config/dubbo-config-api/src/main/java/org/apache/dubbo/config/DubboShutdownHook.java,2023-07-03T02:16:14Z
5185,5185,d0454fdbef0b7724cf5747a276f292eb14c8ab05,dubbo-config/dubbo-config-api/src/test/java/org/apache/dubbo/config/AbstractInterfaceConfigTest.java,2021-06-08T08:44:54Z
5191,5191,d0454fdbef0b7724cf5747a276f292eb14c8ab05,dubbo-config/dubbo-config-spring/src/main/java/org/apache/dubbo/config/spring/beans/factory/annotation/ServiceAnnotationBeanPostProcessor.java,2021-06-08T08:44:54Z
5192,5192,d0454fdbef0b7724cf5747a276f292eb14c8ab05,dubbo-config/dubbo-config-spring/src/main/java/org/apache/dubbo/config/spring/beans/factory/annotation/ServiceAnnotationBeanPostProcessor.java,2021-06-08T08:44:54Z
5198,5198,ec443043e2da83d946943baabf7f122f9efc0dcc,dubbo-config/dubbo-config-api/src/main/java/org/apache/dubbo/config/ReferenceConfig.java,2024-04-01T03:03:29Z
5199,5199,ec443043e2da83d946943baabf7f122f9efc0dcc,dubbo-config/dubbo-config-api/src/main/java/org/apache/dubbo/config/ReferenceConfig.java,2024-04-01T03:03:29Z
5201,5201,f1af604e7e9791921f918fdb84750588cf0e3a15,dubbo-serialization/dubbo-serialization-api/src/main/java/org/apache/dubbo/common/serialize/Serialization.java,2022-07-15T02:18:41Z
5205,5205,87547793e0530aabdf429218629def9001347252,dubbo-config/dubbo-config-api/src/main/java/org/apache/dubbo/config/AbstractInterfaceConfig.java,2019-10-21T09:02:05Z
5209,5209,6ad735d74a7f1c5d694f212061e04af9c90a8d3b,dubbo-config/dubbo-config-api/src/main/java/org/apache/dubbo/config/DubboShutdownHook.java,2023-07-03T02:16:14Z
5212,5212,0a1ad55bff34c8cffc066c4ab26ac8466691a4f4,dubbo-registry/dubbo-registry-nacos/src/main/java/org/apache/dubbo/registry/nacos/NacosRegistry.java,2024-04-22T11:42:47Z
5214,5214,dfd135eb95d92ffc3519426b812e274f43b49e9d,dubbo-common/src/main/java/org/apache/dubbo/common/URL.java,2024-05-08T06:09:08Z
5214,5214,dfd135eb95d92ffc3519426b812e274f43b49e9d,dubbo-common/src/test/java/org/apache/dubbo/common/URLTest.java,2024-05-08T06:09:08Z
5226,5226,ec443043e2da83d946943baabf7f122f9efc0dcc,dubbo-config/dubbo-config-api/src/main/java/org/apache/dubbo/config/ReferenceConfig.java,2024-04-01T03:03:29Z
5231,5231,00812ce41c44be6e5cd5e2b8e5bf602f806bbbca,dubbo-common/src/main/java/org/apache/dubbo/common/utils/Stack.java,2024-03-29T03:40:06Z
5235,5235,8bdecea7ef808d19f0449dd43ec85ba8dbaeeb26,dubbo-registry/dubbo-registry-consul/src/main/java/org/apache/dubbo/registry/consul/ConsulRegistry.java,2020-08-17T05:38:04Z
5238,5238,12febcfbf505c926070686a4d4318812b1ed1938,dubbo-common/src/main/java/org/apache/dubbo/common/utils/NetUtils.java,2023-03-25T07:42:33Z
5240,5240,11d5bd9ffadf11af0d13e6ab478829b4ae3c8572,pom.xml,2024-06-24T09:54:45Z
5241,5241,60e3b19db518483296ff73245e548ce88c84f5a5,dubbo-cluster/src/main/java/com/alibaba/dubbo/rpc/cluster/router/MockInvokersSelector.java,2018-04-21T06:20:09Z
5241,5241,60e3b19db518483296ff73245e548ce88c84f5a5,dubbo-cluster/src/main/java/com/alibaba/dubbo/rpc/cluster/router/condition/ConditionRouter.java,2018-04-21T06:20:09Z
5241,5241,60e3b19db518483296ff73245e548ce88c84f5a5,dubbo-cluster/src/main/java/com/alibaba/dubbo/rpc/cluster/router/script/ScriptRouter.java,2018-04-21T06:20:09Z
5244,5244,563a0e472ab50d2d697e2f0415c80b68ad6b17bd,dubbo-config/dubbo-config-spring/src/main/java/org/apache/dubbo/config/spring/ServiceBean.java,2023-06-29T02:31:36Z
5247,5247,563a0e472ab50d2d697e2f0415c80b68ad6b17bd,dubbo-config/dubbo-config-spring/src/main/java/org/apache/dubbo/config/spring/ServiceBean.java,2023-06-29T02:31:36Z
5251,5251,25a08a2b40d9c49ae2ddbe65a7146f3a2ba819f4,dubbo-rpc/dubbo-rpc-api/src/main/java/org/apache/dubbo/rpc/GracefulShutDown.java,2023-05-02T13:25:11Z
5252,5252,ac8ee831c9566569b8a58298983ee7e7ff30e4d8,dubbo-dependencies-bom/pom.xml,2024-07-02T06:27:45Z
5255,5255,00812ce41c44be6e5cd5e2b8e5bf602f806bbbca,dubbo-remoting/dubbo-remoting-netty/src/main/java/org/apache/dubbo/remoting/transport/netty/NettyChannel.java,2024-03-29T03:40:06Z
5255,5255,00812ce41c44be6e5cd5e2b8e5bf602f806bbbca,dubbo-remoting/dubbo-remoting-netty4/src/main/java/org/apache/dubbo/remoting/transport/netty4/NettyChannel.java,2024-03-29T03:40:06Z
5255,5255,00812ce41c44be6e5cd5e2b8e5bf602f806bbbca,dubbo-rpc/dubbo-rpc-dubbo/src/main/java/org/apache/dubbo/rpc/protocol/dubbo/DubboProtocol.java,2024-03-29T03:40:06Z
5261,5261,d8fc808425c4f1db028c4fdab45d7082a957d760,dubbo-rpc/dubbo-rpc-api/src/main/java/org/apache/dubbo/rpc/protocol/ProtocolFilterWrapper.java,2020-11-16T07:12:23Z
5264,5264,e07e5e294b0bc96ada4ed868cfae1307b3872462,dubbo-rpc/dubbo-rpc-api/src/main/java/org/apache/dubbo/rpc/filter/ExecuteLimitFilter.java,2023-06-13T12:25:25Z
5265,5265,00812ce41c44be6e5cd5e2b8e5bf602f806bbbca,dubbo-plugin/dubbo-qos/src/main/java/org/apache/dubbo/qos/command/util/CommandHelper.java,2024-03-29T03:40:06Z
5270,5270,d35d7eb30c9e536bead96d50d45ff6def219f84f,dubbo-rpc/dubbo-rpc-api/src/main/java/org/apache/dubbo/rpc/filter/AccessLogFilter.java,2024-05-31T07:05:16Z
5271,5271,0d91d419a8b25a9917a03dc68a3eb5069ac856ea,dubbo-common/src/main/java/org/apache/dubbo/common/extension/ExtensionLoader.java,2023-10-19T07:25:40Z
5272,5272,8b65327956792db295a4a84907098a2019e10fbf,dubbo-remoting/dubbo-remoting-api/src/main/java/org/apache/dubbo/remoting/utils/LogUtils.java,2019-11-05T08:21:39Z
5280,5280,ec443043e2da83d946943baabf7f122f9efc0dcc,dubbo-config/dubbo-config-api/src/main/java/org/apache/dubbo/config/ReferenceConfig.java,2024-04-01T03:03:29Z
5290,5290,6ad735d74a7f1c5d694f212061e04af9c90a8d3b,dubbo-remoting/dubbo-remoting-api/src/main/java/org/apache/dubbo/remoting/exchange/support/header/HeaderExchangeHandler.java,2023-07-03T02:16:14Z
5291,5291,ac8ee831c9566569b8a58298983ee7e7ff30e4d8,dubbo-dependencies-bom/pom.xml,2024-07-02T06:27:45Z
5292,5292,b89df9d8f164f147c98b6c6af41337afaff203c5,dubbo-rpc/dubbo-rpc-api/src/main/java/org/apache/dubbo/rpc/model/ConsumerModel.java,2019-09-06T13:04:58Z
5295,5295,11d5bd9ffadf11af0d13e6ab478829b4ae3c8572,pom.xml,2024-06-24T09:54:45Z
5298,5298,d6f9d8d38fb6ac804cb8375f4770079337279538,dubbo-configcenter/dubbo-configcenter-apollo/src/main/java/org/apache/dubbo/configcenter/support/apollo/ApolloDynamicConfiguration.java,2023-04-19T10:33:13Z
5299,5299,af566233dbb9673c9da18b545133bfaca0bd5bf5,dubbo-common/src/main/java/org/apache/dubbo/config/AbstractConfig.java,2023-09-03T02:36:26Z
5302,5302,79a1cca4ef1d583d2ae2c8e3f16eeea5881712cc,dubbo-config/dubbo-config-spring/src/main/java/org/apache/dubbo/config/spring/ReferenceBean.java,2024-07-04T07:14:55Z
5303,5303,dfd135eb95d92ffc3519426b812e274f43b49e9d,dubbo-metadata/dubbo-metadata-api/src/test/java/org/apache/dubbo/metadata/report/support/AbstractMetadataReportFactoryTest.java,2024-05-08T06:09:08Z
5307,5307,886360461952940e5fd3f57323ba4be34be14a58,dubbo-metadata/dubbo-metadata-api/src/main/java/org/apache/dubbo/metadata/ServiceNameMapping.java,2024-05-08T03:59:26Z
5308,5308,a534350541c94709b6f529c2b3a0f1cd6d44c3dc,dubbo-registry/dubbo-registry-zookeeper/src/main/java/org/apache/dubbo/registry/zookeeper/util/CuratorFrameworkUtils.java,2024-06-05T03:39:27Z
5310,5310,79a1cca4ef1d583d2ae2c8e3f16eeea5881712cc,dubbo-config/dubbo-config-spring/src/main/java/org/apache/dubbo/config/spring/ReferenceBean.java,2024-07-04T07:14:55Z
5314,5314,80b145db3e09c947f0b731776ec66694bafc4846,dubbo-config/dubbo-config-api/pom.xml,2024-05-14T03:48:31Z
5319,5319,ac8ee831c9566569b8a58298983ee7e7ff30e4d8,dubbo-dependencies-bom/pom.xml,2024-07-02T06:27:45Z
5324,5324,ac8ee831c9566569b8a58298983ee7e7ff30e4d8,dubbo-dependencies-bom/pom.xml,2024-07-02T06:27:45Z
5328,5328,3e4fda20bba18f0a85340c86ae8ccbb004c7ea84,dubbo-metadata/dubbo-metadata-processor/pom.xml,2024-04-08T08:34:36Z
5330,5330,cd34cc5acece90fc95767bcd457c98403bc8aca2,dubbo-registry/dubbo-registry-api/src/main/java/org/apache/dubbo/registry/client/metadata/proxy/MetadataServiceProxyFactory.java,2020-07-07T03:43:38Z
5330,5330,cd34cc5acece90fc95767bcd457c98403bc8aca2,dubbo-registry/dubbo-registry-api/src/main/java/org/apache/dubbo/registry/client/metadata/proxy/RemoteMetadataServiceProxy.java,2020-07-07T03:43:38Z
5337,5337,05cecc55bccc5c4ab985f7bab3b3c63e7380ed01,dubbo-config/dubbo-config-spring/src/main/resources/META-INF/dubbo.xsd,2024-02-02T06:10:23Z
5340,5340,00812ce41c44be6e5cd5e2b8e5bf602f806bbbca,dubbo-common/src/main/java/org/apache/dubbo/common/utils/StringUtils.java,2024-03-29T03:40:06Z
5340,5340,00812ce41c44be6e5cd5e2b8e5bf602f806bbbca,dubbo-plugin/dubbo-qos/src/main/java/org/apache/dubbo/qos/textui/TTable.java,2024-03-29T03:40:06Z
5340,5340,00812ce41c44be6e5cd5e2b8e5bf602f806bbbca,dubbo-plugin/dubbo-qos/src/main/java/org/apache/dubbo/qos/textui/TTree.java,2024-03-29T03:40:06Z
5346,5346,8bdecea7ef808d19f0449dd43ec85ba8dbaeeb26,dubbo-registry/dubbo-registry-consul/src/main/java/org/apache/dubbo/registry/consul/ConsulServiceDiscovery.java,2020-08-17T05:38:04Z
5348,5348,523a4189b8a7233c926eab1218daf627a3e870b8,dubbo-common/src/main/java/org/apache/dubbo/common/constants/CommonConstants.java,2024-06-04T14:59:16Z
5351,5351,80b145db3e09c947f0b731776ec66694bafc4846,dubbo-config/dubbo-config-api/pom.xml,2024-05-14T03:48:31Z
5352,5352,0a1ad55bff34c8cffc066c4ab26ac8466691a4f4,dubbo-common/src/main/java/org/apache/dubbo/common/constants/RegistryConstants.java,2024-04-22T11:42:47Z
5353,5353,766d0cfa894f95f0bddc5bfb397ec6656c517069,dubbo-config/dubbo-config-spring/src/main/java/org/apache/dubbo/config/spring/context/annotation/DubboConfigConfigurationRegistrar.java,2022-07-14T02:06:54Z
5356,5356,00812ce41c44be6e5cd5e2b8e5bf602f806bbbca,dubbo-config/dubbo-config-api/src/main/java/org/apache/dubbo/config/ServiceConfig.java,2024-03-29T03:40:06Z
5356,5356,00812ce41c44be6e5cd5e2b8e5bf602f806bbbca,dubbo-container/dubbo-container-api/src/main/java/org/apache/dubbo/container/Main.java,2024-03-29T03:40:06Z
5356,5356,00812ce41c44be6e5cd5e2b8e5bf602f806bbbca,dubbo-monitor/dubbo-monitor-api/src/main/java/org/apache/dubbo/monitor/support/AbstractMonitorFactory.java,2024-03-29T03:40:06Z
5356,5356,00812ce41c44be6e5cd5e2b8e5bf602f806bbbca,dubbo-remoting/dubbo-remoting-http/src/main/java/org/apache/dubbo/remoting/http/servlet/DispatcherServlet.java,2024-03-29T03:40:06Z
5356,5356,00812ce41c44be6e5cd5e2b8e5bf602f806bbbca,dubbo-rpc/dubbo-rpc-api/src/main/java/org/apache/dubbo/rpc/filter/DeprecatedFilter.java,2024-03-29T03:40:06Z
5357,5357,80b145db3e09c947f0b731776ec66694bafc4846,dubbo-config/dubbo-config-api/pom.xml,2024-05-14T03:48:31Z
5358,5358,d6f9d8d38fb6ac804cb8375f4770079337279538,dubbo-configcenter/dubbo-configcenter-apollo/src/main/java/org/apache/dubbo/configcenter/support/apollo/ApolloDynamicConfiguration.java,2023-04-19T10:33:13Z
5362,5362,b74cf5be3f427867e69832e74f83d6aaa9276708,dubbo-rpc/dubbo-rpc-api/src/test/java/org/apache/dubbo/rpc/support/RpcUtilsTest.java,2023-11-15T06:05:17Z
5366,5366,d6f9d8d38fb6ac804cb8375f4770079337279538,dubbo-configcenter/dubbo-configcenter-apollo/src/main/java/org/apache/dubbo/configcenter/support/apollo/ApolloDynamicConfiguration.java,2023-04-19T10:33:13Z
5367,5367,912deb69a8ee5f043a222ddeb2eef1e23d46957f,dubbo-remoting/dubbo-remoting-http/pom.xml,2023-04-05T06:10:53Z
5371,5371,1bdbfd864740f6023762b788c7ae0d42f00fd5d6,dubbo-cluster/src/main/java/org/apache/dubbo/rpc/cluster/support/MergeableClusterInvoker.java,2024-01-02T10:58:43Z
5377,5377,ac8ee831c9566569b8a58298983ee7e7ff30e4d8,dubbo-dependencies-bom/pom.xml,2024-07-02T06:27:45Z
5380,5380,7d5fa50783c5321447368230ca75138425697459,dubbo-common/src/main/java/org/apache/dubbo/common/store/support/SimpleDataStore.java,2024-06-24T01:26:45Z
5386,5386,11d5bd9ffadf11af0d13e6ab478829b4ae3c8572,pom.xml,2024-06-24T09:54:45Z
5390,5390,286fb12b011fd878b3d44ff6985e082e2141a164,dubbo-rpc/dubbo-rpc-api/src/main/java/com/alibaba/dubbo/rpc/filter/GenericFilter.java,2018-06-01T07:02:53Z
5395,5395,ac8ee831c9566569b8a58298983ee7e7ff30e4d8,dubbo-dependencies-bom/pom.xml,2024-07-02T06:27:45Z
5402,5402,00812ce41c44be6e5cd5e2b8e5bf602f806bbbca,dubbo-metadata/dubbo-metadata-report-nacos/src/main/java/org/apache/dubbo/metadata/store/nacos/NacosMetadataReport.java,2024-03-29T03:40:06Z
5403,5403,61d73896039a97074a893303ace428d087aa0016,dubbo-rpc/dubbo-rpc-api/src/main/java/org/apache/dubbo/rpc/proxy/InvokerInvocationHandler.java,2022-08-09T01:58:20Z
5409,5409,8bdecea7ef808d19f0449dd43ec85ba8dbaeeb26,dubbo-rpc/dubbo-rpc-http/src/main/java/org/apache/dubbo/rpc/protocol/http/HttpProtocol.java,2020-08-17T05:38:04Z
5409,5409,8bdecea7ef808d19f0449dd43ec85ba8dbaeeb26,dubbo-rpc/dubbo-rpc-http/src/main/java/org/apache/dubbo/rpc/protocol/http/HttpProtocolErrorCode.java,2020-08-17T05:38:04Z
5412,5412,523a4189b8a7233c926eab1218daf627a3e870b8,dubbo-common/src/main/java/org/apache/dubbo/common/constants/CommonConstants.java,2024-06-04T14:59:16Z
5413,5413,da5c7ed33dd2ca53946b228f105453ccb0d80b93,dubbo-rpc/dubbo-rpc-dubbo/src/main/java/org/apache/dubbo/rpc/protocol/dubbo/DecodeableRpcInvocation.java,2023-09-25T01:40:18Z
5414,5414,617dbd3fdde72e5e9e4ea813e7cc7c6e86214926,dubbo-config/dubbo-config-api/src/main/java/org/apache/dubbo/config/bootstrap/builders/ProtocolBuilder.java,2023-12-25T11:17:48Z
5416,5416,06d29f12ea2c4648188a433f524041e5c64a1cee,NOTICE,2024-01-02T10:50:56Z
5417,5417,0d879666b4fc6163f42fcec2838633bb9f99a482,dubbo-common/src/test/java/org/apache/dubbo/config/context/ConfigManagerTest.java,2023-12-04T13:32:50Z
5418,5418,25c2b3808a03a42c9d2cb2ca3e715b5f9ac043e5,dubbo-registry/dubbo-registry-api/src/main/java/org/apache/dubbo/registry/support/AbstractRegistry.java,2023-06-21T01:23:40Z
5419,5419,9af6fbf1d0d1456c18bd23bc10e447589616e98c,dubbo-common/src/main/java/org/apache/dubbo/config/context/ConfigManager.java,2023-06-07T07:54:40Z
5421,5421,8bdecea7ef808d19f0449dd43ec85ba8dbaeeb26,dubbo-configcenter/dubbo-configcenter-etcd/pom.xml,2020-08-17T05:38:04Z
5421,5421,8bdecea7ef808d19f0449dd43ec85ba8dbaeeb26,dubbo-metadata/dubbo-metadata-report-etcd/pom.xml,2020-08-17T05:38:04Z
5421,5421,8bdecea7ef808d19f0449dd43ec85ba8dbaeeb26,dubbo-registry/dubbo-registry-consul/pom.xml,2020-08-17T05:38:04Z
5421,5421,8bdecea7ef808d19f0449dd43ec85ba8dbaeeb26,dubbo-remoting/dubbo-remoting-etcd3/pom.xml,2020-08-17T05:38:04Z
5422,5422,06d29f12ea2c4648188a433f524041e5c64a1cee,NOTICE,2024-01-02T10:50:56Z
5423,5423,f224fc5a47ae87817a91241109f1fcab1fee1539,dubbo-registry/dubbo-registry-api/src/main/java/org/apache/dubbo/registry/integration/RegistryProtocol.java,2024-07-03T02:12:33Z
5427,5427,0d879666b4fc6163f42fcec2838633bb9f99a482,dubbo-common/src/test/java/org/apache/dubbo/config/context/ConfigManagerTest.java,2023-12-04T13:32:50Z
5428,5428,dfd135eb95d92ffc3519426b812e274f43b49e9d,dubbo-common/src/main/java/org/apache/dubbo/common/URL.java,2024-05-08T06:09:08Z
5430,5430,dfd135eb95d92ffc3519426b812e274f43b49e9d,dubbo-common/src/main/java/org/apache/dubbo/common/URL.java,2024-05-08T06:09:08Z
5434,5434,ec443043e2da83d946943baabf7f122f9efc0dcc,dubbo-config/dubbo-config-api/src/main/java/org/apache/dubbo/config/ReferenceConfig.java,2024-04-01T03:03:29Z
5435,5435,77e6708ebd8d8d2165d004b1a5a74eda60d40c4c,dubbo-cluster/src/main/java/org/apache/dubbo/rpc/cluster/router/condition/config/ServiceRouter.java,2021-12-27T08:00:22Z
5438,5438,79a1cca4ef1d583d2ae2c8e3f16eeea5881712cc,dubbo-config/dubbo-config-spring/src/main/java/org/apache/dubbo/config/spring/ReferenceBean.java,2024-07-04T07:14:55Z
5440,5440,00812ce41c44be6e5cd5e2b8e5bf602f806bbbca,dubbo-cluster/src/main/java/org/apache/dubbo/rpc/cluster/loadbalance/ConsistentHashLoadBalance.java,2024-03-29T03:40:06Z
5441,5441,0d785f1346f48abf34a1a7690b437c3615780beb,dubbo-all/pom.xml,2020-07-22T06:45:08Z
5448,5448,00812ce41c44be6e5cd5e2b8e5bf602f806bbbca,dubbo-common/src/main/java/org/apache/dubbo/common/utils/StringUtils.java,2024-03-29T03:40:06Z
5449,5449,0d879666b4fc6163f42fcec2838633bb9f99a482,dubbo-common/src/test/java/org/apache/dubbo/config/context/ConfigManagerTest.java,2023-12-04T13:32:50Z
5450,5450,43d48bd6caf95f61f4e879a5be8b5560a55daee9,dubbo-registry/dubbo-registry-api/src/main/java/org/apache/dubbo/registry/support/AbstractRegistryFactory.java,2022-09-19T06:31:03Z
5451,5451,e21244a43171c0187b0295fd9ba811155ebb1acd,dubbo-common/src/main/java/org/apache/dubbo/common/config/ConfigurationUtils.java,2024-05-21T02:20:51Z
5452,5452,43d48bd6caf95f61f4e879a5be8b5560a55daee9,dubbo-registry/dubbo-registry-api/src/main/java/org/apache/dubbo/registry/support/AbstractRegistryFactory.java,2022-09-19T06:31:03Z
5454,5454,0d91d419a8b25a9917a03dc68a3eb5069ac856ea,dubbo-config/dubbo-config-spring/src/main/java/org/apache/dubbo/config/spring/beans/factory/annotation/ReferenceAnnotationBeanPostProcessor.java,2023-10-19T07:25:40Z
5455,5455,523a4189b8a7233c926eab1218daf627a3e870b8,dubbo-common/src/main/java/org/apache/dubbo/common/constants/CommonConstants.java,2024-06-04T14:59:16Z
5456,5456,dfd135eb95d92ffc3519426b812e274f43b49e9d,dubbo-config/dubbo-config-api/src/main/java/org/apache/dubbo/config/utils/ConfigValidationUtils.java,2024-05-08T06:09:08Z
5459,5459,dfd135eb95d92ffc3519426b812e274f43b49e9d,dubbo-config/dubbo-config-api/src/main/java/org/apache/dubbo/config/utils/ConfigValidationUtils.java,2024-05-08T06:09:08Z
5460,5460,00812ce41c44be6e5cd5e2b8e5bf602f806bbbca,dubbo-common/src/main/java/org/apache/dubbo/common/utils/StringUtils.java,2024-03-29T03:40:06Z
5465,5465,dfd135eb95d92ffc3519426b812e274f43b49e9d,dubbo-common/src/main/java/org/apache/dubbo/common/URL.java,2024-05-08T06:09:08Z
5465,5465,dfd135eb95d92ffc3519426b812e274f43b49e9d,dubbo-common/src/test/java/org/apache/dubbo/common/URLTest.java,2024-05-08T06:09:08Z
5467,5467,b8ea46d0389ec3bc4143c5d6df148fb6a72d033a,dubbo-rpc/dubbo-rpc-api/src/main/java/org/apache/dubbo/rpc/proxy/javassist/JavassistProxyFactory.java,2023-01-04T09:36:49Z
5469,5469,8bdecea7ef808d19f0449dd43ec85ba8dbaeeb26,dubbo-registry/dubbo-registry-eureka/src/main/java/org/apache/dubbo/registry/eureka/EurekaServiceDiscovery.java,2020-08-17T05:38:04Z
5473,5473,e436f1eee9871d0a22b7768fced722ccebc0707e,dubbo-plugin/dubbo-qos/src/main/java/org/apache/dubbo/qos/server/Server.java,2023-09-01T07:07:39Z
5476,5476,730695a7a26967889405b12fc54099bb006c8231,dubbo-common/src/main/java/org/apache/dubbo/common/config/configcenter/DynamicConfiguration.java,2023-11-07T07:40:13Z
5478,5478,0bfd54cea412fef92e0ec36b2dc18136c4c3d4e0,dubbo-remoting/dubbo-remoting-netty4/src/main/java/org/apache/dubbo/remoting/transport/netty4/NettyServer.java,2023-09-01T05:03:33Z
5481,5481,ec443043e2da83d946943baabf7f122f9efc0dcc,dubbo-config/dubbo-config-api/src/main/java/org/apache/dubbo/config/ReferenceConfig.java,2024-04-01T03:03:29Z
5482,5482,e07e5e294b0bc96ada4ed868cfae1307b3872462,dubbo-monitor/dubbo-monitor-api/src/main/java/org/apache/dubbo/monitor/support/MonitorFilter.java,2023-06-13T12:25:25Z
5484,5484,43d48bd6caf95f61f4e879a5be8b5560a55daee9,dubbo-registry/dubbo-registry-api/src/main/java/org/apache/dubbo/registry/support/AbstractRegistryFactory.java,2022-09-19T06:31:03Z
5486,5486,3160602072c198728cca48e449984a4e596e7c37,dubbo-common/src/main/java/org/apache/dubbo/rpc/model/ApplicationModel.java,2023-06-19T01:34:06Z
5486,5486,3160602072c198728cca48e449984a4e596e7c37,dubbo-config/dubbo-config-api/src/main/java/org/apache/dubbo/config/bootstrap/DubboBootstrap.java,2023-06-19T01:34:06Z
5488,5488,523a4189b8a7233c926eab1218daf627a3e870b8,dubbo-common/src/main/java/org/apache/dubbo/common/Version.java,2024-06-04T14:59:16Z
5490,5490,c10d95b56a48e88d9014238a56e7ee1ea18a33d2,dubbo-rpc/dubbo-rpc-api/src/main/java/org/apache/dubbo/rpc/AsyncRpcResult.java,2023-10-11T15:32:30Z
5491,5491,dfd135eb95d92ffc3519426b812e274f43b49e9d,dubbo-common/src/main/java/org/apache/dubbo/common/URL.java,2024-05-08T06:09:08Z
5492,5492,dfd135eb95d92ffc3519426b812e274f43b49e9d,dubbo-common/src/main/java/org/apache/dubbo/common/URL.java,2024-05-08T06:09:08Z
5492,5492,dfd135eb95d92ffc3519426b812e274f43b49e9d,dubbo-common/src/test/java/org/apache/dubbo/common/URLTest.java,2024-05-08T06:09:08Z
5494,5494,ec443043e2da83d946943baabf7f122f9efc0dcc,dubbo-config/dubbo-config-api/src/main/java/org/apache/dubbo/config/ReferenceConfig.java,2024-04-01T03:03:29Z
5496,5496,0d91d419a8b25a9917a03dc68a3eb5069ac856ea,dubbo-config/dubbo-config-spring/src/test/java/org/apache/dubbo/config/spring/context/annotation/EnableDubboTest.java,2023-10-19T07:25:40Z
5497,5497,00812ce41c44be6e5cd5e2b8e5bf602f806bbbca,dubbo-common/src/main/java/org/apache/dubbo/config/AbstractInterfaceConfig.java,2024-03-29T03:40:06Z
5498,5498,00812ce41c44be6e5cd5e2b8e5bf602f806bbbca,dubbo-config/dubbo-config-api/src/main/java/org/apache/dubbo/config/ServiceConfig.java,2024-03-29T03:40:06Z
5499,5499,54b0d7e3f4bc8f348c6260f649c6e3174d5b8a03,dubbo-bom/pom.xml,2020-02-28T08:53:26Z
5501,5501,a1642ac07a838e31bab952d972be62c007a95a34,dubbo-common/src/main/java/org/apache/dubbo/common/utils/ReflectUtils.java,2023-11-20T02:51:25Z
5503,5503,412471a98f5503905960893ea9ddac70a7e197a8,dubbo-config/dubbo-config-spring/src/main/java/org/apache/dubbo/config/spring/schema/DubboNamespaceHandler.java,2023-04-11T07:14:48Z
5504,5504,6ad735d74a7f1c5d694f212061e04af9c90a8d3b,dubbo-config/dubbo-config-api/src/main/java/org/apache/dubbo/config/DubboShutdownHook.java,2023-07-03T02:16:14Z
5506,5506,ec443043e2da83d946943baabf7f122f9efc0dcc,dubbo-config/dubbo-config-api/src/main/java/org/apache/dubbo/config/ReferenceConfig.java,2024-04-01T03:03:29Z
5508,5508,f2dbc84cac0fab7c89033813a2f7cf5359314dd7,dubbo-filter/dubbo-filter-validation/src/main/java/org/apache/dubbo/validation/support/jvalidation/JValidator.java,2023-09-20T01:44:23Z
5509,5509,0a1ad55bff34c8cffc066c4ab26ac8466691a4f4,dubbo-registry/dubbo-registry-nacos/src/main/java/org/apache/dubbo/registry/nacos/NacosRegistry.java,2024-04-22T11:42:47Z
5512,5512,dfd135eb95d92ffc3519426b812e274f43b49e9d,dubbo-common/src/main/java/org/apache/dubbo/common/URL.java,2024-05-08T06:09:08Z
5513,5513,02e486a1dccef10a03b81575fb3b7158d3cd9299,dubbo-remoting/dubbo-remoting-api/src/main/java/org/apache/dubbo/remoting/Constants.java,2023-10-18T03:38:57Z
5514,5514,af566233dbb9673c9da18b545133bfaca0bd5bf5,dubbo-common/src/main/java/org/apache/dubbo/config/AbstractConfig.java,2023-09-03T02:36:26Z
5515,5515,502b4c86dffbc0de3863a5e41ed7b9f633450c1c,dubbo-rpc/dubbo-rpc-grpc/src/main/java/org/apache/dubbo/rpc/protocol/grpc/GrpcInvoker.java,2023-02-13T13:16:52Z
5515,5515,502b4c86dffbc0de3863a5e41ed7b9f633450c1c,dubbo-rpc/dubbo-rpc-grpc/src/main/java/org/apache/dubbo/rpc/protocol/grpc/GrpcProtocol.java,2023-02-13T13:16:52Z
5515,5515,502b4c86dffbc0de3863a5e41ed7b9f633450c1c,dubbo-rpc/dubbo-rpc-grpc/src/main/java/org/apache/dubbo/rpc/protocol/grpc/ReferenceCountManagedChannel.java,2023-02-13T13:16:52Z
5516,5516,e79e0214cb4c0121fd8370b4074ed3d8f23934f4,dubbo-common/src/main/java/org/apache/dubbo/config/ServiceConfigBase.java,2023-06-22T06:30:06Z
5517,5517,6ad735d74a7f1c5d694f212061e04af9c90a8d3b,dubbo-config/dubbo-config-api/src/main/java/org/apache/dubbo/config/DubboShutdownHook.java,2023-07-03T02:16:14Z
5518,5518,3160602072c198728cca48e449984a4e596e7c37,dubbo-config/dubbo-config-api/src/main/java/org/apache/dubbo/config/bootstrap/DubboBootstrap.java,2023-06-19T01:34:06Z
5521,5521,0bfd54cea412fef92e0ec36b2dc18136c4c3d4e0,dubbo-remoting/dubbo-remoting-netty4/src/main/java/org/apache/dubbo/remoting/transport/netty4/NettyServer.java,2023-09-01T05:03:33Z
5523,5523,aa54350c6f5abd0803ace8c14b9a731b69100d03,dubbo-registry/dubbo-registry-api/src/main/java/org/apache/dubbo/registry/integration/RegistryDirectory.java,2023-07-31T11:11:49Z
5524,5524,00812ce41c44be6e5cd5e2b8e5bf602f806bbbca,dubbo-common/src/main/java/org/apache/dubbo/config/AbstractInterfaceConfig.java,2024-03-29T03:40:06Z
5525,5525,1efe576197f2bfe9ded1f9d80fdde0663e31c5dc,dubbo-common/src/test/java/org/apache/dubbo/rpc/support/ProtocolUtilsTest.java,2022-11-22T06:23:29Z
5526,5526,12febcfbf505c926070686a4d4318812b1ed1938,dubbo-common/src/main/java/org/apache/dubbo/common/utils/NetUtils.java,2023-03-25T07:42:33Z
5527,5527,e554427a1a50e40cb5e89ba5014eb8b90fe1fdab,dubbo-rpc/dubbo-rpc-api/src/main/java/org/apache/dubbo/rpc/ListenableFilter.java,2021-12-27T02:24:09Z
5528,5528,730695a7a26967889405b12fc54099bb006c8231,dubbo-cluster/src/main/java/org/apache/dubbo/rpc/cluster/support/wrapper/AbstractCluster.java,2023-11-07T07:40:13Z
5529,5529,00812ce41c44be6e5cd5e2b8e5bf602f806bbbca,dubbo-common/src/main/java/org/apache/dubbo/rpc/model/ProviderModel.java,2024-03-29T03:40:06Z
5530,5530,6b3f54383f4b6102215e33ea879a389dff0fd1eb,README.md,2024-04-11T08:47:51Z
5532,5532,71b9f6aa06afaa17a7cbdff0eeefda3757c0a638,dubbo-rpc/dubbo-rpc-dubbo/src/main/java/org/apache/dubbo/rpc/protocol/dubbo/LazyConnectExchangeClient.java,2022-11-07T09:40:15Z
5533,5533,523a4189b8a7233c926eab1218daf627a3e870b8,dubbo-common/src/main/java/org/apache/dubbo/common/constants/CommonConstants.java,2024-06-04T14:59:16Z
5535,5535,00812ce41c44be6e5cd5e2b8e5bf602f806bbbca,dubbo-remoting/dubbo-remoting-api/src/main/java/org/apache/dubbo/remoting/telnet/codec/TelnetCodec.java,2024-03-29T03:40:06Z
5539,5539,393084352ea74dedf7824ac54723ada0ec4e5489,dubbo-common/src/main/java/org/apache/dubbo/rpc/model/ConsumerModel.java,2022-07-15T07:34:05Z
5540,5540,e6e68f6b8486ecc81973ad1a8b90b874c85086fe,dubbo-common/src/main/java/org/apache/dubbo/common/threadpool/ThreadlessExecutor.java,2023-06-13T02:27:38Z
5541,5541,faefee2cb2b64e10ff4f874f6da6e032d84f0ff2,dubbo-rpc/dubbo-rpc-api/src/main/java/org/apache/dubbo/rpc/support/RpcUtils.java,2024-05-08T03:51:00Z
5542,5542,12febcfbf505c926070686a4d4318812b1ed1938,dubbo-common/src/main/java/org/apache/dubbo/common/utils/NetUtils.java,2023-03-25T07:42:33Z
5546,5546,523a4189b8a7233c926eab1218daf627a3e870b8,dubbo-common/src/main/java/org/apache/dubbo/common/constants/CommonConstants.java,2024-06-04T14:59:16Z
5547,5547,e07e5e294b0bc96ada4ed868cfae1307b3872462,dubbo-plugin/dubbo-auth/src/main/java/org/apache/dubbo/auth/AccessKeyAuthenticator.java,2023-06-13T12:25:25Z
5548,5548,8bdecea7ef808d19f0449dd43ec85ba8dbaeeb26,dubbo-registry/dubbo-registry-etcd3/src/main/java/org/apache/dubbo/registry/etcd/EtcdServiceDiscovery.java,2020-08-17T05:38:04Z
5549,5549,e6e68f6b8486ecc81973ad1a8b90b874c85086fe,dubbo-common/src/main/java/org/apache/dubbo/common/threadpool/ThreadlessExecutor.java,2023-06-13T02:27:38Z
5550,5550,ec443043e2da83d946943baabf7f122f9efc0dcc,dubbo-config/dubbo-config-api/src/main/java/org/apache/dubbo/config/ReferenceConfig.java,2024-04-01T03:03:29Z
5553,5553,79a1cca4ef1d583d2ae2c8e3f16eeea5881712cc,dubbo-config/dubbo-config-spring/src/main/java/org/apache/dubbo/config/spring/ReferenceBean.java,2024-07-04T07:14:55Z
5555,5555,25548c345bdfc1dcf222b68c2057cd472e2b74a0,dubbo-common/src/main/java/org/apache/dubbo/common/utils/PojoUtils.java,2023-05-26T07:32:54Z
5556,5556,00812ce41c44be6e5cd5e2b8e5bf602f806bbbca,dubbo-rpc/dubbo-rpc-dubbo/src/main/java/org/apache/dubbo/rpc/protocol/dubbo/DubboProtocol.java,2024-03-29T03:40:06Z
5558,5558,8bc9257f4e09b2937e21842b90984dfcaefe97b6,dubbo-common/src/main/java/org/apache/dubbo/rpc/support/ProtocolUtils.java,2021-06-01T06:14:35Z
5559,5559,00812ce41c44be6e5cd5e2b8e5bf602f806bbbca,dubbo-common/src/main/java/org/apache/dubbo/config/AbstractInterfaceConfig.java,2024-03-29T03:40:06Z
5561,5561,e026b5bb596bbc48fa89bbf756cba504d52bed1d,dubbo-serialization/dubbo-serialization-api/src/main/java/org/apache/dubbo/common/serialize/ObjectInput.java,2023-07-06T09:57:11Z
5562,5562,914c3777bb4a8b6f7835dc6eb99d3f9dc17f459d,dubbo-serialization/dubbo-serialization-api/src/main/java/org/apache/dubbo/common/serialize/support/SerializableClassRegistry.java,2021-09-14T05:58:18Z
5565,5565,0d749715efb93696178ee94e79341f58eec47078,dubbo-cluster/src/main/java/org/apache/dubbo/rpc/cluster/CacheableRouterFactory.java,2023-01-20T03:27:55Z
5566,5566,8bdecea7ef808d19f0449dd43ec85ba8dbaeeb26,dubbo-rpc/dubbo-rpc-rmi/src/main/java/com/alibaba/dubbo/rpc/protocol/rmi/RmiRemoteInvocation.java,2020-08-17T05:38:04Z
5567,5567,8bdecea7ef808d19f0449dd43ec85ba8dbaeeb26,dubbo-rpc/dubbo-rpc-rmi/src/main/java/org/apache/dubbo/rpc/protocol/rmi/RmiProtocol.java,2020-08-17T05:38:04Z
5568,5568,ac8ee831c9566569b8a58298983ee7e7ff30e4d8,dubbo-dependencies-bom/pom.xml,2024-07-02T06:27:45Z
5569,5569,00812ce41c44be6e5cd5e2b8e5bf602f806bbbca,dubbo-rpc/dubbo-rpc-dubbo/src/main/java/org/apache/dubbo/rpc/protocol/dubbo/DubboProtocol.java,2024-03-29T03:40:06Z
5570,5570,ac8ee831c9566569b8a58298983ee7e7ff30e4d8,dubbo-dependencies-bom/pom.xml,2024-07-02T06:27:45Z
5571,5571,523a4189b8a7233c926eab1218daf627a3e870b8,dubbo-common/src/main/java/org/apache/dubbo/common/constants/CommonConstants.java,2024-06-04T14:59:16Z
5572,5572,ed9e26f0176610e49bc0c8deba9788b7ae1147b5,dubbo-common/src/main/java/org/apache/dubbo/common/utils/CollectionUtils.java,2023-02-28T08:05:25Z
5573,5573,00812ce41c44be6e5cd5e2b8e5bf602f806bbbca,dubbo-rpc/dubbo-rpc-dubbo/src/main/java/org/apache/dubbo/rpc/protocol/dubbo/DubboProtocol.java,2024-03-29T03:40:06Z
5574,5574,a1642ac07a838e31bab952d972be62c007a95a34,dubbo-common/src/main/java/org/apache/dubbo/common/utils/ReflectUtils.java,2023-11-20T02:51:25Z
5575,5575,00812ce41c44be6e5cd5e2b8e5bf602f806bbbca,dubbo-common/src/main/java/org/apache/dubbo/common/utils/IOUtils.java,2024-03-29T03:40:06Z
5577,5577,00812ce41c44be6e5cd5e2b8e5bf602f806bbbca,dubbo-common/src/main/java/org/apache/dubbo/common/utils/UrlUtils.java,2024-03-29T03:40:06Z
5578,5578,e1a04777039be9ba6d360a0bf566f316ea47d3f3,dubbo-common/src/main/java/org/apache/dubbo/common/utils/MethodUtils.java,2022-06-28T08:48:29Z
5579,5579,c24eca7e1edefed758a0123c0141da21ed708a42,.gitignore,2024-05-08T03:06:02Z
5580,5580,00812ce41c44be6e5cd5e2b8e5bf602f806bbbca,dubbo-config/dubbo-config-api/src/main/java/org/apache/dubbo/config/ServiceConfig.java,2024-03-29T03:40:06Z
5581,5581,f224fc5a47ae87817a91241109f1fcab1fee1539,dubbo-registry/dubbo-registry-api/src/main/java/org/apache/dubbo/registry/integration/RegistryProtocol.java,2024-07-03T02:12:33Z
5582,5582,11d5bd9ffadf11af0d13e6ab478829b4ae3c8572,pom.xml,2024-06-24T09:54:45Z
5584,5584,730695a7a26967889405b12fc54099bb006c8231,dubbo-cluster/src/main/java/org/apache/dubbo/rpc/cluster/configurator/parser/ConfigParser.java,2023-11-07T07:40:13Z
5585,5585,730695a7a26967889405b12fc54099bb006c8231,dubbo-cluster/src/main/java/org/apache/dubbo/rpc/cluster/configurator/parser/ConfigParser.java,2023-11-07T07:40:13Z
5586,5586,00812ce41c44be6e5cd5e2b8e5bf602f806bbbca,dubbo-common/src/main/java/org/apache/dubbo/common/utils/IOUtils.java,2024-03-29T03:40:06Z
5587,5587,00812ce41c44be6e5cd5e2b8e5bf602f806bbbca,dubbo-cluster/src/main/java/org/apache/dubbo/rpc/cluster/configurator/AbstractConfigurator.java,2024-03-29T03:40:06Z
5589,5589,7d5fa50783c5321447368230ca75138425697459,dubbo-common/src/main/java/org/apache/dubbo/config/Constants.java,2024-06-24T01:26:45Z
5593,5593,0d91d419a8b25a9917a03dc68a3eb5069ac856ea,dubbo-common/src/main/java/org/apache/dubbo/common/extension/ExtensionLoader.java,2023-10-19T07:25:40Z
5596,5596,393084352ea74dedf7824ac54723ada0ec4e5489,dubbo-common/src/main/java/org/apache/dubbo/rpc/model/ConsumerModel.java,2022-07-15T07:34:05Z
5597,5597,00812ce41c44be6e5cd5e2b8e5bf602f806bbbca,dubbo-common/src/main/java/org/apache/dubbo/common/utils/UrlUtils.java,2024-03-29T03:40:06Z
5598,5598,f1af604e7e9791921f918fdb84750588cf0e3a15,dubbo-serialization/dubbo-serialization-api/src/main/java/org/apache/dubbo/common/serialize/Constants.java,2022-07-15T02:18:41Z
5601,5601,08205284b8e107b61d4db9959dc760b78b1af1a5,dubbo-config/dubbo-config-api/src/main/java/com/alibaba/dubbo/config/ReferenceConfig.java,2018-06-14T01:06:28Z
5602,5602,7e51047cb084a9f9b09d934cf058074c534503f4,dubbo-common/src/test/java/org/apache/dubbo/common/config/configcenter/AbstractDynamicConfigurationTest.java,2023-02-27T12:09:15Z
5605,5605,6b3f54383f4b6102215e33ea879a389dff0fd1eb,README.md,2024-04-11T08:47:51Z
5607,5607,02a59e2f4074889500ea29130b82aa80ced44d5e,dubbo-rpc/dubbo-rpc-api/src/test/java/org/apache/dubbo/rpc/RpcContextTest.java,2023-02-22T06:02:16Z
5608,5608,25c2b3808a03a42c9d2cb2ca3e715b5f9ac043e5,dubbo-registry/dubbo-registry-api/src/main/java/org/apache/dubbo/registry/support/AbstractRegistry.java,2023-06-21T01:23:40Z
5611,5611,d0454fdbef0b7724cf5747a276f292eb14c8ab05,dubbo-config/dubbo-config-spring/src/main/java/org/apache/dubbo/config/spring/beans/factory/annotation/ServiceAnnotationBeanPostProcessor.java,2021-06-08T08:44:54Z
5612,5612,11d5bd9ffadf11af0d13e6ab478829b4ae3c8572,pom.xml,2024-06-24T09:54:45Z
5613,5613,f224fc5a47ae87817a91241109f1fcab1fee1539,dubbo-registry/dubbo-registry-api/src/main/java/org/apache/dubbo/registry/integration/RegistryProtocol.java,2024-07-03T02:12:33Z
5614,5614,0fc93d03456210839d95093ec4f2677e8f35677e,.travis.yml,2023-01-25T00:11:33Z
5617,5617,3160602072c198728cca48e449984a4e596e7c37,dubbo-config/dubbo-config-api/src/main/java/org/apache/dubbo/config/bootstrap/DubboBootstrap.java,2023-06-19T01:34:06Z
5622,5622,8bdecea7ef808d19f0449dd43ec85ba8dbaeeb26,dubbo-registry/dubbo-registry-redis/src/main/java/org/apache/dubbo/registry/redis/RedisRegistry.java,2020-08-17T05:38:04Z
5623,5623,966efaab85a30d3d9339093381a7b069c2d71c64,dubbo-rpc/dubbo-rpc-api/src/main/java/org/apache/dubbo/rpc/filter/ExceptionFilter.java,2024-01-10T03:27:48Z
5631,5631,02a366c64fd0642cef513c9451a94934122357e2,dubbo-config/dubbo-config-spring/src/main/java/org/apache/dubbo/config/spring/context/annotation/DubboLifecycleComponentRegistrar.java,2021-07-08T14:13:23Z
5635,5635,a1642ac07a838e31bab952d972be62c007a95a34,dubbo-common/src/main/java/org/apache/dubbo/common/utils/ReflectUtils.java,2023-11-20T02:51:25Z
5636,5636,e79e0214cb4c0121fd8370b4074ed3d8f23934f4,dubbo-common/src/main/java/org/apache/dubbo/config/ServiceConfigBase.java,2023-06-22T06:30:06Z
5637,5637,e21244a43171c0187b0295fd9ba811155ebb1acd,dubbo-common/src/main/java/org/apache/dubbo/common/config/ConfigurationUtils.java,2024-05-21T02:20:51Z
5639,5639,966efaab85a30d3d9339093381a7b069c2d71c64,dubbo-rpc/dubbo-rpc-api/src/main/java/org/apache/dubbo/rpc/filter/ExceptionFilter.java,2024-01-10T03:27:48Z
5642,5642,523a4189b8a7233c926eab1218daf627a3e870b8,dubbo-common/src/main/java/org/apache/dubbo/common/constants/CommonConstants.java,2024-06-04T14:59:16Z
5643,5643,730695a7a26967889405b12fc54099bb006c8231,dubbo-cluster/src/main/java/org/apache/dubbo/rpc/cluster/support/registry/ZoneAwareClusterInvoker.java,2023-11-07T07:40:13Z
5646,5646,bc85a3f29a01e44fb415b0647ac755c319f3fcac,dubbo-common/src/main/java/org/apache/dubbo/common/threadpool/manager/ExecutorRepository.java,2023-04-11T08:10:06Z
5649,5649,730695a7a26967889405b12fc54099bb006c8231,dubbo-cluster/src/main/java/org/apache/dubbo/rpc/cluster/Constants.java,2023-11-07T07:40:13Z
5650,5650,3160602072c198728cca48e449984a4e596e7c37,dubbo-config/dubbo-config-api/src/main/java/org/apache/dubbo/config/bootstrap/DubboBootstrap.java,2023-06-19T01:34:06Z
5651,5651,988768e589c703e2396b078657d81d6f9549735a,dubbo-rpc/dubbo-rpc-api/src/main/java/org/apache/dubbo/rpc/proxy/AbstractProxyInvoker.java,2023-02-16T02:09:10Z
5656,5656,ec443043e2da83d946943baabf7f122f9efc0dcc,dubbo-config/dubbo-config-api/src/main/java/org/apache/dubbo/config/ReferenceConfig.java,2024-04-01T03:03:29Z
5657,5657,e92a5536465f6a4255c36da3541caa77b0bb735b,dubbo-cluster/src/main/resources/META-INF/dubbo/internal/com.alibaba.dubbo.rpc.cluster.Cluster,2018-06-15T06:10:40Z
5659,5659,ac8ee831c9566569b8a58298983ee7e7ff30e4d8,dubbo-dependencies-bom/pom.xml,2024-07-02T06:27:45Z
5660,5660,0d91d419a8b25a9917a03dc68a3eb5069ac856ea,dubbo-common/src/main/java/org/apache/dubbo/common/extension/ExtensionLoader.java,2023-10-19T07:25:40Z
5662,5662,0d91d419a8b25a9917a03dc68a3eb5069ac856ea,dubbo-common/src/main/java/org/apache/dubbo/common/extension/ExtensionLoader.java,2023-10-19T07:25:40Z
5663,5663,730695a7a26967889405b12fc54099bb006c8231,dubbo-cluster/src/main/java/org/apache/dubbo/rpc/cluster/loadbalance/RoundRobinLoadBalance.java,2023-11-07T07:40:13Z
5672,5672,8a509e9601fab4af278859c9d947fca8f5f0fa27,dubbo-filter/dubbo-filter-validation/src/main/java/org/apache/dubbo/validation/filter/ValidationFilter.java,2023-09-13T09:12:25Z
5674,5674,046bb88d2f5b2077af243146acd30919adaf0477,dubbo-rpc/dubbo-rpc-dubbo/src/main/java/org/apache/dubbo/rpc/protocol/dubbo/ReferenceCountExchangeClient.java,2022-11-15T06:22:01Z
5675,5675,393084352ea74dedf7824ac54723ada0ec4e5489,dubbo-common/src/main/java/org/apache/dubbo/rpc/model/ConsumerModel.java,2022-07-15T07:34:05Z
5677,5677,ed9e26f0176610e49bc0c8deba9788b7ae1147b5,dubbo-common/src/main/java/org/apache/dubbo/common/extension/AdaptiveClassCodeGenerator.java,2023-02-28T08:05:25Z
5680,5680,0bfd54cea412fef92e0ec36b2dc18136c4c3d4e0,dubbo-remoting/dubbo-remoting-netty4/src/main/java/org/apache/dubbo/remoting/transport/netty4/NettyServer.java,2023-09-01T05:03:33Z
5682,5682,0d91d419a8b25a9917a03dc68a3eb5069ac856ea,dubbo-common/src/main/java/org/apache/dubbo/config/ReferenceConfigBase.java,2023-10-19T07:25:40Z
5685,5685,ed9e26f0176610e49bc0c8deba9788b7ae1147b5,dubbo-common/src/main/java/org/apache/dubbo/common/extension/AdaptiveClassCodeGenerator.java,2023-02-28T08:05:25Z
5686,5686,f224fc5a47ae87817a91241109f1fcab1fee1539,dubbo-registry/dubbo-registry-api/src/main/java/org/apache/dubbo/registry/integration/RegistryProtocol.java,2024-07-03T02:12:33Z
5689,5689,8a2dffd55e95d394aa05812d5948cae81fd1a3ed,dubbo-configcenter/dubbo-configcenter-nacos/src/main/java/org/apache/dubbo/configcenter/support/nacos/NacosDynamicConfiguration.java,2023-06-12T02:10:19Z
5691,5691,ac8ee831c9566569b8a58298983ee7e7ff30e4d8,dubbo-dependencies-bom/pom.xml,2024-07-02T06:27:45Z
5694,5694,523a4189b8a7233c926eab1218daf627a3e870b8,dubbo-common/src/main/java/org/apache/dubbo/common/constants/CommonConstants.java,2024-06-04T14:59:16Z
5695,5695,523a4189b8a7233c926eab1218daf627a3e870b8,dubbo-common/src/main/java/org/apache/dubbo/common/constants/CommonConstants.java,2024-06-04T14:59:16Z
5696,5696,6b3f54383f4b6102215e33ea879a389dff0fd1eb,README.md,2024-04-11T08:47:51Z
5697,5697,00812ce41c44be6e5cd5e2b8e5bf602f806bbbca,dubbo-config/dubbo-config-api/src/main/java/org/apache/dubbo/config/ServiceConfig.java,2024-03-29T03:40:06Z
5698,5698,0fc93d03456210839d95093ec4f2677e8f35677e,.travis.yml,2023-01-25T00:11:33Z
5699,5699,8bdecea7ef808d19f0449dd43ec85ba8dbaeeb26,dubbo-registry/dubbo-registry-consul/src/main/java/org/apache/dubbo/registry/consul/ConsulServiceDiscovery.java,2020-08-17T05:38:04Z
5699,5699,8bdecea7ef808d19f0449dd43ec85ba8dbaeeb26,dubbo-registry/dubbo-registry-consul/src/test/java/org/apache/dubbo/registry/consul/ConsulServiceDiscoveryTest.java,2020-08-17T05:38:04Z
5701,5701,05cecc55bccc5c4ab985f7bab3b3c63e7380ed01,dubbo-config/dubbo-config-spring/src/main/resources/META-INF/dubbo.xsd,2024-02-02T06:10:23Z
5702,5702,8bc9257f4e09b2937e21842b90984dfcaefe97b6,dubbo-container/dubbo-container-api/src/main/resources/META-INF/assembly/bin/start.sh,2021-06-01T06:14:35Z
5703,5703,523a4189b8a7233c926eab1218daf627a3e870b8,dubbo-common/src/main/java/org/apache/dubbo/common/constants/CommonConstants.java,2024-06-04T14:59:16Z
5705,5705,e07e5e294b0bc96ada4ed868cfae1307b3872462,dubbo-monitor/dubbo-monitor-api/src/main/java/org/apache/dubbo/monitor/support/MonitorFilter.java,2023-06-13T12:25:25Z
5708,5708,a2711f9e2e2becc91ffc2b375c3b749dc0d24a38,dubbo-plugin/dubbo-qos/src/test/java/org/apache/dubbo/qos/legacy/InvokerTelnetHandlerTest.java,2021-07-19T06:50:42Z
5709,5709,25b73b1a135ae75ed50c68e6b5acd694067fd325,dubbo-config/dubbo-config-api/src/test/java/org/apache/dubbo/config/AbstractConfigTest.java,2023-12-27T15:19:51Z
5710,5710,563a0e472ab50d2d697e2f0415c80b68ad6b17bd,dubbo-config/dubbo-config-spring/src/main/java/org/apache/dubbo/config/spring/schema/DubboBeanDefinitionParser.java,2023-06-29T02:31:36Z
5712,5712,238fe3125c427eda496b857623ba17e67f722ecd,dubbo-metadata/dubbo-metadata-api/src/main/java/org/apache/dubbo/metadata/report/MetadataReportInstance.java,2024-07-04T08:20:30Z
5713,5713,0b067c628b6c9f7437aaaf9e71372d06953f4738,dubbo-remoting/dubbo-remoting-zookeeper/src/main/java/org/apache/dubbo/remoting/zookeeper/support/AbstractZookeeperTransporter.java,2021-07-08T13:51:35Z
5715,5715,00812ce41c44be6e5cd5e2b8e5bf602f806bbbca,dubbo-config/dubbo-config-api/src/main/java/org/apache/dubbo/config/ServiceConfig.java,2024-03-29T03:40:06Z
5716,5716,cd78bba7b7c7134b1317275da3ffc277dc6f54d0,dubbo-config/dubbo-config-spring/pom.xml,2024-05-14T03:48:23Z
5717,5717,ac8ee831c9566569b8a58298983ee7e7ff30e4d8,dubbo-dependencies-bom/pom.xml,2024-07-02T06:27:45Z
5720,5720,ac8ee831c9566569b8a58298983ee7e7ff30e4d8,dubbo-dependencies-bom/pom.xml,2024-07-02T06:27:45Z
5724,5724,c9f12ca17770d7035f1f9bf0a27c18fd6c4dce5a,dubbo-remoting/dubbo-remoting-api/src/main/java/org/apache/dubbo/remoting/transport/dispatcher/message/MessageOnlyChannelHandler.java,2020-02-10T08:10:08Z
5725,5725,563a0e472ab50d2d697e2f0415c80b68ad6b17bd,dubbo-config/dubbo-config-spring/src/main/java/org/apache/dubbo/config/spring/util/DubboBeanUtils.java,2023-06-29T02:31:36Z
5730,5730,3fd0a5a922f42c8914a70d0a89134e9f55782dd9,dubbo-config/dubbo-config-spring/src/main/java/org/apache/dubbo/config/spring/context/config/NamePropertyDefaultValueDubboConfigBeanCustomizer.java,2023-06-01T08:04:00Z
5731,5731,966efaab85a30d3d9339093381a7b069c2d71c64,dubbo-rpc/dubbo-rpc-api/src/main/java/org/apache/dubbo/rpc/filter/ExceptionFilter.java,2024-01-10T03:27:48Z
5731,5731,966efaab85a30d3d9339093381a7b069c2d71c64,dubbo-rpc/dubbo-rpc-api/src/test/java/org/apache/dubbo/rpc/filter/ExceptionFilterTest.java,2024-01-10T03:27:48Z
5733,5733,6b3f54383f4b6102215e33ea879a389dff0fd1eb,README.md,2024-04-11T08:47:51Z
5734,5734,d061b29b390eba6c6e73d61496cf2e78badeb429,dubbo-filter/dubbo-filter-cache/src/main/java/org/apache/dubbo/cache/support/lfu/LfuCache.java,2023-03-16T01:43:57Z
5735,5735,f4c210b6d6846cc72f92997b52c3dd4c563347be,dubbo-config/dubbo-config-api/src/main/java/com/alibaba/dubbo/config/ServiceConfig.java,2018-06-01T09:18:25Z
5738,5738,11d5bd9ffadf11af0d13e6ab478829b4ae3c8572,pom.xml,2024-06-24T09:54:45Z
5741,5741,25c2b3808a03a42c9d2cb2ca3e715b5f9ac043e5,dubbo-registry/dubbo-registry-api/src/main/java/org/apache/dubbo/registry/support/AbstractRegistry.java,2023-06-21T01:23:40Z
5744,5744,12febcfbf505c926070686a4d4318812b1ed1938,dubbo-common/src/main/java/org/apache/dubbo/common/utils/NetUtils.java,2023-03-25T07:42:33Z
5746,5746,730695a7a26967889405b12fc54099bb006c8231,dubbo-common/src/main/java/org/apache/dubbo/common/bytecode/ClassGenerator.java,2023-11-07T07:40:13Z
5749,5749,189d76be5d94d43d8054cc58d48507380aea99a3,dubbo-common/src/main/java/org/apache/dubbo/common/json/JSON.java,2024-05-21T03:36:53Z
5753,5753,8bc9257f4e09b2937e21842b90984dfcaefe97b6,dubbo-container/dubbo-container-api/src/main/resources/META-INF/assembly/bin/start.sh,2021-06-01T06:14:35Z
5754,5754,dfd135eb95d92ffc3519426b812e274f43b49e9d,dubbo-config/dubbo-config-api/src/main/java/org/apache/dubbo/config/utils/ConfigValidationUtils.java,2024-05-08T06:09:08Z
5756,5756,dfd135eb95d92ffc3519426b812e274f43b49e9d,dubbo-common/src/main/java/org/apache/dubbo/config/RegistryConfig.java,2024-05-08T06:09:08Z
5757,5757,f224fc5a47ae87817a91241109f1fcab1fee1539,dubbo-registry/dubbo-registry-api/src/main/java/org/apache/dubbo/registry/integration/RegistryProtocol.java,2024-07-03T02:12:33Z
5760,5760,0a1ad55bff34c8cffc066c4ab26ac8466691a4f4,dubbo-registry/dubbo-registry-nacos/src/main/java/org/apache/dubbo/registry/nacos/NacosRegistry.java,2024-04-22T11:42:47Z
5767,5767,eba466e0c8959f821c6c76d888bb6a55a2dfef3c,dubbo-common/src/test/resources/dubbo.properties,2021-09-23T09:38:19Z
5768,5768,78a4dbad6e5ed195acebc4d2eb18588c79563367,dubbo-rpc/dubbo-rpc-dubbo/src/main/java/org/apache/dubbo/rpc/protocol/dubbo/CallbackServiceCodec.java,2023-08-09T08:05:27Z
5772,5772,11d5bd9ffadf11af0d13e6ab478829b4ae3c8572,pom.xml,2024-06-24T09:54:45Z
5773,5773,12febcfbf505c926070686a4d4318812b1ed1938,dubbo-common/src/main/java/org/apache/dubbo/common/utils/NetUtils.java,2023-03-25T07:42:33Z
5774,5774,e21244a43171c0187b0295fd9ba811155ebb1acd,dubbo-common/src/main/java/org/apache/dubbo/common/config/ConfigurationUtils.java,2024-05-21T02:20:51Z
5775,5775,00812ce41c44be6e5cd5e2b8e5bf602f806bbbca,dubbo-cluster/src/main/java/org/apache/dubbo/rpc/cluster/support/FailoverClusterInvoker.java,2024-03-29T03:40:06Z
5776,5776,0d785f1346f48abf34a1a7690b437c3615780beb,dubbo-metadata/dubbo-metadata-report-nacos/src/test/java/org/apache/dubbo/metadata/store/nacos/NacosMetadataReportTest.java,2020-07-22T06:45:08Z
5780,5780,a278feb372eb159944c92f67788c8000b22d4a76,dubbo-serialization/dubbo-serialization-hessian2/src/main/java/org/apache/dubbo/common/serialize/hessian2/Hessian2ObjectInput.java,2023-01-11T07:05:01Z
5780,5780,a278feb372eb159944c92f67788c8000b22d4a76,dubbo-serialization/dubbo-serialization-hessian2/src/main/java/org/apache/dubbo/common/serialize/hessian2/Hessian2ObjectOutput.java,2023-01-11T07:05:01Z
5783,5783,c272af38c65649ec5dd4348ccf73fb699fa976a2,dubbo-common/src/main/java/org/apache/dubbo/common/utils/CompatibleTypeUtils.java,2023-03-02T22:43:37Z
5798,5798,11d5bd9ffadf11af0d13e6ab478829b4ae3c8572,pom.xml,2024-06-24T09:54:45Z
5799,5799,ed6afe1ac34c0ddf5b3805254700488b7a7efb4d,dubbo-demo/dubbo-demo-xml/dubbo-demo-xml-consumer/pom.xml,2023-05-07T23:42:49Z
5800,5800,0d91d419a8b25a9917a03dc68a3eb5069ac856ea,dubbo-rpc/dubbo-rpc-api/src/main/java/org/apache/dubbo/rpc/filter/GenericFilter.java,2023-10-19T07:25:40Z
5800,5800,0d91d419a8b25a9917a03dc68a3eb5069ac856ea,dubbo-rpc/dubbo-rpc-api/src/main/java/org/apache/dubbo/rpc/filter/GenericImplFilter.java,2023-10-19T07:25:40Z
5800,5800,0d91d419a8b25a9917a03dc68a3eb5069ac856ea,dubbo-rpc/dubbo-rpc-api/src/test/java/org/apache/dubbo/rpc/filter/GenericImplFilterTest.java,2023-10-19T07:25:40Z
5801,5801,523a4189b8a7233c926eab1218daf627a3e870b8,dubbo-common/src/main/java/org/apache/dubbo/common/constants/CommonConstants.java,2024-06-04T14:59:16Z
5802,5802,502b4c86dffbc0de3863a5e41ed7b9f633450c1c,dubbo-rpc/dubbo-rpc-grpc/src/main/java/org/apache/dubbo/rpc/protocol/grpc/GrpcInvoker.java,2023-02-13T13:16:52Z
5803,5803,e79e0214cb4c0121fd8370b4074ed3d8f23934f4,dubbo-common/src/main/java/org/apache/dubbo/config/ServiceConfigBase.java,2023-06-22T06:30:06Z
5804,5804,680481ccdfbeff973a5cc66a42e9ccba87f8ca64,dubbo-registry/dubbo-registry-api/src/main/java/org/apache/dubbo/registry/Constants.java,2023-06-26T04:59:18Z
5809,5809,ec443043e2da83d946943baabf7f122f9efc0dcc,dubbo-config/dubbo-config-api/src/main/java/org/apache/dubbo/config/ReferenceConfig.java,2024-04-01T03:03:29Z
5811,5811,3160602072c198728cca48e449984a4e596e7c37,dubbo-config/dubbo-config-api/src/main/java/org/apache/dubbo/config/bootstrap/DubboBootstrap.java,2023-06-19T01:34:06Z
5812,5812,0d91d419a8b25a9917a03dc68a3eb5069ac856ea,dubbo-common/src/main/java/org/apache/dubbo/common/extension/ExtensionLoader.java,2023-10-19T07:25:40Z
5814,5814,3160602072c198728cca48e449984a4e596e7c37,dubbo-config/dubbo-config-api/src/main/java/org/apache/dubbo/config/bootstrap/DubboBootstrap.java,2023-06-19T01:34:06Z
5815,5815,a2711f9e2e2becc91ffc2b375c3b749dc0d24a38,dubbo-plugin/dubbo-qos/src/main/resources/META-INF/dubbo/internal/org.apache.dubbo.remoting.telnet.TelnetHandler,2021-07-19T06:50:42Z
5818,5818,3160602072c198728cca48e449984a4e596e7c37,dubbo-config/dubbo-config-api/src/main/java/org/apache/dubbo/config/bootstrap/DubboBootstrap.java,2023-06-19T01:34:06Z
5819,5819,6ad735d74a7f1c5d694f212061e04af9c90a8d3b,dubbo-config/dubbo-config-api/src/main/java/org/apache/dubbo/config/DubboShutdownHook.java,2023-07-03T02:16:14Z
5820,5820,1643bf381690ca352749c0de1070a305ef4939e9,dubbo-common/src/main/java/org/apache/dubbo/common/utils/LRUCache.java,2022-09-03T06:14:47Z
5824,5824,7b92414ef3707d2cd4a69ec6131cc03fd8eed8ab,dubbo-plugin/dubbo-qos/src/main/java/org/apache/dubbo/qos/legacy/CountTelnetHandler.java,2020-03-05T13:01:28Z
5824,5824,a97265020806f26bb61053ea5fa97bb61c883e83,dubbo-plugin/dubbo-qos/src/main/java/org/apache/dubbo/qos/legacy/CountTelnetHandler.java,2020-03-05T13:01:28Z
5828,5828,e07e5e294b0bc96ada4ed868cfae1307b3872462,dubbo-rpc/dubbo-rpc-dubbo/src/main/java/org/apache/dubbo/rpc/protocol/dubbo/filter/FutureFilter.java,2023-06-13T12:25:25Z
5833,5833,8bdecea7ef808d19f0449dd43ec85ba8dbaeeb26,dubbo-remoting/dubbo-remoting-etcd3/src/main/java/org/apache/dubbo/remoting/etcd/option/OptionUtil.java,2020-08-17T05:38:04Z
5834,5834,8bdecea7ef808d19f0449dd43ec85ba8dbaeeb26,dubbo-remoting/dubbo-remoting-etcd3/src/main/java/org/apache/dubbo/remoting/etcd/jetcd/JEtcdClient.java,2020-08-17T05:38:04Z
5835,5835,6ad735d74a7f1c5d694f212061e04af9c90a8d3b,dubbo-config/dubbo-config-api/src/main/java/org/apache/dubbo/config/DubboShutdownHook.java,2023-07-03T02:16:14Z
5838,5838,71b9f6aa06afaa17a7cbdff0eeefda3757c0a638,dubbo-rpc/dubbo-rpc-api/src/main/java/org/apache/dubbo/rpc/proxy/wrapper/StubProxyFactoryWrapper.java,2022-11-07T09:40:15Z
5839,5839,aa54350c6f5abd0803ace8c14b9a731b69100d03,dubbo-registry/dubbo-registry-api/src/main/java/org/apache/dubbo/registry/integration/RegistryDirectory.java,2023-07-31T11:11:49Z
5840,5840,00812ce41c44be6e5cd5e2b8e5bf602f806bbbca,dubbo-config/dubbo-config-api/src/main/java/org/apache/dubbo/config/ServiceConfig.java,2024-03-29T03:40:06Z
5841,5841,3160602072c198728cca48e449984a4e596e7c37,dubbo-config/dubbo-config-api/src/main/java/org/apache/dubbo/config/bootstrap/DubboBootstrap.java,2023-06-19T01:34:06Z
5843,5843,0eb0e01b39d425b2e0546c6dd46a851fa3026439,dubbo-rpc/dubbo-rpc-api/src/main/java/org/apache/dubbo/rpc/filter/ContextFilter.java,2023-02-10T07:31:32Z
5844,5844,b74cf5be3f427867e69832e74f83d6aaa9276708,dubbo-rpc/dubbo-rpc-api/src/test/java/org/apache/dubbo/rpc/support/RpcUtilsTest.java,2023-11-15T06:05:17Z
5848,5848,1bdbfd864740f6023762b788c7ae0d42f00fd5d6,dubbo-cluster/src/main/java/org/apache/dubbo/rpc/cluster/support/MergeableClusterInvoker.java,2024-01-02T10:58:43Z
5849,5849,47ec6598b880a50a8c750e31152f5ef5cfb9b12f,dubbo-rpc/dubbo-rpc-api/src/main/java/org/apache/dubbo/rpc/protocol/AsyncToSyncInvoker.java,2020-11-24T06:45:51Z
5850,5850,8bdecea7ef808d19f0449dd43ec85ba8dbaeeb26,dubbo-configcenter/dubbo-configcenter-consul/src/main/java/org/apache/dubbo/configcenter/consul/ConsulDynamicConfiguration.java,2020-08-17T05:38:04Z
5850,5850,8bdecea7ef808d19f0449dd43ec85ba8dbaeeb26,dubbo-configcenter/dubbo-configcenter-consul/src/test/java/org/apache/dubbo/configcenter/consul/ConsulDynamicConfigurationTest.java,2020-08-17T05:38:04Z
5851,5851,730695a7a26967889405b12fc54099bb006c8231,dubbo-cluster/src/test/java/org/apache/dubbo/rpc/cluster/directory/MockDirInvocation.java,2023-11-07T07:40:13Z
5851,5851,730695a7a26967889405b12fc54099bb006c8231,dubbo-common/src/main/java/org/apache/dubbo/common/Experimental.java,2023-11-07T07:40:13Z
5852,5852,1be3c999d112215a1354ab396cb2fbb94f3d2a0e,dubbo-config/dubbo-config-api/src/main/java/com/alibaba/dubbo/config/annotation/Reference.java,2019-10-12T13:17:35Z
5854,5854,6b3f54383f4b6102215e33ea879a389dff0fd1eb,README.md,2024-04-11T08:47:51Z
5856,5856,6ad735d74a7f1c5d694f212061e04af9c90a8d3b,dubbo-config/dubbo-config-api/src/main/java/org/apache/dubbo/config/DubboShutdownHook.java,2023-07-03T02:16:14Z
5857,5857,cd34cc5acece90fc95767bcd457c98403bc8aca2,dubbo-metadata/dubbo-metadata-api/src/main/java/org/apache/dubbo/metadata/store/RemoteWritableMetadataService.java,2020-07-07T03:43:38Z
5858,5858,ec443043e2da83d946943baabf7f122f9efc0dcc,dubbo-config/dubbo-config-api/src/main/java/org/apache/dubbo/config/ReferenceConfig.java,2024-04-01T03:03:29Z
5859,5859,6b3f54383f4b6102215e33ea879a389dff0fd1eb,README.md,2024-04-11T08:47:51Z
5860,5860,08205284b8e107b61d4db9959dc760b78b1af1a5,dubbo-rpc/dubbo-rpc-api/src/main/java/com/alibaba/dubbo/rpc/proxy/AbstractProxyFactory.java,2018-06-14T01:06:28Z
5861,5861,00812ce41c44be6e5cd5e2b8e5bf602f806bbbca,dubbo-cluster/src/main/java/org/apache/dubbo/rpc/cluster/merger/MapMerger.java,2024-03-29T03:40:06Z
5861,5861,00812ce41c44be6e5cd5e2b8e5bf602f806bbbca,dubbo-cluster/src/main/java/org/apache/dubbo/rpc/cluster/merger/SetMerger.java,2024-03-29T03:40:06Z
5862,5862,3fd0a5a922f42c8914a70d0a89134e9f55782dd9,dubbo-config/dubbo-config-spring/src/main/java/org/apache/dubbo/config/spring/context/config/NamePropertyDefaultValueDubboConfigBeanCustomizer.java,2023-06-01T08:04:00Z
5863,5863,ec443043e2da83d946943baabf7f122f9efc0dcc,dubbo-config/dubbo-config-api/src/main/java/org/apache/dubbo/config/ReferenceConfig.java,2024-04-01T03:03:29Z
5864,5864,3160602072c198728cca48e449984a4e596e7c37,dubbo-config/dubbo-config-api/src/main/java/org/apache/dubbo/config/bootstrap/DubboBootstrap.java,2023-06-19T01:34:06Z
5867,5867,6b3f54383f4b6102215e33ea879a389dff0fd1eb,README.md,2024-04-11T08:47:51Z
5870,5870,189d76be5d94d43d8054cc58d48507380aea99a3,dubbo-registry/dubbo-registry-zookeeper/src/main/java/org/apache/dubbo/registry/zookeeper/ZookeeperRegistry.java,2024-05-21T03:36:53Z
5873,5873,3160602072c198728cca48e449984a4e596e7c37,dubbo-config/dubbo-config-api/src/main/java/org/apache/dubbo/config/bootstrap/DubboBootstrap.java,2023-06-19T01:34:06Z
5875,5875,730695a7a26967889405b12fc54099bb006c8231,dubbo-cluster/src/main/java/org/apache/dubbo/rpc/cluster/support/ForkingClusterInvoker.java,2023-11-07T07:40:13Z
5878,5878,d55f062fe77ea0f6a4c913d2418113297ff8403d,dubbo-plugin/dubbo-auth/src/main/java/org/apache/dubbo/auth/Constants.java,2020-03-17T03:15:10Z
5879,5879,730695a7a26967889405b12fc54099bb006c8231,dubbo-common/src/main/java/org/apache/dubbo/common/config/Environment.java,2023-11-07T07:40:13Z
5880,5880,523a4189b8a7233c926eab1218daf627a3e870b8,dubbo-common/src/main/java/org/apache/dubbo/common/constants/CommonConstants.java,2024-06-04T14:59:16Z
5881,5881,00812ce41c44be6e5cd5e2b8e5bf602f806bbbca,dubbo-rpc/dubbo-rpc-api/src/main/java/org/apache/dubbo/rpc/RpcStatus.java,2024-03-29T03:40:06Z
5889,5889,ac8ee831c9566569b8a58298983ee7e7ff30e4d8,dubbo-dependencies-bom/pom.xml,2024-07-02T06:27:45Z
5890,5890,00812ce41c44be6e5cd5e2b8e5bf602f806bbbca,dubbo-common/src/main/java/org/apache/dubbo/config/AbstractInterfaceConfig.java,2024-03-29T03:40:06Z
5891,5891,08205284b8e107b61d4db9959dc760b78b1af1a5,dubbo-common/src/main/java/com/alibaba/dubbo/common/Constants.java,2018-06-14T01:06:28Z
5893,5893,8bdecea7ef808d19f0449dd43ec85ba8dbaeeb26,dubbo-remoting/dubbo-remoting-grizzly/src/main/java/org/apache/dubbo/remoting/transport/grizzly/GrizzlyTransporter.java,2020-08-17T05:38:04Z
5896,5896,c24eca7e1edefed758a0123c0141da21ed708a42,.gitignore,2024-05-08T03:06:02Z
5897,5897,c24eca7e1edefed758a0123c0141da21ed708a42,.gitignore,2024-05-08T03:06:02Z
5898,5898,12febcfbf505c926070686a4d4318812b1ed1938,dubbo-common/src/main/java/org/apache/dubbo/common/utils/NetUtils.java,2023-03-25T07:42:33Z
5902,5902,0a1ad55bff34c8cffc066c4ab26ac8466691a4f4,dubbo-registry/dubbo-registry-nacos/src/main/java/org/apache/dubbo/registry/nacos/NacosRegistry.java,2024-04-22T11:42:47Z
5903,5903,1e18b359e22b25a27a871c5e004281da9cd1484e,dubbo-metadata/dubbo-metadata-api/src/main/java/org/apache/dubbo/metadata/rest/jaxrs/JAXRSServiceRestMetadataResolver.java,2023-08-03T05:05:09Z
5903,5903,1e18b359e22b25a27a871c5e004281da9cd1484e,dubbo-metadata/dubbo-metadata-api/src/main/java/org/apache/dubbo/metadata/rest/springmvc/SpringMvcServiceRestMetadataResolver.java,2023-08-03T05:05:09Z
5905,5905,3160602072c198728cca48e449984a4e596e7c37,dubbo-config/dubbo-config-api/src/main/java/org/apache/dubbo/config/bootstrap/DubboBootstrap.java,2023-06-19T01:34:06Z
5907,5907,502b4c86dffbc0de3863a5e41ed7b9f633450c1c,dubbo-rpc/dubbo-rpc-grpc/src/main/java/org/apache/dubbo/rpc/protocol/grpc/interceptors/RpcContextInterceptor.java,2023-02-13T13:16:52Z
5909,5909,730695a7a26967889405b12fc54099bb006c8231,dubbo-cluster/src/main/java/org/apache/dubbo/rpc/cluster/loadbalance/LeastActiveLoadBalance.java,2023-11-07T07:40:13Z
5910,5910,11d5bd9ffadf11af0d13e6ab478829b4ae3c8572,pom.xml,2024-06-24T09:54:45Z
5912,5912,da53578c57432df08c595e20c97129c24dc7533c,dubbo-metadata/dubbo-metadata-report-redis/src/test/java/org/apache/dubbo/metadata/store/redis/RedisMetadataReportTest.java,2024-05-29T07:01:08Z
5913,5913,da53578c57432df08c595e20c97129c24dc7533c,dubbo-metadata/dubbo-metadata-report-redis/src/test/java/org/apache/dubbo/metadata/store/redis/RedisMetadataReportTest.java,2024-05-29T07:01:08Z
5914,5914,ac8ee831c9566569b8a58298983ee7e7ff30e4d8,dubbo-dependencies-bom/pom.xml,2024-07-02T06:27:45Z
5915,5915,d2ae941502410fbbf937e654b25f1399eedd3fbf,dependencies-bom/pom.xml,2018-07-09T14:32:24Z
5920,5920,0d91d419a8b25a9917a03dc68a3eb5069ac856ea,dubbo-common/src/main/java/org/apache/dubbo/common/extension/ExtensionLoader.java,2023-10-19T07:25:40Z
5921,5921,e07e5e294b0bc96ada4ed868cfae1307b3872462,dubbo-rpc/dubbo-rpc-api/src/main/java/org/apache/dubbo/rpc/filter/ExecuteLimitFilter.java,2023-06-13T12:25:25Z
5925,5925,1bdbfd864740f6023762b788c7ae0d42f00fd5d6,dubbo-cluster/src/main/java/org/apache/dubbo/rpc/cluster/support/MergeableClusterInvoker.java,2024-01-02T10:58:43Z
5926,5926,efb83f828540c87ce48b784c2b583aa637ced5e9,.mvn/wrapper/maven-wrapper.jar,2023-01-12T02:16:56Z
5926,5926,efb83f828540c87ce48b784c2b583aa637ced5e9,.mvn/wrapper/maven-wrapper.properties,2023-01-12T02:16:56Z
5926,5926,efb83f828540c87ce48b784c2b583aa637ced5e9,mvnw,2023-01-12T02:16:56Z
5926,5926,efb83f828540c87ce48b784c2b583aa637ced5e9,mvnw.cmd,2023-01-12T02:16:56Z
5927,5927,fed4755cd6693e51d8f99555b1d339019e591917,dubbo-registry/dubbo-registry-api/src/main/java/org/apache/dubbo/registry/support/FailbackRegistry.java,2024-01-02T02:22:13Z
5931,5931,fed4755cd6693e51d8f99555b1d339019e591917,dubbo-registry/dubbo-registry-api/src/main/java/org/apache/dubbo/registry/support/FailbackRegistry.java,2024-01-02T02:22:13Z
5934,5934,00812ce41c44be6e5cd5e2b8e5bf602f806bbbca,dubbo-rpc/dubbo-rpc-injvm/src/main/java/org/apache/dubbo/rpc/protocol/injvm/InjvmProtocol.java,2024-03-29T03:40:06Z
5935,5935,06605365c51fd4e8bbec50a9aa1061408063e50c,dubbo-plugin/dubbo-qos/src/main/java/org/apache/dubbo/qos/command/impl/Version.java,2023-03-17T05:33:49Z
5940,5940,d2ae941502410fbbf937e654b25f1399eedd3fbf,dependencies-bom/pom.xml,2018-07-09T14:32:24Z
5941,5941,ac8ee831c9566569b8a58298983ee7e7ff30e4d8,dubbo-dependencies-bom/pom.xml,2024-07-02T06:27:45Z
5949,5949,dfd135eb95d92ffc3519426b812e274f43b49e9d,dubbo-common/src/main/java/org/apache/dubbo/common/URL.java,2024-05-08T06:09:08Z
5950,5950,dfd135eb95d92ffc3519426b812e274f43b49e9d,dubbo-common/src/main/java/org/apache/dubbo/common/URL.java,2024-05-08T06:09:08Z
5952,5952,0d879666b4fc6163f42fcec2838633bb9f99a482,dubbo-common/src/test/java/org/apache/dubbo/config/context/ConfigManagerTest.java,2023-12-04T13:32:50Z
5954,5954,11d5bd9ffadf11af0d13e6ab478829b4ae3c8572,pom.xml,2024-06-24T09:54:45Z
5958,5958,002a6a1b3e3a7533fedd2bc2d3e72920d96f47e5,dubbo-common/src/main/java/org/apache/dubbo/common/threadpool/support/AbortPolicyWithReport.java,2024-03-08T02:11:43Z
5959,5959,f224fc5a47ae87817a91241109f1fcab1fee1539,dubbo-registry/dubbo-registry-api/src/main/java/org/apache/dubbo/registry/integration/RegistryProtocol.java,2024-07-03T02:12:33Z
5960,5960,c272af38c65649ec5dd4348ccf73fb699fa976a2,dubbo-common/src/main/java/org/apache/dubbo/common/utils/CompatibleTypeUtils.java,2023-03-02T22:43:37Z
5962,5962,1697a331c3b1803cf9f288c39cc837995d2a2d29,dubbo-plugin/dubbo-qos/src/test/java/org/apache/dubbo/qos/command/util/CommandHelperTest.java,2023-05-26T07:28:07Z
5964,5964,ac8ee831c9566569b8a58298983ee7e7ff30e4d8,dubbo-dependencies-bom/pom.xml,2024-07-02T06:27:45Z
5967,5967,fed4755cd6693e51d8f99555b1d339019e591917,dubbo-registry/dubbo-registry-api/src/main/java/org/apache/dubbo/registry/support/FailbackRegistry.java,2024-01-02T02:22:13Z
5968,5968,aa54350c6f5abd0803ace8c14b9a731b69100d03,dubbo-registry/dubbo-registry-api/src/main/java/org/apache/dubbo/registry/integration/RegistryDirectory.java,2023-07-31T11:11:49Z
5970,5970,92f7ac6656c68f298b31b2eccb02f5b4a9972c45,dubbo-registry/dubbo-registry-nacos/src/test/java/org/apache/dubbo/registry/nacos/NacosRegistryTest.java,2023-01-17T03:17:56Z
5972,5972,17b75a78955effbf82f4cd958c37545209c152e1,dubbo-cluster/src/main/java/org/apache/dubbo/rpc/cluster/directory/AbstractDirectory.java,2024-02-29T03:26:11Z
5973,5973,730695a7a26967889405b12fc54099bb006c8231,dubbo-cluster/src/main/java/org/apache/dubbo/rpc/cluster/support/ClusterUtils.java,2023-11-07T07:40:13Z
5974,5974,f224fc5a47ae87817a91241109f1fcab1fee1539,dubbo-registry/dubbo-registry-api/src/main/java/org/apache/dubbo/registry/integration/RegistryProtocol.java,2024-07-03T02:12:33Z
5975,5975,730695a7a26967889405b12fc54099bb006c8231,dubbo-cluster/src/main/java/org/apache/dubbo/rpc/cluster/support/ClusterUtils.java,2023-11-07T07:40:13Z
5981,5981,730695a7a26967889405b12fc54099bb006c8231,dubbo-cluster/src/main/java/org/apache/dubbo/rpc/cluster/support/ClusterUtils.java,2023-11-07T07:40:13Z
5984,5984,730695a7a26967889405b12fc54099bb006c8231,dubbo-cluster/src/main/java/org/apache/dubbo/rpc/cluster/support/ClusterUtils.java,2023-11-07T07:40:13Z
5985,5985,17f4b3336812127b333e6f827bd0395777143d4a,dubbo-cluster/src/main/resources/META-INF/dubbo/internal/org.apache.dubbo.rpc.cluster.Cluster,2023-03-29T02:13:52Z
5989,5989,00812ce41c44be6e5cd5e2b8e5bf602f806bbbca,dubbo-cluster/src/main/java/org/apache/dubbo/rpc/cluster/loadbalance/ConsistentHashLoadBalance.java,2024-03-29T03:40:06Z
5994,5994,ed9e26f0176610e49bc0c8deba9788b7ae1147b5,dubbo-common/src/main/java/org/apache/dubbo/common/utils/LFUCache.java,2023-02-28T08:05:25Z
5995,5995,9af6fbf1d0d1456c18bd23bc10e447589616e98c,dubbo-common/src/main/java/org/apache/dubbo/common/utils/ClassUtils.java,2023-06-07T07:54:40Z
5996,5996,3160602072c198728cca48e449984a4e596e7c37,dubbo-config/dubbo-config-api/src/main/java/org/apache/dubbo/config/bootstrap/DubboBootstrap.java,2023-06-19T01:34:06Z
5997,5997,0a1ad55bff34c8cffc066c4ab26ac8466691a4f4,dubbo-registry/dubbo-registry-nacos/src/main/java/org/apache/dubbo/registry/nacos/NacosRegistry.java,2024-04-22T11:42:47Z
5998,5998,00812ce41c44be6e5cd5e2b8e5bf602f806bbbca,dubbo-common/src/main/java/org/apache/dubbo/common/bytecode/Wrapper.java,2024-03-29T03:40:06Z
6001,6001,563a0e472ab50d2d697e2f0415c80b68ad6b17bd,dubbo-config/dubbo-config-spring/src/main/java/org/apache/dubbo/config/spring/util/DubboBeanUtils.java,2023-06-29T02:31:36Z
6003,6003,9af6fbf1d0d1456c18bd23bc10e447589616e98c,dubbo-common/src/main/java/org/apache/dubbo/common/utils/ClassUtils.java,2023-06-07T07:54:40Z
6008,6008,523a4189b8a7233c926eab1218daf627a3e870b8,dubbo-common/src/main/java/org/apache/dubbo/common/constants/CommonConstants.java,2024-06-04T14:59:16Z
6012,6012,e34797ce3bbae90887f5a04f82c3cfe7ebd99194,dubbo-common/src/main/java/org/apache/dubbo/rpc/model/ServiceMetadata.java,2022-03-28T03:46:27Z
6015,6015,c272af38c65649ec5dd4348ccf73fb699fa976a2,dubbo-common/src/main/java/org/apache/dubbo/common/logger/LoggerFactory.java,2023-03-02T22:43:37Z
6016,6016,00812ce41c44be6e5cd5e2b8e5bf602f806bbbca,dubbo-rpc/dubbo-rpc-dubbo/src/main/java/org/apache/dubbo/rpc/protocol/dubbo/DubboProtocol.java,2024-03-29T03:40:06Z
6018,6018,00812ce41c44be6e5cd5e2b8e5bf602f806bbbca,dubbo-rpc/dubbo-rpc-dubbo/src/main/java/org/apache/dubbo/rpc/protocol/dubbo/DubboProtocol.java,2024-03-29T03:40:06Z
6021,6021,cd34cc5acece90fc95767bcd457c98403bc8aca2,dubbo-registry/dubbo-registry-api/src/main/java/org/apache/dubbo/registry/client/metadata/proxy/RemoteMetadataServiceProxy.java,2020-07-07T03:43:38Z
6028,6028,3160602072c198728cca48e449984a4e596e7c37,dubbo-config/dubbo-config-api/src/main/java/org/apache/dubbo/config/bootstrap/DubboBootstrap.java,2023-06-19T01:34:06Z
6029,6029,563a0e472ab50d2d697e2f0415c80b68ad6b17bd,dubbo-config/dubbo-config-spring/src/main/java/org/apache/dubbo/config/spring/util/DubboBeanUtils.java,2023-06-29T02:31:36Z
6030,6030,563a0e472ab50d2d697e2f0415c80b68ad6b17bd,dubbo-config/dubbo-config-spring/src/main/java/org/apache/dubbo/config/spring/util/DubboBeanUtils.java,2023-06-29T02:31:36Z
6031,6031,43d48bd6caf95f61f4e879a5be8b5560a55daee9,dubbo-registry/dubbo-registry-api/src/main/java/org/apache/dubbo/registry/support/AbstractRegistryFactory.java,2022-09-19T06:31:03Z
6032,6032,0d91d419a8b25a9917a03dc68a3eb5069ac856ea,dubbo-common/src/main/java/org/apache/dubbo/common/extension/ExtensionLoader.java,2023-10-19T07:25:40Z
6033,6033,a2711f9e2e2becc91ffc2b375c3b749dc0d24a38,dubbo-plugin/dubbo-qos/src/main/java/org/apache/dubbo/qos/legacy/ListTelnetHandler.java,2021-07-19T06:50:42Z
6041,6041,b2353107f2779f77713400a48d8a15aad2724551,dubbo-remoting/dubbo-remoting-http/src/main/java/org/apache/dubbo/remoting/http/servlet/ServletHttpBinder.java,2020-09-03T09:47:23Z
6044,6044,e21244a43171c0187b0295fd9ba811155ebb1acd,dubbo-common/src/main/java/org/apache/dubbo/common/config/ConfigurationUtils.java,2024-05-21T02:20:51Z
6047,6047,8bdecea7ef808d19f0449dd43ec85ba8dbaeeb26,dubbo-rpc/dubbo-rpc-http/src/main/java/org/apache/dubbo/rpc/protocol/http/HttpProtocol.java,2020-08-17T05:38:04Z
6047,6047,8bdecea7ef808d19f0449dd43ec85ba8dbaeeb26,dubbo-rpc/dubbo-rpc-http/src/main/java/org/apache/dubbo/rpc/protocol/http/JsonRemoteInvocation.java,2020-08-17T05:38:04Z
6047,6047,8bdecea7ef808d19f0449dd43ec85ba8dbaeeb26,dubbo-rpc/dubbo-rpc-http/src/main/java/org/apache/dubbo/rpc/protocol/http/JsonRpcProxyFactoryBean.java,2020-08-17T05:38:04Z
6047,6047,8bdecea7ef808d19f0449dd43ec85ba8dbaeeb26,dubbo-rpc/dubbo-rpc-http/src/test/java/org/apache/dubbo/rpc/protocol/http/HttpProtocolTest.java,2020-08-17T05:38:04Z
6047,6047,8bdecea7ef808d19f0449dd43ec85ba8dbaeeb26,dubbo-rpc/dubbo-rpc-http/src/test/java/org/apache/dubbo/rpc/protocol/http/HttpService.java,2020-08-17T05:38:04Z
6047,6047,8bdecea7ef808d19f0449dd43ec85ba8dbaeeb26,dubbo-rpc/dubbo-rpc-http/src/test/java/org/apache/dubbo/rpc/protocol/http/HttpServiceImpl.java,2020-08-17T05:38:04Z
6049,6049,00812ce41c44be6e5cd5e2b8e5bf602f806bbbca,dubbo-remoting/dubbo-remoting-netty4/src/main/java/org/apache/dubbo/remoting/transport/netty4/NettyChannel.java,2024-03-29T03:40:06Z
6052,6052,00812ce41c44be6e5cd5e2b8e5bf602f806bbbca,dubbo-compatible/src/main/java/com/alibaba/dubbo/rpc/RpcContext.java,2024-03-29T03:40:06Z
6054,6054,11d5bd9ffadf11af0d13e6ab478829b4ae3c8572,pom.xml,2024-06-24T09:54:45Z
6055,6055,0d91d419a8b25a9917a03dc68a3eb5069ac856ea,dubbo-common/src/main/java/org/apache/dubbo/common/extension/ExtensionLoader.java,2023-10-19T07:25:40Z
6057,6057,523a4189b8a7233c926eab1218daf627a3e870b8,dubbo-common/src/main/java/org/apache/dubbo/common/constants/CommonConstants.java,2024-06-04T14:59:16Z
6059,6059,ec443043e2da83d946943baabf7f122f9efc0dcc,dubbo-config/dubbo-config-api/src/main/java/org/apache/dubbo/config/ReferenceConfig.java,2024-04-01T03:03:29Z
6060,6060,11d5bd9ffadf11af0d13e6ab478829b4ae3c8572,pom.xml,2024-06-24T09:54:45Z
6063,6063,f7a32be429e815e9bc70f0dec31d67461e5c695e,dubbo-config/dubbo-config-spring/src/test/java/org/apache/dubbo/config/spring/context/annotation/EnableDubboConfigTest.java,2023-12-22T02:25:53Z
6064,6064,730695a7a26967889405b12fc54099bb006c8231,dubbo-cluster/src/main/java/org/apache/dubbo/rpc/cluster/loadbalance/ShortestResponseLoadBalance.java,2023-11-07T07:40:13Z
6064,6064,730695a7a26967889405b12fc54099bb006c8231,dubbo-cluster/src/test/java/org/apache/dubbo/rpc/cluster/loadbalance/LoadBalanceBaseTest.java,2023-11-07T07:40:13Z
6064,6064,730695a7a26967889405b12fc54099bb006c8231,dubbo-cluster/src/test/java/org/apache/dubbo/rpc/cluster/loadbalance/ShortestResponseLoadBalanceTest.java,2023-11-07T07:40:13Z
6066,6066,71b9f6aa06afaa17a7cbdff0eeefda3757c0a638,dubbo-remoting/dubbo-remoting-http/src/main/java/org/apache/dubbo/remoting/http/tomcat/TomcatHttpServer.java,2022-11-07T09:40:15Z
6068,6068,0d91d419a8b25a9917a03dc68a3eb5069ac856ea,dubbo-common/src/main/java/org/apache/dubbo/common/extension/ExtensionLoader.java,2023-10-19T07:25:40Z
6068,6068,0d91d419a8b25a9917a03dc68a3eb5069ac856ea,dubbo-common/src/test/java/org/apache/dubbo/common/extension/ExtensionLoaderTest.java,2023-10-19T07:25:40Z
6070,6070,d0454fdbef0b7724cf5747a276f292eb14c8ab05,dubbo-config/dubbo-config-spring/src/main/java/org/apache/dubbo/config/spring/beans/factory/annotation/ServiceAnnotationBeanPostProcessor.java,2021-06-08T08:44:54Z
6070,6070,d0454fdbef0b7724cf5747a276f292eb14c8ab05,dubbo-config/dubbo-config-spring/src/test/java/org/apache/dubbo/config/spring/beans/factory/annotation/ServiceAnnotationTestConfiguration2.java,2021-06-08T08:44:54Z
6071,6071,ac8ee831c9566569b8a58298983ee7e7ff30e4d8,dubbo-dependencies-bom/pom.xml,2024-07-02T06:27:45Z
6072,6072,0d91d419a8b25a9917a03dc68a3eb5069ac856ea,dubbo-config/dubbo-config-spring/src/main/java/org/apache/dubbo/config/spring/beans/factory/annotation/ReferenceAnnotationBeanPostProcessor.java,2023-10-19T07:25:40Z
6072,6072,0d91d419a8b25a9917a03dc68a3eb5069ac856ea,dubbo-config/dubbo-config-spring/src/test/java/org/apache/dubbo/config/spring/context/annotation/provider/HelloServiceImpl.java,2023-10-19T07:25:40Z
6073,6073,e21244a43171c0187b0295fd9ba811155ebb1acd,dubbo-common/src/main/java/org/apache/dubbo/common/config/ConfigurationUtils.java,2024-05-21T02:20:51Z
6074,6074,25b73b1a135ae75ed50c68e6b5acd694067fd325,dubbo-common/src/main/java/org/apache/dubbo/config/annotation/DubboService.java,2023-12-27T15:19:51Z
6079,6079,563a0e472ab50d2d697e2f0415c80b68ad6b17bd,dubbo-config/dubbo-config-spring/src/main/java/org/apache/dubbo/config/spring/schema/DubboBeanDefinitionParser.java,2023-06-29T02:31:36Z
6081,6081,730695a7a26967889405b12fc54099bb006c8231,dubbo-common/src/main/java/org/apache/dubbo/common/config/configcenter/file/FileSystemDynamicConfiguration.java,2023-11-07T07:40:13Z
6083,6083,efa6900bb1b59c70f131af868396a8903b098a18,dubbo-cluster/src/main/java/org/apache/dubbo/rpc/cluster/router/tag/TagRouter.java,2021-11-03T03:13:04Z
6086,6086,730695a7a26967889405b12fc54099bb006c8231,dubbo-common/src/main/java/org/apache/dubbo/common/config/configcenter/DynamicConfiguration.java,2023-11-07T07:40:13Z
6088,6088,523a4189b8a7233c926eab1218daf627a3e870b8,dubbo-common/src/main/java/org/apache/dubbo/common/constants/CommonConstants.java,2024-06-04T14:59:16Z
6091,6091,10e7162268597fbee8e9e42db996969f10346cfa,dubbo-common/src/main/java/org/apache/dubbo/config/annotation/DubboReference.java,2023-02-21T02:27:46Z
6092,6092,10e7162268597fbee8e9e42db996969f10346cfa,dubbo-common/src/main/java/org/apache/dubbo/config/annotation/DubboReference.java,2023-02-21T02:27:46Z
6094,6094,7e51047cb084a9f9b09d934cf058074c534503f4,dubbo-common/src/test/java/org/apache/dubbo/common/config/configcenter/AbstractDynamicConfigurationTest.java,2023-02-27T12:09:15Z
6096,6096,766d0cfa894f95f0bddc5bfb397ec6656c517069,dubbo-config/dubbo-config-spring/src/main/java/org/apache/dubbo/config/spring/context/annotation/DubboConfigConfigurationRegistrar.java,2022-07-14T02:06:54Z
6098,6098,d4032660d5be0d133dc624c45af8c5a02caaef0b,dubbo-rpc/dubbo-rpc-dubbo/src/test/java/org/apache/dubbo/rpc/protocol/dubbo/ReferenceCountExchangeClientTest.java,2023-04-11T10:58:22Z
6100,6100,25548c345bdfc1dcf222b68c2057cd472e2b74a0,dubbo-common/src/main/java/org/apache/dubbo/common/utils/PojoUtils.java,2023-05-26T07:32:54Z
6100,6100,25548c345bdfc1dcf222b68c2057cd472e2b74a0,dubbo-common/src/test/java/org/apache/dubbo/common/utils/PojoUtilsTest.java,2023-05-26T07:32:54Z
6102,6102,00812ce41c44be6e5cd5e2b8e5bf602f806bbbca,dubbo-rpc/dubbo-rpc-dubbo/src/main/java/org/apache/dubbo/rpc/protocol/dubbo/DubboProtocol.java,2024-03-29T03:40:06Z
6105,6105,3160602072c198728cca48e449984a4e596e7c37,dubbo-config/dubbo-config-api/src/main/java/org/apache/dubbo/config/bootstrap/DubboBootstrap.java,2023-06-19T01:34:06Z
6106,6106,25548c345bdfc1dcf222b68c2057cd472e2b74a0,dubbo-common/src/main/java/org/apache/dubbo/common/utils/PojoUtils.java,2023-05-26T07:32:54Z
6106,6106,25548c345bdfc1dcf222b68c2057cd472e2b74a0,dubbo-common/src/test/java/org/apache/dubbo/common/utils/PojoUtilsTest.java,2023-05-26T07:32:54Z
6107,6107,766d0cfa894f95f0bddc5bfb397ec6656c517069,dubbo-config/dubbo-config-spring/src/main/java/org/apache/dubbo/config/spring/context/annotation/DubboConfigConfigurationRegistrar.java,2022-07-14T02:06:54Z
6110,6110,ed9e26f0176610e49bc0c8deba9788b7ae1147b5,dubbo-common/src/main/java/org/apache/dubbo/common/extension/AdaptiveClassCodeGenerator.java,2023-02-28T08:05:25Z
6111,6111,6b3f54383f4b6102215e33ea879a389dff0fd1eb,README.md,2024-04-11T08:47:51Z
6114,6114,06605365c51fd4e8bbec50a9aa1061408063e50c,dubbo-plugin/dubbo-qos/src/main/java/org/apache/dubbo/qos/command/impl/Ready.java,2023-03-17T05:33:49Z
6115,6115,f2478b4d5cad482008cae6b8a2ad2dc2d41f3cf5,dubbo-build-tools/pom.xml,2024-01-30T09:57:22Z
6117,6117,8bdecea7ef808d19f0449dd43ec85ba8dbaeeb26,dubbo-registry/dubbo-registry-default/src/test/java/org/apache/dubbo/registry/dubbo/RegistryDirectoryTest.java,2020-08-17T05:38:04Z
6119,6119,f224fc5a47ae87817a91241109f1fcab1fee1539,dubbo-registry/dubbo-registry-api/src/main/java/org/apache/dubbo/registry/integration/RegistryProtocol.java,2024-07-03T02:12:33Z
6120,6120,8bdecea7ef808d19f0449dd43ec85ba8dbaeeb26,dubbo-registry/dubbo-registry-default/src/test/java/org/apache/dubbo/registry/dubbo/RegistryDirectoryTest.java,2020-08-17T05:38:04Z
6124,6124,570cd47d9a47f93efcee835a47e40bdffe7046a6,dubbo-compatible/src/test/java/org/apache/dubbo/generic/GenericServiceTest.java,2023-12-14T11:12:27Z
6127,6127,8bc9257f4e09b2937e21842b90984dfcaefe97b6,dubbo-compatible/src/main/java/com/alibaba/dubbo/rpc/protocol/dubbo/FutureAdapter.java,2021-06-01T06:14:35Z
6131,6131,aa54350c6f5abd0803ace8c14b9a731b69100d03,dubbo-remoting/dubbo-remoting-zookeeper/src/main/java/org/apache/dubbo/remoting/zookeeper/curator/CuratorZookeeperClient.java,2023-07-31T11:11:49Z
6133,6133,aa54350c6f5abd0803ace8c14b9a731b69100d03,dubbo-remoting/dubbo-remoting-zookeeper/src/main/java/org/apache/dubbo/remoting/zookeeper/curator/CuratorZookeeperClient.java,2023-07-31T11:11:49Z
6134,6134,aa54350c6f5abd0803ace8c14b9a731b69100d03,dubbo-remoting/dubbo-remoting-zookeeper/src/main/java/org/apache/dubbo/remoting/zookeeper/curator/CuratorZookeeperClient.java,2023-07-31T11:11:49Z
6135,6135,aa54350c6f5abd0803ace8c14b9a731b69100d03,dubbo-remoting/dubbo-remoting-zookeeper/src/main/java/org/apache/dubbo/remoting/zookeeper/curator/CuratorZookeeperClient.java,2023-07-31T11:11:49Z
6136,6136,523a4189b8a7233c926eab1218daf627a3e870b8,dubbo-common/src/main/java/org/apache/dubbo/common/constants/CommonConstants.java,2024-06-04T14:59:16Z
6139,6139,563a0e472ab50d2d697e2f0415c80b68ad6b17bd,dubbo-config/dubbo-config-spring/src/main/java/org/apache/dubbo/config/spring/schema/DubboBeanDefinitionParser.java,2023-06-29T02:31:36Z
6141,6141,858f8a95a2197337d0dea1c87508384ad525a281,dubbo-common/src/main/java/org/apache/dubbo/common/threadlocal/InternalRunnable.java,2021-11-16T09:53:27Z
6142,6142,0fc93d03456210839d95093ec4f2677e8f35677e,.travis.yml,2023-01-25T00:11:33Z
6144,6144,e21244a43171c0187b0295fd9ba811155ebb1acd,dubbo-common/src/main/java/org/apache/dubbo/common/config/ConfigurationUtils.java,2024-05-21T02:20:51Z
6146,6146,523a4189b8a7233c926eab1218daf627a3e870b8,dubbo-common/src/main/java/org/apache/dubbo/common/constants/CommonConstants.java,2024-06-04T14:59:16Z
6148,6148,efa6900bb1b59c70f131af868396a8903b098a18,dubbo-cluster/src/main/java/org/apache/dubbo/rpc/cluster/router/condition/config/ListenableRouter.java,2021-11-03T03:13:04Z
6151,6151,d35d7eb30c9e536bead96d50d45ff6def219f84f,dubbo-rpc/dubbo-rpc-api/src/main/java/org/apache/dubbo/rpc/filter/AccessLogFilter.java,2024-05-31T07:05:16Z
6153,6153,523a4189b8a7233c926eab1218daf627a3e870b8,dubbo-common/src/main/java/org/apache/dubbo/common/Version.java,2024-06-04T14:59:16Z
6153,6153,523a4189b8a7233c926eab1218daf627a3e870b8,dubbo-common/src/test/java/org/apache/dubbo/common/version/VersionTest.java,2024-06-04T14:59:16Z
6154,6154,b8664c42350cd97de10223e0196dc9789cbc136d,dubbo-config/dubbo-config-spring/src/test/java/org/apache/dubbo/config/spring/schema/GenericServiceTest.java,2022-11-22T02:49:25Z
6157,6157,11d5bd9ffadf11af0d13e6ab478829b4ae3c8572,pom.xml,2024-06-24T09:54:45Z
6159,6159,f224fc5a47ae87817a91241109f1fcab1fee1539,dubbo-registry/dubbo-registry-api/src/main/java/org/apache/dubbo/registry/integration/RegistryProtocol.java,2024-07-03T02:12:33Z
6163,6163,0eb0e01b39d425b2e0546c6dd46a851fa3026439,dubbo-rpc/dubbo-rpc-api/src/main/java/org/apache/dubbo/rpc/AttachmentsAdapter.java,2023-02-10T07:31:32Z
6164,6164,edaaa1612190c60467cae14bf9550e86bd0ca004,dubbo-rpc/dubbo-rpc-api/src/main/java/org/apache/dubbo/rpc/protocol/AbstractInvoker.java,2023-09-20T01:45:28Z
6169,6169,efa6900bb1b59c70f131af868396a8903b098a18,dubbo-cluster/src/main/java/org/apache/dubbo/rpc/cluster/router/condition/config/ListenableRouter.java,2021-11-03T03:13:04Z
6175,6175,523a4189b8a7233c926eab1218daf627a3e870b8,dubbo-common/src/main/java/org/apache/dubbo/common/constants/CommonConstants.java,2024-06-04T14:59:16Z
6178,6178,a1642ac07a838e31bab952d972be62c007a95a34,dubbo-common/src/main/java/org/apache/dubbo/common/utils/ReflectUtils.java,2023-11-20T02:51:25Z
6179,6179,ec443043e2da83d946943baabf7f122f9efc0dcc,dubbo-config/dubbo-config-api/src/main/java/org/apache/dubbo/config/ReferenceConfig.java,2024-04-01T03:03:29Z
6182,6182,00812ce41c44be6e5cd5e2b8e5bf602f806bbbca,dubbo-metadata/dubbo-metadata-report-nacos/src/main/java/org/apache/dubbo/metadata/store/nacos/NacosMetadataReport.java,2024-03-29T03:40:06Z
6188,6188,00812ce41c44be6e5cd5e2b8e5bf602f806bbbca,dubbo-rpc/dubbo-rpc-api/src/main/java/org/apache/dubbo/rpc/support/MockInvoker.java,2024-03-29T03:40:06Z
6190,6190,25548c345bdfc1dcf222b68c2057cd472e2b74a0,dubbo-common/src/main/java/org/apache/dubbo/common/utils/PojoUtils.java,2023-05-26T07:32:54Z
6191,6191,25548c345bdfc1dcf222b68c2057cd472e2b74a0,dubbo-common/src/main/java/org/apache/dubbo/common/utils/PojoUtils.java,2023-05-26T07:32:54Z
6197,6197,00812ce41c44be6e5cd5e2b8e5bf602f806bbbca,dubbo-remoting/dubbo-remoting-api/src/main/java/org/apache/dubbo/remoting/telnet/support/command/StatusTelnetHandler.java,2024-03-29T03:40:06Z
6200,6200,523a4189b8a7233c926eab1218daf627a3e870b8,dubbo-common/src/main/java/org/apache/dubbo/common/constants/CommonConstants.java,2024-06-04T14:59:16Z
6201,6201,730695a7a26967889405b12fc54099bb006c8231,dubbo-cluster/src/main/java/org/apache/dubbo/rpc/cluster/loadbalance/ShortestResponseLoadBalance.java,2023-11-07T07:40:13Z
6206,6206,1643bf381690ca352749c0de1070a305ef4939e9,dubbo-common/src/main/java/org/apache/dubbo/common/utils/LRUCache.java,2022-09-03T06:14:47Z
6209,6209,dfd135eb95d92ffc3519426b812e274f43b49e9d,dubbo-common/src/main/java/org/apache/dubbo/config/RegistryConfig.java,2024-05-08T06:09:08Z
6209,6209,dfd135eb95d92ffc3519426b812e274f43b49e9d,dubbo-config/dubbo-config-api/src/main/java/org/apache/dubbo/config/utils/ConfigValidationUtils.java,2024-05-08T06:09:08Z
6210,6210,0eb0e01b39d425b2e0546c6dd46a851fa3026439,dubbo-rpc/dubbo-rpc-api/src/main/java/org/apache/dubbo/rpc/AttachmentsAdapter.java,2023-02-10T07:31:32Z
6211,6211,12febcfbf505c926070686a4d4318812b1ed1938,dubbo-common/src/main/java/org/apache/dubbo/common/utils/NetUtils.java,2023-03-25T07:42:33Z
6212,6212,563a0e472ab50d2d697e2f0415c80b68ad6b17bd,dubbo-config/dubbo-config-spring/src/main/java/org/apache/dubbo/config/spring/ServiceBean.java,2023-06-29T02:31:36Z
6215,6215,730695a7a26967889405b12fc54099bb006c8231,dubbo-cluster/src/main/java/org/apache/dubbo/rpc/cluster/configurator/parser/ConfigParser.java,2023-11-07T07:40:13Z
6215,6215,730695a7a26967889405b12fc54099bb006c8231,dubbo-cluster/src/test/java/org/apache/dubbo/rpc/cluster/configurator/parser/ConfigParserTest.java,2023-11-07T07:40:13Z
6216,6216,730695a7a26967889405b12fc54099bb006c8231,dubbo-cluster/src/main/java/org/apache/dubbo/rpc/cluster/configurator/parser/ConfigParser.java,2023-11-07T07:40:13Z
6216,6216,730695a7a26967889405b12fc54099bb006c8231,dubbo-cluster/src/test/java/org/apache/dubbo/rpc/cluster/configurator/parser/ConfigParserTest.java,2023-11-07T07:40:13Z
6217,6217,36e0cf5490f9ea289a9d809694b0b2347106a515,dubbo-rpc/dubbo-rpc-dubbo/src/main/java/org/apache/dubbo/rpc/protocol/dubbo/DubboInvoker.java,2024-03-11T06:00:16Z
6221,6221,c24eca7e1edefed758a0123c0141da21ed708a42,.gitignore,2024-05-08T03:06:02Z
6222,6222,f224fc5a47ae87817a91241109f1fcab1fee1539,dubbo-registry/dubbo-registry-api/src/main/java/org/apache/dubbo/registry/integration/RegistryProtocol.java,2024-07-03T02:12:33Z
6223,6223,58bf28f8c0a6d7b042af49cad033a7a18231698b,dubbo-rpc/dubbo-rpc-dubbo/src/test/java/org/apache/dubbo/rpc/protocol/dubbo/ArgumentCallbackTest.java,2023-10-19T07:27:26Z
6227,6227,92f7ac6656c68f298b31b2eccb02f5b4a9972c45,dubbo-registry/dubbo-registry-nacos/src/main/java/org/apache/dubbo/registry/nacos/util/NacosNamingServiceUtils.java,2023-01-17T03:17:56Z
6234,6234,ac8ee831c9566569b8a58298983ee7e7ff30e4d8,dubbo-dependencies-bom/pom.xml,2024-07-02T06:27:45Z
6236,6236,0d91d419a8b25a9917a03dc68a3eb5069ac856ea,dubbo-common/src/main/java/org/apache/dubbo/config/ReferenceConfigBase.java,2023-10-19T07:25:40Z
6251,6251,6b3f54383f4b6102215e33ea879a389dff0fd1eb,README.md,2024-04-11T08:47:51Z
6253,6253,3a3d0ef50ee0939dbf5cd6ddb4b0aeb789b329af,dubbo-config/dubbo-config-spring/src/main/java/org/apache/dubbo/config/spring/beans/factory/annotation/ServiceClassPostProcessor.java,2021-04-30T12:25:24Z
6254,6254,ac8ee831c9566569b8a58298983ee7e7ff30e4d8,dubbo-dependencies-bom/pom.xml,2024-07-02T06:27:45Z
6255,6255,d2ae941502410fbbf937e654b25f1399eedd3fbf,dependencies-bom/pom.xml,2018-07-09T14:32:24Z
6263,6263,0a1ad55bff34c8cffc066c4ab26ac8466691a4f4,dubbo-registry/dubbo-registry-nacos/src/main/java/org/apache/dubbo/registry/nacos/NacosRegistry.java,2024-04-22T11:42:47Z
6268,6268,aa54350c6f5abd0803ace8c14b9a731b69100d03,dubbo-registry/dubbo-registry-api/src/main/java/org/apache/dubbo/registry/integration/RegistryDirectory.java,2023-07-31T11:11:49Z
6270,6270,0a1ad55bff34c8cffc066c4ab26ac8466691a4f4,dubbo-registry/dubbo-registry-nacos/src/main/java/org/apache/dubbo/registry/nacos/NacosRegistry.java,2024-04-22T11:42:47Z
6271,6271,dfd135eb95d92ffc3519426b812e274f43b49e9d,dubbo-config/dubbo-config-api/src/main/java/org/apache/dubbo/config/utils/ConfigValidationUtils.java,2024-05-08T06:09:08Z
6278,6278,238fe3125c427eda496b857623ba17e67f722ecd,dubbo-metadata/dubbo-metadata-api/src/main/java/org/apache/dubbo/metadata/report/MetadataReportInstance.java,2024-07-04T08:20:30Z
6281,6281,0bfd54cea412fef92e0ec36b2dc18136c4c3d4e0,dubbo-remoting/dubbo-remoting-netty4/src/main/java/org/apache/dubbo/remoting/transport/netty4/NettyServer.java,2023-09-01T05:03:33Z
6282,6282,aa54350c6f5abd0803ace8c14b9a731b69100d03,dubbo-rpc/dubbo-rpc-api/src/main/resources/META-INF/dubbo/internal/org.apache.dubbo.rpc.Filter,2023-07-31T11:11:49Z
6287,6287,c24eca7e1edefed758a0123c0141da21ed708a42,.gitignore,2024-05-08T03:06:02Z
6288,6288,412471a98f5503905960893ea9ddac70a7e197a8,dubbo-config/dubbo-config-spring/src/main/java/org/apache/dubbo/config/spring/schema/DubboNamespaceHandler.java,2023-04-11T07:14:48Z
6291,6291,dfd135eb95d92ffc3519426b812e274f43b49e9d,dubbo-common/src/main/java/org/apache/dubbo/common/URL.java,2024-05-08T06:09:08Z
6297,6297,f224fc5a47ae87817a91241109f1fcab1fee1539,dubbo-registry/dubbo-registry-api/src/main/java/org/apache/dubbo/registry/integration/RegistryProtocol.java,2024-07-03T02:12:33Z
6299,6299,e9175a6c748ca50ef06d1a6108fabad32e402a32,dubbo-metadata/dubbo-metadata-api/src/main/java/org/apache/dubbo/metadata/report/MetadataReport.java,2022-03-11T07:11:10Z
6300,6300,6dfddbfb2b32029272499735598cbcd80035c319,dubbo-metadata/dubbo-metadata-api/src/main/java/org/apache/dubbo/metadata/MetadataConstants.java,2023-11-30T11:19:29Z
6303,6303,8bdecea7ef808d19f0449dd43ec85ba8dbaeeb26,dubbo-registry/dubbo-registry-etcd3/src/test/java/org/apache/dubbo/registry/etcd/EtcdRegistryTest.java,2020-08-17T05:38:04Z
6307,6307,f2c5eb9372bb70b6bc191906fd1c292b8a44cd25,dubbo-metadata/dubbo-metadata-api/src/main/java/org/apache/dubbo/metadata/definition/TypeDefinitionBuilder.java,2021-09-20T15:01:11Z
6307,6307,f2c5eb9372bb70b6bc191906fd1c292b8a44cd25,dubbo-metadata/dubbo-metadata-api/src/main/java/org/apache/dubbo/metadata/definition/builder/TypeBuilder.java,2021-09-20T15:01:11Z
6308,6308,dfd135eb95d92ffc3519426b812e274f43b49e9d,dubbo-config/dubbo-config-api/src/main/java/org/apache/dubbo/config/utils/ConfigValidationUtils.java,2024-05-08T06:09:08Z
6311,6311,8bc9257f4e09b2937e21842b90984dfcaefe97b6,dubbo-config/dubbo-config-spring/src/main/java/org/apache/dubbo/config/spring/context/annotation/EnableDubboConfig.java,2021-06-01T06:14:35Z
6313,6313,8bdecea7ef808d19f0449dd43ec85ba8dbaeeb26,dubbo-registry/dubbo-registry-consul/src/main/java/org/apache/dubbo/registry/consul/ConsulRegistry.java,2020-08-17T05:38:04Z
6314,6314,02a59e2f4074889500ea29130b82aa80ced44d5e,dubbo-rpc/dubbo-rpc-api/src/test/java/org/apache/dubbo/rpc/RpcContextTest.java,2023-02-22T06:02:16Z
6317,6317,80b145db3e09c947f0b731776ec66694bafc4846,dubbo-config/dubbo-config-api/pom.xml,2024-05-14T03:48:31Z
6321,6321,0d91d419a8b25a9917a03dc68a3eb5069ac856ea,dubbo-common/src/main/java/org/apache/dubbo/common/extension/support/ActivateComparator.java,2023-10-19T07:25:40Z
6337,6337,886360461952940e5fd3f57323ba4be34be14a58,dubbo-metadata/dubbo-metadata-api/src/main/java/org/apache/dubbo/metadata/ServiceNameMapping.java,2024-05-08T03:59:26Z
6341,6341,8bdecea7ef808d19f0449dd43ec85ba8dbaeeb26,dubbo-registry/dubbo-registry-consul/src/main/java/org/apache/dubbo/registry/consul/ConsulRegistry.java,2020-08-17T05:38:04Z
6343,6343,f224fc5a47ae87817a91241109f1fcab1fee1539,dubbo-registry/dubbo-registry-api/src/main/java/org/apache/dubbo/registry/integration/RegistryProtocol.java,2024-07-03T02:12:33Z
6344,6344,f2dbc84cac0fab7c89033813a2f7cf5359314dd7,dubbo-filter/dubbo-filter-validation/src/main/java/org/apache/dubbo/validation/support/jvalidation/JValidator.java,2023-09-20T01:44:23Z
6347,6347,730695a7a26967889405b12fc54099bb006c8231,dubbo-common/src/main/java/org/apache/dubbo/common/bytecode/Proxy.java,2023-11-07T07:40:13Z
6351,6351,8bdecea7ef808d19f0449dd43ec85ba8dbaeeb26,dubbo-configcenter/dubbo-configcenter-consul/src/main/java/org/apache/dubbo/configcenter/consul/ConsulDynamicConfiguration.java,2020-08-17T05:38:04Z
6351,6351,8bdecea7ef808d19f0449dd43ec85ba8dbaeeb26,dubbo-configcenter/dubbo-configcenter-consul/src/test/java/org/apache/dubbo/configcenter/consul/ConsulDynamicConfigurationTest.java,2020-08-17T05:38:04Z
6352,6352,393084352ea74dedf7824ac54723ada0ec4e5489,dubbo-common/src/main/java/org/apache/dubbo/rpc/model/ConsumerModel.java,2022-07-15T07:34:05Z
6353,6353,79a1cca4ef1d583d2ae2c8e3f16eeea5881712cc,dubbo-config/dubbo-config-spring/src/main/java/org/apache/dubbo/config/spring/ReferenceBean.java,2024-07-04T07:14:55Z
6355,6355,60c55b83bc27282dabb93a31ccb3e35e29ae087e,dubbo-demo/dubbo-demo-annotation/dubbo-demo-annotation-provider/src/main/java/org/apache/dubbo/demo/provider/DemoServiceImpl.java,2021-05-10T08:10:31Z
6361,6361,00812ce41c44be6e5cd5e2b8e5bf602f806bbbca,dubbo-config/dubbo-config-api/src/main/java/org/apache/dubbo/config/ServiceConfig.java,2024-03-29T03:40:06Z
6363,6363,cd34cc5acece90fc95767bcd457c98403bc8aca2,dubbo-metadata/dubbo-metadata-api/src/main/java/org/apache/dubbo/metadata/store/InMemoryWritableMetadataService.java,2020-07-07T03:43:38Z
6365,6365,f784131cc2dbc97fb63013019092c9dbda112fb3,dubbo-metadata/dubbo-metadata-api/src/test/java/org/apache/dubbo/metadata/definition/TypeDefinitionBuilderTest.java,2021-10-13T07:39:52Z
6366,6366,523a4189b8a7233c926eab1218daf627a3e870b8,dubbo-common/src/main/java/org/apache/dubbo/common/constants/CommonConstants.java,2024-06-04T14:59:16Z
6370,6370,60e3b19db518483296ff73245e548ce88c84f5a5,dubbo-cluster/src/main/java/com/alibaba/dubbo/rpc/cluster/support/FailoverClusterInvoker.java,2018-04-21T06:20:09Z
6372,6372,00812ce41c44be6e5cd5e2b8e5bf602f806bbbca,dubbo-cluster/src/main/java/org/apache/dubbo/rpc/cluster/support/FailoverClusterInvoker.java,2024-03-29T03:40:06Z
6373,6373,523a4189b8a7233c926eab1218daf627a3e870b8,dubbo-common/src/main/java/org/apache/dubbo/common/constants/CommonConstants.java,2024-06-04T14:59:16Z
6374,6374,523a4189b8a7233c926eab1218daf627a3e870b8,dubbo-common/src/main/java/org/apache/dubbo/common/constants/CommonConstants.java,2024-06-04T14:59:16Z
6375,6375,e5063679abf2ae2dc028b91b02cb8c8d41251a3d,dubbo-rpc/dubbo-rpc-dubbo/src/main/java/com/alibaba/dubbo/rpc/protocol/dubbo/DecodeableRpcInvocation.java,2018-05-31T08:21:55Z
6375,6375,e5063679abf2ae2dc028b91b02cb8c8d41251a3d,dubbo-rpc/dubbo-rpc-dubbo/src/main/java/com/alibaba/dubbo/rpc/protocol/dubbo/DubboCodec.java,2018-05-31T08:21:55Z
6376,6376,393084352ea74dedf7824ac54723ada0ec4e5489,dubbo-common/src/main/java/org/apache/dubbo/rpc/model/ConsumerModel.java,2022-07-15T07:34:05Z
6378,6378,ac8ee831c9566569b8a58298983ee7e7ff30e4d8,dubbo-dependencies-bom/pom.xml,2024-07-02T06:27:45Z
6380,6380,730695a7a26967889405b12fc54099bb006c8231,dubbo-cluster/src/main/java/org/apache/dubbo/rpc/cluster/support/registry/ZoneAwareClusterInvoker.java,2023-11-07T07:40:13Z
6384,6384,563a0e472ab50d2d697e2f0415c80b68ad6b17bd,dubbo-config/dubbo-config-spring/src/main/java/org/apache/dubbo/config/spring/schema/DubboBeanDefinitionParser.java,2023-06-29T02:31:36Z
6385,6385,9af6fbf1d0d1456c18bd23bc10e447589616e98c,dubbo-common/src/main/java/org/apache/dubbo/config/context/ConfigManager.java,2023-06-07T07:54:40Z
6386,6386,f224fc5a47ae87817a91241109f1fcab1fee1539,dubbo-registry/dubbo-registry-api/src/main/java/org/apache/dubbo/registry/integration/RegistryProtocol.java,2024-07-03T02:12:33Z
6387,6387,523a4189b8a7233c926eab1218daf627a3e870b8,dubbo-common/src/main/java/org/apache/dubbo/common/constants/CommonConstants.java,2024-06-04T14:59:16Z
6388,6388,d2ae941502410fbbf937e654b25f1399eedd3fbf,dependencies-bom/pom.xml,2018-07-09T14:32:24Z
6395,6395,730695a7a26967889405b12fc54099bb006c8231,dubbo-cluster/src/main/java/org/apache/dubbo/rpc/cluster/Configurator.java,2023-11-07T07:40:13Z
6398,6398,523a4189b8a7233c926eab1218daf627a3e870b8,dubbo-common/src/main/java/org/apache/dubbo/common/constants/CommonConstants.java,2024-06-04T14:59:16Z
6401,6401,fed4755cd6693e51d8f99555b1d339019e591917,dubbo-registry/dubbo-registry-api/src/main/java/org/apache/dubbo/registry/support/FailbackRegistry.java,2024-01-02T02:22:13Z
6402,6402,71b9f6aa06afaa17a7cbdff0eeefda3757c0a638,dubbo-remoting/dubbo-remoting-http/src/main/java/org/apache/dubbo/remoting/http/tomcat/TomcatHttpServer.java,2022-11-07T09:40:15Z
6403,6403,dfd135eb95d92ffc3519426b812e274f43b49e9d,dubbo-common/src/main/java/org/apache/dubbo/common/URL.java,2024-05-08T06:09:08Z
6403,6403,dfd135eb95d92ffc3519426b812e274f43b49e9d,dubbo-common/src/test/java/org/apache/dubbo/common/URLTest.java,2024-05-08T06:09:08Z
6407,6407,523a4189b8a7233c926eab1218daf627a3e870b8,dubbo-common/src/main/java/org/apache/dubbo/common/constants/CommonConstants.java,2024-06-04T14:59:16Z
6411,6411,ac8ee831c9566569b8a58298983ee7e7ff30e4d8,dubbo-dependencies-bom/pom.xml,2024-07-02T06:27:45Z
6414,6414,8bc9257f4e09b2937e21842b90984dfcaefe97b6,dubbo-config/dubbo-config-spring/src/main/java/org/apache/dubbo/config/spring/context/annotation/EnableDubboConfig.java,2021-06-01T06:14:35Z
6415,6415,ac8ee831c9566569b8a58298983ee7e7ff30e4d8,dubbo-dependencies-bom/pom.xml,2024-07-02T06:27:45Z
6417,6417,ac8ee831c9566569b8a58298983ee7e7ff30e4d8,dubbo-dependencies-bom/pom.xml,2024-07-02T06:27:45Z
6420,6420,dfd135eb95d92ffc3519426b812e274f43b49e9d,dubbo-common/src/main/java/org/apache/dubbo/common/URL.java,2024-05-08T06:09:08Z
6422,6422,3160602072c198728cca48e449984a4e596e7c37,dubbo-config/dubbo-config-api/src/main/java/org/apache/dubbo/config/bootstrap/DubboBootstrap.java,2023-06-19T01:34:06Z
6423,6423,dad55714caff3c03a0c5a806ae35e84e58ea1b3b,dubbo-serialization/dubbo-serialization-hessian2/src/main/java/org/apache/dubbo/common/serialize/hessian2/Hessian2SerializerFactory.java,2023-09-26T02:44:07Z
6429,6429,71b9f6aa06afaa17a7cbdff0eeefda3757c0a638,dubbo-remoting/dubbo-remoting-http/src/main/java/org/apache/dubbo/remoting/http/tomcat/TomcatHttpServer.java,2022-11-07T09:40:15Z
6430,6430,ac8ee831c9566569b8a58298983ee7e7ff30e4d8,dubbo-dependencies-bom/pom.xml,2024-07-02T06:27:45Z
6431,6431,00812ce41c44be6e5cd5e2b8e5bf602f806bbbca,dubbo-common/src/main/java/org/apache/dubbo/rpc/model/ProviderModel.java,2024-03-29T03:40:06Z
6432,6432,aa54350c6f5abd0803ace8c14b9a731b69100d03,dubbo-registry/dubbo-registry-api/src/main/java/org/apache/dubbo/registry/integration/RegistryDirectory.java,2023-07-31T11:11:49Z
6435,6435,ec443043e2da83d946943baabf7f122f9efc0dcc,dubbo-config/dubbo-config-api/src/main/java/org/apache/dubbo/config/ReferenceConfig.java,2024-04-01T03:03:29Z
6436,6436,766d0cfa894f95f0bddc5bfb397ec6656c517069,dubbo-compatible/src/main/java/com/alibaba/dubbo/common/extension/ExtensionFactory.java,2022-07-14T02:06:54Z
6437,6437,ec443043e2da83d946943baabf7f122f9efc0dcc,dubbo-config/dubbo-config-api/src/main/java/org/apache/dubbo/config/ReferenceConfig.java,2024-04-01T03:03:29Z
6439,6439,0d91d419a8b25a9917a03dc68a3eb5069ac856ea,dubbo-common/src/main/java/org/apache/dubbo/config/ReferenceConfigBase.java,2023-10-19T07:25:40Z
6440,6440,ac8ee831c9566569b8a58298983ee7e7ff30e4d8,dubbo-dependencies-bom/pom.xml,2024-07-02T06:27:45Z
6441,6441,ac8ee831c9566569b8a58298983ee7e7ff30e4d8,dubbo-dependencies-bom/pom.xml,2024-07-02T06:27:45Z
6446,6446,ac8ee831c9566569b8a58298983ee7e7ff30e4d8,dubbo-dependencies-bom/pom.xml,2024-07-02T06:27:45Z
6450,6450,3160602072c198728cca48e449984a4e596e7c37,dubbo-config/dubbo-config-api/src/main/java/org/apache/dubbo/config/bootstrap/DubboBootstrap.java,2023-06-19T01:34:06Z
6451,6451,dfd135eb95d92ffc3519426b812e274f43b49e9d,dubbo-common/src/main/java/org/apache/dubbo/config/RegistryConfig.java,2024-05-08T06:09:08Z
6452,6452,ec443043e2da83d946943baabf7f122f9efc0dcc,dubbo-config/dubbo-config-api/src/main/java/org/apache/dubbo/config/ReferenceConfig.java,2024-04-01T03:03:29Z
6453,6453,ac8ee831c9566569b8a58298983ee7e7ff30e4d8,dubbo-dependencies-bom/pom.xml,2024-07-02T06:27:45Z
6457,6457,ac8ee831c9566569b8a58298983ee7e7ff30e4d8,dubbo-dependencies-bom/pom.xml,2024-07-02T06:27:45Z
6462,6462,0d91d419a8b25a9917a03dc68a3eb5069ac856ea,dubbo-common/src/main/java/org/apache/dubbo/config/ReferenceConfigBase.java,2023-10-19T07:25:40Z
6464,6464,8bc9257f4e09b2937e21842b90984dfcaefe97b6,dubbo-container/dubbo-container-api/src/main/resources/META-INF/assembly/bin/start.sh,2021-06-01T06:14:35Z
6466,6466,ac8ee831c9566569b8a58298983ee7e7ff30e4d8,dubbo-dependencies-bom/pom.xml,2024-07-02T06:27:45Z
6467,6467,ac8ee831c9566569b8a58298983ee7e7ff30e4d8,dubbo-dependencies-bom/pom.xml,2024-07-02T06:27:45Z
6471,6471,12febcfbf505c926070686a4d4318812b1ed1938,dubbo-common/src/main/java/org/apache/dubbo/common/utils/NetUtils.java,2023-03-25T07:42:33Z
6472,6472,12febcfbf505c926070686a4d4318812b1ed1938,dubbo-common/src/main/java/org/apache/dubbo/common/utils/NetUtils.java,2023-03-25T07:42:33Z
6473,6473,046bb88d2f5b2077af243146acd30919adaf0477,dubbo-rpc/dubbo-rpc-dubbo/src/main/java/org/apache/dubbo/rpc/protocol/dubbo/ReferenceCountExchangeClient.java,2022-11-15T06:22:01Z
6477,6477,3160602072c198728cca48e449984a4e596e7c37,dubbo-config/dubbo-config-api/src/main/java/org/apache/dubbo/config/bootstrap/DubboBootstrap.java,2023-06-19T01:34:06Z
6478,6478,3160602072c198728cca48e449984a4e596e7c37,dubbo-config/dubbo-config-api/src/main/java/org/apache/dubbo/config/bootstrap/DubboBootstrap.java,2023-06-19T01:34:06Z
6479,6479,730695a7a26967889405b12fc54099bb006c8231,dubbo-cluster/src/main/java/org/apache/dubbo/rpc/cluster/loadbalance/RandomLoadBalance.java,2023-11-07T07:40:13Z
6480,6480,00812ce41c44be6e5cd5e2b8e5bf602f806bbbca,dubbo-filter/dubbo-filter-cache/src/main/java/org/apache/dubbo/cache/support/expiring/ExpiringMap.java,2024-03-29T03:40:06Z
6482,6482,730695a7a26967889405b12fc54099bb006c8231,dubbo-cluster/src/main/java/org/apache/dubbo/rpc/cluster/support/registry/ZoneAwareClusterInvoker.java,2023-11-07T07:40:13Z
6486,6486,4a5c5e200d2d41ab01f22b1c5ff7796a7241325f,dubbo-serialization/dubbo-serialization-hessian2/src/main/java/com/alibaba/dubbo/common/serialize/hessian2/Hessian2ObjectInput.java,2018-03-06T12:04:31Z
6486,6486,4a5c5e200d2d41ab01f22b1c5ff7796a7241325f,dubbo-serialization/dubbo-serialization-hessian2/src/main/java/com/alibaba/dubbo/common/serialize/hessian2/Hessian2ObjectOutput.java,2018-03-06T12:04:31Z
6486,6486,4a5c5e200d2d41ab01f22b1c5ff7796a7241325f,dubbo-serialization/dubbo-serialization-hessian2/src/main/java/com/alibaba/dubbo/common/serialize/hessian2/Hessian2SerializerFactory.java,2018-03-06T12:04:31Z
6487,6487,ed9e26f0176610e49bc0c8deba9788b7ae1147b5,dubbo-common/src/main/java/org/apache/dubbo/common/extension/AdaptiveClassCodeGenerator.java,2023-02-28T08:05:25Z
6492,6492,af566233dbb9673c9da18b545133bfaca0bd5bf5,dubbo-common/src/main/java/org/apache/dubbo/config/AbstractConfig.java,2023-09-03T02:36:26Z
6493,6493,af566233dbb9673c9da18b545133bfaca0bd5bf5,dubbo-common/src/main/java/org/apache/dubbo/config/AbstractConfig.java,2023-09-03T02:36:26Z
6495,6495,0d785f1346f48abf34a1a7690b437c3615780beb,dubbo-rpc/dubbo-rpc-webservice/src/main/resources/META-INF/dubbo/internal/org.apache.dubbo.rpc.Protocol,2020-07-22T06:45:08Z
6498,6498,523a4189b8a7233c926eab1218daf627a3e870b8,dubbo-common/src/main/java/org/apache/dubbo/common/constants/CommonConstants.java,2024-06-04T14:59:16Z
6500,6500,523a4189b8a7233c926eab1218daf627a3e870b8,dubbo-common/src/main/java/org/apache/dubbo/common/constants/CommonConstants.java,2024-06-04T14:59:16Z
6502,6502,0d91d419a8b25a9917a03dc68a3eb5069ac856ea,dubbo-common/src/main/java/org/apache/dubbo/config/ReferenceConfigBase.java,2023-10-19T07:25:40Z
6505,6505,8bdecea7ef808d19f0449dd43ec85ba8dbaeeb26,dubbo-configcenter/dubbo-configcenter-consul/src/main/java/org/apache/dubbo/configcenter/consul/ConsulDynamicConfiguration.java,2020-08-17T05:38:04Z
6506,6506,f224fc5a47ae87817a91241109f1fcab1fee1539,dubbo-registry/dubbo-registry-api/src/main/java/org/apache/dubbo/registry/integration/RegistryProtocol.java,2024-07-03T02:12:33Z
6508,6508,8bc9257f4e09b2937e21842b90984dfcaefe97b6,dubbo-container/dubbo-container-api/src/main/resources/META-INF/assembly/bin/start.sh,2021-06-01T06:14:35Z
6511,6511,3a3d0ef50ee0939dbf5cd6ddb4b0aeb789b329af,dubbo-config/dubbo-config-spring/src/main/java/org/apache/dubbo/config/spring/beans/factory/annotation/ServiceClassPostProcessor.java,2021-04-30T12:25:24Z
6512,6512,60e3b19db518483296ff73245e548ce88c84f5a5,dubbo-cluster/src/main/java/com/alibaba/dubbo/rpc/cluster/support/FailoverClusterInvoker.java,2018-04-21T06:20:09Z
6520,6520,8bdecea7ef808d19f0449dd43ec85ba8dbaeeb26,dubbo-rpc/dubbo-rpc-http/src/test/java/org/apache/dubbo/rpc/protocol/http/HttpProtocolTest.java,2020-08-17T05:38:04Z
6526,6526,11d5bd9ffadf11af0d13e6ab478829b4ae3c8572,pom.xml,2024-06-24T09:54:45Z
6531,6531,ac8ee831c9566569b8a58298983ee7e7ff30e4d8,dubbo-dependencies-bom/pom.xml,2024-07-02T06:27:45Z
6535,6535,6b86651ee731b68e8caaf304336e80abdfc3dd59,dubbo-serialization/dubbo-serialization-test/pom.xml,2019-09-17T07:50:18Z
6539,6539,5e89714d79f59db747c71baa579257c0f346e791,dubbo-common/src/main/java/org/apache/dubbo/config/ConfigCenterConfig.java,2022-01-23T08:47:27Z
6547,6547,523a4189b8a7233c926eab1218daf627a3e870b8,dubbo-common/src/main/java/org/apache/dubbo/common/constants/CommonConstants.java,2024-06-04T14:59:16Z
6551,6551,25548c345bdfc1dcf222b68c2057cd472e2b74a0,dubbo-common/src/main/java/org/apache/dubbo/common/utils/PojoUtils.java,2023-05-26T07:32:54Z
6551,6551,25548c345bdfc1dcf222b68c2057cd472e2b74a0,dubbo-common/src/test/java/org/apache/dubbo/common/utils/PojoUtilsTest.java,2023-05-26T07:32:54Z
6553,6553,dfd135eb95d92ffc3519426b812e274f43b49e9d,dubbo-config/dubbo-config-api/src/main/java/org/apache/dubbo/config/utils/ConfigValidationUtils.java,2024-05-08T06:09:08Z
6556,6556,ac8ee831c9566569b8a58298983ee7e7ff30e4d8,dubbo-dependencies-bom/pom.xml,2024-07-02T06:27:45Z
6564,6564,f05662a66deb331008dbe02e8a0b3f4174820ad9,dubbo-metadata/dubbo-metadata-report-zookeeper/src/main/java/org/apache/dubbo/metadata/store/zookeeper/ZookeeperMetadataReport.java,2023-04-11T03:24:55Z
6566,6566,00812ce41c44be6e5cd5e2b8e5bf602f806bbbca,dubbo-common/src/main/java/org/apache/dubbo/common/bytecode/Wrapper.java,2024-03-29T03:40:06Z
6571,6571,8bc9257f4e09b2937e21842b90984dfcaefe97b6,dubbo-registry/dubbo-registry-nacos/src/main/java/org/apache/dubbo/registry/nacos/NacosRegistryFactory.java,2021-06-01T06:14:35Z
6574,6574,00812ce41c44be6e5cd5e2b8e5bf602f806bbbca,dubbo-common/src/main/java/org/apache/dubbo/config/ApplicationConfig.java,2024-03-29T03:40:06Z
6576,6576,f7a32be429e815e9bc70f0dec31d67461e5c695e,dubbo-common/src/main/java/org/apache/dubbo/common/config/configcenter/TreePathDynamicConfiguration.java,2023-12-22T02:25:53Z
6584,6584,dfd135eb95d92ffc3519426b812e274f43b49e9d,dubbo-common/src/main/java/org/apache/dubbo/common/URL.java,2024-05-08T06:09:08Z
6586,6586,046bb88d2f5b2077af243146acd30919adaf0477,dubbo-rpc/dubbo-rpc-dubbo/src/main/java/org/apache/dubbo/rpc/protocol/dubbo/ReferenceCountExchangeClient.java,2022-11-15T06:22:01Z
6587,6587,d7047d1e3e47e2a8b8b25e9b53f543857ec6d205,dubbo-common/src/main/java/com/alibaba/dubbo/common/extension/ExtensionLoader.java,2018-05-12T12:49:49Z
6590,6590,5f39404b076734d93c4437994f56280daaaabcd0,dubbo-rpc/dubbo-rpc-dubbo/src/main/java/org/apache/dubbo/rpc/protocol/dubbo/DecodeableRpcResult.java,2023-06-13T13:42:27Z
6591,6591,ac8ee831c9566569b8a58298983ee7e7ff30e4d8,dubbo-dependencies-bom/pom.xml,2024-07-02T06:27:45Z
6592,6592,808bc96edaca49b86dc5382a3826b079574d7aca,dubbo-demo/pom.xml,2023-05-08T01:35:59Z
6593,6593,808bc96edaca49b86dc5382a3826b079574d7aca,dubbo-demo/pom.xml,2023-05-08T01:35:59Z
6597,6597,00812ce41c44be6e5cd5e2b8e5bf602f806bbbca,dubbo-cluster/src/main/java/org/apache/dubbo/rpc/cluster/loadbalance/ConsistentHashLoadBalance.java,2024-03-29T03:40:06Z
6598,6598,ac8ee831c9566569b8a58298983ee7e7ff30e4d8,dubbo-dependencies-bom/pom.xml,2024-07-02T06:27:45Z
6608,6608,0d91d419a8b25a9917a03dc68a3eb5069ac856ea,dubbo-rpc/dubbo-rpc-api/src/main/java/org/apache/dubbo/rpc/AppResponse.java,2023-10-19T07:25:40Z
6612,6612,ac8ee831c9566569b8a58298983ee7e7ff30e4d8,dubbo-dependencies-bom/pom.xml,2024-07-02T06:27:45Z
6614,6614,ac8ee831c9566569b8a58298983ee7e7ff30e4d8,dubbo-dependencies-bom/pom.xml,2024-07-02T06:27:45Z
6617,6617,80b145db3e09c947f0b731776ec66694bafc4846,dubbo-config/dubbo-config-api/pom.xml,2024-05-14T03:48:31Z
6618,6618,238fe3125c427eda496b857623ba17e67f722ecd,dubbo-metadata/dubbo-metadata-api/src/main/java/org/apache/dubbo/metadata/report/MetadataReportInstance.java,2024-07-04T08:20:30Z
6620,6620,f05662a66deb331008dbe02e8a0b3f4174820ad9,dubbo-registry/dubbo-registry-api/src/main/java/org/apache/dubbo/registry/client/DefaultServiceInstance.java,2023-04-11T03:24:55Z
6623,6623,523a4189b8a7233c926eab1218daf627a3e870b8,dubbo-common/src/main/java/org/apache/dubbo/common/constants/CommonConstants.java,2024-06-04T14:59:16Z
6624,6624,f224fc5a47ae87817a91241109f1fcab1fee1539,dubbo-registry/dubbo-registry-api/src/main/java/org/apache/dubbo/registry/integration/RegistryProtocol.java,2024-07-03T02:12:33Z
6628,6628,730695a7a26967889405b12fc54099bb006c8231,dubbo-cluster/src/main/java/org/apache/dubbo/rpc/cluster/governance/GovernanceRuleRepository.java,2023-11-07T07:40:13Z
6631,6631,f224fc5a47ae87817a91241109f1fcab1fee1539,dubbo-registry/dubbo-registry-api/src/main/java/org/apache/dubbo/registry/integration/RegistryProtocol.java,2024-07-03T02:12:33Z
6632,6632,00812ce41c44be6e5cd5e2b8e5bf602f806bbbca,dubbo-common/src/main/java/org/apache/dubbo/common/utils/UrlUtils.java,2024-03-29T03:40:06Z
6635,6635,ac8ee831c9566569b8a58298983ee7e7ff30e4d8,dubbo-dependencies-bom/pom.xml,2024-07-02T06:27:45Z
6642,6642,dfd135eb95d92ffc3519426b812e274f43b49e9d,dubbo-config/dubbo-config-api/src/main/java/org/apache/dubbo/config/utils/ConfigValidationUtils.java,2024-05-08T06:09:08Z
6644,6644,346166e674fea88d10dc43be82e387f547156709,dubbo-registry/dubbo-registry-api/src/main/resources/META-INF/dubbo/internal/org.apache.dubbo.registry.integration.MigrationAddressComparator,2020-08-27T06:43:10Z
6659,6659,d061b29b390eba6c6e73d61496cf2e78badeb429,dubbo-common/src/main/java/org/apache/dubbo/config/context/ConfigConfigurationAdapter.java,2023-03-16T01:43:57Z
6660,6660,1bdf359b1a4c50e260960fd35c2896b184e1954b,dubbo-configcenter/pom.xml,2021-10-19T02:11:53Z
6662,6662,0d91d419a8b25a9917a03dc68a3eb5069ac856ea,dubbo-common/src/main/java/org/apache/dubbo/common/extension/ExtensionLoader.java,2023-10-19T07:25:40Z
6665,6665,c05127e360ec6034e9fdbac158871d3e0f32939a,dubbo-registry/dubbo-registry-api/src/main/java/org/apache/dubbo/registry/client/migration/MigrationInvoker.java,2023-06-29T11:34:37Z
6666,6666,17b75a78955effbf82f4cd958c37545209c152e1,dubbo-cluster/src/main/java/org/apache/dubbo/rpc/cluster/directory/AbstractDirectory.java,2024-02-29T03:26:11Z
6667,6667,730695a7a26967889405b12fc54099bb006c8231,dubbo-cluster/src/main/java/org/apache/dubbo/rpc/cluster/support/registry/ZoneAwareClusterInvoker.java,2023-11-07T07:40:13Z
6669,6669,3160602072c198728cca48e449984a4e596e7c37,dubbo-config/dubbo-config-api/src/main/java/org/apache/dubbo/config/bootstrap/DubboBootstrap.java,2023-06-19T01:34:06Z
6674,6674,ac8ee831c9566569b8a58298983ee7e7ff30e4d8,dubbo-dependencies-bom/pom.xml,2024-07-02T06:27:45Z
6675,6675,8bc9257f4e09b2937e21842b90984dfcaefe97b6,dubbo-compatible/src/main/java/com/alibaba/dubbo/rpc/protocol/dubbo/FutureAdapter.java,2021-06-01T06:14:35Z
6677,6677,af566233dbb9673c9da18b545133bfaca0bd5bf5,dubbo-common/src/main/java/org/apache/dubbo/config/AbstractConfig.java,2023-09-03T02:36:26Z
6678,6678,70a92457159e1b27bb7ee367118b7e32e20eb05c,dubbo-cluster/src/main/resources/META-INF/dubbo/internal/org.apache.dubbo.rpc.cluster.interceptor.ClusterInterceptor,2021-03-16T16:03:09Z
6683,6683,08205284b8e107b61d4db9959dc760b78b1af1a5,dubbo-config/dubbo-config-api/src/main/java/com/alibaba/dubbo/config/ReferenceConfig.java,2018-06-14T01:06:28Z
6684,6684,00812ce41c44be6e5cd5e2b8e5bf602f806bbbca,dubbo-common/src/main/java/org/apache/dubbo/common/bytecode/Wrapper.java,2024-03-29T03:40:06Z
6684,6684,00812ce41c44be6e5cd5e2b8e5bf602f806bbbca,dubbo-registry/dubbo-registry-multicast/src/main/java/org/apache/dubbo/registry/multicast/MulticastRegistry.java,2024-03-29T03:40:06Z
6685,6685,80b145db3e09c947f0b731776ec66694bafc4846,dubbo-config/dubbo-config-api/pom.xml,2024-05-14T03:48:31Z
6688,6688,dfd135eb95d92ffc3519426b812e274f43b49e9d,dubbo-common/src/main/java/org/apache/dubbo/common/URL.java,2024-05-08T06:09:08Z
6690,6690,68e624f7643eeb1aa136a382e4432f3b77002f87,dubbo-registry/dubbo-registry-api/src/main/java/org/apache/dubbo/registry/client/InstanceAddressURL.java,2023-07-14T10:02:41Z
6691,6691,da9fbbdbf8b46a35af9a202f733b5c4d11f6b807,dubbo-metadata/dubbo-metadata-report-redis/src/main/java/org/apache/dubbo/metadata/store/redis/RedisMetadataReport.java,2023-05-07T23:32:00Z
6692,6692,f224fc5a47ae87817a91241109f1fcab1fee1539,dubbo-registry/dubbo-registry-api/src/main/java/org/apache/dubbo/registry/integration/RegistryProtocol.java,2024-07-03T02:12:33Z
6693,6693,0d91d419a8b25a9917a03dc68a3eb5069ac856ea,dubbo-rpc/dubbo-rpc-api/src/main/java/org/apache/dubbo/rpc/AppResponse.java,2023-10-19T07:25:40Z
6695,6695,16cdc5290e65af9db528470f7f7f51657dd61939,dubbo-common/src/main/java/org/apache/dubbo/common/URLStrParser.java,2024-01-12T18:38:51Z
6699,6699,0a1ad55bff34c8cffc066c4ab26ac8466691a4f4,dubbo-registry/dubbo-registry-nacos/src/main/java/org/apache/dubbo/registry/nacos/NacosRegistry.java,2024-04-22T11:42:47Z
6700,6700,0a1ad55bff34c8cffc066c4ab26ac8466691a4f4,dubbo-registry/dubbo-registry-nacos/src/main/java/org/apache/dubbo/registry/nacos/NacosRegistry.java,2024-04-22T11:42:47Z
6702,6702,16cdc5290e65af9db528470f7f7f51657dd61939,dubbo-common/src/main/java/org/apache/dubbo/common/URLStrParser.java,2024-01-12T18:38:51Z
6705,6705,faefee2cb2b64e10ff4f874f6da6e032d84f0ff2,dubbo-rpc/dubbo-rpc-api/src/main/java/org/apache/dubbo/rpc/support/RpcUtils.java,2024-05-08T03:51:00Z
6706,6706,dfd135eb95d92ffc3519426b812e274f43b49e9d,dubbo-common/src/main/java/org/apache/dubbo/common/URL.java,2024-05-08T06:09:08Z
6706,6706,dfd135eb95d92ffc3519426b812e274f43b49e9d,dubbo-common/src/test/java/org/apache/dubbo/common/URLTest.java,2024-05-08T06:09:08Z
6717,6717,f7a32be429e815e9bc70f0dec31d67461e5c695e,dubbo-common/src/main/java/org/apache/dubbo/common/config/configcenter/TreePathDynamicConfiguration.java,2023-12-22T02:25:53Z
6718,6718,17b75a78955effbf82f4cd958c37545209c152e1,dubbo-cluster/src/main/java/org/apache/dubbo/rpc/cluster/directory/AbstractDirectory.java,2024-02-29T03:26:11Z
6720,6720,4be8594bdefa3b941d062cbcee0794a3718c58b1,dubbo-rpc/dubbo-rpc-injvm/src/main/java/org/apache/dubbo/rpc/protocol/injvm/InjvmInvoker.java,2024-06-20T01:41:36Z
6726,6726,f7a32be429e815e9bc70f0dec31d67461e5c695e,dubbo-config/dubbo-config-spring/src/test/java/org/apache/dubbo/config/spring/context/annotation/EnableDubboConfigTest.java,2023-12-22T02:25:53Z
6727,6727,0d91d419a8b25a9917a03dc68a3eb5069ac856ea,dubbo-common/src/main/java/org/apache/dubbo/common/extension/ExtensionLoader.java,2023-10-19T07:25:40Z
6731,6731,faefee2cb2b64e10ff4f874f6da6e032d84f0ff2,dubbo-rpc/dubbo-rpc-api/src/main/java/org/apache/dubbo/rpc/support/RpcUtils.java,2024-05-08T03:51:00Z
6732,6732,deb6b57b97c7fb27194cd6c5239d189b0a330eef,dubbo-common/src/main/java/org/apache/dubbo/common/bytecode/CustomizedLoaderClassPath.java,2021-10-27T11:46:49Z
6734,6734,12febcfbf505c926070686a4d4318812b1ed1938,dubbo-common/src/main/java/org/apache/dubbo/common/utils/NetUtils.java,2023-03-25T07:42:33Z
6738,6738,00812ce41c44be6e5cd5e2b8e5bf602f806bbbca,dubbo-common/src/main/java/org/apache/dubbo/config/AbstractInterfaceConfig.java,2024-03-29T03:40:06Z
6738,6738,00812ce41c44be6e5cd5e2b8e5bf602f806bbbca,dubbo-common/src/main/java/org/apache/dubbo/config/ApplicationConfig.java,2024-03-29T03:40:06Z
6744,6744,f224fc5a47ae87817a91241109f1fcab1fee1539,dubbo-registry/dubbo-registry-api/src/main/java/org/apache/dubbo/registry/integration/RegistryProtocol.java,2024-07-03T02:12:33Z
6746,6746,d981788c1a7dd023570ae35155f6f3f193d7d8f0,dubbo-registry/dubbo-registry-api/src/main/java/org/apache/dubbo/registry/client/metadata/store/InMemoryWritableMetadataService.java,2021-11-04T08:54:57Z
6748,6748,00812ce41c44be6e5cd5e2b8e5bf602f806bbbca,dubbo-registry/dubbo-registry-api/src/main/java/org/apache/dubbo/registry/integration/InterfaceCompatibleRegistryProtocol.java,2024-03-29T03:40:06Z
6751,6751,1efe576197f2bfe9ded1f9d80fdde0663e31c5dc,dubbo-common/src/test/java/org/apache/dubbo/common/config/configcenter/ConfigChangedEventTest.java,2022-11-22T06:23:29Z
6752,6752,238fe3125c427eda496b857623ba17e67f722ecd,dubbo-metadata/dubbo-metadata-api/src/main/java/org/apache/dubbo/metadata/report/MetadataReportInstance.java,2024-07-04T08:20:30Z
6754,6754,1efe576197f2bfe9ded1f9d80fdde0663e31c5dc,dubbo-common/src/test/java/org/apache/dubbo/common/config/configcenter/ConfigChangedEventTest.java,2022-11-22T06:23:29Z
6756,6756,523a4189b8a7233c926eab1218daf627a3e870b8,dubbo-common/src/main/java/org/apache/dubbo/common/constants/CommonConstants.java,2024-06-04T14:59:16Z
6759,6759,aa54350c6f5abd0803ace8c14b9a731b69100d03,dubbo-registry/dubbo-registry-api/src/main/java/org/apache/dubbo/registry/integration/RegistryDirectory.java,2023-07-31T11:11:49Z
6760,6760,1efe576197f2bfe9ded1f9d80fdde0663e31c5dc,dubbo-common/src/test/java/org/apache/dubbo/common/config/configcenter/ConfigChangedEventTest.java,2022-11-22T06:23:29Z
6761,6761,79a1cca4ef1d583d2ae2c8e3f16eeea5881712cc,dubbo-config/dubbo-config-spring/src/main/java/org/apache/dubbo/config/spring/ReferenceBean.java,2024-07-04T07:14:55Z
6766,6766,00812ce41c44be6e5cd5e2b8e5bf602f806bbbca,dubbo-rpc/dubbo-rpc-dubbo/src/main/java/org/apache/dubbo/rpc/protocol/dubbo/DubboProtocol.java,2024-03-29T03:40:06Z
6773,6773,f224fc5a47ae87817a91241109f1fcab1fee1539,dubbo-registry/dubbo-registry-api/src/main/java/org/apache/dubbo/registry/integration/RegistryProtocol.java,2024-07-03T02:12:33Z
6775,6775,189d76be5d94d43d8054cc58d48507380aea99a3,dubbo-registry/dubbo-registry-zookeeper/src/main/java/org/apache/dubbo/registry/zookeeper/ZookeeperRegistry.java,2024-05-21T03:36:53Z
6777,6777,6e9f3370985eb174ab693ded243fe4fcd62e3639,dubbo-metadata/dubbo-metadata-api/src/main/java/org/apache/dubbo/metadata/rest/AbstractServiceRestMetadataResolver.java,2023-12-01T07:28:05Z
6779,6779,0a1ad55bff34c8cffc066c4ab26ac8466691a4f4,dubbo-registry/dubbo-registry-nacos/src/main/java/org/apache/dubbo/registry/nacos/NacosRegistry.java,2024-04-22T11:42:47Z
6783,6783,aa54350c6f5abd0803ace8c14b9a731b69100d03,dubbo-remoting/dubbo-remoting-zookeeper/src/main/java/org/apache/dubbo/remoting/zookeeper/curator/CuratorZookeeperClient.java,2023-07-31T11:11:49Z
6784,6784,5bb7ec02b4d93453a903eb2d061e053cd53f4021,dubbo-filter/dubbo-filter-cache/src/main/java/org/apache/dubbo/cache/filter/CacheFilter.java,2022-07-06T02:24:05Z
6784,6784,fd48e1cc28571f54f9177c7b8c55ee49055fe90b,dubbo-filter/dubbo-filter-cache/src/main/java/org/apache/dubbo/cache/filter/CacheFilter.java,2022-07-06T02:24:05Z
6785,6785,0d91d419a8b25a9917a03dc68a3eb5069ac856ea,dubbo-rpc/dubbo-rpc-api/src/main/java/org/apache/dubbo/rpc/filter/GenericFilter.java,2023-10-19T07:25:40Z
6786,6786,05cecc55bccc5c4ab985f7bab3b3c63e7380ed01,dubbo-config/dubbo-config-spring/src/main/resources/META-INF/dubbo.xsd,2024-02-02T06:10:23Z
6787,6787,886360461952940e5fd3f57323ba4be34be14a58,dubbo-metadata/dubbo-metadata-api/src/main/java/org/apache/dubbo/metadata/ServiceNameMapping.java,2024-05-08T03:59:26Z
6790,6790,25c2b3808a03a42c9d2cb2ca3e715b5f9ac043e5,dubbo-registry/dubbo-registry-api/src/main/java/org/apache/dubbo/registry/support/AbstractRegistry.java,2023-06-21T01:23:40Z
6791,6791,00812ce41c44be6e5cd5e2b8e5bf602f806bbbca,dubbo-rpc/dubbo-rpc-api/src/main/java/org/apache/dubbo/rpc/RpcStatus.java,2024-03-29T03:40:06Z
6793,6793,00812ce41c44be6e5cd5e2b8e5bf602f806bbbca,dubbo-rpc/dubbo-rpc-dubbo/src/main/java/org/apache/dubbo/rpc/protocol/dubbo/DubboProtocol.java,2024-03-29T03:40:06Z
6794,6794,e21244a43171c0187b0295fd9ba811155ebb1acd,dubbo-common/src/main/java/org/apache/dubbo/common/config/ConfigurationUtils.java,2024-05-21T02:20:51Z
6796,6796,92f21f184e9181893bdf9af05ba5cb11e6ce2daf,dubbo-registry/dubbo-registry-api/src/main/java/org/apache/dubbo/registry/client/RegistryProtocol.java,2020-08-25T05:02:27Z
6798,6798,ac8ee831c9566569b8a58298983ee7e7ff30e4d8,dubbo-dependencies-bom/pom.xml,2024-07-02T06:27:45Z
6800,6800,e07e5e294b0bc96ada4ed868cfae1307b3872462,dubbo-rpc/dubbo-rpc-api/src/main/java/org/apache/dubbo/rpc/filter/TokenFilter.java,2023-06-13T12:25:25Z
6801,6801,00812ce41c44be6e5cd5e2b8e5bf602f806bbbca,dubbo-rpc/dubbo-rpc-api/src/main/java/org/apache/dubbo/rpc/RpcStatus.java,2024-03-29T03:40:06Z
6805,6805,8bc9257f4e09b2937e21842b90984dfcaefe97b6,CONTRIBUTING.md,2021-06-01T06:14:35Z
6806,6806,dfd135eb95d92ffc3519426b812e274f43b49e9d,dubbo-common/src/main/java/org/apache/dubbo/common/URL.java,2024-05-08T06:09:08Z
6807,6807,6b3f54383f4b6102215e33ea879a389dff0fd1eb,README.md,2024-04-11T08:47:51Z
6816,6816,730695a7a26967889405b12fc54099bb006c8231,dubbo-common/src/main/java/org/apache/dubbo/common/bytecode/Proxy.java,2023-11-07T07:40:13Z
6826,6826,08205284b8e107b61d4db9959dc760b78b1af1a5,dubbo-config/dubbo-config-api/src/main/java/com/alibaba/dubbo/config/ReferenceConfig.java,2018-06-14T01:06:28Z
6828,6828,00812ce41c44be6e5cd5e2b8e5bf602f806bbbca,dubbo-rpc/dubbo-rpc-api/src/main/java/org/apache/dubbo/rpc/RpcStatus.java,2024-03-29T03:40:06Z
6832,6832,11d5bd9ffadf11af0d13e6ab478829b4ae3c8572,pom.xml,2024-06-24T09:54:45Z
6834,6834,ac8ee831c9566569b8a58298983ee7e7ff30e4d8,dubbo-dependencies-bom/pom.xml,2024-07-02T06:27:45Z
6835,6835,00812ce41c44be6e5cd5e2b8e5bf602f806bbbca,dubbo-common/src/main/java/org/apache/dubbo/common/timer/HashedWheelTimer.java,2024-03-29T03:40:06Z
6836,6836,dfd135eb95d92ffc3519426b812e274f43b49e9d,dubbo-config/dubbo-config-api/src/main/java/org/apache/dubbo/config/utils/ConfigValidationUtils.java,2024-05-08T06:09:08Z
6838,6838,3a3d0ef50ee0939dbf5cd6ddb4b0aeb789b329af,dubbo-config/dubbo-config-spring/src/main/java/org/apache/dubbo/config/spring/beans/factory/annotation/ServiceClassPostProcessor.java,2021-04-30T12:25:24Z
6843,6843,ac8ee831c9566569b8a58298983ee7e7ff30e4d8,dubbo-dependencies-bom/pom.xml,2024-07-02T06:27:45Z
6844,6844,ac8ee831c9566569b8a58298983ee7e7ff30e4d8,dubbo-dependencies-bom/pom.xml,2024-07-02T06:27:45Z
6845,6845,00812ce41c44be6e5cd5e2b8e5bf602f806bbbca,dubbo-common/src/main/java/org/apache/dubbo/common/timer/HashedWheelTimer.java,2024-03-29T03:40:06Z
6846,6846,238fe3125c427eda496b857623ba17e67f722ecd,dubbo-metadata/dubbo-metadata-api/src/main/java/org/apache/dubbo/metadata/report/MetadataReportInstance.java,2024-07-04T08:20:30Z
6848,6848,a278feb372eb159944c92f67788c8000b22d4a76,dubbo-serialization/dubbo-serialization-hessian2/src/main/java/org/apache/dubbo/common/serialize/hessian2/Hessian2ObjectInput.java,2023-01-11T07:05:01Z
6848,6848,a278feb372eb159944c92f67788c8000b22d4a76,dubbo-serialization/dubbo-serialization-hessian2/src/main/java/org/apache/dubbo/common/serialize/hessian2/Hessian2ObjectOutput.java,2023-01-11T07:05:01Z
6857,6857,e9175a6c748ca50ef06d1a6108fabad32e402a32,dubbo-demo/dubbo-demo-xml/dubbo-demo-xml-provider/src/main/resources/spring/dubbo-provider.xml,2022-03-11T07:11:10Z
6860,6860,dfd135eb95d92ffc3519426b812e274f43b49e9d,dubbo-config/dubbo-config-api/src/test/java/org/apache/dubbo/config/bootstrap/DubboBootstrapTest.java,2024-05-08T06:09:08Z
6862,6862,8bdecea7ef808d19f0449dd43ec85ba8dbaeeb26,dubbo-registry/dubbo-registry-redis/src/main/java/org/apache/dubbo/registry/redis/RedisRegistry.java,2020-08-17T05:38:04Z
6867,6867,00812ce41c44be6e5cd5e2b8e5bf602f806bbbca,dubbo-common/src/main/java/org/apache/dubbo/common/beanutil/JavaBeanSerializeUtil.java,2024-03-29T03:40:06Z
6867,6867,00812ce41c44be6e5cd5e2b8e5bf602f806bbbca,dubbo-common/src/main/java/org/apache/dubbo/common/bytecode/Mixin.java,2024-03-29T03:40:06Z
6867,6867,00812ce41c44be6e5cd5e2b8e5bf602f806bbbca,dubbo-common/src/main/java/org/apache/dubbo/common/bytecode/Wrapper.java,2024-03-29T03:40:06Z
6867,6867,00812ce41c44be6e5cd5e2b8e5bf602f806bbbca,dubbo-common/src/main/java/org/apache/dubbo/common/compiler/support/ClassUtils.java,2024-03-29T03:40:06Z
6868,6868,ec443043e2da83d946943baabf7f122f9efc0dcc,dubbo-config/dubbo-config-api/src/main/java/org/apache/dubbo/config/ReferenceConfig.java,2024-04-01T03:03:29Z
6869,6869,f05662a66deb331008dbe02e8a0b3f4174820ad9,dubbo-metadata/dubbo-metadata-api/src/main/java/org/apache/dubbo/metadata/MetadataInfo.java,2023-04-11T03:24:55Z
6870,6870,00812ce41c44be6e5cd5e2b8e5bf602f806bbbca,dubbo-common/src/main/java/org/apache/dubbo/common/bytecode/Wrapper.java,2024-03-29T03:40:06Z
6873,6873,f03823eec1610ab40fa894e279614703617ab29b,dubbo-remoting/dubbo-remoting-api/src/main/java/org/apache/dubbo/remoting/transport/AbstractClient.java,2024-04-07T02:31:23Z
6878,6878,25548c345bdfc1dcf222b68c2057cd472e2b74a0,dubbo-common/src/main/java/org/apache/dubbo/common/utils/PojoUtils.java,2023-05-26T07:32:54Z
6878,6878,25548c345bdfc1dcf222b68c2057cd472e2b74a0,dubbo-common/src/test/java/org/apache/dubbo/common/utils/PojoUtilsTest.java,2023-05-26T07:32:54Z
6882,6882,a534350541c94709b6f529c2b3a0f1cd6d44c3dc,dubbo-registry/dubbo-registry-zookeeper/src/main/java/org/apache/dubbo/registry/zookeeper/util/CuratorFrameworkUtils.java,2024-06-05T03:39:27Z
6883,6883,fc0f88f4f2f70c00c7e7328dd115b1b6c0b5857d,dubbo-registry/dubbo-registry-api/src/main/java/org/apache/dubbo/registry/client/migration/model/MigrationRule.java,2023-10-20T07:32:01Z
6888,6888,f03823eec1610ab40fa894e279614703617ab29b,dubbo-remoting/dubbo-remoting-api/src/main/java/org/apache/dubbo/remoting/transport/AbstractClient.java,2024-04-07T02:31:23Z
6889,6889,f224fc5a47ae87817a91241109f1fcab1fee1539,dubbo-registry/dubbo-registry-api/src/main/java/org/apache/dubbo/registry/integration/RegistryProtocol.java,2024-07-03T02:12:33Z
6890,6890,ac8ee831c9566569b8a58298983ee7e7ff30e4d8,dubbo-dependencies-bom/pom.xml,2024-07-02T06:27:45Z
6893,6893,fc0f88f4f2f70c00c7e7328dd115b1b6c0b5857d,dubbo-registry/dubbo-registry-api/src/main/java/org/apache/dubbo/registry/client/migration/model/MigrationRule.java,2023-10-20T07:32:01Z
6896,6896,d57ad312994dc29d84ffc5b83768a784ae901d6c,dubbo-registry/dubbo-registry-api/src/main/java/org/apache/dubbo/registry/client/migration/DefaultMigrationAddressComparator.java,2023-02-25T09:15:07Z
6896,6896,d57ad312994dc29d84ffc5b83768a784ae901d6c,dubbo-registry/dubbo-registry-api/src/main/java/org/apache/dubbo/registry/client/migration/MigrationRuleHandler.java,2023-02-25T09:15:07Z
6900,6900,523a4189b8a7233c926eab1218daf627a3e870b8,dubbo-common/src/main/java/org/apache/dubbo/common/constants/CommonConstants.java,2024-06-04T14:59:16Z
6905,6905,a1642ac07a838e31bab952d972be62c007a95a34,dubbo-common/src/main/java/org/apache/dubbo/common/utils/ReflectUtils.java,2023-11-20T02:51:25Z
6909,6909,8e2eb332a1d7aece2d344daa26a8b078420b3034,dubbo-common/src/test/java/org/apache/dubbo/common/bytecode/ClassGeneratorTest.java,2024-05-10T16:27:46Z
6911,6911,f224fc5a47ae87817a91241109f1fcab1fee1539,dubbo-registry/dubbo-registry-api/src/main/java/org/apache/dubbo/registry/integration/RegistryProtocol.java,2024-07-03T02:12:33Z
6914,6914,fed4755cd6693e51d8f99555b1d339019e591917,dubbo-registry/dubbo-registry-api/src/main/java/org/apache/dubbo/registry/support/CacheableFailbackRegistry.java,2024-01-02T02:22:13Z
6929,6929,a342f67dc04fea2a5e6cfadba8392a43ca2f2546,dubbo-registry/dubbo-registry-api/src/main/java/org/apache/dubbo/registry/client/ServiceDiscoveryRegistryDirectory.java,2024-03-19T01:38:06Z
6931,6931,af566233dbb9673c9da18b545133bfaca0bd5bf5,dubbo-common/src/main/java/org/apache/dubbo/config/AbstractConfig.java,2023-09-03T02:36:26Z
6932,6932,966efaab85a30d3d9339093381a7b069c2d71c64,dubbo-rpc/dubbo-rpc-api/src/main/java/org/apache/dubbo/rpc/filter/ExceptionFilter.java,2024-01-10T03:27:48Z
6936,6936,27e9877620a03a2e6c3aeabb5cc1d66c30eb188d,dubbo-common/src/test/java/org/apache/dubbo/common/threadlocal/InternalThreadLocalTest.java,2023-11-15T06:04:38Z
6937,6937,189d76be5d94d43d8054cc58d48507380aea99a3,dubbo-registry/dubbo-registry-zookeeper/src/main/java/org/apache/dubbo/registry/zookeeper/ZookeeperRegistry.java,2024-05-21T03:36:53Z
6943,6943,238fe3125c427eda496b857623ba17e67f722ecd,dubbo-metadata/dubbo-metadata-api/src/main/java/org/apache/dubbo/metadata/report/MetadataReportInstance.java,2024-07-04T08:20:30Z
6947,6947,78c7225a82d399fb04dc4f82c491695f58353ccf,dubbo-common/src/main/java/org/apache/dubbo/common/extension/Wrapper.java,2021-12-16T07:03:30Z
6949,6949,6b3f54383f4b6102215e33ea879a389dff0fd1eb,README.md,2024-04-11T08:47:51Z
6953,6953,0d91d419a8b25a9917a03dc68a3eb5069ac856ea,dubbo-common/src/test/java/org/apache/dubbo/common/extension/ExtensionLoaderTest.java,2023-10-19T07:25:40Z
6957,6957,db41d2a5f4cebe1ebc88edd6c2e42ecd446a784d,dubbo-config/dubbo-config-api/src/main/resources/META-INF/dubbo/internal/org.apache.dubbo.event.EventListener,2021-06-08T16:23:17Z
6958,6958,8c786cdf01126cc559856968d211fa648788d4d2,dubbo-rpc/dubbo-rpc-api/src/test/java/org/apache/dubbo/rpc/filter/AccessLogFilterTest.java,2023-02-26T07:17:36Z
6959,6959,046bb88d2f5b2077af243146acd30919adaf0477,dubbo-rpc/dubbo-rpc-dubbo/src/main/java/org/apache/dubbo/rpc/protocol/dubbo/ReferenceCountExchangeClient.java,2022-11-15T06:22:01Z
6961,6961,52250b8a2086ca361fc3c3912720e3eb3d495b17,dubbo-remoting/dubbo-remoting-api/src/main/java/org/apache/dubbo/remoting/exchange/support/DefaultFuture.java,2023-09-12T04:45:03Z
6962,6962,d8fc808425c4f1db028c4fdab45d7082a957d760,dubbo-rpc/dubbo-rpc-api/src/main/java/org/apache/dubbo/rpc/protocol/ProtocolFilterWrapper.java,2020-11-16T07:12:23Z
6964,6964,f224fc5a47ae87817a91241109f1fcab1fee1539,dubbo-registry/dubbo-registry-api/src/main/java/org/apache/dubbo/registry/integration/RegistryProtocol.java,2024-07-03T02:12:33Z
6966,6966,00812ce41c44be6e5cd5e2b8e5bf602f806bbbca,dubbo-cluster/src/main/java/org/apache/dubbo/rpc/cluster/support/FailoverClusterInvoker.java,2024-03-29T03:40:06Z
6968,6968,ec443043e2da83d946943baabf7f122f9efc0dcc,dubbo-config/dubbo-config-api/src/main/java/org/apache/dubbo/config/ReferenceConfig.java,2024-04-01T03:03:29Z
6970,6970,0a1ad55bff34c8cffc066c4ab26ac8466691a4f4,dubbo-registry/dubbo-registry-nacos/src/main/java/org/apache/dubbo/registry/nacos/NacosRegistry.java,2024-04-22T11:42:47Z
6974,6974,25b73b1a135ae75ed50c68e6b5acd694067fd325,dubbo-config/dubbo-config-spring/src/main/java/org/apache/dubbo/config/spring/util/DubboAnnotationUtils.java,2023-12-27T15:19:51Z
6975,6975,0d879666b4fc6163f42fcec2838633bb9f99a482,dubbo-common/src/main/java/org/apache/dubbo/config/ProtocolConfig.java,2023-12-04T13:32:50Z
6978,6978,11d5bd9ffadf11af0d13e6ab478829b4ae3c8572,pom.xml,2024-06-24T09:54:45Z
6980,6980,f224fc5a47ae87817a91241109f1fcab1fee1539,dubbo-registry/dubbo-registry-api/src/main/java/org/apache/dubbo/registry/integration/RegistryProtocol.java,2024-07-03T02:12:33Z
6982,6982,ac8ee831c9566569b8a58298983ee7e7ff30e4d8,dubbo-dependencies-bom/pom.xml,2024-07-02T06:27:45Z
6983,6983,db41d2a5f4cebe1ebc88edd6c2e42ecd446a784d,dubbo-config/dubbo-config-api/src/test/java/org/apache/dubbo/config/event/listener/PublishingServiceDefinitionListenerTest.java,2021-06-08T16:23:17Z
6985,6985,0d91d419a8b25a9917a03dc68a3eb5069ac856ea,dubbo-rpc/dubbo-rpc-api/src/main/java/org/apache/dubbo/rpc/AppResponse.java,2023-10-19T07:25:40Z
6987,6987,730695a7a26967889405b12fc54099bb006c8231,dubbo-cluster/src/main/java/org/apache/dubbo/rpc/cluster/router/mock/MockInvokersSelector.java,2023-11-07T07:40:13Z
6989,6989,8bc9257f4e09b2937e21842b90984dfcaefe97b6,dubbo-registry/dubbo-registry-nacos/src/main/java/org/apache/dubbo/registry/nacos/NacosRegistryFactory.java,2021-06-01T06:14:35Z
6990,6990,8bc9257f4e09b2937e21842b90984dfcaefe97b6,dubbo-registry/dubbo-registry-nacos/src/main/java/org/apache/dubbo/registry/nacos/NacosRegistryFactory.java,2021-06-01T06:14:35Z
6993,6993,8c786cdf01126cc559856968d211fa648788d4d2,dubbo-rpc/dubbo-rpc-api/src/test/java/org/apache/dubbo/rpc/filter/AccessLogFilterTest.java,2023-02-26T07:17:36Z
6995,6995,238fe3125c427eda496b857623ba17e67f722ecd,dubbo-metadata/dubbo-metadata-api/src/main/java/org/apache/dubbo/metadata/report/MetadataReportInstance.java,2024-07-04T08:20:30Z
6997,6997,02a59e2f4074889500ea29130b82aa80ced44d5e,dubbo-rpc/dubbo-rpc-api/src/test/java/org/apache/dubbo/rpc/RpcContextTest.java,2023-02-22T06:02:16Z
6998,6998,6b3f54383f4b6102215e33ea879a389dff0fd1eb,README.md,2024-04-11T08:47:51Z
7000,7000,3a3d0ef50ee0939dbf5cd6ddb4b0aeb789b329af,dubbo-config/dubbo-config-spring/src/main/java/org/apache/dubbo/config/spring/beans/factory/annotation/ServiceClassPostProcessor.java,2021-04-30T12:25:24Z
7002,7002,9af6fbf1d0d1456c18bd23bc10e447589616e98c,dubbo-common/src/main/java/org/apache/dubbo/config/context/ConfigManager.java,2023-06-07T07:54:40Z
7005,7005,730695a7a26967889405b12fc54099bb006c8231,dubbo-cluster/src/main/java/org/apache/dubbo/rpc/cluster/Constants.java,2023-11-07T07:40:13Z
7008,7008,e07e5e294b0bc96ada4ed868cfae1307b3872462,dubbo-monitor/dubbo-monitor-api/src/main/java/org/apache/dubbo/monitor/support/MonitorFilter.java,2023-06-13T12:25:25Z
7011,7011,523a4189b8a7233c926eab1218daf627a3e870b8,dubbo-common/src/main/java/org/apache/dubbo/common/constants/CommonConstants.java,2024-06-04T14:59:16Z
7014,7014,36e0cf5490f9ea289a9d809694b0b2347106a515,dubbo-rpc/dubbo-rpc-dubbo/src/main/java/org/apache/dubbo/rpc/protocol/dubbo/DubboInvoker.java,2024-03-11T06:00:16Z
7023,7023,238fe3125c427eda496b857623ba17e67f722ecd,dubbo-metadata/dubbo-metadata-api/src/main/java/org/apache/dubbo/metadata/report/MetadataReportInstance.java,2024-07-04T08:20:30Z
7025,7025,9df0d154a5ff77de6572dce30cf8fb0f6d08963a,dubbo-distribution/dubbo-all/pom.xml,2023-12-20T13:21:49Z
7026,7026,9df0d154a5ff77de6572dce30cf8fb0f6d08963a,dubbo-distribution/dubbo-all/pom.xml,2023-12-20T13:21:49Z
7028,7028,c272af38c65649ec5dd4348ccf73fb699fa976a2,dubbo-common/src/main/java/org/apache/dubbo/common/utils/CompatibleTypeUtils.java,2023-03-02T22:43:37Z
7029,7029,d50adb7c837448358ae980c7f90cd43daf6eab8b,dubbo-metadata/dubbo-metadata-processor/src/main/java/org/apache/dubbo/metadata/annotation/processing/builder/PrimitiveTypeDefinitionBuilder.java,2024-03-10T03:22:59Z
7036,7036,e5063679abf2ae2dc028b91b02cb8c8d41251a3d,dubbo-config/dubbo-config-api/src/main/java/com/alibaba/dubbo/config/AbstractInterfaceConfig.java,2018-05-31T08:21:55Z
7037,7037,6b3f54383f4b6102215e33ea879a389dff0fd1eb,README.md,2024-04-11T08:47:51Z
7039,7039,00812ce41c44be6e5cd5e2b8e5bf602f806bbbca,dubbo-common/src/main/java/org/apache/dubbo/common/utils/UrlUtils.java,2024-03-29T03:40:06Z
7041,7041,a1642ac07a838e31bab952d972be62c007a95a34,dubbo-common/src/main/java/org/apache/dubbo/common/utils/ReflectUtils.java,2023-11-20T02:51:25Z
7044,7044,523a4189b8a7233c926eab1218daf627a3e870b8,dubbo-common/src/main/java/org/apache/dubbo/common/constants/CommonConstants.java,2024-06-04T14:59:16Z
7045,7045,1368e21d9bb1afda195b0411091cb90003658456,dubbo-common/pom.xml,2023-12-26T09:31:44Z
7056,7056,ac8ee831c9566569b8a58298983ee7e7ff30e4d8,dubbo-dependencies-bom/pom.xml,2024-07-02T06:27:45Z
7060,7060,60e3b19db518483296ff73245e548ce88c84f5a5,dubbo-rpc/dubbo-rpc-api/src/main/java/com/alibaba/dubbo/rpc/filter/tps/DefaultTPSLimiter.java,2018-04-21T06:20:09Z
7060,7060,60e3b19db518483296ff73245e548ce88c84f5a5,dubbo-rpc/dubbo-rpc-api/src/main/java/com/alibaba/dubbo/rpc/filter/tps/StatItem.java,2018-04-21T06:20:09Z
7070,7070,0a1ad55bff34c8cffc066c4ab26ac8466691a4f4,dubbo-registry/dubbo-registry-nacos/src/main/java/org/apache/dubbo/registry/nacos/NacosRegistry.java,2024-04-22T11:42:47Z
7072,7072,6b3f54383f4b6102215e33ea879a389dff0fd1eb,README.md,2024-04-11T08:47:51Z
7073,7073,00812ce41c44be6e5cd5e2b8e5bf602f806bbbca,dubbo-common/src/main/java/org/apache/dubbo/common/utils/ConfigUtils.java,2024-03-29T03:40:06Z
7076,7076,f224fc5a47ae87817a91241109f1fcab1fee1539,dubbo-registry/dubbo-registry-api/src/main/java/org/apache/dubbo/registry/integration/RegistryProtocol.java,2024-07-03T02:12:33Z
7077,7077,00812ce41c44be6e5cd5e2b8e5bf602f806bbbca,dubbo-remoting/dubbo-remoting-api/src/main/java/org/apache/dubbo/remoting/transport/CodecSupport.java,2024-03-29T03:40:06Z
7078,7078,8c61f9b225f889761a78d7b0f6c884b051e09e35,dubbo-common/src/test/java/org/apache/dubbo/common/config/configcenter/file/FileSystemDynamicConfigurationTest.java,2022-11-29T12:42:33Z
7080,7080,730695a7a26967889405b12fc54099bb006c8231,dubbo-cluster/src/main/java/org/apache/dubbo/rpc/cluster/support/wrapper/AbstractCluster.java,2023-11-07T07:40:13Z
7081,7081,71b9f6aa06afaa17a7cbdff0eeefda3757c0a638,dubbo-remoting/dubbo-remoting-api/src/main/java/org/apache/dubbo/remoting/transport/dispatcher/WrappedChannelHandler.java,2022-11-07T09:40:15Z
7082,7082,aa54350c6f5abd0803ace8c14b9a731b69100d03,dubbo-registry/dubbo-registry-api/src/main/java/org/apache/dubbo/registry/integration/RegistryDirectory.java,2023-07-31T11:11:49Z
7083,7083,8bc9257f4e09b2937e21842b90984dfcaefe97b6,dubbo-filter/dubbo-filter-cache/src/main/resources/META-INF/dubbo/internal/org.apache.dubbo.cache.CacheFactory,2021-06-01T06:14:35Z
7086,7086,f224fc5a47ae87817a91241109f1fcab1fee1539,dubbo-registry/dubbo-registry-api/src/main/java/org/apache/dubbo/registry/integration/RegistryProtocol.java,2024-07-03T02:12:33Z
7087,7087,ac8ee831c9566569b8a58298983ee7e7ff30e4d8,dubbo-dependencies-bom/pom.xml,2024-07-02T06:27:45Z
7090,7090,0a1ad55bff34c8cffc066c4ab26ac8466691a4f4,dubbo-registry/dubbo-registry-nacos/src/main/java/org/apache/dubbo/registry/nacos/NacosRegistry.java,2024-04-22T11:42:47Z
7092,7092,680481ccdfbeff973a5cc66a42e9ccba87f8ca64,dubbo-registry/dubbo-registry-api/src/main/java/org/apache/dubbo/registry/Constants.java,2023-06-26T04:59:18Z
7094,7094,ed9e26f0176610e49bc0c8deba9788b7ae1147b5,dubbo-common/src/main/java/org/apache/dubbo/common/utils/LFUCache.java,2023-02-28T08:05:25Z
7095,7095,730695a7a26967889405b12fc54099bb006c8231,dubbo-cluster/src/main/java/org/apache/dubbo/rpc/cluster/support/wrapper/MockClusterInvoker.java,2023-11-07T07:40:13Z
7101,7101,8bdecea7ef808d19f0449dd43ec85ba8dbaeeb26,dubbo-rpc/dubbo-rpc-memcached/src/main/java/org/apache/dubbo/rpc/protocol/memcached/MemcachedProtocol.java,2020-08-17T05:38:04Z
7102,7102,dfd135eb95d92ffc3519426b812e274f43b49e9d,dubbo-common/src/main/java/org/apache/dubbo/config/RegistryConfig.java,2024-05-08T06:09:08Z
7102,7102,dfd135eb95d92ffc3519426b812e274f43b49e9d,dubbo-registry/dubbo-registry-api/src/main/java/org/apache/dubbo/registry/client/AbstractServiceDiscovery.java,2024-05-08T06:09:08Z
7104,7104,ac8ee831c9566569b8a58298983ee7e7ff30e4d8,dubbo-dependencies-bom/pom.xml,2024-07-02T06:27:45Z
7106,7106,0a1ad55bff34c8cffc066c4ab26ac8466691a4f4,dubbo-registry/dubbo-registry-nacos/src/main/java/org/apache/dubbo/registry/nacos/NacosRegistry.java,2024-04-22T11:42:47Z
7108,7108,83b4114a9fc81bddaae6e120da33ebef29a6d44e,dubbo-config/dubbo-config-api/src/test/java/org/apache/dubbo/config/ServiceConfigTest.java,2023-06-13T00:35:20Z
7109,7109,f03823eec1610ab40fa894e279614703617ab29b,dubbo-remoting/dubbo-remoting-api/src/main/java/org/apache/dubbo/remoting/transport/AbstractClient.java,2024-04-07T02:31:23Z
7110,7110,00812ce41c44be6e5cd5e2b8e5bf602f806bbbca,dubbo-common/src/main/java/org/apache/dubbo/common/beanutil/JavaBeanSerializeUtil.java,2024-03-29T03:40:06Z
7112,7112,ac8ee831c9566569b8a58298983ee7e7ff30e4d8,dubbo-dependencies-bom/pom.xml,2024-07-02T06:27:45Z
7114,7114,dfd135eb95d92ffc3519426b812e274f43b49e9d,dubbo-common/src/main/java/org/apache/dubbo/common/URL.java,2024-05-08T06:09:08Z
7119,7119,fed4755cd6693e51d8f99555b1d339019e591917,dubbo-registry/dubbo-registry-api/src/main/java/org/apache/dubbo/registry/support/CacheableFailbackRegistry.java,2024-01-02T02:22:13Z
7120,7120,523a4189b8a7233c926eab1218daf627a3e870b8,dubbo-common/src/main/java/org/apache/dubbo/common/constants/CommonConstants.java,2024-06-04T14:59:16Z
7121,7121,52250b8a2086ca361fc3c3912720e3eb3d495b17,dubbo-remoting/dubbo-remoting-api/src/test/java/org/apache/dubbo/remoting/exchange/support/DefaultFutureTest.java,2023-09-12T04:45:03Z
7126,7126,189d76be5d94d43d8054cc58d48507380aea99a3,dubbo-registry/dubbo-registry-zookeeper/src/main/java/org/apache/dubbo/registry/zookeeper/ZookeeperRegistry.java,2024-05-21T03:36:53Z
7131,7131,0d91d419a8b25a9917a03dc68a3eb5069ac856ea,dubbo-common/src/main/java/org/apache/dubbo/common/extension/ExtensionLoader.java,2023-10-19T07:25:40Z
7131,7131,0d91d419a8b25a9917a03dc68a3eb5069ac856ea,dubbo-common/src/test/java/org/apache/dubbo/common/extension/ExtensionLoaderTest.java,2023-10-19T07:25:40Z
7133,7133,00812ce41c44be6e5cd5e2b8e5bf602f806bbbca,dubbo-registry/dubbo-registry-api/src/main/java/org/apache/dubbo/registry/integration/InterfaceCompatibleRegistryProtocol.java,2024-03-29T03:40:06Z
7134,7134,80a15197e617aac1842b75ad5d9a535b03e23a95,dubbo-common/src/main/java/org/apache/dubbo/common/config/configcenter/nop/NopDynamicConfiguration.java,2022-12-16T04:56:56Z
7136,7136,e1a04777039be9ba6d360a0bf566f316ea47d3f3,.github/workflows/build-and-test-3.yml,2022-06-28T08:48:29Z
7137,7137,5df704b67c1708be50fb7ca821957fb2783ac140,dubbo-rpc/dubbo-rpc-triple/src/main/java/org/apache/dubbo/rpc/protocol/tri/TripleHttp2Protocol.java,2023-11-16T07:26:33Z
7138,7138,ee9a3d53d4d8dcad17498747e92d15da42357e12,dubbo-remoting/dubbo-remoting-api/src/test/java/org/apache/dubbo/remoting/api/EmptyProtocol.java,2022-12-12T06:35:13Z
7139,7139,06d29f12ea2c4648188a433f524041e5c64a1cee,NOTICE,2024-01-02T10:50:56Z
7144,7144,cd7b7590ac7ab7457937b1c0f4b68cd9f374450b,dubbo-common/src/main/java/org/apache/dubbo/common/url/component/URLAddress.java,2022-09-14T06:15:19Z
7145,7145,563a0e472ab50d2d697e2f0415c80b68ad6b17bd,dubbo-config/dubbo-config-spring/src/main/java/org/apache/dubbo/config/spring/util/DubboBeanUtils.java,2023-06-29T02:31:36Z
7148,7148,e1a04777039be9ba6d360a0bf566f316ea47d3f3,.github/workflows/build-and-test-3.yml,2022-06-28T08:48:29Z
7149,7149,06e9410f6873f28db11bc0bec7823f9f3228df53,dubbo-registry/dubbo-registry-api/src/main/java/org/apache/dubbo/registry/client/ServiceDiscoveryRegistry.java,2023-11-01T11:16:19Z
7152,7152,99601a61989dd61ef1ff43b4d9b3982dcaa19ad3,dubbo-dependencies/dubbo-dependencies-zookeeper/pom.xml,2024-06-23T11:39:50Z
7153,7153,99601a61989dd61ef1ff43b4d9b3982dcaa19ad3,dubbo-dependencies/dubbo-dependencies-zookeeper/pom.xml,2024-06-23T11:39:50Z
7155,7155,3160602072c198728cca48e449984a4e596e7c37,dubbo-config/dubbo-config-api/src/main/java/org/apache/dubbo/config/bootstrap/DubboBootstrap.java,2023-06-19T01:34:06Z
7156,7156,36e0cf5490f9ea289a9d809694b0b2347106a515,dubbo-rpc/dubbo-rpc-triple/src/main/java/org/apache/dubbo/rpc/protocol/tri/TripleInvoker.java,2024-03-11T06:00:16Z
7157,7157,fed4755cd6693e51d8f99555b1d339019e591917,dubbo-registry/dubbo-registry-api/src/main/java/org/apache/dubbo/registry/support/CacheableFailbackRegistry.java,2024-01-02T02:22:13Z
7158,7158,3160602072c198728cca48e449984a4e596e7c37,dubbo-config/dubbo-config-api/src/main/java/org/apache/dubbo/config/bootstrap/DubboBootstrap.java,2023-06-19T01:34:06Z
7159,7159,3160602072c198728cca48e449984a4e596e7c37,dubbo-config/dubbo-config-api/src/main/java/org/apache/dubbo/config/bootstrap/DubboBootstrap.java,2023-06-19T01:34:06Z
7162,7162,00812ce41c44be6e5cd5e2b8e5bf602f806bbbca,dubbo-common/src/main/java/org/apache/dubbo/config/ApplicationConfig.java,2024-03-29T03:40:06Z
7168,7168,00812ce41c44be6e5cd5e2b8e5bf602f806bbbca,dubbo-remoting/dubbo-remoting-api/src/main/java/org/apache/dubbo/remoting/transport/CodecSupport.java,2024-03-29T03:40:06Z
7171,7171,00812ce41c44be6e5cd5e2b8e5bf602f806bbbca,dubbo-filter/dubbo-filter-cache/src/main/java/org/apache/dubbo/cache/support/expiring/ExpiringMap.java,2024-03-29T03:40:06Z
7172,7172,523a4189b8a7233c926eab1218daf627a3e870b8,dubbo-common/src/main/java/org/apache/dubbo/common/constants/CommonConstants.java,2024-06-04T14:59:16Z
7174,7174,730695a7a26967889405b12fc54099bb006c8231,dubbo-cluster/src/main/java/org/apache/dubbo/rpc/cluster/support/BroadcastClusterInvoker.java,2023-11-07T07:40:13Z
7175,7175,dfd135eb95d92ffc3519426b812e274f43b49e9d,dubbo-config/dubbo-config-api/src/test/java/org/apache/dubbo/config/bootstrap/DubboBootstrapTest.java,2024-05-08T06:09:08Z
7178,7178,002a6a1b3e3a7533fedd2bc2d3e72920d96f47e5,dubbo-common/src/main/java/org/apache/dubbo/common/threadpool/support/AbortPolicyWithReport.java,2024-03-08T02:11:43Z
7179,7179,00812ce41c44be6e5cd5e2b8e5bf602f806bbbca,dubbo-registry/dubbo-registry-multiple/src/main/java/org/apache/dubbo/registry/multiple/MultipleRegistry.java,2024-03-29T03:40:06Z
7184,7184,cd7b7590ac7ab7457937b1c0f4b68cd9f374450b,dubbo-metadata/dubbo-metadata-api/src/main/java/org/apache/dubbo/metadata/DefaultMetadataParamsFilter.java,2022-09-14T06:15:19Z
7185,7185,79a1cca4ef1d583d2ae2c8e3f16eeea5881712cc,dubbo-config/dubbo-config-spring/src/main/java/org/apache/dubbo/config/spring/ReferenceBean.java,2024-07-04T07:14:55Z
7187,7187,3e4fda20bba18f0a85340c86ae8ccbb004c7ea84,dubbo-configcenter/dubbo-configcenter-nacos/pom.xml,2024-04-08T08:34:36Z
7189,7189,17b75a78955effbf82f4cd958c37545209c152e1,dubbo-cluster/src/main/java/org/apache/dubbo/rpc/cluster/directory/AbstractDirectory.java,2024-02-29T03:26:11Z
7190,7190,ec443043e2da83d946943baabf7f122f9efc0dcc,dubbo-config/dubbo-config-api/src/main/java/org/apache/dubbo/config/ReferenceConfig.java,2024-04-01T03:03:29Z
7191,7191,dfd135eb95d92ffc3519426b812e274f43b49e9d,dubbo-config/dubbo-config-api/src/main/java/org/apache/dubbo/config/utils/ConfigValidationUtils.java,2024-05-08T06:09:08Z
7192,7192,0a1ad55bff34c8cffc066c4ab26ac8466691a4f4,dubbo-common/src/main/java/org/apache/dubbo/common/constants/RegistryConstants.java,2024-04-22T11:42:47Z
7194,7194,523a4189b8a7233c926eab1218daf627a3e870b8,dubbo-common/src/main/java/org/apache/dubbo/common/constants/CommonConstants.java,2024-06-04T14:59:16Z
7195,7195,c272af38c65649ec5dd4348ccf73fb699fa976a2,dubbo-common/src/main/java/org/apache/dubbo/common/utils/CompatibleTypeUtils.java,2023-03-02T22:43:37Z
7196,7196,8bdecea7ef808d19f0449dd43ec85ba8dbaeeb26,dubbo-rpc/dubbo-rpc-redis/src/main/java/org/apache/dubbo/rpc/protocol/redis/RedisProtocol.java,2020-08-17T05:38:04Z
7197,7197,aa54350c6f5abd0803ace8c14b9a731b69100d03,dubbo-remoting/dubbo-remoting-zookeeper/src/main/java/org/apache/dubbo/remoting/zookeeper/curator/CuratorZookeeperClient.java,2023-07-31T11:11:49Z
7198,7198,730695a7a26967889405b12fc54099bb006c8231,dubbo-common/src/main/java/org/apache/dubbo/common/config/configcenter/file/FileSystemDynamicConfiguration.java,2023-11-07T07:40:13Z
7199,7199,8e2eb332a1d7aece2d344daa26a8b078420b3034,dubbo-common/src/test/java/org/apache/dubbo/common/bytecode/ClassGeneratorTest.java,2024-05-10T16:27:46Z
7200,7200,0d91d419a8b25a9917a03dc68a3eb5069ac856ea,dubbo-rpc/dubbo-rpc-api/src/main/java/org/apache/dubbo/rpc/filter/GenericImplFilter.java,2023-10-19T07:25:40Z
7201,7201,0d91d419a8b25a9917a03dc68a3eb5069ac856ea,dubbo-common/src/main/java/org/apache/dubbo/config/ReferenceConfigBase.java,2023-10-19T07:25:40Z
7202,7202,730695a7a26967889405b12fc54099bb006c8231,dubbo-common/src/main/java/org/apache/dubbo/common/config/configcenter/ConfigChangedEvent.java,2023-11-07T07:40:13Z
7203,7203,724ec8b5547467b80c025cf04b3a52408a64ba49,dubbo-metadata/dubbo-metadata-api/src/main/java/org/apache/dubbo/metadata/DynamicConfigurationServiceNameMapping.java,2021-06-10T09:18:49Z
7204,7204,00812ce41c44be6e5cd5e2b8e5bf602f806bbbca,dubbo-remoting/dubbo-remoting-api/src/main/java/org/apache/dubbo/remoting/telnet/support/command/HelpTelnetHandler.java,2024-03-29T03:40:06Z
7205,7205,11d5bd9ffadf11af0d13e6ab478829b4ae3c8572,pom.xml,2024-06-24T09:54:45Z
7206,7206,1efe576197f2bfe9ded1f9d80fdde0663e31c5dc,dubbo-common/src/test/java/org/apache/dubbo/common/utils/IOUtilsTest.java,2022-11-22T06:23:29Z
7207,7207,0d91d419a8b25a9917a03dc68a3eb5069ac856ea,dubbo-common/src/main/java/org/apache/dubbo/config/ReferenceConfigBase.java,2023-10-19T07:25:40Z
7208,7208,a1642ac07a838e31bab952d972be62c007a95a34,dubbo-common/src/main/java/org/apache/dubbo/common/utils/ReflectUtils.java,2023-11-20T02:51:25Z
7209,7209,00812ce41c44be6e5cd5e2b8e5bf602f806bbbca,dubbo-common/src/main/java/org/apache/dubbo/common/utils/ConfigUtils.java,2024-03-29T03:40:06Z
7209,7209,00812ce41c44be6e5cd5e2b8e5bf602f806bbbca,dubbo-common/src/main/java/org/apache/dubbo/common/utils/StringUtils.java,2024-03-29T03:40:06Z
7210,7210,189d76be5d94d43d8054cc58d48507380aea99a3,dubbo-common/src/main/java/org/apache/dubbo/common/json/JSON.java,2024-05-21T03:36:53Z
7211,7211,1cd57821df6f17b498ab784b0b1f46b958ecf81f,dubbo-config/dubbo-config-api/src/test/java/org/apache/dubbo/config/ReferenceConfigTest.java,2024-01-13T10:12:45Z
7212,7212,00812ce41c44be6e5cd5e2b8e5bf602f806bbbca,dubbo-filter/dubbo-filter-cache/src/main/java/org/apache/dubbo/cache/support/expiring/ExpiringMap.java,2024-03-29T03:40:06Z
7213,7213,00812ce41c44be6e5cd5e2b8e5bf602f806bbbca,dubbo-config/dubbo-config-api/src/main/java/org/apache/dubbo/config/ServiceConfig.java,2024-03-29T03:40:06Z
7213,7213,00812ce41c44be6e5cd5e2b8e5bf602f806bbbca,dubbo-rpc/dubbo-rpc-dubbo/src/main/java/org/apache/dubbo/rpc/protocol/dubbo/DubboProtocol.java,2024-03-29T03:40:06Z
7214,7214,1e18b359e22b25a27a871c5e004281da9cd1484e,dubbo-metadata/dubbo-metadata-api/src/main/java/org/apache/dubbo/metadata/rest/jaxrs/JAXRSServiceRestMetadataResolver.java,2023-08-03T05:05:09Z
7214,7214,1e18b359e22b25a27a871c5e004281da9cd1484e,dubbo-metadata/dubbo-metadata-api/src/main/java/org/apache/dubbo/metadata/rest/springmvc/SpringMvcServiceRestMetadataResolver.java,2023-08-03T05:05:09Z
7215,7215,aa54350c6f5abd0803ace8c14b9a731b69100d03,dubbo-registry/dubbo-registry-api/src/main/java/org/apache/dubbo/registry/client/ServiceDiscovery.java,2023-07-31T11:11:49Z
7216,7216,00812ce41c44be6e5cd5e2b8e5bf602f806bbbca,dubbo-common/src/main/java/org/apache/dubbo/common/bytecode/Wrapper.java,2024-03-29T03:40:06Z
7216,7216,00812ce41c44be6e5cd5e2b8e5bf602f806bbbca,dubbo-remoting/dubbo-remoting-api/src/main/java/org/apache/dubbo/remoting/telnet/support/command/HelpTelnetHandler.java,2024-03-29T03:40:06Z
7217,7217,00812ce41c44be6e5cd5e2b8e5bf602f806bbbca,dubbo-monitor/dubbo-monitor-api/src/main/java/org/apache/dubbo/monitor/support/AbstractMonitorFactory.java,2024-03-29T03:40:06Z
7217,7217,00812ce41c44be6e5cd5e2b8e5bf602f806bbbca,dubbo-plugin/dubbo-qos/src/main/java/org/apache/dubbo/qos/textui/TTable.java,2024-03-29T03:40:06Z
7217,7217,00812ce41c44be6e5cd5e2b8e5bf602f806bbbca,dubbo-rpc/dubbo-rpc-api/src/main/java/org/apache/dubbo/rpc/protocol/AbstractProxyProtocol.java,2024-03-29T03:40:06Z
7217,7217,00812ce41c44be6e5cd5e2b8e5bf602f806bbbca,dubbo-rpc/dubbo-rpc-rest/src/main/java/org/apache/dubbo/rpc/protocol/rest/RestProtocol.java,2024-03-29T03:40:06Z
7218,7218,25b73b1a135ae75ed50c68e6b5acd694067fd325,dubbo-common/src/main/java/org/apache/dubbo/config/annotation/DubboService.java,2023-12-27T15:19:51Z
7219,7219,a1642ac07a838e31bab952d972be62c007a95a34,dubbo-common/src/main/java/org/apache/dubbo/common/utils/ReflectUtils.java,2023-11-20T02:51:25Z
7220,7220,8bdecea7ef808d19f0449dd43ec85ba8dbaeeb26,dubbo-rpc/dubbo-rpc-native-thrift/src/test/java/org/apache/dubbo/rpc/protocol/nativethrift/DemoService.java,2020-08-17T05:38:04Z
7220,7220,8bdecea7ef808d19f0449dd43ec85ba8dbaeeb26,dubbo-rpc/dubbo-rpc-native-thrift/src/test/java/org/apache/dubbo/rpc/protocol/nativethrift/UserService.java,2020-08-17T05:38:04Z
7220,7220,8bdecea7ef808d19f0449dd43ec85ba8dbaeeb26,dubbo-rpc/dubbo-rpc-thrift/src/test/java/$__ClassNameTestDubboStub.java,2020-08-17T05:38:04Z
7220,7220,8bdecea7ef808d19f0449dd43ec85ba8dbaeeb26,dubbo-rpc/dubbo-rpc-thrift/src/test/java/ClassNameTestThrift.java,2020-08-17T05:38:04Z
7220,7220,8bdecea7ef808d19f0449dd43ec85ba8dbaeeb26,dubbo-rpc/dubbo-rpc-thrift/src/test/java/org/apache/dubbo/rpc/gen/dubbo/$__DemoStub.java,2020-08-17T05:38:04Z
7220,7220,8bdecea7ef808d19f0449dd43ec85ba8dbaeeb26,dubbo-rpc/dubbo-rpc-thrift/src/test/java/org/apache/dubbo/rpc/gen/thrift/Demo.java,2020-08-17T05:38:04Z
7221,7221,189d76be5d94d43d8054cc58d48507380aea99a3,dubbo-common/src/main/java/org/apache/dubbo/common/json/JSON.java,2024-05-21T03:36:53Z
7222,7222,00812ce41c44be6e5cd5e2b8e5bf602f806bbbca,dubbo-common/src/main/java/org/apache/dubbo/common/compiler/support/ClassUtils.java,2024-03-29T03:40:06Z
7222,7222,00812ce41c44be6e5cd5e2b8e5bf602f806bbbca,dubbo-rpc/dubbo-rpc-dubbo/src/main/java/org/apache/dubbo/rpc/protocol/dubbo/DubboProtocol.java,2024-03-29T03:40:06Z
7223,7223,0b067c628b6c9f7437aaaf9e71372d06953f4738,dubbo-common/src/test/java/org/apache/dubbo/common/model/media/Image.java,2021-07-08T13:51:35Z
7223,7223,0b067c628b6c9f7437aaaf9e71372d06953f4738,dubbo-common/src/test/java/org/apache/dubbo/common/model/media/Media.java,2021-07-08T13:51:35Z
7223,7223,0b067c628b6c9f7437aaaf9e71372d06953f4738,dubbo-common/src/test/java/org/apache/dubbo/rpc/model/media/Image.java,2021-07-08T13:51:35Z
7223,7223,0b067c628b6c9f7437aaaf9e71372d06953f4738,dubbo-common/src/test/java/org/apache/dubbo/rpc/model/media/Media.java,2021-07-08T13:51:35Z
7224,7224,8e2eb332a1d7aece2d344daa26a8b078420b3034,dubbo-monitor/dubbo-monitor-default/src/test/java/org/apache/dubbo/monitor/dubbo/DubboMonitorTest.java,2024-05-10T16:27:46Z
7225,7225,7e51047cb084a9f9b09d934cf058074c534503f4,dubbo-rpc/dubbo-rpc-dubbo/src/test/java/org/apache/dubbo/rpc/protocol/dubbo/DubboProtocolTest.java,2023-02-27T12:09:15Z
7226,7226,bc85a3f29a01e44fb415b0647ac755c319f3fcac,dubbo-rpc/dubbo-rpc-dubbo/src/test/java/org/apache/dubbo/rpc/protocol/dubbo/decode/DubboTelnetDecodeTest.java,2023-04-11T08:10:06Z
7227,7227,ac8ee831c9566569b8a58298983ee7e7ff30e4d8,dubbo-dependencies-bom/pom.xml,2024-07-02T06:27:45Z
7228,7228,efa6900bb1b59c70f131af868396a8903b098a18,dubbo-cluster/src/main/java/org/apache/dubbo/rpc/cluster/router/tag/TagRouter.java,2021-11-03T03:13:04Z
7229,7229,0e66de1c61886c637e5ca11c1b0433bb1c25d05d,.gitattributes,2021-06-10T12:13:39Z
7232,7232,730695a7a26967889405b12fc54099bb006c8231,dubbo-common/src/main/java/org/apache/dubbo/common/compiler/support/JdkCompiler.java,2023-11-07T07:40:13Z
7233,7233,f224fc5a47ae87817a91241109f1fcab1fee1539,dubbo-registry/dubbo-registry-api/src/main/java/org/apache/dubbo/registry/integration/RegistryProtocol.java,2024-07-03T02:12:33Z
7234,7234,0d91d419a8b25a9917a03dc68a3eb5069ac856ea,dubbo-common/src/main/java/org/apache/dubbo/common/extension/ExtensionLoader.java,2023-10-19T07:25:40Z
7234,7234,0d91d419a8b25a9917a03dc68a3eb5069ac856ea,dubbo-common/src/main/java/org/apache/dubbo/common/extension/support/ActivateComparator.java,2023-10-19T07:25:40Z
7236,7236,dfd135eb95d92ffc3519426b812e274f43b49e9d,dubbo-registry/dubbo-registry-api/src/main/java/org/apache/dubbo/registry/client/AbstractServiceDiscovery.java,2024-05-08T06:09:08Z
7237,7237,730695a7a26967889405b12fc54099bb006c8231,dubbo-cluster/src/main/java/org/apache/dubbo/rpc/cluster/support/BroadcastClusterInvoker.java,2023-11-07T07:40:13Z
7239,7239,16cdc5290e65af9db528470f7f7f51657dd61939,dubbo-common/src/main/java/org/apache/dubbo/common/URLStrParser.java,2024-01-12T18:38:51Z
7242,7242,8bc9257f4e09b2937e21842b90984dfcaefe97b6,dubbo-config/dubbo-config-spring/src/main/java/org/apache/dubbo/config/spring/context/annotation/EnableDubboConfig.java,2021-06-01T06:14:35Z
7244,7244,17a0aa2730e9a2f3d92963921d43603e21bec3bd,dubbo-registry/pom.xml,2022-07-15T07:32:19Z
7245,7245,28266668d38424bf936e21d16e6f32c8750685b7,dubbo-rpc/dubbo-rpc-dubbo/src/test/java/com/alibaba/dubbo/rpc/protocol/dubbo/DubboInvokerAvilableTest.java,2018-06-07T11:06:41Z
7248,7248,79a1cca4ef1d583d2ae2c8e3f16eeea5881712cc,dubbo-config/dubbo-config-spring/src/main/java/org/apache/dubbo/config/spring/ReferenceBean.java,2024-07-04T07:14:55Z
7249,7249,8bc9257f4e09b2937e21842b90984dfcaefe97b6,dubbo-common/src/main/java/org/apache/dubbo/common/lang/Prioritized.java,2021-06-01T06:14:35Z
7253,7253,b2a4f612ece11d6bac508600b22095ccd0e87c88,dubbo-config/dubbo-config-api/src/main/resources/META-INF/dubbo/internal/org.apache.dubbo.metadata.MetadataServiceExporter,2021-12-29T02:56:05Z
7254,7254,a342f67dc04fea2a5e6cfadba8392a43ca2f2546,dubbo-registry/dubbo-registry-api/src/main/java/org/apache/dubbo/registry/client/ServiceDiscoveryRegistryDirectory.java,2024-03-19T01:38:06Z
7255,7255,d35d7eb30c9e536bead96d50d45ff6def219f84f,dubbo-rpc/dubbo-rpc-api/src/main/java/org/apache/dubbo/rpc/filter/AccessLogFilter.java,2024-05-31T07:05:16Z
7257,7257,3160602072c198728cca48e449984a4e596e7c37,dubbo-config/dubbo-config-api/src/main/java/org/apache/dubbo/config/bootstrap/DubboBootstrap.java,2023-06-19T01:34:06Z
7260,7260,238fe3125c427eda496b857623ba17e67f722ecd,dubbo-metadata/dubbo-metadata-api/src/main/java/org/apache/dubbo/metadata/report/MetadataReportInstance.java,2024-07-04T08:20:30Z
7262,7262,189d76be5d94d43d8054cc58d48507380aea99a3,dubbo-registry/dubbo-registry-zookeeper/src/main/java/org/apache/dubbo/registry/zookeeper/ZookeeperRegistry.java,2024-05-21T03:36:53Z
7263,7263,5df704b67c1708be50fb7ca821957fb2783ac140,dubbo-rpc/dubbo-rpc-triple/src/main/java/org/apache/dubbo/rpc/protocol/tri/TripleHttp2Protocol.java,2023-11-16T07:26:33Z
7264,7264,730695a7a26967889405b12fc54099bb006c8231,dubbo-cluster/src/main/java/org/apache/dubbo/rpc/cluster/support/BroadcastClusterInvoker.java,2023-11-07T07:40:13Z
7266,7266,3160602072c198728cca48e449984a4e596e7c37,dubbo-config/dubbo-config-api/src/main/java/org/apache/dubbo/config/bootstrap/DubboBootstrap.java,2023-06-19T01:34:06Z
7270,7270,aa54350c6f5abd0803ace8c14b9a731b69100d03,dubbo-registry/dubbo-registry-api/src/main/java/org/apache/dubbo/registry/integration/RegistryDirectory.java,2023-07-31T11:11:49Z
7272,7272,1efe576197f2bfe9ded1f9d80fdde0663e31c5dc,dubbo-common/src/test/java/org/apache/dubbo/common/extension/wrapper/WrapperTest.java,2022-11-22T06:23:29Z
7273,7273,43d48bd6caf95f61f4e879a5be8b5560a55daee9,dubbo-registry/dubbo-registry-api/src/main/java/org/apache/dubbo/registry/support/AbstractRegistryFactory.java,2022-09-19T06:31:03Z
7276,7276,0a1ad55bff34c8cffc066c4ab26ac8466691a4f4,dubbo-common/src/main/java/org/apache/dubbo/common/constants/RegistryConstants.java,2024-04-22T11:42:47Z
7277,7277,3160602072c198728cca48e449984a4e596e7c37,dubbo-registry/dubbo-registry-api/src/main/java/org/apache/dubbo/registry/client/migration/MigrationRuleListener.java,2023-06-19T01:34:06Z
7278,7278,a36c21c27707eb312fbf9f8992e3c32c25c8f145,dubbo-serialization/dubbo-serialization-jdk/src/main/java/org/apache/dubbo/common/serialize/java/JavaObjectInput.java,2022-08-01T06:31:34Z
7279,7279,730695a7a26967889405b12fc54099bb006c8231,dubbo-cluster/src/main/java/org/apache/dubbo/rpc/cluster/Cluster.java,2023-11-07T07:40:13Z
7282,7282,06605365c51fd4e8bbec50a9aa1061408063e50c,dubbo-plugin/dubbo-qos/src/main/java/org/apache/dubbo/qos/server/handler/QosProcessHandler.java,2023-03-17T05:33:49Z
7284,7284,238fe3125c427eda496b857623ba17e67f722ecd,dubbo-metadata/dubbo-metadata-api/src/main/java/org/apache/dubbo/metadata/report/MetadataReportInstance.java,2024-07-04T08:20:30Z
7285,7285,a534350541c94709b6f529c2b3a0f1cd6d44c3dc,dubbo-registry/dubbo-registry-zookeeper/src/main/java/org/apache/dubbo/registry/zookeeper/util/CuratorFrameworkUtils.java,2024-06-05T03:39:27Z
7286,7286,00812ce41c44be6e5cd5e2b8e5bf602f806bbbca,dubbo-rpc/dubbo-rpc-api/src/main/java/org/apache/dubbo/rpc/protocol/AbstractProxyProtocol.java,2024-03-29T03:40:06Z
7287,7287,3d02e9c7892e8ab2becd906777ac8f698a1ebebe,dubbo-remoting/dubbo-remoting-api/src/main/java/org/apache/dubbo/remoting/exchange/codec/ExchangeCodec.java,2023-06-03T06:52:52Z
7290,7290,dfd135eb95d92ffc3519426b812e274f43b49e9d,dubbo-registry/dubbo-registry-api/src/main/java/org/apache/dubbo/registry/client/AbstractServiceDiscovery.java,2024-05-08T06:09:08Z
7292,7292,36e0cf5490f9ea289a9d809694b0b2347106a515,dubbo-rpc/dubbo-rpc-triple/src/main/java/org/apache/dubbo/rpc/protocol/tri/TripleInvoker.java,2024-03-11T06:00:16Z
7293,7293,0e66de1c61886c637e5ca11c1b0433bb1c25d05d,.gitattributes,2021-06-10T12:13:39Z
7294,7294,17b75a78955effbf82f4cd958c37545209c152e1,dubbo-cluster/src/main/java/org/apache/dubbo/rpc/cluster/directory/AbstractDirectory.java,2024-02-29T03:26:11Z
7295,7295,efa6900bb1b59c70f131af868396a8903b098a18,dubbo-cluster/src/main/java/org/apache/dubbo/rpc/cluster/router/condition/ConditionRouter.java,2021-11-03T03:13:04Z
7298,7298,f05662a66deb331008dbe02e8a0b3f4174820ad9,dubbo-metadata/dubbo-metadata-report-zookeeper/src/main/java/org/apache/dubbo/metadata/store/zookeeper/ZookeeperMetadataReport.java,2023-04-11T03:24:55Z
7300,7300,aa54350c6f5abd0803ace8c14b9a731b69100d03,dubbo-registry/dubbo-registry-zookeeper/src/main/java/org/apache/dubbo/registry/zookeeper/ZookeeperServiceDiscovery.java,2023-07-31T11:11:49Z
7301,7301,5df704b67c1708be50fb7ca821957fb2783ac140,dubbo-rpc/dubbo-rpc-triple/src/main/java/org/apache/dubbo/rpc/protocol/tri/TripleHttp2Protocol.java,2023-11-16T07:26:33Z
7303,7303,3160602072c198728cca48e449984a4e596e7c37,dubbo-config/dubbo-config-api/src/main/java/org/apache/dubbo/config/bootstrap/DubboBootstrap.java,2023-06-19T01:34:06Z
7304,7304,aa54350c6f5abd0803ace8c14b9a731b69100d03,dubbo-registry/dubbo-registry-zookeeper/src/main/java/org/apache/dubbo/registry/zookeeper/ZookeeperServiceDiscovery.java,2023-07-31T11:11:49Z
7305,7305,d8fc808425c4f1db028c4fdab45d7082a957d760,dubbo-rpc/dubbo-rpc-api/src/main/java/org/apache/dubbo/rpc/protocol/ProtocolFilterWrapper.java,2020-11-16T07:12:23Z
7306,7306,36e0cf5490f9ea289a9d809694b0b2347106a515,dubbo-rpc/dubbo-rpc-triple/src/main/java/org/apache/dubbo/rpc/protocol/tri/TripleInvoker.java,2024-03-11T06:00:16Z
7307,7307,5df704b67c1708be50fb7ca821957fb2783ac140,dubbo-rpc/dubbo-rpc-triple/src/main/java/org/apache/dubbo/rpc/protocol/tri/TripleHttp2Protocol.java,2023-11-16T07:26:33Z
7308,7308,3a3d0ef50ee0939dbf5cd6ddb4b0aeb789b329af,dubbo-config/dubbo-config-spring/src/main/java/org/apache/dubbo/config/spring/beans/factory/annotation/ServiceClassPostProcessor.java,2021-04-30T12:25:24Z
7309,7309,7d5fa50783c5321447368230ca75138425697459,dubbo-common/src/main/java/org/apache/dubbo/config/Constants.java,2024-06-24T01:26:45Z
7310,7310,7d5fa50783c5321447368230ca75138425697459,dubbo-common/src/main/java/org/apache/dubbo/config/Constants.java,2024-06-24T01:26:45Z
7311,7311,730695a7a26967889405b12fc54099bb006c8231,dubbo-cluster/src/main/java/org/apache/dubbo/rpc/cluster/support/AbstractClusterInvoker.java,2023-11-07T07:40:13Z
7316,7316,efa6900bb1b59c70f131af868396a8903b098a18,dubbo-cluster/src/main/java/org/apache/dubbo/rpc/cluster/router/tag/TagRouter.java,2021-11-03T03:13:04Z
7317,7317,4de9672008cd3ea8502a86b5f45159b300d58a92,dubbo-config/dubbo-config-spring/src/main/java/org/apache/dubbo/config/spring/context/DubboBootstrapApplicationListener.java,2022-11-28T06:24:34Z
7319,7319,06e9410f6873f28db11bc0bec7823f9f3228df53,dubbo-registry/dubbo-registry-api/src/main/java/org/apache/dubbo/registry/client/ServiceDiscoveryRegistry.java,2023-11-01T11:16:19Z
7320,7320,52250b8a2086ca361fc3c3912720e3eb3d495b17,dubbo-remoting/dubbo-remoting-api/src/test/java/org/apache/dubbo/remoting/exchange/support/DefaultFutureTest.java,2023-09-12T04:45:03Z
7321,7321,00812ce41c44be6e5cd5e2b8e5bf602f806bbbca,dubbo-config/dubbo-config-api/src/main/java/org/apache/dubbo/config/ServiceConfig.java,2024-03-29T03:40:06Z
7322,7322,046bb88d2f5b2077af243146acd30919adaf0477,dubbo-rpc/dubbo-rpc-dubbo/src/main/java/org/apache/dubbo/rpc/protocol/dubbo/ReferenceCountExchangeClient.java,2022-11-15T06:22:01Z
7323,7323,523a4189b8a7233c926eab1218daf627a3e870b8,dubbo-common/src/main/java/org/apache/dubbo/common/Version.java,2024-06-04T14:59:16Z
7324,7324,523a4189b8a7233c926eab1218daf627a3e870b8,dubbo-common/src/main/java/org/apache/dubbo/common/Version.java,2024-06-04T14:59:16Z
7326,7326,0d91d419a8b25a9917a03dc68a3eb5069ac856ea,dubbo-common/src/main/java/org/apache/dubbo/common/extension/ExtensionLoader.java,2023-10-19T07:25:40Z
7326,7326,0d91d419a8b25a9917a03dc68a3eb5069ac856ea,dubbo-common/src/main/java/org/apache/dubbo/common/extension/support/ActivateComparator.java,2023-10-19T07:25:40Z
7326,7326,0d91d419a8b25a9917a03dc68a3eb5069ac856ea,dubbo-common/src/test/java/org/apache/dubbo/common/extension/ExtensionLoaderTest.java,2023-10-19T07:25:40Z
7326,7326,0d91d419a8b25a9917a03dc68a3eb5069ac856ea,dubbo-common/src/test/java/org/apache/dubbo/common/extension/support/ActivateComparatorTest.java,2023-10-19T07:25:40Z
7327,7327,11d5bd9ffadf11af0d13e6ab478829b4ae3c8572,pom.xml,2024-06-24T09:54:45Z
7329,7329,34168e6d0e1bff11f433a7bca99686481c43dd18,dubbo-remoting/dubbo-remoting-api/src/main/java/org/apache/dubbo/remoting/api/ConnectionHandler.java,2023-01-03T07:03:55Z
7330,7330,11d5bd9ffadf11af0d13e6ab478829b4ae3c8572,pom.xml,2024-06-24T09:54:45Z
7333,7333,00812ce41c44be6e5cd5e2b8e5bf602f806bbbca,dubbo-config/dubbo-config-api/src/main/java/org/apache/dubbo/config/ServiceConfig.java,2024-03-29T03:40:06Z
7334,7334,4be8594bdefa3b941d062cbcee0794a3718c58b1,dubbo-rpc/dubbo-rpc-injvm/src/main/java/org/apache/dubbo/rpc/protocol/injvm/InjvmInvoker.java,2024-06-20T01:41:36Z
7335,7335,dfd135eb95d92ffc3519426b812e274f43b49e9d,dubbo-common/src/main/java/org/apache/dubbo/common/URL.java,2024-05-08T06:09:08Z
7335,7335,dfd135eb95d92ffc3519426b812e274f43b49e9d,dubbo-common/src/test/java/org/apache/dubbo/common/URLTest.java,2024-05-08T06:09:08Z
7337,7337,4be8594bdefa3b941d062cbcee0794a3718c58b1,dubbo-rpc/dubbo-rpc-injvm/src/main/java/org/apache/dubbo/rpc/protocol/injvm/InjvmInvoker.java,2024-06-20T01:41:36Z
7338,7338,7594d814891aa43ff01a3f14e372e48ef3792ae3,Jenkinsfile,2020-03-06T13:28:59Z
7338,7338,b7730b3c781ea289590d5c859e04403b5ce7248b,Jenkinsfile,2020-03-06T13:28:59Z
7340,7340,06e9410f6873f28db11bc0bec7823f9f3228df53,dubbo-registry/dubbo-registry-api/src/main/java/org/apache/dubbo/registry/client/ServiceDiscoveryRegistry.java,2023-11-01T11:16:19Z
7342,7342,6b3f54383f4b6102215e33ea879a389dff0fd1eb,README.md,2024-04-11T08:47:51Z
7343,7343,0fc93d03456210839d95093ec4f2677e8f35677e,.travis.yml,2023-01-25T00:11:33Z
7344,7344,0fc93d03456210839d95093ec4f2677e8f35677e,.travis.yml,2023-01-25T00:11:33Z
7345,7345,1add77ed6ec2872bb5cb8bbd69cdaea56f5b1acb,dubbo-rpc/dubbo-rpc-triple/src/main/java/org/apache/dubbo/rpc/protocol/tri/AbstractStream.java,2022-03-01T04:33:26Z
7345,7345,1add77ed6ec2872bb5cb8bbd69cdaea56f5b1acb,dubbo-rpc/dubbo-rpc-triple/src/main/java/org/apache/dubbo/rpc/protocol/tri/ServerStream.java,2022-03-01T04:33:26Z
7346,7346,0a1ad55bff34c8cffc066c4ab26ac8466691a4f4,dubbo-registry/dubbo-registry-nacos/src/main/java/org/apache/dubbo/registry/nacos/NacosRegistry.java,2024-04-22T11:42:47Z
7350,7350,78ca5e523cd6969a0b7085e51d3996fd8448a55c,dubbo-registry/dubbo-registry-api/src/main/java/org/apache/dubbo/registry/client/event/listener/ServiceInstancesChangedListener.java,2023-07-13T12:54:38Z
7352,7352,886360461952940e5fd3f57323ba4be34be14a58,dubbo-registry/dubbo-registry-api/src/main/java/org/apache/dubbo/registry/client/metadata/MetadataServiceNameMapping.java,2024-05-08T03:59:26Z
7353,7353,dfd135eb95d92ffc3519426b812e274f43b49e9d,dubbo-common/src/main/java/org/apache/dubbo/common/URL.java,2024-05-08T06:09:08Z
7354,7354,00812ce41c44be6e5cd5e2b8e5bf602f806bbbca,dubbo-metadata/dubbo-metadata-report-nacos/src/main/java/org/apache/dubbo/metadata/store/nacos/NacosMetadataReport.java,2024-03-29T03:40:06Z
7355,7355,0d91d419a8b25a9917a03dc68a3eb5069ac856ea,dubbo-rpc/dubbo-rpc-api/src/main/java/org/apache/dubbo/rpc/proxy/AbstractProxyFactory.java,2023-10-19T07:25:40Z
7357,7357,4de9672008cd3ea8502a86b5f45159b300d58a92,dubbo-config/dubbo-config-spring/src/main/java/org/apache/dubbo/config/spring/context/DubboBootstrapApplicationListener.java,2022-11-28T06:24:34Z
7358,7358,730695a7a26967889405b12fc54099bb006c8231,dubbo-cluster/src/main/java/org/apache/dubbo/rpc/cluster/support/registry/ZoneAwareClusterInvoker.java,2023-11-07T07:40:13Z
7360,7360,1bdbfd864740f6023762b788c7ae0d42f00fd5d6,dubbo-cluster/src/main/java/org/apache/dubbo/rpc/cluster/support/MergeableClusterInvoker.java,2024-01-02T10:58:43Z
7361,7361,7c136268724d63686f0305b3d480a2904b413119,dubbo-rpc/dubbo-rpc-triple/src/main/java/org/apache/dubbo/rpc/protocol/tri/TripleConstant.java,2022-03-27T02:50:01Z
7365,7365,523a4189b8a7233c926eab1218daf627a3e870b8,dubbo-common/src/main/java/org/apache/dubbo/common/constants/CommonConstants.java,2024-06-04T14:59:16Z
7368,7368,f224fc5a47ae87817a91241109f1fcab1fee1539,dubbo-registry/dubbo-registry-api/src/main/java/org/apache/dubbo/registry/integration/RegistryProtocol.java,2024-07-03T02:12:33Z
7369,7369,ec443043e2da83d946943baabf7f122f9efc0dcc,dubbo-config/dubbo-config-api/src/main/java/org/apache/dubbo/config/ReferenceConfig.java,2024-04-01T03:03:29Z
7370,7370,06605365c51fd4e8bbec50a9aa1061408063e50c,dubbo-plugin/dubbo-qos/src/main/java/org/apache/dubbo/qos/command/impl/Ready.java,2023-03-17T05:33:49Z
7371,7371,7d5fa50783c5321447368230ca75138425697459,dubbo-common/src/main/java/org/apache/dubbo/config/Constants.java,2024-06-24T01:26:45Z
7372,7372,730695a7a26967889405b12fc54099bb006c8231,dubbo-cluster/pom.xml,2023-11-07T07:40:13Z
7372,7372,730695a7a26967889405b12fc54099bb006c8231,dubbo-cluster/src/main/java/org/apache/dubbo/registry/AddressListener.java,2023-11-07T07:40:13Z
7372,7372,730695a7a26967889405b12fc54099bb006c8231,dubbo-cluster/src/main/java/org/apache/dubbo/rpc/cluster/router/mesh/route/MeshAppRuleListener.java,2023-11-07T07:40:13Z
7372,7372,730695a7a26967889405b12fc54099bb006c8231,dubbo-cluster/src/main/java/org/apache/dubbo/rpc/cluster/router/mesh/route/MeshRuleManager.java,2023-11-07T07:40:13Z
7372,7372,730695a7a26967889405b12fc54099bb006c8231,dubbo-cluster/src/main/java/org/apache/dubbo/rpc/cluster/router/mesh/route/MeshRuleRouter.java,2023-11-07T07:40:13Z
7372,7372,730695a7a26967889405b12fc54099bb006c8231,dubbo-cluster/src/main/java/org/apache/dubbo/rpc/cluster/router/mesh/rule/BaseRule.java,2023-11-07T07:40:13Z
7372,7372,730695a7a26967889405b12fc54099bb006c8231,dubbo-cluster/src/main/java/org/apache/dubbo/rpc/cluster/router/mesh/rule/VsDestinationGroup.java,2023-11-07T07:40:13Z
7372,7372,730695a7a26967889405b12fc54099bb006c8231,dubbo-cluster/src/main/java/org/apache/dubbo/rpc/cluster/router/mesh/rule/destination/ConnectionPoolSettings.java,2023-11-07T07:40:13Z
7372,7372,730695a7a26967889405b12fc54099bb006c8231,dubbo-cluster/src/main/java/org/apache/dubbo/rpc/cluster/router/mesh/rule/destination/DestinationRule.java,2023-11-07T07:40:13Z
7372,7372,730695a7a26967889405b12fc54099bb006c8231,dubbo-cluster/src/main/java/org/apache/dubbo/rpc/cluster/router/mesh/rule/destination/DestinationRuleSpec.java,2023-11-07T07:40:13Z
7372,7372,730695a7a26967889405b12fc54099bb006c8231,dubbo-cluster/src/main/java/org/apache/dubbo/rpc/cluster/router/mesh/rule/destination/Subset.java,2023-11-07T07:40:13Z
7372,7372,730695a7a26967889405b12fc54099bb006c8231,dubbo-cluster/src/main/java/org/apache/dubbo/rpc/cluster/router/mesh/rule/destination/TCPSettings.java,2023-11-07T07:40:13Z
7372,7372,730695a7a26967889405b12fc54099bb006c8231,dubbo-cluster/src/main/java/org/apache/dubbo/rpc/cluster/router/mesh/rule/destination/TcpKeepalive.java,2023-11-07T07:40:13Z
7372,7372,730695a7a26967889405b12fc54099bb006c8231,dubbo-cluster/src/main/java/org/apache/dubbo/rpc/cluster/router/mesh/rule/destination/TrafficPolicy.java,2023-11-07T07:40:13Z
7372,7372,730695a7a26967889405b12fc54099bb006c8231,dubbo-cluster/src/main/java/org/apache/dubbo/rpc/cluster/router/mesh/rule/destination/loadbalance/ConsistentHashLB.java,2023-11-07T07:40:13Z
7372,7372,730695a7a26967889405b12fc54099bb006c8231,dubbo-cluster/src/main/java/org/apache/dubbo/rpc/cluster/router/mesh/rule/destination/loadbalance/LoadBalancerSettings.java,2023-11-07T07:40:13Z
7372,7372,730695a7a26967889405b12fc54099bb006c8231,dubbo-cluster/src/main/java/org/apache/dubbo/rpc/cluster/router/mesh/rule/destination/loadbalance/SimpleLB.java,2023-11-07T07:40:13Z
7372,7372,730695a7a26967889405b12fc54099bb006c8231,dubbo-cluster/src/main/java/org/apache/dubbo/rpc/cluster/router/mesh/rule/virtualservice/DubboMatchRequest.java,2023-11-07T07:40:13Z
7372,7372,730695a7a26967889405b12fc54099bb006c8231,dubbo-cluster/src/main/java/org/apache/dubbo/rpc/cluster/router/mesh/rule/virtualservice/DubboRoute.java,2023-11-07T07:40:13Z
7372,7372,730695a7a26967889405b12fc54099bb006c8231,dubbo-cluster/src/main/java/org/apache/dubbo/rpc/cluster/router/mesh/rule/virtualservice/DubboRouteDetail.java,2023-11-07T07:40:13Z
7372,7372,730695a7a26967889405b12fc54099bb006c8231,dubbo-cluster/src/main/java/org/apache/dubbo/rpc/cluster/router/mesh/rule/virtualservice/VirtualServiceRule.java,2023-11-07T07:40:13Z
7372,7372,730695a7a26967889405b12fc54099bb006c8231,dubbo-cluster/src/main/java/org/apache/dubbo/rpc/cluster/router/mesh/rule/virtualservice/VirtualServiceSpec.java,2023-11-07T07:40:13Z
7372,7372,730695a7a26967889405b12fc54099bb006c8231,dubbo-cluster/src/main/java/org/apache/dubbo/rpc/cluster/router/mesh/rule/virtualservice/destination/DubboDestination.java,2023-11-07T07:40:13Z
7372,7372,730695a7a26967889405b12fc54099bb006c8231,dubbo-cluster/src/main/java/org/apache/dubbo/rpc/cluster/router/mesh/rule/virtualservice/destination/DubboRouteDestination.java,2023-11-07T07:40:13Z
7372,7372,730695a7a26967889405b12fc54099bb006c8231,dubbo-cluster/src/main/java/org/apache/dubbo/rpc/cluster/router/mesh/rule/virtualservice/match/BoolMatch.java,2023-11-07T07:40:13Z
7372,7372,730695a7a26967889405b12fc54099bb006c8231,dubbo-cluster/src/main/java/org/apache/dubbo/rpc/cluster/router/mesh/rule/virtualservice/match/DoubleMatch.java,2023-11-07T07:40:13Z
7372,7372,730695a7a26967889405b12fc54099bb006c8231,dubbo-cluster/src/main/java/org/apache/dubbo/rpc/cluster/router/mesh/rule/virtualservice/match/DoubleRangeMatch.java,2023-11-07T07:40:13Z
7372,7372,730695a7a26967889405b12fc54099bb006c8231,dubbo-cluster/src/main/java/org/apache/dubbo/rpc/cluster/router/mesh/rule/virtualservice/match/DubboAttachmentMatch.java,2023-11-07T07:40:13Z
7372,7372,730695a7a26967889405b12fc54099bb006c8231,dubbo-cluster/src/main/java/org/apache/dubbo/rpc/cluster/router/mesh/rule/virtualservice/match/DubboMethodArg.java,2023-11-07T07:40:13Z
7372,7372,730695a7a26967889405b12fc54099bb006c8231,dubbo-cluster/src/main/java/org/apache/dubbo/rpc/cluster/router/mesh/rule/virtualservice/match/DubboMethodMatch.java,2023-11-07T07:40:13Z
7372,7372,730695a7a26967889405b12fc54099bb006c8231,dubbo-cluster/src/main/java/org/apache/dubbo/rpc/cluster/router/mesh/rule/virtualservice/match/ListBoolMatch.java,2023-11-07T07:40:13Z
7372,7372,730695a7a26967889405b12fc54099bb006c8231,dubbo-cluster/src/main/java/org/apache/dubbo/rpc/cluster/router/mesh/rule/virtualservice/match/ListDoubleMatch.java,2023-11-07T07:40:13Z
7372,7372,730695a7a26967889405b12fc54099bb006c8231,dubbo-cluster/src/main/java/org/apache/dubbo/rpc/cluster/router/mesh/rule/virtualservice/match/ListStringMatch.java,2023-11-07T07:40:13Z
7372,7372,730695a7a26967889405b12fc54099bb006c8231,dubbo-cluster/src/main/java/org/apache/dubbo/rpc/cluster/router/mesh/rule/virtualservice/match/StringMatch.java,2023-11-07T07:40:13Z
7372,7372,730695a7a26967889405b12fc54099bb006c8231,dubbo-cluster/src/test/java/org/apache/dubbo/rpc/cluster/router/mesh/route/MeshAppRuleListenerTest.java,2023-11-07T07:40:13Z
7372,7372,730695a7a26967889405b12fc54099bb006c8231,dubbo-cluster/src/test/java/org/apache/dubbo/rpc/cluster/router/mesh/route/MeshRuleManagerTest.java,2023-11-07T07:40:13Z
7372,7372,730695a7a26967889405b12fc54099bb006c8231,dubbo-cluster/src/test/java/org/apache/dubbo/rpc/cluster/router/mesh/route/MeshRuleRouterTest.java,2023-11-07T07:40:13Z
7372,7372,730695a7a26967889405b12fc54099bb006c8231,dubbo-cluster/src/test/java/org/apache/dubbo/rpc/cluster/router/mesh/rule/DestinationRuleTest.java,2023-11-07T07:40:13Z
7372,7372,730695a7a26967889405b12fc54099bb006c8231,dubbo-cluster/src/test/java/org/apache/dubbo/rpc/cluster/router/mesh/rule/VirtualServiceRuleTest.java,2023-11-07T07:40:13Z
7372,7372,730695a7a26967889405b12fc54099bb006c8231,dubbo-cluster/src/test/java/org/apache/dubbo/rpc/cluster/router/mesh/rule/virtualservice/DubboMatchRequestTest.java,2023-11-07T07:40:13Z
7372,7372,730695a7a26967889405b12fc54099bb006c8231,dubbo-cluster/src/test/java/org/apache/dubbo/rpc/cluster/router/mesh/rule/virtualservice/match/BoolMatchTest.java,2023-11-07T07:40:13Z
7372,7372,730695a7a26967889405b12fc54099bb006c8231,dubbo-cluster/src/test/java/org/apache/dubbo/rpc/cluster/router/mesh/rule/virtualservice/match/DoubleMatchTest.java,2023-11-07T07:40:13Z
7372,7372,730695a7a26967889405b12fc54099bb006c8231,dubbo-cluster/src/test/java/org/apache/dubbo/rpc/cluster/router/mesh/rule/virtualservice/match/DubboAttachmentMatchTest.java,2023-11-07T07:40:13Z
7372,7372,730695a7a26967889405b12fc54099bb006c8231,dubbo-cluster/src/test/java/org/apache/dubbo/rpc/cluster/router/mesh/rule/virtualservice/match/DubboMethodMatchTest.java,2023-11-07T07:40:13Z
7372,7372,730695a7a26967889405b12fc54099bb006c8231,dubbo-cluster/src/test/java/org/apache/dubbo/rpc/cluster/router/mesh/rule/virtualservice/match/ListDoubleMatchTest.java,2023-11-07T07:40:13Z
7372,7372,730695a7a26967889405b12fc54099bb006c8231,dubbo-cluster/src/test/java/org/apache/dubbo/rpc/cluster/router/mesh/rule/virtualservice/match/ListStringMatchTest.java,2023-11-07T07:40:13Z
7372,7372,730695a7a26967889405b12fc54099bb006c8231,dubbo-cluster/src/test/java/org/apache/dubbo/rpc/cluster/router/mesh/rule/virtualservice/match/StringMatchTest.java,2023-11-07T07:40:13Z
7374,7374,730695a7a26967889405b12fc54099bb006c8231,dubbo-common/src/main/java/org/apache/dubbo/common/bytecode/Proxy.java,2023-11-07T07:40:13Z
7376,7376,dfd135eb95d92ffc3519426b812e274f43b49e9d,dubbo-common/src/main/java/org/apache/dubbo/common/URL.java,2024-05-08T06:09:08Z
7376,7376,dfd135eb95d92ffc3519426b812e274f43b49e9d,dubbo-common/src/test/java/org/apache/dubbo/common/URLTest.java,2024-05-08T06:09:08Z
7378,7378,730695a7a26967889405b12fc54099bb006c8231,dubbo-cluster/src/main/java/org/apache/dubbo/rpc/cluster/Constants.java,2023-11-07T07:40:13Z
7379,7379,da53578c57432df08c595e20c97129c24dc7533c,dubbo-metadata/dubbo-metadata-report-redis/src/test/java/org/apache/dubbo/metadata/store/redis/RedisMetadataReportTest.java,2024-05-29T07:01:08Z
7380,7380,5df704b67c1708be50fb7ca821957fb2783ac140,dubbo-rpc/dubbo-rpc-triple/src/main/java/org/apache/dubbo/rpc/protocol/tri/TripleHttp2Protocol.java,2023-11-16T07:26:33Z
7381,7381,ac8ee831c9566569b8a58298983ee7e7ff30e4d8,dubbo-dependencies-bom/pom.xml,2024-07-02T06:27:45Z
7383,7383,79a1cca4ef1d583d2ae2c8e3f16eeea5881712cc,dubbo-config/dubbo-config-spring/src/main/java/org/apache/dubbo/config/spring/ReferenceBean.java,2024-07-04T07:14:55Z
7386,7386,730695a7a26967889405b12fc54099bb006c8231,dubbo-common/src/main/java/org/apache/dubbo/common/bytecode/Proxy.java,2023-11-07T07:40:13Z
7387,7387,ac8ee831c9566569b8a58298983ee7e7ff30e4d8,dubbo-dependencies-bom/pom.xml,2024-07-02T06:27:45Z
7388,7388,ac8ee831c9566569b8a58298983ee7e7ff30e4d8,dubbo-dependencies-bom/pom.xml,2024-07-02T06:27:45Z
7393,7393,617dbd3fdde72e5e9e4ea813e7cc7c6e86214926,dubbo-config/dubbo-config-api/src/main/java/org/apache/dubbo/config/bootstrap/builders/ReferenceBuilder.java,2023-12-25T11:17:48Z
7393,7393,617dbd3fdde72e5e9e4ea813e7cc7c6e86214926,dubbo-config/dubbo-config-api/src/main/java/org/apache/dubbo/config/bootstrap/builders/ServiceBuilder.java,2023-12-25T11:17:48Z
7394,7394,11d5bd9ffadf11af0d13e6ab478829b4ae3c8572,pom.xml,2024-06-24T09:54:45Z
7395,7395,dfd135eb95d92ffc3519426b812e274f43b49e9d,dubbo-common/src/main/java/org/apache/dubbo/config/RegistryConfig.java,2024-05-08T06:09:08Z
7395,7395,dfd135eb95d92ffc3519426b812e274f43b49e9d,dubbo-config/dubbo-config-api/src/main/java/org/apache/dubbo/config/utils/ConfigValidationUtils.java,2024-05-08T06:09:08Z
7396,7396,11d5bd9ffadf11af0d13e6ab478829b4ae3c8572,pom.xml,2024-06-24T09:54:45Z
7397,7397,4bfeeb2b47284ae04f1fe340ac4c29c096dfb260,dubbo-demo/dubbo-demo-xml/dubbo-demo-xml-consumer/src/main/resources/dubbo-migration.yaml,2021-05-19T02:43:11Z
7398,7398,5df704b67c1708be50fb7ca821957fb2783ac140,dubbo-rpc/dubbo-rpc-triple/src/main/java/org/apache/dubbo/rpc/protocol/tri/TripleHttp2Protocol.java,2023-11-16T07:26:33Z
7399,7399,730695a7a26967889405b12fc54099bb006c8231,dubbo-cluster/src/main/java/org/apache/dubbo/rpc/cluster/support/AbstractClusterInvoker.java,2023-11-07T07:40:13Z
7399,7399,730695a7a26967889405b12fc54099bb006c8231,dubbo-cluster/src/test/java/org/apache/dubbo/rpc/cluster/support/AbstractClusterInvokerTest.java,2023-11-07T07:40:13Z
7400,7400,dfd135eb95d92ffc3519426b812e274f43b49e9d,dubbo-config/dubbo-config-api/src/main/java/org/apache/dubbo/config/utils/ConfigValidationUtils.java,2024-05-08T06:09:08Z
7402,7402,3a3d0ef50ee0939dbf5cd6ddb4b0aeb789b329af,dubbo-config/dubbo-config-spring/src/main/java/org/apache/dubbo/config/spring/ReferenceBeanManager.java,2021-04-30T12:25:24Z
7404,7404,1add77ed6ec2872bb5cb8bbd69cdaea56f5b1acb,dubbo-rpc/dubbo-rpc-triple/src/main/java/org/apache/dubbo/rpc/protocol/tri/ClientStream.java,2022-03-01T04:33:26Z
7404,7404,1add77ed6ec2872bb5cb8bbd69cdaea56f5b1acb,dubbo-rpc/dubbo-rpc-triple/src/main/java/org/apache/dubbo/rpc/protocol/tri/TripleHttp2FrameServerHandler.java,2022-03-01T04:33:26Z
7405,7405,79a1cca4ef1d583d2ae2c8e3f16eeea5881712cc,dubbo-config/dubbo-config-spring/src/main/java/org/apache/dubbo/config/spring/ReferenceBean.java,2024-07-04T07:14:55Z
7407,7407,e1a04777039be9ba6d360a0bf566f316ea47d3f3,dubbo-plugin/dubbo-qos/src/main/java/org/apache/dubbo/qos/command/util/ServiceCheckUtils.java,2022-06-28T08:48:29Z
7408,7408,ac8ee831c9566569b8a58298983ee7e7ff30e4d8,dubbo-dependencies-bom/pom.xml,2024-07-02T06:27:45Z
7410,7410,6ad735d74a7f1c5d694f212061e04af9c90a8d3b,dubbo-remoting/dubbo-remoting-api/src/main/java/org/apache/dubbo/remoting/exchange/support/header/HeaderExchangeChannel.java,2023-07-03T02:16:14Z
7412,7412,0d91d419a8b25a9917a03dc68a3eb5069ac856ea,dubbo-config/dubbo-config-spring/src/main/java/org/apache/dubbo/config/spring/beans/factory/annotation/ReferenceAnnotationBeanPostProcessor.java,2023-10-19T07:25:40Z
7414,7414,48bc7165f7d81535db35ca8f4eee871261dfb034,dubbo-config/dubbo-config-spring/src/test/java/org/apache/dubbo/config/spring/beans/factory/annotation/ReferenceAnnotationBeanPostProcessorTest.java,2023-03-02T23:15:26Z
7414,7414,7277c159cf6cc614e7ef8d7a48067e9a57d88885,dubbo-config/dubbo-config-spring/src/test/java/org/apache/dubbo/config/spring/beans/factory/annotation/ReferenceAnnotationBeanPostProcessorTest.java,2023-03-02T23:15:26Z
7417,7417,0d91d419a8b25a9917a03dc68a3eb5069ac856ea,dubbo-common/src/main/java/org/apache/dubbo/common/extension/ExtensionLoader.java,2023-10-19T07:25:40Z
7418,7418,11d5bd9ffadf11af0d13e6ab478829b4ae3c8572,pom.xml,2024-06-24T09:54:45Z
7420,7420,f7a32be429e815e9bc70f0dec31d67461e5c695e,dubbo-config/dubbo-config-spring/src/test/java/org/apache/dubbo/config/spring/context/annotation/EnableDubboConfigTest.java,2023-12-22T02:25:53Z
7422,7422,ac8ee831c9566569b8a58298983ee7e7ff30e4d8,dubbo-dependencies-bom/pom.xml,2024-07-02T06:27:45Z
7423,7423,523a4189b8a7233c926eab1218daf627a3e870b8,dubbo-common/src/main/java/org/apache/dubbo/common/constants/CommonConstants.java,2024-06-04T14:59:16Z
7427,7427,b06e5c2fdb7dc8fdf5ee3d18b3ef62cfe333e2c5,dubbo-config/dubbo-config-spring/src/test/resources/META-INF/spring/dubbo-generic-consumer.xml,2021-11-06T10:19:06Z
7428,7428,e6df49f243d572330f914f319ae582792a2de4a6,dubbo-cluster/src/main/resources/META-INF/dubbo/internal/org.apache.dubbo.rpc.cluster.RouterFactory,2021-12-23T02:27:08Z
7429,7429,36e0cf5490f9ea289a9d809694b0b2347106a515,dubbo-rpc/dubbo-rpc-triple/src/main/java/org/apache/dubbo/rpc/protocol/tri/TripleInvoker.java,2024-03-11T06:00:16Z
7433,7433,f05662a66deb331008dbe02e8a0b3f4174820ad9,dubbo-configcenter/dubbo-configcenter-apollo/src/test/java/org/apache/dubbo/configcenter/support/apollo/EmbeddedApolloJunit5.java,2023-04-11T03:24:55Z
7435,7435,7e51047cb084a9f9b09d934cf058074c534503f4,dubbo-common/src/test/java/org/apache/dubbo/common/utils/NetUtilsTest.java,2023-02-27T12:09:15Z
7436,7436,b9825cdbd0fdb20694bf69ba670728b953cfacf2,dubbo-common/src/main/resources/security/serialize.blockedlist,2024-06-17T01:47:10Z
7437,7437,730695a7a26967889405b12fc54099bb006c8231,dubbo-cluster/src/main/java/org/apache/dubbo/rpc/cluster/configurator/parser/ConfigParser.java,2023-11-07T07:40:13Z
7437,7437,730695a7a26967889405b12fc54099bb006c8231,dubbo-cluster/src/main/java/org/apache/dubbo/rpc/cluster/router/condition/config/model/ConditionRuleParser.java,2023-11-07T07:40:13Z
7437,7437,730695a7a26967889405b12fc54099bb006c8231,dubbo-cluster/src/main/java/org/apache/dubbo/rpc/cluster/router/tag/model/TagRuleParser.java,2023-11-07T07:40:13Z
7437,7437,730695a7a26967889405b12fc54099bb006c8231,dubbo-cluster/src/test/java/org/apache/dubbo/rpc/cluster/configurator/parser/ConfigParserTest.java,2023-11-07T07:40:13Z
7438,7438,06e9410f6873f28db11bc0bec7823f9f3228df53,dubbo-registry/dubbo-registry-api/src/main/java/org/apache/dubbo/registry/client/ServiceDiscoveryRegistry.java,2023-11-01T11:16:19Z
7439,7439,6dbac54b398252ce0110ddb55150d3f0422c13be,dubbo-registry/dubbo-registry-api/src/main/java/org/apache/dubbo/registry/integration/DynamicDirectory.java,2024-02-26T09:11:10Z
7440,7440,7d5fa50783c5321447368230ca75138425697459,dubbo-common/src/main/java/org/apache/dubbo/config/Constants.java,2024-06-24T01:26:45Z
7441,7441,11d5bd9ffadf11af0d13e6ab478829b4ae3c8572,pom.xml,2024-06-24T09:54:45Z
7442,7442,b8664c42350cd97de10223e0196dc9789cbc136d,dubbo-config/dubbo-config-api/src/test/java/org/apache/dubbo/metadata/MetadataServiceExporterTest.java,2022-11-22T02:49:25Z
7443,7443,189d76be5d94d43d8054cc58d48507380aea99a3,dubbo-registry/dubbo-registry-zookeeper/src/main/java/org/apache/dubbo/registry/zookeeper/ZookeeperRegistry.java,2024-05-21T03:36:53Z
7445,7445,79a1cca4ef1d583d2ae2c8e3f16eeea5881712cc,dubbo-config/dubbo-config-spring/src/main/java/org/apache/dubbo/config/spring/ReferenceBean.java,2024-07-04T07:14:55Z
7446,7446,ec443043e2da83d946943baabf7f122f9efc0dcc,dubbo-config/dubbo-config-api/src/main/java/org/apache/dubbo/config/ReferenceConfig.java,2024-04-01T03:03:29Z
7447,7447,0a1ad55bff34c8cffc066c4ab26ac8466691a4f4,dubbo-common/src/main/java/org/apache/dubbo/common/constants/RegistryConstants.java,2024-04-22T11:42:47Z
7448,7448,189d76be5d94d43d8054cc58d48507380aea99a3,dubbo-registry/dubbo-registry-zookeeper/src/main/java/org/apache/dubbo/registry/zookeeper/ZookeeperRegistry.java,2024-05-21T03:36:53Z
7450,7450,724ec8b5547467b80c025cf04b3a52408a64ba49,dubbo-metadata/dubbo-metadata-api/src/main/java/org/apache/dubbo/metadata/DynamicConfigurationServiceNameMapping.java,2021-06-10T09:18:49Z
7451,7451,ec443043e2da83d946943baabf7f122f9efc0dcc,dubbo-config/dubbo-config-api/src/main/java/org/apache/dubbo/config/ReferenceConfig.java,2024-04-01T03:03:29Z
7454,7454,00812ce41c44be6e5cd5e2b8e5bf602f806bbbca,dubbo-cluster/src/main/java/org/apache/dubbo/rpc/cluster/configurator/AbstractConfigurator.java,2024-03-29T03:40:06Z
7456,7456,d4032660d5be0d133dc624c45af8c5a02caaef0b,dubbo-rpc/dubbo-rpc-dubbo/src/test/java/org/apache/dubbo/rpc/protocol/dubbo/DubboInvokerAvailableTest.java,2023-04-11T10:58:22Z
7457,7457,d4032660d5be0d133dc624c45af8c5a02caaef0b,dubbo-rpc/dubbo-rpc-dubbo/src/test/java/org/apache/dubbo/rpc/protocol/dubbo/DubboInvokerAvailableTest.java,2023-04-11T10:58:22Z
7458,7458,e95e19efbf434bf6aac426c4013243579f82770d,dubbo-rpc/dubbo-rpc-api/src/main/java/org/apache/dubbo/rpc/TimeoutCountDown.java,2021-10-25T04:54:28Z
7460,7460,c05127e360ec6034e9fdbac158871d3e0f32939a,dubbo-registry/dubbo-registry-api/src/main/java/org/apache/dubbo/registry/client/migration/MigrationInvoker.java,2023-06-29T11:34:37Z
7461,7461,7e51047cb084a9f9b09d934cf058074c534503f4,dubbo-config/dubbo-config-api/src/test/java/org/apache/dubbo/config/cache/CacheTest.java,2023-02-27T12:09:15Z
7462,7462,00812ce41c44be6e5cd5e2b8e5bf602f806bbbca,dubbo-cluster/src/main/java/org/apache/dubbo/rpc/cluster/configurator/AbstractConfigurator.java,2024-03-29T03:40:06Z
7465,7465,3160602072c198728cca48e449984a4e596e7c37,dubbo-registry/dubbo-registry-api/src/main/java/org/apache/dubbo/registry/client/migration/MigrationRuleListener.java,2023-06-19T01:34:06Z
7466,7466,aa54350c6f5abd0803ace8c14b9a731b69100d03,dubbo-remoting/dubbo-remoting-zookeeper/src/main/java/org/apache/dubbo/remoting/zookeeper/curator/CuratorZookeeperClient.java,2023-07-31T11:11:49Z
7467,7467,0a1ad55bff34c8cffc066c4ab26ac8466691a4f4,dubbo-common/src/main/java/org/apache/dubbo/common/constants/RegistryConstants.java,2024-04-22T11:42:47Z
7468,7468,5e89714d79f59db747c71baa579257c0f346e791,dubbo-common/src/main/java/org/apache/dubbo/config/ConfigCenterConfig.java,2022-01-23T08:47:27Z
7469,7469,0d91d419a8b25a9917a03dc68a3eb5069ac856ea,dubbo-config/dubbo-config-spring/src/main/java/org/apache/dubbo/config/spring/beans/factory/annotation/ReferenceAnnotationBeanPostProcessor.java,2023-10-19T07:25:40Z
7471,7471,08205284b8e107b61d4db9959dc760b78b1af1a5,dubbo-common/src/main/java/com/alibaba/dubbo/common/Constants.java,2018-06-14T01:06:28Z
7474,7474,da9fbbdbf8b46a35af9a202f733b5c4d11f6b807,dubbo-metadata/dubbo-metadata-report-redis/src/main/java/org/apache/dubbo/metadata/store/redis/RedisMetadataReport.java,2023-05-07T23:32:00Z
7476,7476,a342f67dc04fea2a5e6cfadba8392a43ca2f2546,dubbo-registry/dubbo-registry-api/src/main/java/org/apache/dubbo/registry/client/ServiceDiscoveryRegistryDirectory.java,2024-03-19T01:38:06Z
7477,7477,96680ddb4a74324ecd449393b9a2a0b3526cb3a3,dubbo-config/dubbo-config-spring/src/main/java/org/apache/dubbo/config/spring/context/annotation/DubboClassPathBeanDefinitionScanner.java,2021-06-21T02:21:15Z
7480,7480,aa54350c6f5abd0803ace8c14b9a731b69100d03,dubbo-registry/dubbo-registry-api/src/main/java/org/apache/dubbo/registry/integration/RegistryDirectory.java,2023-07-31T11:11:49Z
7482,7482,f224fc5a47ae87817a91241109f1fcab1fee1539,dubbo-registry/dubbo-registry-api/src/main/java/org/apache/dubbo/registry/integration/RegistryProtocol.java,2024-07-03T02:12:33Z
7484,7484,fed4755cd6693e51d8f99555b1d339019e591917,dubbo-registry/dubbo-registry-api/src/main/java/org/apache/dubbo/registry/support/CacheableFailbackRegistry.java,2024-01-02T02:22:13Z
7485,7485,730695a7a26967889405b12fc54099bb006c8231,dubbo-cluster/src/main/java/org/apache/dubbo/rpc/cluster/loadbalance/LeastActiveLoadBalance.java,2023-11-07T07:40:13Z
7485,7485,730695a7a26967889405b12fc54099bb006c8231,dubbo-cluster/src/main/java/org/apache/dubbo/rpc/cluster/loadbalance/ShortestResponseLoadBalance.java,2023-11-07T07:40:13Z
7486,7486,548db9861ffac386aefffd22cdfeb38076d34381,dubbo-remoting/dubbo-remoting-api/src/main/java/org/apache/dubbo/remoting/transport/dispatcher/ChannelEventRunnable.java,2023-02-03T01:10:44Z
7489,7489,0a5a709c68ca8d445ae5ce1f95e6d4b70eb5839c,dubbo-common/src/main/java/org/apache/dubbo/rpc/support/GroupServiceKeyCache.java,2021-04-20T06:52:32Z
7493,7493,00812ce41c44be6e5cd5e2b8e5bf602f806bbbca,dubbo-common/src/main/java/org/apache/dubbo/common/bytecode/Wrapper.java,2024-03-29T03:40:06Z
7494,7494,238fe3125c427eda496b857623ba17e67f722ecd,dubbo-metadata/dubbo-metadata-api/src/main/java/org/apache/dubbo/metadata/report/MetadataReportInstance.java,2024-07-04T08:20:30Z
7495,7495,189d76be5d94d43d8054cc58d48507380aea99a3,dubbo-common/src/main/java/org/apache/dubbo/common/json/JSON.java,2024-05-21T03:36:53Z
7497,7497,238fe3125c427eda496b857623ba17e67f722ecd,dubbo-metadata/dubbo-metadata-api/src/main/java/org/apache/dubbo/metadata/report/MetadataReportInstance.java,2024-07-04T08:20:30Z
7498,7498,730695a7a26967889405b12fc54099bb006c8231,dubbo-cluster/src/main/java/org/apache/dubbo/rpc/cluster/configurator/parser/ConfigParser.java,2023-11-07T07:40:13Z
7500,7500,6b3f54383f4b6102215e33ea879a389dff0fd1eb,README.md,2024-04-11T08:47:51Z
7501,7501,730695a7a26967889405b12fc54099bb006c8231,dubbo-cluster/src/main/java/org/apache/dubbo/rpc/cluster/configurator/parser/ConfigParser.java,2023-11-07T07:40:13Z
7502,7502,d50adb7c837448358ae980c7f90cd43daf6eab8b,dubbo-remoting/dubbo-remoting-api/src/test/java/org/apache/dubbo/remoting/codec/ExchangeCodecTest.java,2024-03-10T03:22:59Z
7503,7503,730695a7a26967889405b12fc54099bb006c8231,dubbo-cluster/src/main/java/org/apache/dubbo/rpc/cluster/configurator/parser/ConfigParser.java,2023-11-07T07:40:13Z
7506,7506,00812ce41c44be6e5cd5e2b8e5bf602f806bbbca,dubbo-registry/dubbo-registry-api/src/main/java/org/apache/dubbo/registry/integration/InterfaceCompatibleRegistryProtocol.java,2024-03-29T03:40:06Z
7507,7507,3160602072c198728cca48e449984a4e596e7c37,dubbo-config/dubbo-config-api/src/main/java/org/apache/dubbo/config/bootstrap/DubboBootstrap.java,2023-06-19T01:34:06Z
7508,7508,0d91d419a8b25a9917a03dc68a3eb5069ac856ea,dubbo-common/src/main/java/org/apache/dubbo/common/extension/ExtensionLoader.java,2023-10-19T07:25:40Z
7509,7509,730695a7a26967889405b12fc54099bb006c8231,dubbo-cluster/src/test/java/org/apache/dubbo/rpc/cluster/configurator/absent/AbsentConfiguratorTest.java,2023-11-07T07:40:13Z
7510,7510,e1a04777039be9ba6d360a0bf566f316ea47d3f3,dubbo-common/src/main/java/org/apache/dubbo/common/utils/MethodUtils.java,2022-06-28T08:48:29Z
7516,7516,ac8ee831c9566569b8a58298983ee7e7ff30e4d8,dubbo-dependencies-bom/pom.xml,2024-07-02T06:27:45Z
7517,7517,00812ce41c44be6e5cd5e2b8e5bf602f806bbbca,dubbo-common/src/main/java/org/apache/dubbo/common/bytecode/Wrapper.java,2024-03-29T03:40:06Z
7520,7520,25548c345bdfc1dcf222b68c2057cd472e2b74a0,dubbo-common/src/main/java/org/apache/dubbo/common/utils/PojoUtils.java,2023-05-26T07:32:54Z
7522,7522,a36c21c27707eb312fbf9f8992e3c32c25c8f145,dubbo-common/src/main/java/org/apache/dubbo/common/threadpool/support/fixed/FixedThreadPool.java,2022-08-01T06:31:34Z
7523,7523,523a4189b8a7233c926eab1218daf627a3e870b8,dubbo-common/src/main/java/org/apache/dubbo/common/constants/CommonConstants.java,2024-06-04T14:59:16Z
7526,7526,34168e6d0e1bff11f433a7bca99686481c43dd18,dubbo-remoting/dubbo-remoting-api/src/main/java/org/apache/dubbo/remoting/api/ConnectionHandler.java,2023-01-03T07:03:55Z
7528,7528,43d48bd6caf95f61f4e879a5be8b5560a55daee9,dubbo-registry/dubbo-registry-api/src/main/java/org/apache/dubbo/registry/support/AbstractRegistryFactory.java,2022-09-19T06:31:03Z
7530,7530,f224fc5a47ae87817a91241109f1fcab1fee1539,dubbo-registry/dubbo-registry-api/src/main/java/org/apache/dubbo/registry/integration/RegistryProtocol.java,2024-07-03T02:12:33Z
7532,7532,c272af38c65649ec5dd4348ccf73fb699fa976a2,dubbo-common/src/main/java/org/apache/dubbo/common/logger/LoggerFactory.java,2023-03-02T22:43:37Z
7533,7533,0eb0e01b39d425b2e0546c6dd46a851fa3026439,dubbo-rpc/dubbo-rpc-api/src/main/java/org/apache/dubbo/rpc/filter/ContextFilter.java,2023-02-10T07:31:32Z
7534,7534,25b73b1a135ae75ed50c68e6b5acd694067fd325,dubbo-common/src/main/java/org/apache/dubbo/config/annotation/DubboService.java,2023-12-27T15:19:51Z
7536,7536,730695a7a26967889405b12fc54099bb006c8231,dubbo-common/src/main/java/org/apache/dubbo/common/bytecode/Proxy.java,2023-11-07T07:40:13Z
7537,7537,34168e6d0e1bff11f433a7bca99686481c43dd18,dubbo-remoting/dubbo-remoting-api/src/main/java/org/apache/dubbo/remoting/api/ConnectionHandler.java,2023-01-03T07:03:55Z
7539,7539,189d76be5d94d43d8054cc58d48507380aea99a3,dubbo-registry/dubbo-registry-zookeeper/src/main/java/org/apache/dubbo/registry/zookeeper/ZookeeperRegistry.java,2024-05-21T03:36:53Z
7540,7540,c24eca7e1edefed758a0123c0141da21ed708a42,.gitignore,2024-05-08T03:06:02Z
7543,7543,00812ce41c44be6e5cd5e2b8e5bf602f806bbbca,dubbo-rpc/dubbo-rpc-api/src/main/java/org/apache/dubbo/rpc/filter/tps/DefaultTPSLimiter.java,2024-03-29T03:40:06Z
7544,7544,ac8ee831c9566569b8a58298983ee7e7ff30e4d8,dubbo-dependencies-bom/pom.xml,2024-07-02T06:27:45Z
7545,7545,f224fc5a47ae87817a91241109f1fcab1fee1539,dubbo-registry/dubbo-registry-api/src/main/java/org/apache/dubbo/registry/integration/RegistryProtocol.java,2024-07-03T02:12:33Z
7546,7546,f224fc5a47ae87817a91241109f1fcab1fee1539,dubbo-registry/dubbo-registry-api/src/main/java/org/apache/dubbo/registry/integration/RegistryProtocol.java,2024-07-03T02:12:33Z
7547,7547,0a9b19c306c8ef34c1949e1634d03b4d0aa45904,dubbo-remoting/dubbo-remoting-netty4/src/main/java/org/apache/dubbo/remoting/transport/netty4/NettyClient.java,2023-03-08T12:11:07Z
7548,7548,ac8ee831c9566569b8a58298983ee7e7ff30e4d8,dubbo-dependencies-bom/pom.xml,2024-07-02T06:27:45Z
7549,7549,8bdecea7ef808d19f0449dd43ec85ba8dbaeeb26,dubbo-rpc/dubbo-rpc-rmi/src/test/java/org/apache/dubbo/rpc/protocol/rmi/RmiProtocolTest.java,2020-08-17T05:38:04Z
7550,7550,45120670ba52dfe9730175304db196f5f67fb6d4,dubbo-filter/dubbo-filter-cache/src/test/java/org/apache/dubbo/cache/support/expiring/ExpiringCacheFactoryTest.java,2022-11-22T02:49:50Z
7551,7551,0a9b19c306c8ef34c1949e1634d03b4d0aa45904,codestyle/checkstyle-suppressions.xml,2023-03-08T12:11:07Z
7553,7553,7e51047cb084a9f9b09d934cf058074c534503f4,dubbo-common/src/test/java/org/apache/dubbo/common/utils/NetUtilsTest.java,2023-02-27T12:09:15Z
7555,7555,4be8594bdefa3b941d062cbcee0794a3718c58b1,dubbo-rpc/dubbo-rpc-injvm/src/main/java/org/apache/dubbo/rpc/protocol/injvm/InjvmInvoker.java,2024-06-20T01:41:36Z
7556,7556,4be8594bdefa3b941d062cbcee0794a3718c58b1,dubbo-rpc/dubbo-rpc-injvm/src/main/java/org/apache/dubbo/rpc/protocol/injvm/InjvmInvoker.java,2024-06-20T01:41:36Z
7557,7557,db41d2a5f4cebe1ebc88edd6c2e42ecd446a784d,dubbo-common/src/main/java/org/apache/dubbo/event/DirectEventDispatcher.java,2021-06-08T16:23:17Z
7557,7557,db41d2a5f4cebe1ebc88edd6c2e42ecd446a784d,dubbo-common/src/main/java/org/apache/dubbo/event/EventDispatcher.java,2021-06-08T16:23:17Z
7557,7557,db41d2a5f4cebe1ebc88edd6c2e42ecd446a784d,dubbo-common/src/main/java/org/apache/dubbo/event/ParallelEventDispatcher.java,2021-06-08T16:23:17Z
7559,7559,189d76be5d94d43d8054cc58d48507380aea99a3,dubbo-registry/dubbo-registry-zookeeper/src/main/java/org/apache/dubbo/registry/zookeeper/ZookeeperRegistry.java,2024-05-21T03:36:53Z
7561,7561,00812ce41c44be6e5cd5e2b8e5bf602f806bbbca,dubbo-rpc/dubbo-rpc-api/src/main/java/org/apache/dubbo/rpc/filter/tps/DefaultTPSLimiter.java,2024-03-29T03:40:06Z
7563,7563,0d91d419a8b25a9917a03dc68a3eb5069ac856ea,dubbo-config/dubbo-config-spring/src/main/java/org/apache/dubbo/config/spring/beans/factory/annotation/ReferenceAnnotationBeanPostProcessor.java,2023-10-19T07:25:40Z
7565,7565,8bdecea7ef808d19f0449dd43ec85ba8dbaeeb26,dubbo-registry/dubbo-registry-default/src/test/java/org/apache/dubbo/registry/dubbo/RegistryProtocolTest.java,2020-08-17T05:38:04Z
7567,7567,1643bf381690ca352749c0de1070a305ef4939e9,dubbo-registry/dubbo-registry-multicast/src/test/java/org/apache/dubbo/registry/multicast/MulticastRegistryTest.java,2022-09-03T06:14:47Z
7569,7569,730695a7a26967889405b12fc54099bb006c8231,dubbo-cluster/src/main/java/org/apache/dubbo/rpc/cluster/support/ClusterUtils.java,2023-11-07T07:40:13Z
7572,7572,00812ce41c44be6e5cd5e2b8e5bf602f806bbbca,dubbo-compatible/src/main/java/com/alibaba/dubbo/rpc/RpcInvocation.java,2024-03-29T03:40:06Z
7573,7573,f1af604e7e9791921f918fdb84750588cf0e3a15,dubbo-registry/dubbo-registry-nacos/pom.xml,2022-07-15T02:18:41Z
7576,7576,8bdecea7ef808d19f0449dd43ec85ba8dbaeeb26,dubbo-registry/dubbo-registry-default/src/test/java/org/apache/dubbo/registry/dubbo/RegistryProtocolTest.java,2020-08-17T05:38:04Z
7579,7579,f2c5eb9372bb70b6bc191906fd1c292b8a44cd25,dubbo-metadata/dubbo-metadata-api/src/main/java/org/apache/dubbo/metadata/definition/TypeDefinitionBuilder.java,2021-09-20T15:01:11Z
7581,7581,da53578c57432df08c595e20c97129c24dc7533c,dubbo-metadata/dubbo-metadata-report-redis/src/test/java/org/apache/dubbo/metadata/store/redis/RedisMetadataReportTest.java,2024-05-29T07:01:08Z
7582,7582,00812ce41c44be6e5cd5e2b8e5bf602f806bbbca,dubbo-compatible/src/main/java/com/alibaba/dubbo/rpc/RpcInvocation.java,2024-03-29T03:40:06Z
7583,7583,dfd135eb95d92ffc3519426b812e274f43b49e9d,dubbo-metadata/dubbo-metadata-api/src/main/java/org/apache/dubbo/metadata/report/support/AbstractMetadataReportFactory.java,2024-05-08T06:09:08Z
7586,7586,238fe3125c427eda496b857623ba17e67f722ecd,dubbo-metadata/dubbo-metadata-api/src/main/java/org/apache/dubbo/metadata/report/MetadataReportInstance.java,2024-07-04T08:20:30Z
7588,7588,2c82cf7dfccd435be7f8de7346a937a27f2d0a9a,dubbo-metadata/dubbo-metadata-api/src/main/java/org/apache/dubbo/metadata/report/support/AbstractMetadataReport.java,2023-06-24T09:02:15Z
7591,7591,2c82cf7dfccd435be7f8de7346a937a27f2d0a9a,dubbo-metadata/dubbo-metadata-api/src/main/java/org/apache/dubbo/metadata/report/support/AbstractMetadataReport.java,2023-06-24T09:02:15Z
7592,7592,da53578c57432df08c595e20c97129c24dc7533c,dubbo-metadata/dubbo-metadata-report-redis/src/test/java/org/apache/dubbo/metadata/store/redis/RedisMetadataReportTest.java,2024-05-29T07:01:08Z
7594,7594,dfd135eb95d92ffc3519426b812e274f43b49e9d,dubbo-config/dubbo-config-api/src/main/java/org/apache/dubbo/config/utils/ConfigValidationUtils.java,2024-05-08T06:09:08Z
7596,7596,dfd135eb95d92ffc3519426b812e274f43b49e9d,dubbo-metadata/dubbo-metadata-api/src/main/java/org/apache/dubbo/metadata/report/support/AbstractMetadataReportFactory.java,2024-05-08T06:09:08Z
7599,7599,17b75a78955effbf82f4cd958c37545209c152e1,dubbo-cluster/src/main/java/org/apache/dubbo/rpc/cluster/directory/AbstractDirectory.java,2024-02-29T03:26:11Z
7600,7600,0d91d419a8b25a9917a03dc68a3eb5069ac856ea,dubbo-common/src/main/java/org/apache/dubbo/common/extension/ExtensionLoader.java,2023-10-19T07:25:40Z
7600,7600,0d91d419a8b25a9917a03dc68a3eb5069ac856ea,dubbo-common/src/test/java/org/apache/dubbo/common/extension/ExtensionLoaderTest.java,2023-10-19T07:25:40Z
7602,7602,0a1ad55bff34c8cffc066c4ab26ac8466691a4f4,dubbo-registry/dubbo-registry-nacos/src/main/java/org/apache/dubbo/registry/nacos/NacosRegistry.java,2024-04-22T11:42:47Z
7603,7603,ac8ee831c9566569b8a58298983ee7e7ff30e4d8,dubbo-dependencies-bom/pom.xml,2024-07-02T06:27:45Z
7604,7604,6c557d1caf25467d203e71ec34644e68062a734d,dubbo-registry/dubbo-registry-api/src/main/java/org/apache/dubbo/registry/client/metadata/MetadataUtils.java,2023-03-10T03:29:51Z
7606,7606,e1a04777039be9ba6d360a0bf566f316ea47d3f3,dubbo-common/src/main/java/org/apache/dubbo/common/utils/MethodUtils.java,2022-06-28T08:48:29Z
7607,7607,dfd135eb95d92ffc3519426b812e274f43b49e9d,dubbo-common/src/main/java/org/apache/dubbo/config/RegistryConfig.java,2024-05-08T06:09:08Z
7610,7610,0d91d419a8b25a9917a03dc68a3eb5069ac856ea,dubbo-common/src/main/java/org/apache/dubbo/config/ReferenceConfigBase.java,2023-10-19T07:25:40Z
7613,7613,523a4189b8a7233c926eab1218daf627a3e870b8,dubbo-common/src/main/java/org/apache/dubbo/common/constants/CommonConstants.java,2024-06-04T14:59:16Z
7617,7617,c91affe875a7fc500500d2e5f874caed945afde7,dubbo-configcenter/dubbo-configcenter-zookeeper/src/main/java/org/apache/dubbo/configcenter/support/zookeeper/ZookeeperDynamicConfiguration.java,2023-03-27T01:48:38Z
7618,7618,412471a98f5503905960893ea9ddac70a7e197a8,dubbo-config/dubbo-config-spring/src/main/java/org/apache/dubbo/config/spring/schema/DubboNamespaceHandler.java,2023-04-11T07:14:48Z
7620,7620,e1a04777039be9ba6d360a0bf566f316ea47d3f3,dubbo-common/src/main/java/org/apache/dubbo/common/utils/FieldUtils.java,2022-06-28T08:48:29Z
7622,7622,12febcfbf505c926070686a4d4318812b1ed1938,dubbo-common/src/main/java/org/apache/dubbo/common/utils/NetUtils.java,2023-03-25T07:42:33Z
7624,7624,3fd0a5a922f42c8914a70d0a89134e9f55782dd9,dubbo-config/dubbo-config-spring/src/main/java/org/apache/dubbo/config/spring/beans/factory/config/DubboConfigDefaultPropertyValueBeanPostProcessor.java,2023-06-01T08:04:00Z
7625,7625,dfd135eb95d92ffc3519426b812e274f43b49e9d,dubbo-common/src/main/java/org/apache/dubbo/common/URL.java,2024-05-08T06:09:08Z
7627,7627,faefee2cb2b64e10ff4f874f6da6e032d84f0ff2,dubbo-rpc/dubbo-rpc-api/src/main/java/org/apache/dubbo/rpc/support/RpcUtils.java,2024-05-08T03:51:00Z
7629,7629,730695a7a26967889405b12fc54099bb006c8231,dubbo-common/src/main/java/org/apache/dubbo/common/config/configcenter/ConfigItem.java,2023-11-07T07:40:13Z
7629,7629,730695a7a26967889405b12fc54099bb006c8231,dubbo-common/src/main/java/org/apache/dubbo/common/config/configcenter/DynamicConfiguration.java,2023-11-07T07:40:13Z
7630,7630,858f8a95a2197337d0dea1c87508384ad525a281,dubbo-registry/dubbo-registry-api/src/main/java/org/apache/dubbo/registry/client/metadata/store/RemoteMetadataServiceImpl.java,2021-11-16T09:53:27Z
7632,7632,1da8c5cfa6f7555a225f1f95a188fc1281368238,dubbo-registry/dubbo-registry-api/src/main/java/org/apache/dubbo/registry/client/EventPublishingServiceDiscovery.java,2021-04-27T07:13:35Z
7633,7633,730695a7a26967889405b12fc54099bb006c8231,dubbo-cluster/src/main/java/org/apache/dubbo/rpc/cluster/router/mesh/route/MeshAppRuleListener.java,2023-11-07T07:40:13Z
7633,7633,730695a7a26967889405b12fc54099bb006c8231,dubbo-cluster/src/main/java/org/apache/dubbo/rpc/cluster/router/mesh/route/MeshRuleManager.java,2023-11-07T07:40:13Z
7633,7633,730695a7a26967889405b12fc54099bb006c8231,dubbo-cluster/src/main/java/org/apache/dubbo/rpc/cluster/router/mesh/route/MeshRuleRouter.java,2023-11-07T07:40:13Z
7634,7634,730695a7a26967889405b12fc54099bb006c8231,dubbo-cluster/src/main/java/org/apache/dubbo/registry/AddressListener.java,2023-11-07T07:40:13Z
7637,7637,523a4189b8a7233c926eab1218daf627a3e870b8,dubbo-common/src/main/java/org/apache/dubbo/common/constants/CommonConstants.java,2024-06-04T14:59:16Z
7638,7638,3160602072c198728cca48e449984a4e596e7c37,dubbo-config/dubbo-config-api/src/main/java/org/apache/dubbo/config/bootstrap/DubboBootstrap.java,2023-06-19T01:34:06Z
7639,7639,0d91d419a8b25a9917a03dc68a3eb5069ac856ea,dubbo-common/src/main/java/org/apache/dubbo/config/ReferenceConfigBase.java,2023-10-19T07:25:40Z
7640,7640,dfd135eb95d92ffc3519426b812e274f43b49e9d,dubbo-config/dubbo-config-api/src/test/java/org/apache/dubbo/config/bootstrap/DubboBootstrapTest.java,2024-05-08T06:09:08Z
7643,7643,0d91d419a8b25a9917a03dc68a3eb5069ac856ea,dubbo-rpc/dubbo-rpc-api/src/main/java/org/apache/dubbo/rpc/filter/GenericFilter.java,2023-10-19T07:25:40Z
7644,7644,0d91d419a8b25a9917a03dc68a3eb5069ac856ea,dubbo-config/dubbo-config-spring/src/main/java/org/apache/dubbo/config/spring/beans/factory/annotation/ReferenceAnnotationBeanPostProcessor.java,2023-10-19T07:25:40Z
7645,7645,730695a7a26967889405b12fc54099bb006c8231,dubbo-cluster/pom.xml,2023-11-07T07:40:13Z
7647,7647,e07e5e294b0bc96ada4ed868cfae1307b3872462,dubbo-rpc/dubbo-rpc-api/src/main/java/org/apache/dubbo/rpc/support/AccessLogData.java,2023-06-13T12:25:25Z
7648,7648,ed6afe1ac34c0ddf5b3805254700488b7a7efb4d,dubbo-demo/dubbo-demo-xml/dubbo-demo-xml-provider/pom.xml,2023-05-07T23:42:49Z
7650,7650,fed4755cd6693e51d8f99555b1d339019e591917,dubbo-registry/dubbo-registry-api/src/main/java/org/apache/dubbo/registry/support/CacheableFailbackRegistry.java,2024-01-02T02:22:13Z
7652,7652,00812ce41c44be6e5cd5e2b8e5bf602f806bbbca,dubbo-common/src/main/java/org/apache/dubbo/config/AbstractInterfaceConfig.java,2024-03-29T03:40:06Z
7654,7654,730695a7a26967889405b12fc54099bb006c8231,dubbo-cluster/src/main/java/org/apache/dubbo/rpc/cluster/support/ClusterUtils.java,2023-11-07T07:40:13Z
7655,7655,06e9410f6873f28db11bc0bec7823f9f3228df53,dubbo-registry/dubbo-registry-api/src/main/java/org/apache/dubbo/registry/client/ServiceDiscoveryRegistry.java,2023-11-01T11:16:19Z
7656,7656,00812ce41c44be6e5cd5e2b8e5bf602f806bbbca,dubbo-config/dubbo-config-api/src/main/java/org/apache/dubbo/config/ServiceConfig.java,2024-03-29T03:40:06Z
7657,7657,00812ce41c44be6e5cd5e2b8e5bf602f806bbbca,dubbo-config/dubbo-config-api/src/main/java/org/apache/dubbo/config/ServiceConfig.java,2024-03-29T03:40:06Z
7659,7659,8bdecea7ef808d19f0449dd43ec85ba8dbaeeb26,dubbo-registry/dubbo-registry-etcd3/src/main/java/org/apache/dubbo/registry/etcd/EtcdServiceDiscovery.java,2020-08-17T05:38:04Z
7660,7660,cecefc39e1a7ccfdaaadb3c67f4e8add240da9e6,dubbo-metadata/dubbo-metadata-api/src/main/java/org/apache/dubbo/metadata/definition/ServiceDefinitionBuilder.java,2021-07-19T04:54:09Z
7660,7660,cecefc39e1a7ccfdaaadb3c67f4e8add240da9e6,dubbo-metadata/dubbo-metadata-api/src/main/java/org/apache/dubbo/metadata/definition/model/MethodDefinition.java,2021-07-19T04:54:09Z
7660,7660,cecefc39e1a7ccfdaaadb3c67f4e8add240da9e6,dubbo-metadata/dubbo-metadata-api/src/main/java/org/apache/dubbo/metadata/definition/model/ServiceDefinition.java,2021-07-19T04:54:09Z
7662,7662,38e47c2e547cebdbd37c675fe1f305cded966162,dubbo-rpc/dubbo-rpc-api/src/test/java/org/apache/dubbo/rpc/TimeoutCountDownTest.java,2022-11-22T02:46:52Z
7664,7664,1efe576197f2bfe9ded1f9d80fdde0663e31c5dc,dubbo-config/dubbo-config-api/src/test/java/org/apache/dubbo/config/bootstrap/builders/AbstractInterfaceBuilderTest.java,2022-11-22T06:23:29Z
7669,7669,189d76be5d94d43d8054cc58d48507380aea99a3,dubbo-registry/dubbo-registry-zookeeper/src/main/java/org/apache/dubbo/registry/zookeeper/ZookeeperRegistry.java,2024-05-21T03:36:53Z
7671,7671,e34797ce3bbae90887f5a04f82c3cfe7ebd99194,dubbo-common/src/main/java/org/apache/dubbo/common/BaseServiceMetadata.java,2022-03-28T03:46:27Z
7672,7672,00812ce41c44be6e5cd5e2b8e5bf602f806bbbca,dubbo-config/dubbo-config-api/src/main/java/org/apache/dubbo/config/ServiceConfig.java,2024-03-29T03:40:06Z
7675,7675,00812ce41c44be6e5cd5e2b8e5bf602f806bbbca,dubbo-filter/dubbo-filter-cache/src/main/java/org/apache/dubbo/cache/support/AbstractCacheFactory.java,2024-03-29T03:40:06Z
7676,7676,ac8ee831c9566569b8a58298983ee7e7ff30e4d8,dubbo-dependencies-bom/pom.xml,2024-07-02T06:27:45Z
7677,7677,ec443043e2da83d946943baabf7f122f9efc0dcc,dubbo-config/dubbo-config-api/src/main/java/org/apache/dubbo/config/ReferenceConfig.java,2024-04-01T03:03:29Z
7679,7679,a534350541c94709b6f529c2b3a0f1cd6d44c3dc,dubbo-registry/dubbo-registry-zookeeper/src/main/java/org/apache/dubbo/registry/zookeeper/util/CuratorFrameworkUtils.java,2024-06-05T03:39:27Z
7680,7680,20351b01a8abebd488a86fdaa5b70c02eb1886f9,dubbo-serialization/dubbo-serialization-gson/src/test/java/org/apache/dubbo/common/serialize/gson/GsonJsonObjectOutputTest.java,2019-10-21T04:43:17Z
7681,7681,d3eef04759df8a6df6758a21778b1c9d4c635387,dubbo-spring-boot/dubbo-spring-boot-compatible/autoconfigure/src/main/java/org/apache/dubbo/spring/boot/autoconfigure/DubboAutoConfiguration.java,2024-06-06T14:34:20Z
7683,7683,17b75a78955effbf82f4cd958c37545209c152e1,dubbo-cluster/src/main/java/org/apache/dubbo/rpc/cluster/directory/AbstractDirectory.java,2024-02-29T03:26:11Z
7684,7684,aa54350c6f5abd0803ace8c14b9a731b69100d03,dubbo-registry/dubbo-registry-api/src/main/java/org/apache/dubbo/registry/integration/RegistryDirectory.java,2023-07-31T11:11:49Z
7685,7685,b9825cdbd0fdb20694bf69ba670728b953cfacf2,dubbo-common/src/main/resources/security/serialize.blockedlist,2024-06-17T01:47:10Z
7686,7686,1cd57821df6f17b498ab784b0b1f46b958ecf81f,dubbo-config/dubbo-config-api/src/test/java/org/apache/dubbo/config/ReferenceConfigTest.java,2024-01-13T10:12:45Z
7688,7688,0a1ad55bff34c8cffc066c4ab26ac8466691a4f4,dubbo-common/src/main/java/org/apache/dubbo/common/constants/RegistryConstants.java,2024-04-22T11:42:47Z
7689,7689,3375f727e1bdf63f0bf25134842aef1eaaa819d8,dubbo-registry/dubbo-registry-zookeeper/src/main/java/org/apache/dubbo/registry/zookeeper/ZookeeperServiceDiscoveryChangeWatcher.java,2022-12-30T07:53:09Z
7692,7692,aa54350c6f5abd0803ace8c14b9a731b69100d03,dubbo-registry/dubbo-registry-zookeeper/src/main/java/org/apache/dubbo/registry/zookeeper/ZookeeperServiceDiscovery.java,2023-07-31T11:11:49Z
7694,7694,1cd57821df6f17b498ab784b0b1f46b958ecf81f,dubbo-config/dubbo-config-api/src/test/java/org/apache/dubbo/config/ReferenceConfigTest.java,2024-01-13T10:12:45Z
7696,7696,9f9b3d7cb7b6478f704d1527db2a40e22d14ecf5,dubbo-config/dubbo-config-spring/src/test/java/org/apache/dubbo/config/spring/ConfigTest.java,2022-11-22T08:05:58Z
7697,7697,ac8ee831c9566569b8a58298983ee7e7ff30e4d8,dubbo-dependencies-bom/pom.xml,2024-07-02T06:27:45Z
7698,7698,a342f67dc04fea2a5e6cfadba8392a43ca2f2546,dubbo-registry/dubbo-registry-api/src/main/java/org/apache/dubbo/registry/client/ServiceDiscoveryRegistryDirectory.java,2024-03-19T01:38:06Z
7701,7701,deae2e663593ed30a6072254035f3dfbeff80a8c,dubbo-serialization/dubbo-serialization-kryo/src/main/java/org/apache/dubbo/common/serialize/kryo/optimized/KryoObjectInput2.java,2019-09-24T05:19:46Z
7702,7702,6dbac54b398252ce0110ddb55150d3f0422c13be,dubbo-registry/dubbo-registry-api/src/main/java/org/apache/dubbo/registry/integration/DynamicDirectory.java,2024-02-26T09:11:10Z
7704,7704,8bdecea7ef808d19f0449dd43ec85ba8dbaeeb26,dubbo-rpc/dubbo-rpc-http/src/main/java/org/apache/dubbo/rpc/protocol/http/HttpProtocol.java,2020-08-17T05:38:04Z
7705,7705,00812ce41c44be6e5cd5e2b8e5bf602f806bbbca,dubbo-compatible/src/main/java/com/alibaba/dubbo/rpc/RpcInvocation.java,2024-03-29T03:40:06Z
7707,7707,b74cf5be3f427867e69832e74f83d6aaa9276708,dubbo-rpc/dubbo-rpc-api/src/test/java/org/apache/dubbo/rpc/support/RpcUtilsTest.java,2023-11-15T06:05:17Z
7709,7709,f05662a66deb331008dbe02e8a0b3f4174820ad9,dubbo-registry/dubbo-registry-api/src/main/java/org/apache/dubbo/registry/client/DefaultServiceInstance.java,2023-04-11T03:24:55Z
7711,7711,f05662a66deb331008dbe02e8a0b3f4174820ad9,dubbo-registry/dubbo-registry-api/src/main/java/org/apache/dubbo/registry/client/DefaultServiceInstance.java,2023-04-11T03:24:55Z
7712,7712,b8ea46d0389ec3bc4143c5d6df148fb6a72d033a,dubbo-remoting/dubbo-remoting-api/src/main/java/org/apache/dubbo/remoting/transport/AbstractEndpoint.java,2023-01-04T09:36:49Z
7712,7712,b8ea46d0389ec3bc4143c5d6df148fb6a72d033a,dubbo-remoting/dubbo-remoting-api/src/main/java/org/apache/dubbo/remoting/transport/AbstractServer.java,2023-01-04T09:36:49Z
7713,7713,730695a7a26967889405b12fc54099bb006c8231,dubbo-cluster/src/main/java/org/apache/dubbo/rpc/cluster/support/registry/ZoneAwareClusterInvoker.java,2023-11-07T07:40:13Z
7714,7714,dfd135eb95d92ffc3519426b812e274f43b49e9d,dubbo-config/dubbo-config-api/src/main/java/org/apache/dubbo/config/utils/ConfigValidationUtils.java,2024-05-08T06:09:08Z
7716,7716,dfd135eb95d92ffc3519426b812e274f43b49e9d,dubbo-common/src/main/java/org/apache/dubbo/common/URL.java,2024-05-08T06:09:08Z
7717,7717,68e624f7643eeb1aa136a382e4432f3b77002f87,dubbo-registry/dubbo-registry-api/src/main/java/org/apache/dubbo/registry/client/InstanceAddressURL.java,2023-07-14T10:02:41Z
7721,7721,06e9410f6873f28db11bc0bec7823f9f3228df53,dubbo-registry/dubbo-registry-api/src/main/java/org/apache/dubbo/registry/client/ServiceDiscoveryRegistry.java,2023-11-01T11:16:19Z
7723,7723,00812ce41c44be6e5cd5e2b8e5bf602f806bbbca,dubbo-config/dubbo-config-api/src/main/java/org/apache/dubbo/config/ServiceConfig.java,2024-03-29T03:40:06Z
7725,7725,00812ce41c44be6e5cd5e2b8e5bf602f806bbbca,dubbo-metadata/dubbo-metadata-report-nacos/src/main/java/org/apache/dubbo/metadata/store/nacos/NacosMetadataReport.java,2024-03-29T03:40:06Z
7727,7727,f224fc5a47ae87817a91241109f1fcab1fee1539,dubbo-registry/dubbo-registry-api/src/main/java/org/apache/dubbo/registry/integration/RegistryProtocol.java,2024-07-03T02:12:33Z
7730,7730,68e624f7643eeb1aa136a382e4432f3b77002f87,dubbo-registry/dubbo-registry-api/src/main/java/org/apache/dubbo/registry/client/InstanceAddressURL.java,2023-07-14T10:02:41Z
7733,7733,3c55c802ac4553467d8fa109ac4601f4935d2766,dubbo-common/src/main/java/com/alibaba/dubbo/common/URL.java,2018-05-17T08:21:30Z
7734,7734,00812ce41c44be6e5cd5e2b8e5bf602f806bbbca,dubbo-metadata/dubbo-metadata-report-nacos/src/main/java/org/apache/dubbo/metadata/store/nacos/NacosMetadataReport.java,2024-03-29T03:40:06Z
7735,7735,523a4189b8a7233c926eab1218daf627a3e870b8,dubbo-common/src/main/java/org/apache/dubbo/common/constants/CommonConstants.java,2024-06-04T14:59:16Z
7737,7737,046bb88d2f5b2077af243146acd30919adaf0477,dubbo-rpc/dubbo-rpc-dubbo/src/main/java/org/apache/dubbo/rpc/protocol/dubbo/ReferenceCountExchangeClient.java,2022-11-15T06:22:01Z
7738,7738,dfd135eb95d92ffc3519426b812e274f43b49e9d,dubbo-metadata/dubbo-metadata-report-nacos/src/main/java/org/apache/dubbo/metadata/store/nacos/NacosMetadataReportFactory.java,2024-05-08T06:09:08Z
7740,7740,ac8ee831c9566569b8a58298983ee7e7ff30e4d8,dubbo-dependencies-bom/pom.xml,2024-07-02T06:27:45Z
7741,7741,b41fe3ca355f06281efdb396a5a527e3f74a687d,dubbo-config/dubbo-config-api/src/test/java/org/apache/dubbo/config/MethodConfigTest.java,2023-10-20T07:41:31Z
7742,7742,c91affe875a7fc500500d2e5f874caed945afde7,dubbo-configcenter/dubbo-configcenter-zookeeper/src/main/java/org/apache/dubbo/configcenter/support/zookeeper/CacheListener.java,2023-03-27T01:48:38Z
7746,7746,b74cf5be3f427867e69832e74f83d6aaa9276708,dubbo-rpc/dubbo-rpc-api/src/test/java/org/apache/dubbo/rpc/support/RpcUtilsTest.java,2023-11-15T06:05:17Z
7747,7747,05cecc55bccc5c4ab985f7bab3b3c63e7380ed01,dubbo-config/dubbo-config-spring/src/main/resources/META-INF/dubbo.xsd,2024-02-02T06:10:23Z
7748,7748,efa6900bb1b59c70f131af868396a8903b098a18,dubbo-cluster/src/main/java/org/apache/dubbo/rpc/cluster/router/condition/ConditionRouter.java,2021-11-03T03:13:04Z
7750,7750,523a4189b8a7233c926eab1218daf627a3e870b8,dubbo-common/src/main/java/org/apache/dubbo/common/constants/CommonConstants.java,2024-06-04T14:59:16Z
7751,7751,02a366c64fd0642cef513c9451a94934122357e2,dubbo-config/dubbo-config-spring/src/main/java/org/apache/dubbo/config/spring/context/DubboLifecycleComponentApplicationListener.java,2021-07-08T14:13:23Z
7752,7752,11d5bd9ffadf11af0d13e6ab478829b4ae3c8572,pom.xml,2024-06-24T09:54:45Z
7753,7753,c05127e360ec6034e9fdbac158871d3e0f32939a,dubbo-registry/dubbo-registry-api/src/main/java/org/apache/dubbo/registry/client/migration/MigrationInvoker.java,2023-06-29T11:34:37Z
7754,7754,1cd57821df6f17b498ab784b0b1f46b958ecf81f,dubbo-config/dubbo-config-api/src/test/java/org/apache/dubbo/config/ReferenceConfigTest.java,2024-01-13T10:12:45Z
7756,7756,730695a7a26967889405b12fc54099bb006c8231,dubbo-cluster/src/test/java/org/apache/dubbo/rpc/cluster/router/MockInvoker.java,2023-11-07T07:40:13Z
7758,7758,f224fc5a47ae87817a91241109f1fcab1fee1539,dubbo-registry/dubbo-registry-api/src/main/java/org/apache/dubbo/registry/integration/RegistryProtocol.java,2024-07-03T02:12:33Z
7759,7759,e21244a43171c0187b0295fd9ba811155ebb1acd,dubbo-common/src/main/java/org/apache/dubbo/common/config/ConfigurationUtils.java,2024-05-21T02:20:51Z
7760,7760,e21244a43171c0187b0295fd9ba811155ebb1acd,dubbo-common/src/main/java/org/apache/dubbo/common/config/ConfigurationUtils.java,2024-05-21T02:20:51Z
7762,7762,860ad02e1ed2cbe5842a611adfc7f1138c4862e0,dubbo-common/src/main/java/org/apache/dubbo/common/URLBuilder.java,2024-03-01T06:20:07Z
7763,7763,68e624f7643eeb1aa136a382e4432f3b77002f87,dubbo-registry/dubbo-registry-api/src/main/java/org/apache/dubbo/registry/client/InstanceAddressURL.java,2023-07-14T10:02:41Z
7764,7764,563a0e472ab50d2d697e2f0415c80b68ad6b17bd,dubbo-config/dubbo-config-spring/src/main/java/org/apache/dubbo/config/spring/util/DubboBeanUtils.java,2023-06-29T02:31:36Z
7767,7767,dfd135eb95d92ffc3519426b812e274f43b49e9d,dubbo-common/src/test/java/org/apache/dubbo/common/URLTest.java,2024-05-08T06:09:08Z
7769,7769,f05662a66deb331008dbe02e8a0b3f4174820ad9,dubbo-metadata/dubbo-metadata-report-zookeeper/src/test/java/org/apache/dubbo/metadata/store/zookeeper/ZookeeperMetadataReportTest.java,2023-04-11T03:24:55Z
7771,7771,a278feb372eb159944c92f67788c8000b22d4a76,dubbo-serialization/dubbo-serialization-hessian2/src/main/java/org/apache/dubbo/common/serialize/hessian2/Hessian2ObjectInput.java,2023-01-11T07:05:01Z
7771,7771,a278feb372eb159944c92f67788c8000b22d4a76,dubbo-serialization/dubbo-serialization-hessian2/src/main/java/org/apache/dubbo/common/serialize/hessian2/Hessian2ObjectOutput.java,2023-01-11T07:05:01Z
7774,7774,af566233dbb9673c9da18b545133bfaca0bd5bf5,dubbo-common/src/main/java/org/apache/dubbo/config/AbstractConfig.java,2023-09-03T02:36:26Z
7777,7777,00812ce41c44be6e5cd5e2b8e5bf602f806bbbca,dubbo-cluster/src/main/java/org/apache/dubbo/rpc/cluster/support/FailoverClusterInvoker.java,2024-03-29T03:40:06Z
7778,7778,0d91d419a8b25a9917a03dc68a3eb5069ac856ea,dubbo-common/src/main/java/org/apache/dubbo/common/extension/support/ActivateComparator.java,2023-10-19T07:25:40Z
7778,7778,0d91d419a8b25a9917a03dc68a3eb5069ac856ea,dubbo-common/src/test/java/org/apache/dubbo/common/extension/support/ActivateComparatorTest.java,2023-10-19T07:25:40Z
7779,7779,b9825cdbd0fdb20694bf69ba670728b953cfacf2,dubbo-common/src/main/resources/security/serialize.blockedlist,2024-06-17T01:47:10Z
7786,7786,7c136268724d63686f0305b3d480a2904b413119,dubbo-common/src/main/java/org/apache/dubbo/rpc/model/MethodDescriptor.java,2022-03-27T02:50:01Z
7787,7787,0d91d419a8b25a9917a03dc68a3eb5069ac856ea,dubbo-common/src/main/java/org/apache/dubbo/common/extension/ExtensionLoader.java,2023-10-19T07:25:40Z
7787,7787,0d91d419a8b25a9917a03dc68a3eb5069ac856ea,dubbo-common/src/test/java/org/apache/dubbo/common/extension/ExtensionLoaderTest.java,2023-10-19T07:25:40Z
7788,7788,dfd135eb95d92ffc3519426b812e274f43b49e9d,dubbo-common/src/main/java/org/apache/dubbo/config/RegistryConfig.java,2024-05-08T06:09:08Z
7790,7790,0d91d419a8b25a9917a03dc68a3eb5069ac856ea,dubbo-config/dubbo-config-spring/src/main/java/org/apache/dubbo/config/spring/beans/factory/annotation/ReferenceAnnotationBeanPostProcessor.java,2023-10-19T07:25:40Z
7791,7791,ac8ee831c9566569b8a58298983ee7e7ff30e4d8,dubbo-dependencies-bom/pom.xml,2024-07-02T06:27:45Z
7793,7793,00812ce41c44be6e5cd5e2b8e5bf602f806bbbca,dubbo-config/dubbo-config-api/src/main/java/org/apache/dubbo/config/ServiceConfig.java,2024-03-29T03:40:06Z
7795,7795,502b4c86dffbc0de3863a5e41ed7b9f633450c1c,dubbo-rpc/dubbo-rpc-grpc/src/main/java/org/apache/dubbo/rpc/protocol/grpc/ReferenceCountManagedChannel.java,2023-02-13T13:16:52Z
7796,7796,78ca5e523cd6969a0b7085e51d3996fd8448a55c,dubbo-registry/dubbo-registry-api/src/main/java/org/apache/dubbo/registry/client/event/listener/ServiceInstancesChangedListener.java,2023-07-13T12:54:38Z
7798,7798,dfd135eb95d92ffc3519426b812e274f43b49e9d,dubbo-registry/dubbo-registry-api/src/main/java/org/apache/dubbo/registry/client/AbstractServiceDiscovery.java,2024-05-08T06:09:08Z
7799,7799,00812ce41c44be6e5cd5e2b8e5bf602f806bbbca,dubbo-remoting/dubbo-remoting-api/src/main/java/org/apache/dubbo/remoting/exchange/support/header/HeaderExchangeServer.java,2024-03-29T03:40:06Z
7801,7801,deae2e663593ed30a6072254035f3dfbeff80a8c,dubbo-serialization/dubbo-serialization-kryo/src/main/java/org/apache/dubbo/common/serialize/kryo/optimized/KryoObjectInput2.java,2019-09-24T05:19:46Z
7802,7802,0d91d419a8b25a9917a03dc68a3eb5069ac856ea,dubbo-common/src/main/java/org/apache/dubbo/common/extension/support/ActivateComparator.java,2023-10-19T07:25:40Z
7804,7804,189d76be5d94d43d8054cc58d48507380aea99a3,dubbo-registry/dubbo-registry-zookeeper/src/main/java/org/apache/dubbo/registry/zookeeper/ZookeeperRegistry.java,2024-05-21T03:36:53Z
7805,7805,ac8ee831c9566569b8a58298983ee7e7ff30e4d8,dubbo-dependencies-bom/pom.xml,2024-07-02T06:27:45Z
7806,7806,c91affe875a7fc500500d2e5f874caed945afde7,dubbo-configcenter/dubbo-configcenter-zookeeper/src/main/java/org/apache/dubbo/configcenter/support/zookeeper/ZookeeperDynamicConfiguration.java,2023-03-27T01:48:38Z
7809,7809,0d879666b4fc6163f42fcec2838633bb9f99a482,dubbo-common/src/test/java/org/apache/dubbo/config/context/ConfigManagerTest.java,2023-12-04T13:32:50Z
7811,7811,0d785f1346f48abf34a1a7690b437c3615780beb,dubbo-all/pom.xml,2020-07-22T06:45:08Z
7812,7812,00812ce41c44be6e5cd5e2b8e5bf602f806bbbca,dubbo-config/dubbo-config-api/src/main/java/org/apache/dubbo/config/ServiceConfig.java,2024-03-29T03:40:06Z
7814,7814,0b067c628b6c9f7437aaaf9e71372d06953f4738,dubbo-plugin/dubbo-qos/src/main/java/org/apache/dubbo/qos/legacy/InvokeTelnetHandler.java,2021-07-08T13:51:35Z
7816,7816,b8ea46d0389ec3bc4143c5d6df148fb6a72d033a,dubbo-remoting/dubbo-remoting-api/src/main/java/org/apache/dubbo/remoting/transport/MultiMessageHandler.java,2023-01-04T09:36:49Z
7818,7818,f224fc5a47ae87817a91241109f1fcab1fee1539,dubbo-registry/dubbo-registry-api/src/main/java/org/apache/dubbo/registry/integration/RegistryProtocol.java,2024-07-03T02:12:33Z
7819,7819,f224fc5a47ae87817a91241109f1fcab1fee1539,dubbo-registry/dubbo-registry-api/src/main/java/org/apache/dubbo/registry/integration/RegistryProtocol.java,2024-07-03T02:12:33Z
7820,7820,25c2b3808a03a42c9d2cb2ca3e715b5f9ac043e5,dubbo-registry/dubbo-registry-api/src/main/java/org/apache/dubbo/registry/support/AbstractRegistry.java,2023-06-21T01:23:40Z
7821,7821,70a92457159e1b27bb7ee367118b7e32e20eb05c,dubbo-cluster/src/main/java/org/apache/dubbo/rpc/cluster/interceptor/ConsumerContextClusterInterceptor.java,2021-03-16T16:03:09Z
7824,7824,523a4189b8a7233c926eab1218daf627a3e870b8,dubbo-common/src/main/java/org/apache/dubbo/common/constants/CommonConstants.java,2024-06-04T14:59:16Z
7825,7825,45120670ba52dfe9730175304db196f5f67fb6d4,dubbo-configcenter/dubbo-configcenter-zookeeper/src/test/java/org/apache/dubbo/configcenter/support/zookeeper/ZookeeperDynamicConfigurationTest.java,2022-11-22T02:49:50Z
7826,7826,da53578c57432df08c595e20c97129c24dc7533c,dubbo-metadata/dubbo-metadata-report-redis/src/test/java/org/apache/dubbo/metadata/store/redis/RedisMetadataReportTest.java,2024-05-29T07:01:08Z
7827,7827,da53578c57432df08c595e20c97129c24dc7533c,dubbo-metadata/dubbo-metadata-report-redis/src/test/java/org/apache/dubbo/metadata/store/redis/RedisMetadataReportTest.java,2024-05-29T07:01:08Z
7828,7828,4a5ec3e55490e9be734e16f9220d0488bee2761b,PULL_REQUEST_TEMPLATE.md,2021-06-18T03:43:18Z
7829,7829,7e51047cb084a9f9b09d934cf058074c534503f4,dubbo-monitor/dubbo-monitor-default/src/test/java/org/apache/dubbo/monitor/dubbo/MetricsFilterTest.java,2023-02-27T12:09:15Z
7832,7832,da53578c57432df08c595e20c97129c24dc7533c,dubbo-metadata/dubbo-metadata-report-redis/src/test/java/org/apache/dubbo/metadata/store/redis/RedisMetadataReportTest.java,2024-05-29T07:01:08Z
7833,7833,730695a7a26967889405b12fc54099bb006c8231,dubbo-cluster/src/main/java/org/apache/dubbo/rpc/cluster/RouterChain.java,2023-11-07T07:40:13Z
7835,7835,7d5fa50783c5321447368230ca75138425697459,dubbo-common/src/main/java/org/apache/dubbo/config/Constants.java,2024-06-24T01:26:45Z
7836,7836,d3eef04759df8a6df6758a21778b1c9d4c635387,dubbo-spring-boot/dubbo-spring-boot-compatible/autoconfigure/src/main/java/org/apache/dubbo/spring/boot/autoconfigure/DubboAutoConfiguration.java,2024-06-06T14:34:20Z
7837,7837,860ad02e1ed2cbe5842a611adfc7f1138c4862e0,dubbo-common/src/main/java/org/apache/dubbo/common/URLBuilder.java,2024-03-01T06:20:07Z
7838,7838,502b4c86dffbc0de3863a5e41ed7b9f633450c1c,dubbo-rpc/dubbo-rpc-grpc/src/main/java/org/apache/dubbo/rpc/protocol/grpc/ReferenceCountManagedChannel.java,2023-02-13T13:16:52Z
7839,7839,0b067c628b6c9f7437aaaf9e71372d06953f4738,dubbo-plugin/dubbo-qos/src/main/java/org/apache/dubbo/qos/legacy/InvokeTelnetHandler.java,2021-07-08T13:51:35Z
7840,7840,00812ce41c44be6e5cd5e2b8e5bf602f806bbbca,dubbo-rpc/dubbo-rpc-api/src/main/java/org/apache/dubbo/rpc/support/MockInvoker.java,2024-03-29T03:40:06Z
7841,7841,00812ce41c44be6e5cd5e2b8e5bf602f806bbbca,dubbo-common/src/main/java/org/apache/dubbo/config/AbstractInterfaceConfig.java,2024-03-29T03:40:06Z
7844,7844,886360461952940e5fd3f57323ba4be34be14a58,dubbo-metadata/dubbo-metadata-api/src/main/java/org/apache/dubbo/metadata/ServiceNameMapping.java,2024-05-08T03:59:26Z
7844,7844,886360461952940e5fd3f57323ba4be34be14a58,dubbo-registry/dubbo-registry-api/src/main/java/org/apache/dubbo/registry/client/metadata/MetadataServiceNameMapping.java,2024-05-08T03:59:26Z
7845,7845,537755bf1b092f3aa196119269458c92ec05e89c,dubbo-plugin/dubbo-qos/src/test/java/org/apache/dubbo/qos/legacy/CountTelnetHandlerTest.java,2021-05-28T01:32:02Z
7845,7845,537755bf1b092f3aa196119269458c92ec05e89c,dubbo-plugin/dubbo-qos/src/test/java/org/apache/dubbo/qos/legacy/channel/MockChannel.java,2021-05-28T01:32:02Z
7846,7846,537755bf1b092f3aa196119269458c92ec05e89c,dubbo-plugin/dubbo-qos/src/test/java/org/apache/dubbo/qos/legacy/CountTelnetHandlerTest.java,2021-05-28T01:32:02Z
7846,7846,537755bf1b092f3aa196119269458c92ec05e89c,dubbo-plugin/dubbo-qos/src/test/java/org/apache/dubbo/qos/legacy/channel/MockChannel.java,2021-05-28T01:32:02Z
7849,7849,ac8ee831c9566569b8a58298983ee7e7ff30e4d8,dubbo-dependencies-bom/pom.xml,2024-07-02T06:27:45Z
7850,7850,730695a7a26967889405b12fc54099bb006c8231,dubbo-cluster/src/main/java/org/apache/dubbo/rpc/cluster/RouterChain.java,2023-11-07T07:40:13Z
7852,7852,f224fc5a47ae87817a91241109f1fcab1fee1539,dubbo-registry/dubbo-registry-api/src/main/java/org/apache/dubbo/registry/integration/RegistryProtocol.java,2024-07-03T02:12:33Z
7853,7853,9df0d154a5ff77de6572dce30cf8fb0f6d08963a,dubbo-distribution/dubbo-all/pom.xml,2023-12-20T13:21:49Z
7855,7855,9a9b28bf098229dc912f2962178fef748577ff14,dubbo-rpc/dubbo-rpc-injvm/src/test/java/org/apache/dubbo/rpc/protocol/injvm/InjvmProtocolTest.java,2023-06-19T13:28:45Z
7856,7856,45120670ba52dfe9730175304db196f5f67fb6d4,dubbo-configcenter/dubbo-configcenter-zookeeper/src/test/java/org/apache/dubbo/configcenter/support/zookeeper/ZookeeperDynamicConfigurationTest.java,2022-11-22T02:49:50Z
7858,7858,f224fc5a47ae87817a91241109f1fcab1fee1539,dubbo-registry/dubbo-registry-api/src/main/java/org/apache/dubbo/registry/integration/RegistryProtocol.java,2024-07-03T02:12:33Z
7860,7860,05cecc55bccc5c4ab985f7bab3b3c63e7380ed01,dubbo-config/dubbo-config-spring/src/main/resources/META-INF/dubbo.xsd,2024-02-02T06:10:23Z
7861,7861,45120670ba52dfe9730175304db196f5f67fb6d4,dubbo-plugin/dubbo-qos/src/test/java/org/apache/dubbo/qos/legacy/TraceTelnetHandlerTest.java,2022-11-22T02:49:50Z
7863,7863,c91affe875a7fc500500d2e5f874caed945afde7,dubbo-configcenter/dubbo-configcenter-zookeeper/src/main/java/org/apache/dubbo/configcenter/support/zookeeper/CacheListener.java,2023-03-27T01:48:38Z
7863,7863,c91affe875a7fc500500d2e5f874caed945afde7,dubbo-configcenter/dubbo-configcenter-zookeeper/src/main/java/org/apache/dubbo/configcenter/support/zookeeper/ZookeeperDynamicConfiguration.java,2023-03-27T01:48:38Z
7864,7864,c05127e360ec6034e9fdbac158871d3e0f32939a,dubbo-registry/dubbo-registry-api/src/main/java/org/apache/dubbo/registry/client/migration/MigrationInvoker.java,2023-06-29T11:34:37Z
7866,7866,00812ce41c44be6e5cd5e2b8e5bf602f806bbbca,dubbo-monitor/dubbo-monitor-api/src/main/java/org/apache/dubbo/monitor/support/AbstractMonitorFactory.java,2024-03-29T03:40:06Z
7867,7867,00812ce41c44be6e5cd5e2b8e5bf602f806bbbca,dubbo-monitor/dubbo-monitor-api/src/main/java/org/apache/dubbo/monitor/support/AbstractMonitorFactory.java,2024-03-29T03:40:06Z
7868,7868,238fe3125c427eda496b857623ba17e67f722ecd,dubbo-metadata/dubbo-metadata-api/src/main/java/org/apache/dubbo/metadata/report/MetadataReportInstance.java,2024-07-04T08:20:30Z
7869,7869,3160602072c198728cca48e449984a4e596e7c37,dubbo-config/dubbo-config-api/src/main/java/org/apache/dubbo/config/bootstrap/DubboBootstrap.java,2023-06-19T01:34:06Z
7870,7870,3654e8fb0820d4a70d8f48af35e316913d836476,dubbo-registry/dubbo-registry-api/src/main/java/org/apache/dubbo/registry/client/metadata/ServiceInstanceMetadataCustomizer.java,2022-04-08T04:16:40Z
7871,7871,c05127e360ec6034e9fdbac158871d3e0f32939a,dubbo-registry/dubbo-registry-api/src/main/java/org/apache/dubbo/registry/client/migration/MigrationInvoker.java,2023-06-29T11:34:37Z
7874,7874,7537786b8e7d70cb7700d3297b852f0a101c30a4,dubbo-rpc/dubbo-rpc-api/src/test/resources/META-INF/dubbo/internal/org.apache.dubbo.rpc.InvokerListener,2021-08-27T02:13:45Z
7875,7875,e34797ce3bbae90887f5a04f82c3cfe7ebd99194,dubbo-common/src/main/java/org/apache/dubbo/common/BaseServiceMetadata.java,2022-03-28T03:46:27Z
7877,7877,38e47c2e547cebdbd37c675fe1f305cded966162,dubbo-rpc/dubbo-rpc-dubbo/src/test/java/org/apache/dubbo/rpc/protocol/dubbo/filter/TraceFilterTest.java,2022-11-22T02:46:52Z
7880,7880,e95e19efbf434bf6aac426c4013243579f82770d,dubbo-rpc/dubbo-rpc-api/src/main/java/org/apache/dubbo/rpc/TimeoutCountDown.java,2021-10-25T04:54:28Z
7883,7883,730695a7a26967889405b12fc54099bb006c8231,dubbo-cluster/src/test/java/org/apache/dubbo/rpc/cluster/support/AvailableClusterInvokerTest.java,2023-11-07T07:40:13Z
7884,7884,523a4189b8a7233c926eab1218daf627a3e870b8,dubbo-common/src/main/java/org/apache/dubbo/common/constants/CommonConstants.java,2024-06-04T14:59:16Z
7885,7885,00812ce41c44be6e5cd5e2b8e5bf602f806bbbca,dubbo-rpc/dubbo-rpc-dubbo/src/main/java/org/apache/dubbo/rpc/protocol/dubbo/DubboProtocol.java,2024-03-29T03:40:06Z
7887,7887,3160602072c198728cca48e449984a4e596e7c37,dubbo-config/dubbo-config-api/src/main/java/org/apache/dubbo/config/bootstrap/DubboBootstrap.java,2023-06-19T01:34:06Z
7889,7889,12febcfbf505c926070686a4d4318812b1ed1938,dubbo-common/src/main/java/org/apache/dubbo/common/utils/NetUtils.java,2023-03-25T07:42:33Z
7891,7891,238fe3125c427eda496b857623ba17e67f722ecd,dubbo-metadata/dubbo-metadata-api/src/main/java/org/apache/dubbo/metadata/report/MetadataReportInstance.java,2024-07-04T08:20:30Z
7893,7893,c91affe875a7fc500500d2e5f874caed945afde7,dubbo-configcenter/dubbo-configcenter-apollo/src/test/java/org/apache/dubbo/configcenter/support/apollo/ApolloDynamicConfigurationTest.java,2023-03-27T01:48:38Z
7894,7894,80b145db3e09c947f0b731776ec66694bafc4846,dubbo-config/dubbo-config-api/pom.xml,2024-05-14T03:48:31Z
7898,7898,38e47c2e547cebdbd37c675fe1f305cded966162,dubbo-rpc/dubbo-rpc-dubbo/src/test/java/org/apache/dubbo/rpc/protocol/dubbo/filter/TraceFilterTest.java,2022-11-22T02:46:52Z
7899,7899,0df34a1a20811d4a03032d03dac146c59bd52b34,dubbo-rpc/dubbo-rpc-dubbo/src/test/java/org/apache/dubbo/rpc/protocol/dubbo/status/ThreadPoolStatusCheckerTest.java,2022-12-22T02:02:22Z
7901,7901,06605365c51fd4e8bbec50a9aa1061408063e50c,dubbo-plugin/dubbo-qos/src/main/java/org/apache/dubbo/qos/command/impl/Ready.java,2023-03-17T05:33:49Z
7902,7902,aa54350c6f5abd0803ace8c14b9a731b69100d03,dubbo-registry/dubbo-registry-api/src/main/java/org/apache/dubbo/registry/integration/RegistryDirectory.java,2023-07-31T11:11:49Z
7903,7903,06605365c51fd4e8bbec50a9aa1061408063e50c,dubbo-plugin/dubbo-qos/src/main/java/org/apache/dubbo/qos/command/DefaultCommandExecutor.java,2023-03-17T05:33:49Z
7903,7903,06605365c51fd4e8bbec50a9aa1061408063e50c,dubbo-plugin/dubbo-qos/src/main/java/org/apache/dubbo/qos/command/impl/PublishMetadata.java,2023-03-17T05:33:49Z
7905,7905,bc85a3f29a01e44fb415b0647ac755c319f3fcac,dubbo-remoting/dubbo-remoting-netty/src/test/java/org/apache/dubbo/remoting/transport/netty/ThreadNameTest.java,2023-04-11T08:10:06Z
7906,7906,06605365c51fd4e8bbec50a9aa1061408063e50c,dubbo-plugin/dubbo-qos/src/test/java/org/apache/dubbo/qos/command/impl/PublishMetadataTest.java,2023-03-17T05:33:49Z
7908,7908,cecefc39e1a7ccfdaaadb3c67f4e8add240da9e6,dubbo-metadata/dubbo-metadata-api/src/main/java/org/apache/dubbo/metadata/definition/ServiceDefinitionBuilder.java,2021-07-19T04:54:09Z
7908,7908,cecefc39e1a7ccfdaaadb3c67f4e8add240da9e6,dubbo-metadata/dubbo-metadata-api/src/main/java/org/apache/dubbo/metadata/definition/model/MethodDefinition.java,2021-07-19T04:54:09Z
7908,7908,cecefc39e1a7ccfdaaadb3c67f4e8add240da9e6,dubbo-metadata/dubbo-metadata-api/src/main/java/org/apache/dubbo/metadata/definition/model/ServiceDefinition.java,2021-07-19T04:54:09Z
7909,7909,45120670ba52dfe9730175304db196f5f67fb6d4,dubbo-plugin/dubbo-qos/src/test/java/org/apache/dubbo/qos/legacy/TraceTelnetHandlerTest.java,2022-11-22T02:49:50Z
7910,7910,e436f1eee9871d0a22b7768fced722ccebc0707e,dubbo-plugin/dubbo-qos/src/main/java/org/apache/dubbo/qos/server/Server.java,2023-09-01T07:07:39Z
7911,7911,adea101f93555101a5a0eaec6951c055bfe1ede8,dubbo-remoting/dubbo-remoting-api/src/main/java/org/apache/dubbo/remoting/telnet/support/command/ClearTelnetHandler.java,2022-02-08T02:17:00Z
7912,7912,3c103d40cdfe490f54aa83a4c30a58bfab9d79b3,dubbo-rpc/dubbo-rpc-api/pom.xml,2022-12-20T15:38:08Z
7914,7914,1577a31046a6271591bccce2f419331f8596ca56,dubbo-distribution/dubbo-bom/pom.xml,2023-12-12T02:24:43Z
7915,7915,54b0d7e3f4bc8f348c6260f649c6e3174d5b8a03,dubbo-bom/pom.xml,2020-02-28T08:53:26Z
7917,7917,7e51047cb084a9f9b09d934cf058074c534503f4,dubbo-rpc/dubbo-rpc-dubbo/src/test/java/org/apache/dubbo/rpc/protocol/dubbo/DubboProtocolTest.java,2023-02-27T12:09:15Z
7918,7918,06605365c51fd4e8bbec50a9aa1061408063e50c,dubbo-plugin/dubbo-qos/src/main/java/org/apache/dubbo/qos/server/handler/HttpProcessHandler.java,2023-03-17T05:33:49Z
7919,7919,00812ce41c44be6e5cd5e2b8e5bf602f806bbbca,dubbo-remoting/dubbo-remoting-api/src/main/java/org/apache/dubbo/remoting/telnet/support/command/HelpTelnetHandler.java,2024-03-29T03:40:06Z
7922,7922,1fbeed8e552d221822b06740cf31312aa7aa29c5,dubbo-registry/dubbo-registry-zookeeper/src/test/java/org/apache/dubbo/registry/zookeeper/ZookeeperServiceDiscoveryTest.java,2022-11-22T02:47:54Z
7924,7924,d4032660d5be0d133dc624c45af8c5a02caaef0b,dubbo-rpc/dubbo-rpc-dubbo/src/test/java/org/apache/dubbo/rpc/protocol/dubbo/DubboInvokerAvailableTest.java,2023-04-11T10:58:22Z
7926,7926,0d91d419a8b25a9917a03dc68a3eb5069ac856ea,dubbo-common/src/main/java/org/apache/dubbo/common/extension/ExtensionLoader.java,2023-10-19T07:25:40Z
7927,7927,238fe3125c427eda496b857623ba17e67f722ecd,dubbo-metadata/dubbo-metadata-api/src/main/java/org/apache/dubbo/metadata/report/MetadataReportInstance.java,2024-07-04T08:20:30Z
7928,7928,c272af38c65649ec5dd4348ccf73fb699fa976a2,dubbo-common/src/main/java/org/apache/dubbo/common/utils/CompatibleTypeUtils.java,2023-03-02T22:43:37Z
7929,7929,8bdecea7ef808d19f0449dd43ec85ba8dbaeeb26,dubbo-registry/dubbo-registry-redis/src/main/java/org/apache/dubbo/registry/redis/RedisRegistry.java,2020-08-17T05:38:04Z
7929,7929,8bdecea7ef808d19f0449dd43ec85ba8dbaeeb26,dubbo-registry/dubbo-registry-redis/src/test/java/org/apache/dubbo/registry/redis/RedisRegistryTest.java,2020-08-17T05:38:04Z
7930,7930,45120670ba52dfe9730175304db196f5f67fb6d4,dubbo-configcenter/dubbo-configcenter-zookeeper/src/test/java/org/apache/dubbo/configcenter/support/zookeeper/ZookeeperDynamicConfigurationTest.java,2022-11-22T02:49:50Z
7931,7931,523a4189b8a7233c926eab1218daf627a3e870b8,dubbo-common/src/main/java/org/apache/dubbo/common/constants/CommonConstants.java,2024-06-04T14:59:16Z
7932,7932,523a4189b8a7233c926eab1218daf627a3e870b8,dubbo-common/src/main/java/org/apache/dubbo/common/constants/CommonConstants.java,2024-06-04T14:59:16Z
7933,7933,d061b29b390eba6c6e73d61496cf2e78badeb429,dubbo-common/src/main/java/org/apache/dubbo/rpc/model/ServiceRepository.java,2023-03-16T01:43:57Z
7934,7934,ac8ee831c9566569b8a58298983ee7e7ff30e4d8,dubbo-dependencies-bom/pom.xml,2024-07-02T06:27:45Z
7938,7938,0d91d419a8b25a9917a03dc68a3eb5069ac856ea,dubbo-common/src/main/java/org/apache/dubbo/common/extension/ExtensionLoader.java,2023-10-19T07:25:40Z
7938,7938,0d91d419a8b25a9917a03dc68a3eb5069ac856ea,dubbo-common/src/main/java/org/apache/dubbo/common/extension/support/ActivateComparator.java,2023-10-19T07:25:40Z
7938,7938,0d91d419a8b25a9917a03dc68a3eb5069ac856ea,dubbo-common/src/test/java/org/apache/dubbo/common/extension/ExtensionLoaderTest.java,2023-10-19T07:25:40Z
7938,7938,0d91d419a8b25a9917a03dc68a3eb5069ac856ea,dubbo-common/src/test/java/org/apache/dubbo/common/extension/support/ActivateComparatorTest.java,2023-10-19T07:25:40Z
7939,7939,ec443043e2da83d946943baabf7f122f9efc0dcc,dubbo-config/dubbo-config-api/src/main/java/org/apache/dubbo/config/ReferenceConfig.java,2024-04-01T03:03:29Z
7940,7940,aa54350c6f5abd0803ace8c14b9a731b69100d03,dubbo-registry/dubbo-registry-zookeeper/src/main/java/org/apache/dubbo/registry/zookeeper/ZookeeperServiceDiscovery.java,2023-07-31T11:11:49Z
7946,7946,aa54350c6f5abd0803ace8c14b9a731b69100d03,dubbo-registry/dubbo-registry-api/src/main/java/org/apache/dubbo/registry/integration/RegistryDirectory.java,2023-07-31T11:11:49Z
7948,7948,edaaa1612190c60467cae14bf9550e86bd0ca004,dubbo-rpc/dubbo-rpc-api/src/main/java/org/apache/dubbo/rpc/protocol/AbstractInvoker.java,2023-09-20T01:45:28Z
7950,7950,f03823eec1610ab40fa894e279614703617ab29b,dubbo-remoting/dubbo-remoting-api/src/main/java/org/apache/dubbo/remoting/transport/AbstractClient.java,2024-04-07T02:31:23Z
7951,7951,dfd135eb95d92ffc3519426b812e274f43b49e9d,dubbo-config/dubbo-config-api/src/test/java/org/apache/dubbo/config/bootstrap/DubboBootstrapTest.java,2024-05-08T06:09:08Z
7952,7952,edaaa1612190c60467cae14bf9550e86bd0ca004,dubbo-rpc/dubbo-rpc-api/src/main/java/org/apache/dubbo/rpc/protocol/AbstractInvoker.java,2023-09-20T01:45:28Z
7953,7953,aa54350c6f5abd0803ace8c14b9a731b69100d03,dubbo-remoting/dubbo-remoting-zookeeper/src/main/java/org/apache/dubbo/remoting/zookeeper/curator/CuratorZookeeperClient.java,2023-07-31T11:11:49Z
7956,7956,d35d7eb30c9e536bead96d50d45ff6def219f84f,dubbo-rpc/dubbo-rpc-api/src/main/java/org/apache/dubbo/rpc/filter/AccessLogFilter.java,2024-05-31T07:05:16Z
7958,7958,7d5fa50783c5321447368230ca75138425697459,dubbo-common/src/main/java/org/apache/dubbo/config/Constants.java,2024-06-24T01:26:45Z
7959,7959,dfd135eb95d92ffc3519426b812e274f43b49e9d,dubbo-config/dubbo-config-api/src/main/java/org/apache/dubbo/config/utils/ConfigValidationUtils.java,2024-05-08T06:09:08Z
7959,7959,dfd135eb95d92ffc3519426b812e274f43b49e9d,dubbo-config/dubbo-config-api/src/test/java/org/apache/dubbo/config/bootstrap/DubboBootstrapTest.java,2024-05-08T06:09:08Z
7962,7962,730695a7a26967889405b12fc54099bb006c8231,dubbo-common/src/main/java/org/apache/dubbo/common/bytecode/ClassGenerator.java,2023-11-07T07:40:13Z
7962,7962,730695a7a26967889405b12fc54099bb006c8231,dubbo-common/src/main/java/org/apache/dubbo/common/compiler/Compiler.java,2023-11-07T07:40:13Z
7962,7962,730695a7a26967889405b12fc54099bb006c8231,dubbo-common/src/main/java/org/apache/dubbo/common/compiler/support/JavassistCompiler.java,2023-11-07T07:40:13Z
7962,7962,730695a7a26967889405b12fc54099bb006c8231,dubbo-common/src/main/java/org/apache/dubbo/common/compiler/support/JdkCompiler.java,2023-11-07T07:40:13Z
7964,7964,deb6b57b97c7fb27194cd6c5239d189b0a330eef,dubbo-common/src/main/java/org/apache/dubbo/common/bytecode/CustomizedLoaderClassPath.java,2021-10-27T11:46:49Z
7965,7965,3160602072c198728cca48e449984a4e596e7c37,dubbo-config/dubbo-config-api/src/main/java/org/apache/dubbo/config/bootstrap/DubboBootstrap.java,2023-06-19T01:34:06Z
7967,7967,ed9e26f0176610e49bc0c8deba9788b7ae1147b5,dubbo-common/src/main/java/org/apache/dubbo/common/utils/LFUCache.java,2023-02-28T08:05:25Z
7968,7968,f7a32be429e815e9bc70f0dec31d67461e5c695e,dubbo-common/src/main/java/org/apache/dubbo/common/config/configcenter/TreePathDynamicConfiguration.java,2023-12-22T02:25:53Z
7969,7969,06605365c51fd4e8bbec50a9aa1061408063e50c,dubbo-plugin/dubbo-qos/src/test/java/org/apache/dubbo/qos/command/impl/ReadyTest.java,2023-03-17T05:33:49Z
7970,7970,8a2dffd55e95d394aa05812d5948cae81fd1a3ed,dubbo-configcenter/dubbo-configcenter-nacos/src/main/java/org/apache/dubbo/configcenter/support/nacos/NacosDynamicConfiguration.java,2023-06-12T02:10:19Z
7972,7972,70a92457159e1b27bb7ee367118b7e32e20eb05c,dubbo-cluster/src/main/java/org/apache/dubbo/rpc/cluster/interceptor/ConsumerContextClusterInterceptor.java,2021-03-16T16:03:09Z
7974,7974,552112ed0157a0360f1499e7b04152047b350472,dubbo-cluster/src/main/java/org/apache/dubbo/rpc/cluster/interceptor/ZoneAwareClusterInterceptor.java,2021-03-16T15:18:43Z
7975,7975,1fbeed8e552d221822b06740cf31312aa7aa29c5,dubbo-registry/dubbo-registry-zookeeper/src/test/java/org/apache/dubbo/registry/zookeeper/ZookeeperServiceDiscoveryTest.java,2022-11-22T02:47:54Z
7977,7977,11d5bd9ffadf11af0d13e6ab478829b4ae3c8572,pom.xml,2024-06-24T09:54:45Z
7978,7978,00812ce41c44be6e5cd5e2b8e5bf602f806bbbca,dubbo-common/src/main/java/org/apache/dubbo/common/utils/ConfigUtils.java,2024-03-29T03:40:06Z
7979,7979,11d5bd9ffadf11af0d13e6ab478829b4ae3c8572,pom.xml,2024-06-24T09:54:45Z
7980,7980,8c786cdf01126cc559856968d211fa648788d4d2,dubbo-common/src/main/java/org/apache/dubbo/common/url/component/ServiceAddressURL.java,2023-02-26T07:17:36Z
7981,7981,a758a1e7e0efd5d9465cde6088c04f25fa11aa4a,dubbo-config/dubbo-config-spring/src/test/java/org/apache/dubbo/config/spring/schema/DubboNamespaceHandlerTest.java,2023-06-08T04:47:57Z
7982,7982,b7b17988325003dbc6730314b78b416583aab816,dubbo-plugin/dubbo-qos/src/main/java/org/apache/dubbo/qos/probe/impl/BootstrapReadinessProbe.java,2021-06-07T07:06:29Z
7984,7984,4e37fa0c016f69f265ee6edd543a059fb929d79a,dubbo-common/src/test/java/org/apache/dubbo/common/config/EnvironmentConfigurationTest.java,2022-11-23T23:26:09Z
7986,7986,70a92457159e1b27bb7ee367118b7e32e20eb05c,dubbo-cluster/src/main/java/org/apache/dubbo/rpc/cluster/interceptor/ConsumerContextClusterInterceptor.java,2021-03-16T16:03:09Z
7986,7986,70a92457159e1b27bb7ee367118b7e32e20eb05c,dubbo-cluster/src/main/resources/META-INF/dubbo/internal/org.apache.dubbo.rpc.cluster.interceptor.ClusterInterceptor,2021-03-16T16:03:09Z
7988,7988,0d91d419a8b25a9917a03dc68a3eb5069ac856ea,dubbo-common/src/main/java/org/apache/dubbo/common/extension/support/WrapperComparator.java,2023-10-19T07:25:40Z
7990,7990,94a50e5d4e7f937ac3df4b12cdaa9bb1c45593ca,dubbo-common/src/main/java/org/apache/dubbo/common/threadpool/manager/DefaultExecutorRepository.java,2023-04-11T13:29:30Z
7992,7992,8e20d1ca06597e75903cb97c6a01c470686fcf08,dubbo-remoting/dubbo-remoting-api/src/main/java/com/alibaba/dubbo/remoting/transport/MultiMessageHandler.java,2017-12-20T03:43:18Z
7994,7994,8c61f9b225f889761a78d7b0f6c884b051e09e35,dubbo-common/src/test/java/org/apache/dubbo/common/threadpool/manager/ExecutorRepositoryTest.java,2022-11-29T12:42:33Z
7995,7995,d327fea6746ca18d315f60e718f5e7d392b518e3,dubbo-config/dubbo-config-spring/src/main/resources/META-INF/compat/dubbo.xsd,2022-12-05T07:38:26Z
7996,7996,ac8ee831c9566569b8a58298983ee7e7ff30e4d8,dubbo-dependencies-bom/pom.xml,2024-07-02T06:27:45Z
7997,7997,08205284b8e107b61d4db9959dc760b78b1af1a5,dubbo-cluster/src/main/java/com/alibaba/dubbo/rpc/cluster/support/ClusterUtils.java,2018-06-14T01:06:28Z
7998,7998,7d5fa50783c5321447368230ca75138425697459,dubbo-common/src/main/java/org/apache/dubbo/config/Constants.java,2024-06-24T01:26:45Z
8000,8000,1efe576197f2bfe9ded1f9d80fdde0663e31c5dc,dubbo-common/src/test/java/org/apache/dubbo/common/utils/JVMUtilTest.java,2022-11-22T06:23:29Z
8001,8001,3a3d0ef50ee0939dbf5cd6ddb4b0aeb789b329af,dubbo-config/dubbo-config-spring/src/test/java/org/apache/dubbo/config/spring/beans/factory/annotation/ServiceClassPostProcessorTest.java,2021-04-30T12:25:24Z
8001,8001,3a3d0ef50ee0939dbf5cd6ddb4b0aeb789b329af,dubbo-config/dubbo-config-spring/src/test/java/org/apache/dubbo/config/spring/context/annotation/provider/DefaultHelloService.java,2021-04-30T12:25:24Z
8002,8002,d07c64f809361ec629b738ca223c7e89d08c03f4,dubbo-config/dubbo-config-spring/src/main/java/com/alibaba/dubbo/config/spring/beans/factory/annotation/ServiceAnnotationBeanPostProcessor.java,2018-04-24T02:21:04Z
8004,8004,00812ce41c44be6e5cd5e2b8e5bf602f806bbbca,dubbo-rpc/dubbo-rpc-dubbo/src/main/java/org/apache/dubbo/rpc/protocol/dubbo/DubboProtocol.java,2024-03-29T03:40:06Z
8005,8005,dfd135eb95d92ffc3519426b812e274f43b49e9d,dubbo-common/src/main/java/org/apache/dubbo/common/URL.java,2024-05-08T06:09:08Z
8006,8006,dfd135eb95d92ffc3519426b812e274f43b49e9d,dubbo-common/src/test/java/org/apache/dubbo/common/URLTest.java,2024-05-08T06:09:08Z
8007,8007,af566233dbb9673c9da18b545133bfaca0bd5bf5,dubbo-common/src/main/java/org/apache/dubbo/config/AbstractConfig.java,2023-09-03T02:36:26Z
8008,8008,c05127e360ec6034e9fdbac158871d3e0f32939a,dubbo-registry/dubbo-registry-api/src/main/java/org/apache/dubbo/registry/client/migration/MigrationInvoker.java,2023-06-29T11:34:37Z
8011,8011,ac8ee831c9566569b8a58298983ee7e7ff30e4d8,dubbo-dependencies-bom/pom.xml,2024-07-02T06:27:45Z
8015,8015,3160602072c198728cca48e449984a4e596e7c37,dubbo-config/dubbo-config-api/src/main/java/org/apache/dubbo/config/bootstrap/DubboBootstrap.java,2023-06-19T01:34:06Z
8016,8016,aa54350c6f5abd0803ace8c14b9a731b69100d03,dubbo-registry/dubbo-registry-zookeeper/src/main/java/org/apache/dubbo/registry/zookeeper/ZookeeperServiceDiscovery.java,2023-07-31T11:11:49Z
8017,8017,f224fc5a47ae87817a91241109f1fcab1fee1539,dubbo-registry/dubbo-registry-api/src/main/java/org/apache/dubbo/registry/integration/RegistryProtocol.java,2024-07-03T02:12:33Z
8018,8018,238fe3125c427eda496b857623ba17e67f722ecd,dubbo-metadata/dubbo-metadata-api/src/main/java/org/apache/dubbo/metadata/report/MetadataReportInstance.java,2024-07-04T08:20:30Z
8019,8019,11d5bd9ffadf11af0d13e6ab478829b4ae3c8572,pom.xml,2024-06-24T09:54:45Z
8021,8021,dfd135eb95d92ffc3519426b812e274f43b49e9d,dubbo-config/dubbo-config-api/src/main/java/org/apache/dubbo/config/utils/ConfigValidationUtils.java,2024-05-08T06:09:08Z
8023,8023,0df34a1a20811d4a03032d03dac146c59bd52b34,dubbo-rpc/dubbo-rpc-dubbo/src/test/java/org/apache/dubbo/rpc/protocol/dubbo/status/ThreadPoolStatusCheckerTest.java,2022-12-22T02:02:22Z
8024,8024,70a92457159e1b27bb7ee367118b7e32e20eb05c,dubbo-cluster/src/main/java/org/apache/dubbo/rpc/cluster/interceptor/ConsumerContextClusterInterceptor.java,2021-03-16T16:03:09Z
8024,8024,70a92457159e1b27bb7ee367118b7e32e20eb05c,dubbo-cluster/src/main/resources/META-INF/dubbo/internal/org.apache.dubbo.rpc.cluster.interceptor.ClusterInterceptor,2021-03-16T16:03:09Z
8026,8026,e1a04777039be9ba6d360a0bf566f316ea47d3f3,dubbo-plugin/dubbo-qos/src/main/java/org/apache/dubbo/qos/command/util/ServiceCheckUtils.java,2022-06-28T08:48:29Z
8027,8027,26eac846b99b53e2caf744ef931b9dd9666bf052,.editorconfig,2024-01-07T12:27:41Z
8028,8028,8e2eb332a1d7aece2d344daa26a8b078420b3034,dubbo-monitor/dubbo-monitor-default/src/test/java/org/apache/dubbo/monitor/dubbo/DubboMonitorTest.java,2024-05-10T16:27:46Z
8029,8029,c05127e360ec6034e9fdbac158871d3e0f32939a,dubbo-registry/dubbo-registry-api/src/main/java/org/apache/dubbo/registry/client/migration/MigrationInvoker.java,2023-06-29T11:34:37Z
8031,8031,1efe576197f2bfe9ded1f9d80fdde0663e31c5dc,dubbo-config/dubbo-config-api/src/test/java/org/apache/dubbo/config/bootstrap/builders/MetadataReportBuilderTest.java,2022-11-22T06:23:29Z
8032,8032,00812ce41c44be6e5cd5e2b8e5bf602f806bbbca,dubbo-common/src/main/java/org/apache/dubbo/config/AbstractInterfaceConfig.java,2024-03-29T03:40:06Z
8032,8032,00812ce41c44be6e5cd5e2b8e5bf602f806bbbca,dubbo-config/dubbo-config-api/src/main/java/org/apache/dubbo/config/ServiceConfig.java,2024-03-29T03:40:06Z
8034,8034,ec443043e2da83d946943baabf7f122f9efc0dcc,dubbo-config/dubbo-config-api/src/main/java/org/apache/dubbo/config/ReferenceConfig.java,2024-04-01T03:03:29Z
8035,8035,3e4fda20bba18f0a85340c86ae8ccbb004c7ea84,dubbo-demo/dubbo-demo-annotation/dubbo-demo-annotation-consumer/pom.xml,2024-04-08T08:34:36Z
8035,8035,3e4fda20bba18f0a85340c86ae8ccbb004c7ea84,dubbo-demo/dubbo-demo-api/dubbo-demo-api-consumer/pom.xml,2024-04-08T08:34:36Z
8035,8035,3e4fda20bba18f0a85340c86ae8ccbb004c7ea84,dubbo-demo/dubbo-demo-generic-call/pom.xml,2024-04-08T08:34:36Z
8035,8035,3e4fda20bba18f0a85340c86ae8ccbb004c7ea84,dubbo-demo/dubbo-demo-triple/pom.xml,2024-04-08T08:34:36Z
8036,8036,00812ce41c44be6e5cd5e2b8e5bf602f806bbbca,dubbo-config/dubbo-config-api/src/main/java/org/apache/dubbo/config/ServiceConfig.java,2024-03-29T03:40:06Z
8038,8038,aa54350c6f5abd0803ace8c14b9a731b69100d03,dubbo-registry/dubbo-registry-zookeeper/src/main/java/org/apache/dubbo/registry/zookeeper/ZookeeperServiceDiscovery.java,2023-07-31T11:11:49Z
8039,8039,6a497e50cafc7d7a3efc8220c2c46b88618153ae,dubbo-registry/dubbo-registry-kubernetes/src/main/java/org/apache/dubbo/registry/kubernetes/util/KubernetesConfigUtils.java,2021-06-16T07:55:57Z
8041,8041,00812ce41c44be6e5cd5e2b8e5bf602f806bbbca,dubbo-remoting/dubbo-remoting-api/src/main/java/org/apache/dubbo/remoting/telnet/support/command/StatusTelnetHandler.java,2024-03-29T03:40:06Z
8043,8043,b66509e4a43c6208dd5567242a6843fa80910c5f,dubbo-cluster/src/main/java/org/apache/dubbo/rpc/cluster/router/state/AddrCache.java,2021-11-21T07:55:01Z
8044,8044,730695a7a26967889405b12fc54099bb006c8231,dubbo-cluster/src/main/java/org/apache/dubbo/rpc/cluster/Constants.java,2023-11-07T07:40:13Z
8044,8044,730695a7a26967889405b12fc54099bb006c8231,dubbo-cluster/src/main/java/org/apache/dubbo/rpc/cluster/RouterChain.java,2023-11-07T07:40:13Z
8047,8047,11d5bd9ffadf11af0d13e6ab478829b4ae3c8572,pom.xml,2024-06-24T09:54:45Z
8048,8048,6a497e50cafc7d7a3efc8220c2c46b88618153ae,dubbo-registry/dubbo-registry-kubernetes/src/main/java/org/apache/dubbo/registry/kubernetes/util/KubernetesConfigUtils.java,2021-06-16T07:55:57Z
8049,8049,96680ddb4a74324ecd449393b9a2a0b3526cb3a3,dubbo-config/dubbo-config-spring/src/main/java/org/apache/dubbo/config/spring/context/annotation/DubboClassPathBeanDefinitionScanner.java,2021-06-21T02:21:15Z
8051,8051,06e9410f6873f28db11bc0bec7823f9f3228df53,dubbo-registry/dubbo-registry-api/src/main/java/org/apache/dubbo/registry/client/ServiceDiscoveryRegistry.java,2023-11-01T11:16:19Z
8054,8054,e21244a43171c0187b0295fd9ba811155ebb1acd,dubbo-common/src/main/java/org/apache/dubbo/common/config/ConfigurationUtils.java,2024-05-21T02:20:51Z
8057,8057,96680ddb4a74324ecd449393b9a2a0b3526cb3a3,dubbo-config/dubbo-config-spring/src/main/java/org/apache/dubbo/config/spring/context/annotation/DubboClassPathBeanDefinitionScanner.java,2021-06-21T02:21:15Z
8058,8058,e554427a1a50e40cb5e89ba5014eb8b90fe1fdab,dubbo-rpc/dubbo-rpc-api/src/main/java/org/apache/dubbo/rpc/BaseFilter.java,2021-12-27T02:24:09Z
8059,8059,6a497e50cafc7d7a3efc8220c2c46b88618153ae,dubbo-registry/dubbo-registry-kubernetes/src/main/java/org/apache/dubbo/registry/kubernetes/util/KubernetesConfigUtils.java,2021-06-16T07:55:57Z
8060,8060,6a497e50cafc7d7a3efc8220c2c46b88618153ae,dubbo-registry/dubbo-registry-kubernetes/src/main/java/org/apache/dubbo/registry/kubernetes/util/KubernetesConfigUtils.java,2021-06-16T07:55:57Z
8062,8062,523a4189b8a7233c926eab1218daf627a3e870b8,dubbo-common/src/main/java/org/apache/dubbo/common/constants/CommonConstants.java,2024-06-04T14:59:16Z
8064,8064,1add77ed6ec2872bb5cb8bbd69cdaea56f5b1acb,dubbo-rpc/dubbo-rpc-triple/src/main/java/org/apache/dubbo/rpc/protocol/tri/AbstractClientStream.java,2022-03-01T04:33:26Z
8064,8064,1add77ed6ec2872bb5cb8bbd69cdaea56f5b1acb,dubbo-rpc/dubbo-rpc-triple/src/main/java/org/apache/dubbo/rpc/protocol/tri/AbstractServerStream.java,2022-03-01T04:33:26Z
8065,8065,ff39bf36c35316061e7e028abd28dd392405e7f0,dubbo-config/dubbo-config-api/src/main/java/org/apache/dubbo/config/utils/ReferenceConfigCache.java,2021-09-02T09:54:20Z
8066,8066,1da8c5cfa6f7555a225f1f95a188fc1281368238,dubbo-registry/dubbo-registry-api/src/main/java/org/apache/dubbo/registry/client/EventPublishingServiceDiscovery.java,2021-04-27T07:13:35Z
8067,8067,0d91d419a8b25a9917a03dc68a3eb5069ac856ea,dubbo-rpc/dubbo-rpc-api/src/main/java/org/apache/dubbo/rpc/filter/GenericFilter.java,2023-10-19T07:25:40Z
8068,8068,3160602072c198728cca48e449984a4e596e7c37,dubbo-config/dubbo-config-api/src/main/java/org/apache/dubbo/config/bootstrap/DubboBootstrap.java,2023-06-19T01:34:06Z
8069,8069,3160602072c198728cca48e449984a4e596e7c37,dubbo-config/dubbo-config-api/src/main/java/org/apache/dubbo/config/bootstrap/DubboBootstrap.java,2023-06-19T01:34:06Z
8071,8071,3160602072c198728cca48e449984a4e596e7c37,dubbo-registry/dubbo-registry-api/src/main/java/org/apache/dubbo/registry/client/migration/MigrationRuleListener.java,2023-06-19T01:34:06Z
8073,8073,da5c7ed33dd2ca53946b228f105453ccb0d80b93,dubbo-rpc/dubbo-rpc-dubbo/src/main/java/org/apache/dubbo/rpc/protocol/dubbo/DecodeableRpcInvocation.java,2023-09-25T01:40:18Z
8074,8074,ec443043e2da83d946943baabf7f122f9efc0dcc,dubbo-config/dubbo-config-api/src/main/java/org/apache/dubbo/config/ReferenceConfig.java,2024-04-01T03:03:29Z
8076,8076,e1a04777039be9ba6d360a0bf566f316ea47d3f3,.github/workflows/build-and-test-3.yml,2022-06-28T08:48:29Z
8077,8077,1d282052ae18e71482e194dbeafdd78b09fb8215,dubbo-registry/dubbo-registry-nacos/src/main/java/org/apache/dubbo/registry/nacos/NacosServiceDiscovery.java,2023-04-10T12:07:52Z
8079,8079,238fe3125c427eda496b857623ba17e67f722ecd,dubbo-metadata/dubbo-metadata-api/src/main/java/org/apache/dubbo/metadata/report/MetadataReportInstance.java,2024-07-04T08:20:30Z
8080,8080,0d91d419a8b25a9917a03dc68a3eb5069ac856ea,dubbo-config/dubbo-config-spring/src/main/java/org/apache/dubbo/config/spring/beans/factory/annotation/ReferenceAnnotationBeanPostProcessor.java,2023-10-19T07:25:40Z
8082,8082,3160602072c198728cca48e449984a4e596e7c37,dubbo-config/dubbo-config-api/src/main/java/org/apache/dubbo/config/bootstrap/DubboBootstrap.java,2023-06-19T01:34:06Z
8083,8083,ac8ee831c9566569b8a58298983ee7e7ff30e4d8,dubbo-dependencies-bom/pom.xml,2024-07-02T06:27:45Z
8084,8084,e18904832791e878e7e3362a1d7280a7c0481f0f,dubbo-common/src/main/java/org/apache/dubbo/common/utils/ClassHelper.java,2019-04-30T06:57:19Z
8085,8085,dfd135eb95d92ffc3519426b812e274f43b49e9d,dubbo-common/src/main/java/org/apache/dubbo/common/URL.java,2024-05-08T06:09:08Z
8089,8089,886360461952940e5fd3f57323ba4be34be14a58,dubbo-metadata/dubbo-metadata-api/src/main/java/org/apache/dubbo/metadata/ServiceNameMapping.java,2024-05-08T03:59:26Z
8089,8089,886360461952940e5fd3f57323ba4be34be14a58,dubbo-registry/dubbo-registry-api/src/main/java/org/apache/dubbo/registry/client/metadata/MetadataServiceNameMapping.java,2024-05-08T03:59:26Z
8090,8090,6b3f54383f4b6102215e33ea879a389dff0fd1eb,README.md,2024-04-11T08:47:51Z
8091,8091,da5c7ed33dd2ca53946b228f105453ccb0d80b93,dubbo-rpc/dubbo-rpc-dubbo/src/main/java/org/apache/dubbo/rpc/protocol/dubbo/DecodeableRpcInvocation.java,2023-09-25T01:40:18Z
8092,8092,25548c345bdfc1dcf222b68c2057cd472e2b74a0,dubbo-common/src/main/java/org/apache/dubbo/common/utils/PojoUtils.java,2023-05-26T07:32:54Z
8093,8093,04c26e6cb0f07d776769f2e53edd7ef92e078f77,dubbo-common/src/main/java/com/alibaba/dubbo/common/utils/PojoUtils.java,2018-06-06T08:23:47Z
8095,8095,ac8ee831c9566569b8a58298983ee7e7ff30e4d8,dubbo-dependencies-bom/pom.xml,2024-07-02T06:27:45Z
8100,8100,0d91d419a8b25a9917a03dc68a3eb5069ac856ea,dubbo-config/dubbo-config-spring/src/main/java/org/apache/dubbo/config/spring/beans/factory/annotation/ReferenceAnnotationBeanPostProcessor.java,2023-10-19T07:25:40Z
8101,8101,38e4426bd01a3ae9faf525be986ea3848ed48368,dubbo-registry/dubbo-registry-xds/pom.xml,2022-06-09T08:45:26Z
8106,8106,87f869d1dd9a925bf712767d377e50f8ce045946,dubbo-remoting/dubbo-remoting-api/src/test/java/org/apache/dubbo/remoting/api/PortUnificationServerTest.java,2021-10-13T03:03:31Z
8107,8107,0fc93d03456210839d95093ec4f2677e8f35677e,.travis.yml,2023-01-25T00:11:33Z
8109,8109,3160602072c198728cca48e449984a4e596e7c37,dubbo-common/src/main/java/org/apache/dubbo/config/MethodConfig.java,2023-06-19T01:34:06Z
8111,8111,f224fc5a47ae87817a91241109f1fcab1fee1539,dubbo-registry/dubbo-registry-api/src/main/java/org/apache/dubbo/registry/integration/RegistryProtocol.java,2024-07-03T02:12:33Z
8112,8112,00812ce41c44be6e5cd5e2b8e5bf602f806bbbca,dubbo-common/src/main/java/org/apache/dubbo/config/AbstractInterfaceConfig.java,2024-03-29T03:40:06Z
8112,8112,00812ce41c44be6e5cd5e2b8e5bf602f806bbbca,dubbo-config/dubbo-config-api/src/main/java/org/apache/dubbo/config/ServiceConfig.java,2024-03-29T03:40:06Z
8113,8113,48bc7165f7d81535db35ca8f4eee871261dfb034,dubbo-config/dubbo-config-spring/src/test/java/org/apache/dubbo/config/spring/beans/factory/annotation/ReferenceAnnotationBeanPostProcessorTest.java,2023-03-02T23:15:26Z
8113,8113,7277c159cf6cc614e7ef8d7a48067e9a57d88885,dubbo-config/dubbo-config-spring/src/test/java/org/apache/dubbo/config/spring/beans/factory/annotation/ReferenceAnnotationBeanPostProcessorTest.java,2023-03-02T23:15:26Z
8114,8114,48bc7165f7d81535db35ca8f4eee871261dfb034,dubbo-config/dubbo-config-spring/src/test/java/org/apache/dubbo/config/spring/beans/factory/annotation/ReferenceAnnotationBeanPostProcessorTest.java,2023-03-02T23:15:26Z
8114,8114,7277c159cf6cc614e7ef8d7a48067e9a57d88885,dubbo-config/dubbo-config-spring/src/test/java/org/apache/dubbo/config/spring/beans/factory/annotation/ReferenceAnnotationBeanPostProcessorTest.java,2023-03-02T23:15:26Z
8116,8116,730695a7a26967889405b12fc54099bb006c8231,dubbo-cluster/src/main/java/org/apache/dubbo/rpc/cluster/RouterChain.java,2023-11-07T07:40:13Z
8119,8119,12febcfbf505c926070686a4d4318812b1ed1938,dubbo-common/src/main/java/org/apache/dubbo/common/utils/NetUtils.java,2023-03-25T07:42:33Z
8120,8120,854d85953d6421d19fa3e4bfc288d3f3a154010a,dubbo-config/dubbo-config-spring/src/test/java/org/apache/dubbo/config/spring/impl/MethodCallbackImpl.java,2022-12-30T08:27:16Z
8122,8122,dfd135eb95d92ffc3519426b812e274f43b49e9d,dubbo-config/dubbo-config-api/src/main/java/org/apache/dubbo/config/utils/ConfigValidationUtils.java,2024-05-08T06:09:08Z
8123,8123,4de9672008cd3ea8502a86b5f45159b300d58a92,dubbo-config/dubbo-config-spring/src/main/java/org/apache/dubbo/config/spring/context/DubboBootstrapApplicationListener.java,2022-11-28T06:24:34Z
8125,8125,00812ce41c44be6e5cd5e2b8e5bf602f806bbbca,dubbo-config/dubbo-config-api/src/main/java/org/apache/dubbo/config/ServiceConfig.java,2024-03-29T03:40:06Z
8126,8126,143d61d3e28ce16dc3f89c53d7933524fb9ebff8,dubbo-remoting/dubbo-remoting-api/src/test/java/org/apache/dubbo/remoting/api/ConnectionTest.java,2022-11-22T03:05:42Z
8128,8128,06e9410f6873f28db11bc0bec7823f9f3228df53,dubbo-registry/dubbo-registry-api/src/main/java/org/apache/dubbo/registry/client/ServiceDiscoveryRegistry.java,2023-11-01T11:16:19Z
8129,8129,886360461952940e5fd3f57323ba4be34be14a58,dubbo-registry/dubbo-registry-api/src/main/java/org/apache/dubbo/registry/client/metadata/MetadataServiceNameMapping.java,2024-05-08T03:59:26Z
8131,8131,f05662a66deb331008dbe02e8a0b3f4174820ad9,dubbo-metadata/dubbo-metadata-api/src/main/java/org/apache/dubbo/metadata/MetadataInfo.java,2023-04-11T03:24:55Z
8132,8132,78ca5e523cd6969a0b7085e51d3996fd8448a55c,dubbo-registry/dubbo-registry-api/src/main/java/org/apache/dubbo/registry/client/event/listener/ServiceInstancesChangedListener.java,2023-07-13T12:54:38Z
8134,8134,00812ce41c44be6e5cd5e2b8e5bf602f806bbbca,dubbo-config/dubbo-config-api/src/main/java/org/apache/dubbo/config/ServiceConfig.java,2024-03-29T03:40:06Z
8136,8136,d55f062fe77ea0f6a4c913d2418113297ff8403d,dubbo-plugin/dubbo-auth/src/main/java/org/apache/dubbo/auth/Constants.java,2020-03-17T03:15:10Z
8137,8137,3654e8fb0820d4a70d8f48af35e316913d836476,dubbo-registry/dubbo-registry-api/src/main/java/org/apache/dubbo/registry/client/metadata/ServiceInstanceMetadataCustomizer.java,2022-04-08T04:16:40Z
8138,8138,00812ce41c44be6e5cd5e2b8e5bf602f806bbbca,dubbo-config/dubbo-config-api/src/main/java/org/apache/dubbo/config/ServiceConfig.java,2024-03-29T03:40:06Z
8139,8139,730695a7a26967889405b12fc54099bb006c8231,dubbo-cluster/src/main/java/org/apache/dubbo/rpc/cluster/RouterChain.java,2023-11-07T07:40:13Z
8141,8141,faefee2cb2b64e10ff4f874f6da6e032d84f0ff2,dubbo-rpc/dubbo-rpc-api/src/main/java/org/apache/dubbo/rpc/support/RpcUtils.java,2024-05-08T03:51:00Z
8142,8142,9af6fbf1d0d1456c18bd23bc10e447589616e98c,dubbo-common/src/main/java/org/apache/dubbo/config/context/ConfigManager.java,2023-06-07T07:54:40Z
8144,8144,0d879666b4fc6163f42fcec2838633bb9f99a482,dubbo-common/src/test/java/org/apache/dubbo/config/context/ConfigManagerTest.java,2023-12-04T13:32:50Z
8147,8147,6b4e13adf78eaa0db7e40376b28a9872d8ccf93f,dubbo-rpc/dubbo-rpc-triple/src/test/java/org/apache/dubbo/rpc/protocol/tri/TripleProtocolTest.java,2023-11-01T11:37:21Z
8147,8147,6b4e13adf78eaa0db7e40376b28a9872d8ccf93f,dubbo-rpc/dubbo-rpc-triple/src/test/java/org/apache/dubbo/rpc/protocol/tri/support/IGreeter.java,2023-11-01T11:37:21Z
8147,8147,6b4e13adf78eaa0db7e40376b28a9872d8ccf93f,dubbo-rpc/dubbo-rpc-triple/src/test/java/org/apache/dubbo/rpc/protocol/tri/support/IGreeterImpl.java,2023-11-01T11:37:21Z
8148,8148,238fe3125c427eda496b857623ba17e67f722ecd,dubbo-metadata/dubbo-metadata-api/src/main/java/org/apache/dubbo/metadata/report/MetadataReportInstance.java,2024-07-04T08:20:30Z
8149,8149,d53d8e5d85358019028354b9f9d8389dde13b627,dubbo-config/dubbo-config-spring/src/main/java/org/apache/dubbo/config/spring/beans/factory/annotation/ServiceAnnotationPostProcessor.java,2024-02-29T09:10:41Z
8150,8150,00812ce41c44be6e5cd5e2b8e5bf602f806bbbca,dubbo-common/src/main/java/org/apache/dubbo/config/AbstractInterfaceConfig.java,2024-03-29T03:40:06Z
8152,8152,e6df49f243d572330f914f319ae582792a2de4a6,dubbo-cluster/src/main/java/org/apache/dubbo/rpc/cluster/router/mesh/route/MeshRuleAddressListenerInterceptor.java,2021-12-23T02:27:08Z
8154,8154,730695a7a26967889405b12fc54099bb006c8231,dubbo-cluster/src/main/java/org/apache/dubbo/rpc/cluster/router/mesh/route/MeshRuleRouter.java,2023-11-07T07:40:13Z
8155,8155,523a4189b8a7233c926eab1218daf627a3e870b8,dubbo-common/src/main/java/org/apache/dubbo/common/Version.java,2024-06-04T14:59:16Z
8156,8156,3160602072c198728cca48e449984a4e596e7c37,dubbo-config/dubbo-config-api/src/main/java/org/apache/dubbo/config/bootstrap/DubboBootstrap.java,2023-06-19T01:34:06Z
8159,8159,79a1cca4ef1d583d2ae2c8e3f16eeea5881712cc,dubbo-config/dubbo-config-spring/src/main/java/org/apache/dubbo/config/spring/ReferenceBean.java,2024-07-04T07:14:55Z
8160,8160,00812ce41c44be6e5cd5e2b8e5bf602f806bbbca,dubbo-config/dubbo-config-api/src/main/java/org/apache/dubbo/config/ServiceConfig.java,2024-03-29T03:40:06Z
8161,8161,886360461952940e5fd3f57323ba4be34be14a58,dubbo-registry/dubbo-registry-api/src/main/java/org/apache/dubbo/registry/client/metadata/MetadataServiceNameMapping.java,2024-05-08T03:59:26Z
8163,8163,143d61d3e28ce16dc3f89c53d7933524fb9ebff8,dubbo-remoting/dubbo-remoting-api/src/test/java/org/apache/dubbo/remoting/api/MultiplexProtocolConnectionManagerTest.java,2022-11-22T03:05:42Z
8163,8163,143d61d3e28ce16dc3f89c53d7933524fb9ebff8,dubbo-remoting/dubbo-remoting-api/src/test/java/org/apache/dubbo/remoting/api/SingleProtocolConnectionManagerTest.java,2022-11-22T03:05:42Z
8164,8164,143d61d3e28ce16dc3f89c53d7933524fb9ebff8,dubbo-remoting/dubbo-remoting-api/src/test/java/org/apache/dubbo/remoting/api/MultiplexProtocolConnectionManagerTest.java,2022-11-22T03:05:42Z
8164,8164,143d61d3e28ce16dc3f89c53d7933524fb9ebff8,dubbo-remoting/dubbo-remoting-api/src/test/java/org/apache/dubbo/remoting/api/SingleProtocolConnectionManagerTest.java,2022-11-22T03:05:42Z
8167,8167,730695a7a26967889405b12fc54099bb006c8231,dubbo-cluster/src/main/java/org/apache/dubbo/rpc/cluster/router/mesh/route/MeshRuleRouter.java,2023-11-07T07:40:13Z
8168,8168,79a1cca4ef1d583d2ae2c8e3f16eeea5881712cc,dubbo-config/dubbo-config-spring/src/main/java/org/apache/dubbo/config/spring/ReferenceBean.java,2024-07-04T07:14:55Z
8169,8169,dfd135eb95d92ffc3519426b812e274f43b49e9d,dubbo-common/src/main/java/org/apache/dubbo/common/URL.java,2024-05-08T06:09:08Z
8170,8170,fed4755cd6693e51d8f99555b1d339019e591917,dubbo-registry/dubbo-registry-api/src/main/java/org/apache/dubbo/registry/support/CacheableFailbackRegistry.java,2024-01-02T02:22:13Z
8173,8173,00812ce41c44be6e5cd5e2b8e5bf602f806bbbca,dubbo-common/src/main/java/org/apache/dubbo/config/AbstractInterfaceConfig.java,2024-03-29T03:40:06Z
8174,8174,d53d8e5d85358019028354b9f9d8389dde13b627,dubbo-config/dubbo-config-spring/src/main/java/org/apache/dubbo/config/spring/beans/factory/annotation/ServiceAnnotationPostProcessor.java,2024-02-29T09:10:41Z
8175,8175,00812ce41c44be6e5cd5e2b8e5bf602f806bbbca,dubbo-plugin/dubbo-qos/src/main/java/org/apache/dubbo/qos/command/impl/CountTelnet.java,2024-03-29T03:40:06Z
8177,8177,3e4fda20bba18f0a85340c86ae8ccbb004c7ea84,dubbo-demo/dubbo-demo-triple/pom.xml,2024-04-08T08:34:36Z
8179,8179,523a4189b8a7233c926eab1218daf627a3e870b8,dubbo-common/src/main/java/org/apache/dubbo/common/constants/CommonConstants.java,2024-06-04T14:59:16Z
8180,8180,78ca5e523cd6969a0b7085e51d3996fd8448a55c,dubbo-registry/dubbo-registry-api/src/main/java/org/apache/dubbo/registry/client/event/listener/ServiceInstancesChangedListener.java,2023-07-13T12:54:38Z
8183,8183,730695a7a26967889405b12fc54099bb006c8231,dubbo-cluster/src/main/java/org/apache/dubbo/rpc/cluster/RouterChain.java,2023-11-07T07:40:13Z
8184,8184,523a4189b8a7233c926eab1218daf627a3e870b8,dubbo-common/src/main/java/org/apache/dubbo/common/constants/CommonConstants.java,2024-06-04T14:59:16Z
8186,8186,523a4189b8a7233c926eab1218daf627a3e870b8,dubbo-common/src/main/java/org/apache/dubbo/common/constants/CommonConstants.java,2024-06-04T14:59:16Z
8187,8187,d50adb7c837448358ae980c7f90cd43daf6eab8b,dubbo-spring-boot/dubbo-spring-boot-compatible/actuator/src/main/java/org/apache/dubbo/spring/boot/actuate/endpoint/metadata/AbstractDubboMetadata.java,2024-03-10T03:22:59Z
8188,8188,52250b8a2086ca361fc3c3912720e3eb3d495b17,dubbo-remoting/dubbo-remoting-api/src/main/java/org/apache/dubbo/remoting/exchange/support/DefaultFuture.java,2023-09-12T04:45:03Z
8188,8188,52250b8a2086ca361fc3c3912720e3eb3d495b17,dubbo-remoting/dubbo-remoting-api/src/test/java/org/apache/dubbo/remoting/exchange/support/DefaultFutureTest.java,2023-09-12T04:45:03Z
8189,8189,52250b8a2086ca361fc3c3912720e3eb3d495b17,dubbo-remoting/dubbo-remoting-api/src/main/java/org/apache/dubbo/remoting/exchange/support/DefaultFuture.java,2023-09-12T04:45:03Z
8189,8189,52250b8a2086ca361fc3c3912720e3eb3d495b17,dubbo-remoting/dubbo-remoting-api/src/test/java/org/apache/dubbo/remoting/exchange/support/DefaultFutureTest.java,2023-09-12T04:45:03Z
8190,8190,3160602072c198728cca48e449984a4e596e7c37,dubbo-config/dubbo-config-api/src/main/java/org/apache/dubbo/config/bootstrap/DubboBootstrap.java,2023-06-19T01:34:06Z
8191,8191,f224fc5a47ae87817a91241109f1fcab1fee1539,dubbo-registry/dubbo-registry-api/src/main/java/org/apache/dubbo/registry/integration/RegistryProtocol.java,2024-07-03T02:12:33Z
8198,8198,79a1cca4ef1d583d2ae2c8e3f16eeea5881712cc,dubbo-config/dubbo-config-spring/src/main/java/org/apache/dubbo/config/spring/ReferenceBean.java,2024-07-04T07:14:55Z
8200,8200,67bd4d13e802b9bf8b3ade234416612ea21eea8b,compiler/src/main/resources/DubboGrpcStub.mustache,2021-08-26T12:03:30Z
8205,8205,38e47c2e547cebdbd37c675fe1f305cded966162,dubbo-rpc/dubbo-rpc-triple/src/test/java/org/apache/dubbo/rpc/protocol/tri/TriplePathResolverTest.java,2022-11-22T02:46:52Z
8206,8206,dfd135eb95d92ffc3519426b812e274f43b49e9d,dubbo-config/dubbo-config-api/src/main/java/org/apache/dubbo/config/utils/ConfigValidationUtils.java,2024-05-08T06:09:08Z
8207,8207,00812ce41c44be6e5cd5e2b8e5bf602f806bbbca,dubbo-container/dubbo-container-api/src/main/java/org/apache/dubbo/container/Main.java,2024-03-29T03:40:06Z
8208,8208,00812ce41c44be6e5cd5e2b8e5bf602f806bbbca,dubbo-common/src/main/java/org/apache/dubbo/common/utils/UrlUtils.java,2024-03-29T03:40:06Z
8211,8211,143d61d3e28ce16dc3f89c53d7933524fb9ebff8,dubbo-remoting/dubbo-remoting-api/src/test/java/org/apache/dubbo/remoting/api/ConnectionTest.java,2022-11-22T03:05:42Z
8214,8214,dfd135eb95d92ffc3519426b812e274f43b49e9d,dubbo-config/dubbo-config-api/src/main/java/org/apache/dubbo/config/utils/ConfigValidationUtils.java,2024-05-08T06:09:08Z
8215,8215,dfd135eb95d92ffc3519426b812e274f43b49e9d,dubbo-config/dubbo-config-api/src/main/java/org/apache/dubbo/config/utils/ConfigValidationUtils.java,2024-05-08T06:09:08Z
8217,8217,ac8ee831c9566569b8a58298983ee7e7ff30e4d8,dubbo-dependencies-bom/pom.xml,2024-07-02T06:27:45Z
8219,8219,730695a7a26967889405b12fc54099bb006c8231,dubbo-cluster/src/main/java/org/apache/dubbo/rpc/cluster/router/AbstractRouter.java,2023-11-07T07:40:13Z
8219,8219,730695a7a26967889405b12fc54099bb006c8231,dubbo-cluster/src/main/java/org/apache/dubbo/rpc/cluster/router/mock/MockInvokersSelector.java,2023-11-07T07:40:13Z
8223,8223,1bdbfd864740f6023762b788c7ae0d42f00fd5d6,dubbo-cluster/src/main/java/org/apache/dubbo/rpc/cluster/support/MergeableClusterInvoker.java,2024-01-02T10:58:43Z
8224,8224,730695a7a26967889405b12fc54099bb006c8231,dubbo-cluster/src/main/java/org/apache/dubbo/rpc/cluster/RouterChain.java,2023-11-07T07:40:13Z
8224,8224,730695a7a26967889405b12fc54099bb006c8231,dubbo-cluster/src/test/java/org/apache/dubbo/rpc/cluster/router/file/FileRouterEngineTest.java,2023-11-07T07:40:13Z
8228,8228,502b4c86dffbc0de3863a5e41ed7b9f633450c1c,dubbo-rpc/dubbo-rpc-grpc/src/test/java/org/apache/dubbo/rpc/protocol/grpc/GrpcProtocolTest.java,2023-02-13T13:16:52Z
8228,8228,502b4c86dffbc0de3863a5e41ed7b9f633450c1c,dubbo-rpc/dubbo-rpc-grpc/src/test/java/org/apache/dubbo/rpc/protocol/grpc/support/DubboGreeterGrpc.java,2023-02-13T13:16:52Z
8228,8228,502b4c86dffbc0de3863a5e41ed7b9f633450c1c,dubbo-rpc/dubbo-rpc-grpc/src/test/java/org/apache/dubbo/rpc/protocol/grpc/support/GreeterGrpc.java,2023-02-13T13:16:52Z
8228,8228,502b4c86dffbc0de3863a5e41ed7b9f633450c1c,dubbo-rpc/dubbo-rpc-grpc/src/test/java/org/apache/dubbo/rpc/protocol/grpc/support/GrpcGreeterImpl.java,2023-02-13T13:16:52Z
8228,8228,502b4c86dffbc0de3863a5e41ed7b9f633450c1c,dubbo-rpc/dubbo-rpc-grpc/src/test/java/org/apache/dubbo/rpc/protocol/grpc/support/HelloReply.java,2023-02-13T13:16:52Z
8228,8228,502b4c86dffbc0de3863a5e41ed7b9f633450c1c,dubbo-rpc/dubbo-rpc-grpc/src/test/java/org/apache/dubbo/rpc/protocol/grpc/support/HelloReplyOrBuilder.java,2023-02-13T13:16:52Z
8228,8228,502b4c86dffbc0de3863a5e41ed7b9f633450c1c,dubbo-rpc/dubbo-rpc-grpc/src/test/java/org/apache/dubbo/rpc/protocol/grpc/support/HelloRequest.java,2023-02-13T13:16:52Z
8228,8228,502b4c86dffbc0de3863a5e41ed7b9f633450c1c,dubbo-rpc/dubbo-rpc-grpc/src/test/java/org/apache/dubbo/rpc/protocol/grpc/support/HelloRequestOrBuilder.java,2023-02-13T13:16:52Z
8228,8228,502b4c86dffbc0de3863a5e41ed7b9f633450c1c,dubbo-rpc/dubbo-rpc-grpc/src/test/java/org/apache/dubbo/rpc/protocol/grpc/support/HelloWorldProto.java,2023-02-13T13:16:52Z
8229,8229,8a2dffd55e95d394aa05812d5948cae81fd1a3ed,dubbo-configcenter/dubbo-configcenter-nacos/src/main/java/org/apache/dubbo/configcenter/support/nacos/NacosDynamicConfiguration.java,2023-06-12T02:10:19Z
8230,8230,8a2dffd55e95d394aa05812d5948cae81fd1a3ed,dubbo-configcenter/dubbo-configcenter-nacos/src/main/java/org/apache/dubbo/configcenter/support/nacos/NacosDynamicConfiguration.java,2023-06-12T02:10:19Z
8232,8232,d3eef04759df8a6df6758a21778b1c9d4c635387,dubbo-spring-boot/dubbo-spring-boot-compatible/autoconfigure/src/main/java/org/apache/dubbo/spring/boot/autoconfigure/DubboAutoConfiguration.java,2024-06-06T14:34:20Z
8233,8233,4a2f26cc27aa187fb2a55db0ee9901a3b2ad1fd8,dubbo-spring-boot/dubbo-spring-boot-actuator/pom.xml,2023-02-01T02:30:06Z
8234,8234,11d5bd9ffadf11af0d13e6ab478829b4ae3c8572,pom.xml,2024-06-24T09:54:45Z
8236,8236,1368e21d9bb1afda195b0411091cb90003658456,dubbo-common/pom.xml,2023-12-26T09:31:44Z
8238,8238,ac8ee831c9566569b8a58298983ee7e7ff30e4d8,dubbo-dependencies-bom/pom.xml,2024-07-02T06:27:45Z
8239,8239,730695a7a26967889405b12fc54099bb006c8231,dubbo-cluster/src/test/java/org/apache/dubbo/rpc/cluster/support/MergeableClusterInvokerTest.java,2023-11-07T07:40:13Z
8239,8239,730695a7a26967889405b12fc54099bb006c8231,dubbo-common/src/main/java/org/apache/dubbo/common/config/Environment.java,2023-11-07T07:40:13Z
8242,8242,3160602072c198728cca48e449984a4e596e7c37,dubbo-config/dubbo-config-api/src/test/java/org/apache/dubbo/config/ConfigCenterConfigTest.java,2023-06-19T01:34:06Z
8243,8243,94a50e5d4e7f937ac3df4b12cdaa9bb1c45593ca,dubbo-config/dubbo-config-api/src/main/java/org/apache/dubbo/config/metadata/ConfigurableMetadataServiceExporter.java,2023-04-11T13:29:30Z
8246,8246,d46f33132b80d01efd00509b2e5064271e4c0964,dubbo-config/dubbo-config-api/src/test/java/org/apache/dubbo/integration/AbstractIntegrationTest.java,2021-07-15T11:06:26Z
8246,8246,d46f33132b80d01efd00509b2e5064271e4c0964,dubbo-config/dubbo-config-api/src/test/java/org/apache/dubbo/integration/IntegrationTest.java,2021-07-15T11:06:26Z
8246,8246,d46f33132b80d01efd00509b2e5064271e4c0964,dubbo-config/dubbo-config-api/src/test/java/org/apache/dubbo/integration/registryprotocol/AbstractRegistryProtocolTest.java,2021-07-15T11:06:26Z
8246,8246,d46f33132b80d01efd00509b2e5064271e4c0964,dubbo-config/dubbo-config-api/src/test/java/org/apache/dubbo/integration/registryprotocol/RegistryProtocol4DubboTest.java,2021-07-15T11:06:26Z
8247,8247,0d91d419a8b25a9917a03dc68a3eb5069ac856ea,dubbo-common/src/main/java/org/apache/dubbo/config/ReferenceConfigBase.java,2023-10-19T07:25:40Z
8248,8248,0d91d419a8b25a9917a03dc68a3eb5069ac856ea,dubbo-common/src/main/java/org/apache/dubbo/common/extension/ExtensionLoader.java,2023-10-19T07:25:40Z
8248,8248,0d91d419a8b25a9917a03dc68a3eb5069ac856ea,dubbo-common/src/main/java/org/apache/dubbo/common/extension/support/ActivateComparator.java,2023-10-19T07:25:40Z
8248,8248,0d91d419a8b25a9917a03dc68a3eb5069ac856ea,dubbo-common/src/test/java/org/apache/dubbo/common/extension/ExtensionLoaderTest.java,2023-10-19T07:25:40Z
8248,8248,0d91d419a8b25a9917a03dc68a3eb5069ac856ea,dubbo-common/src/test/java/org/apache/dubbo/common/extension/support/ActivateComparatorTest.java,2023-10-19T07:25:40Z
8251,8251,0d879666b4fc6163f42fcec2838633bb9f99a482,dubbo-config/dubbo-config-api/src/test/java/org/apache/dubbo/config/ProtocolConfigTest.java,2023-12-04T13:32:50Z
8252,8252,0d879666b4fc6163f42fcec2838633bb9f99a482,dubbo-config/dubbo-config-api/src/test/java/org/apache/dubbo/config/ProtocolConfigTest.java,2023-12-04T13:32:50Z
8253,8253,9af6fbf1d0d1456c18bd23bc10e447589616e98c,dubbo-common/src/main/java/org/apache/dubbo/config/context/ConfigManager.java,2023-06-07T07:54:40Z
8258,8258,0df34a1a20811d4a03032d03dac146c59bd52b34,dubbo-remoting/dubbo-remoting-api/src/test/java/org/apache/dubbo/remoting/telnet/support/TelnetHandlerAdapterTest.java,2022-12-22T02:02:22Z
8260,8260,ff39bf36c35316061e7e028abd28dd392405e7f0,dubbo-config/dubbo-config-api/src/main/java/org/apache/dubbo/config/utils/ReferenceConfigCache.java,2021-09-02T09:54:20Z
8262,8262,00812ce41c44be6e5cd5e2b8e5bf602f806bbbca,dubbo-config/dubbo-config-api/src/main/java/org/apache/dubbo/config/ServiceConfig.java,2024-03-29T03:40:06Z
8263,8263,473ea36b04d93e2efc439848ff65ec5b3bee06d9,dubbo-remoting/dubbo-remoting-api/src/main/java/org/apache/dubbo/remoting/zookeeper/AbstractZookeeperClient.java,2024-06-04T04:54:44Z
8263,8263,473ea36b04d93e2efc439848ff65ec5b3bee06d9,dubbo-remoting/dubbo-remoting-zookeeper-curator5/src/main/java/org/apache/dubbo/remoting/zookeeper/curator5/Curator5ZookeeperClient.java,2024-06-04T04:54:44Z
8264,8264,473ea36b04d93e2efc439848ff65ec5b3bee06d9,dubbo-remoting/dubbo-remoting-api/src/main/java/org/apache/dubbo/remoting/zookeeper/AbstractZookeeperClient.java,2024-06-04T04:54:44Z
8264,8264,473ea36b04d93e2efc439848ff65ec5b3bee06d9,dubbo-remoting/dubbo-remoting-zookeeper-curator5/src/main/java/org/apache/dubbo/remoting/zookeeper/curator5/Curator5ZookeeperClient.java,2024-06-04T04:54:44Z
8265,8265,8c602088dc0aef307ac1599dc19d54b407f2171c,dubbo-rpc/dubbo-rpc-triple/src/main/java/org/apache/dubbo/rpc/protocol/tri/TripleClientHandler.java,2021-09-30T06:30:02Z
8267,8267,0df34a1a20811d4a03032d03dac146c59bd52b34,dubbo-remoting/dubbo-remoting-api/src/test/java/org/apache/dubbo/remoting/telnet/support/TelnetHandlerAdapterTest.java,2022-12-22T02:02:22Z
8268,8268,dfd135eb95d92ffc3519426b812e274f43b49e9d,dubbo-common/src/main/java/org/apache/dubbo/config/RegistryConfig.java,2024-05-08T06:09:08Z
8269,8269,05cecc55bccc5c4ab985f7bab3b3c63e7380ed01,dubbo-config/dubbo-config-spring/src/main/resources/META-INF/dubbo.xsd,2024-02-02T06:10:23Z
8271,8271,0d879666b4fc6163f42fcec2838633bb9f99a482,dubbo-common/src/test/java/org/apache/dubbo/config/context/ConfigManagerTest.java,2023-12-04T13:32:50Z
8272,8272,9af6fbf1d0d1456c18bd23bc10e447589616e98c,dubbo-common/src/main/java/org/apache/dubbo/config/context/ConfigManager.java,2023-06-07T07:54:40Z
8275,8275,11d5bd9ffadf11af0d13e6ab478829b4ae3c8572,pom.xml,2024-06-24T09:54:45Z
8277,8277,f05662a66deb331008dbe02e8a0b3f4174820ad9,dubbo-registry/dubbo-registry-api/src/main/java/org/apache/dubbo/registry/client/DefaultServiceInstance.java,2023-04-11T03:24:55Z
8278,8278,d46f33132b80d01efd00509b2e5064271e4c0964,dubbo-config/dubbo-config-api/src/test/java/org/apache/dubbo/integration/servicediscoveryregistry/AbstractServiceDiscoveryRegistryTest.java,2021-07-15T11:06:26Z
8278,8278,d46f33132b80d01efd00509b2e5064271e4c0964,dubbo-config/dubbo-config-api/src/test/java/org/apache/dubbo/integration/servicediscoveryregistry/ServiceDiscoveryRegistry4DubboTest.java,2021-07-15T11:06:26Z
8278,8278,d46f33132b80d01efd00509b2e5064271e4c0964,dubbo-config/dubbo-config-api/src/test/java/org/apache/dubbo/integration/servicediscoveryregistry/ServiceDiscoveryRegistryIntegrationService.java,2021-07-15T11:06:26Z
8278,8278,d46f33132b80d01efd00509b2e5064271e4c0964,dubbo-config/dubbo-config-api/src/test/java/org/apache/dubbo/integration/servicediscoveryregistry/package-info.java,2021-07-15T11:06:26Z
8280,8280,3160602072c198728cca48e449984a4e596e7c37,dubbo-registry/dubbo-registry-api/src/main/java/org/apache/dubbo/registry/client/migration/MigrationRuleListener.java,2023-06-19T01:34:06Z
8282,8282,dfd135eb95d92ffc3519426b812e274f43b49e9d,dubbo-config/dubbo-config-api/src/main/java/org/apache/dubbo/config/utils/ConfigValidationUtils.java,2024-05-08T06:09:08Z
8286,8286,cd7b7590ac7ab7457937b1c0f4b68cd9f374450b,dubbo-common/src/main/java/org/apache/dubbo/common/url/component/URLAddress.java,2022-09-14T06:15:19Z
8289,8289,00812ce41c44be6e5cd5e2b8e5bf602f806bbbca,dubbo-common/src/main/java/org/apache/dubbo/config/AbstractInterfaceConfig.java,2024-03-29T03:40:06Z
8291,8291,17b75a78955effbf82f4cd958c37545209c152e1,dubbo-cluster/src/main/java/org/apache/dubbo/rpc/cluster/directory/AbstractDirectory.java,2024-02-29T03:26:11Z
8294,8294,730695a7a26967889405b12fc54099bb006c8231,dubbo-cluster/src/main/java/org/apache/dubbo/rpc/cluster/governance/DefaultGovernanceRuleRepositoryImpl.java,2023-11-07T07:40:13Z
8294,8294,730695a7a26967889405b12fc54099bb006c8231,dubbo-common/src/main/java/org/apache/dubbo/common/config/configcenter/DynamicConfiguration.java,2023-11-07T07:40:13Z
8296,8296,afbeaafe937c79edfb848803daa488ac9445deb2,dubbo-config/dubbo-config-api/src/test/java/org/apache/dubbo/integration/single/SingleRegistryCenterDubboProtocolIntegrationTest.java,2021-09-17T06:47:52Z
8300,8300,f224fc5a47ae87817a91241109f1fcab1fee1539,dubbo-registry/dubbo-registry-api/src/main/java/org/apache/dubbo/registry/integration/RegistryProtocol.java,2024-07-03T02:12:33Z
8302,8302,afbeaafe937c79edfb848803daa488ac9445deb2,dubbo-config/dubbo-config-api/src/test/java/org/apache/dubbo/integration/single/SingleRegistryCenterDubboProtocolIntegrationTest.java,2021-09-17T06:47:52Z
8305,8305,cecefc39e1a7ccfdaaadb3c67f4e8add240da9e6,dubbo-metadata/dubbo-metadata-api/src/main/java/org/apache/dubbo/metadata/definition/ServiceDefinitionBuilder.java,2021-07-19T04:54:09Z
8305,8305,cecefc39e1a7ccfdaaadb3c67f4e8add240da9e6,dubbo-metadata/dubbo-metadata-api/src/main/java/org/apache/dubbo/metadata/definition/model/MethodDefinition.java,2021-07-19T04:54:09Z
8305,8305,cecefc39e1a7ccfdaaadb3c67f4e8add240da9e6,dubbo-metadata/dubbo-metadata-api/src/main/java/org/apache/dubbo/metadata/definition/model/ServiceDefinition.java,2021-07-19T04:54:09Z
8308,8308,7d5fa50783c5321447368230ca75138425697459,dubbo-common/src/main/java/org/apache/dubbo/config/Constants.java,2024-06-24T01:26:45Z
8309,8309,afbeaafe937c79edfb848803daa488ac9445deb2,dubbo-config/dubbo-config-api/src/test/java/org/apache/dubbo/integration/single/SingleRegistryCenterDubboProtocolIntegrationTest.java,2021-09-17T06:47:52Z
8311,8311,67bd4d13e802b9bf8b3ade234416612ea21eea8b,compiler/src/main/resources/DubboGrpcStub.mustache,2021-08-26T12:03:30Z
8313,8313,aa54350c6f5abd0803ace8c14b9a731b69100d03,dubbo-rpc/dubbo-rpc-api/src/main/resources/META-INF/dubbo/internal/org.apache.dubbo.rpc.Filter,2023-07-31T11:11:49Z
8314,8314,f224fc5a47ae87817a91241109f1fcab1fee1539,dubbo-registry/dubbo-registry-api/src/main/java/org/apache/dubbo/registry/integration/RegistryProtocol.java,2024-07-03T02:12:33Z
8315,8315,a342f67dc04fea2a5e6cfadba8392a43ca2f2546,dubbo-registry/dubbo-registry-api/src/main/java/org/apache/dubbo/registry/client/ServiceDiscoveryRegistryDirectory.java,2024-03-19T01:38:06Z
8318,8318,730695a7a26967889405b12fc54099bb006c8231,dubbo-cluster/src/main/java/org/apache/dubbo/rpc/cluster/loadbalance/ShortestResponseLoadBalance.java,2023-11-07T07:40:13Z
8319,8319,5641c431fd6a888c9b2e384f458c299f606e24d2,dubbo-common/src/main/java/org/apache/dubbo/common/url/component/URLParam.java,2023-05-23T06:39:43Z
8320,8320,92f7ac6656c68f298b31b2eccb02f5b4a9972c45,dubbo-registry/dubbo-registry-nacos/src/main/java/org/apache/dubbo/registry/nacos/util/NacosNamingServiceUtils.java,2023-01-17T03:17:56Z
8321,8321,9af6fbf1d0d1456c18bd23bc10e447589616e98c,dubbo-common/src/main/java/org/apache/dubbo/config/context/ConfigManager.java,2023-06-07T07:54:40Z
8322,8322,3160602072c198728cca48e449984a4e596e7c37,dubbo-config/dubbo-config-api/src/main/java/org/apache/dubbo/config/bootstrap/DubboBootstrap.java,2023-06-19T01:34:06Z
8326,8326,06e9410f6873f28db11bc0bec7823f9f3228df53,dubbo-registry/dubbo-registry-api/src/main/java/org/apache/dubbo/registry/client/ServiceDiscoveryRegistry.java,2023-11-01T11:16:19Z
8327,8327,ac8ee831c9566569b8a58298983ee7e7ff30e4d8,dubbo-dependencies-bom/pom.xml,2024-07-02T06:27:45Z
8328,8328,00812ce41c44be6e5cd5e2b8e5bf602f806bbbca,dubbo-rpc/dubbo-rpc-dubbo/src/main/java/org/apache/dubbo/rpc/protocol/dubbo/DubboProtocol.java,2024-03-29T03:40:06Z
8329,8329,08205284b8e107b61d4db9959dc760b78b1af1a5,dubbo-rpc/dubbo-rpc-dubbo/src/main/java/com/alibaba/dubbo/rpc/protocol/dubbo/DubboProtocol.java,2018-06-14T01:06:28Z
8330,8330,730695a7a26967889405b12fc54099bb006c8231,dubbo-cluster/src/main/java/org/apache/dubbo/rpc/cluster/router/mesh/route/MeshRuleManager.java,2023-11-07T07:40:13Z
8331,8331,c272af38c65649ec5dd4348ccf73fb699fa976a2,dubbo-common/src/main/java/org/apache/dubbo/common/utils/CompatibleTypeUtils.java,2023-03-02T22:43:37Z
8332,8332,da801bf17755458a9cdaa06b2e05923453ab5bf3,dubbo-common/src/main/java/org/apache/dubbo/common/url/component/param/DynamicParamTable.java,2023-09-25T10:43:04Z
8336,8336,9af6fbf1d0d1456c18bd23bc10e447589616e98c,dubbo-common/src/main/java/org/apache/dubbo/config/context/ConfigManager.java,2023-06-07T07:54:40Z
8337,8337,c373ce10fe92347423b397e7ebb91ab9ab0b9018,dubbo-registry/dubbo-registry-api/src/main/java/org/apache/dubbo/registry/RegistryNotifier.java,2023-11-06T08:46:04Z
8340,8340,aa54350c6f5abd0803ace8c14b9a731b69100d03,dubbo-registry/dubbo-registry-api/src/main/java/org/apache/dubbo/registry/integration/RegistryDirectory.java,2023-07-31T11:11:49Z
8343,8343,e1a04777039be9ba6d360a0bf566f316ea47d3f3,compiler/pom.xml,2022-06-28T08:48:29Z
8343,8343,e1a04777039be9ba6d360a0bf566f316ea47d3f3,compiler/src/main/resources/Dubbo3Stub.mustache,2022-06-28T08:48:29Z
8345,8345,1d282052ae18e71482e194dbeafdd78b09fb8215,dubbo-registry/dubbo-registry-nacos/src/main/java/org/apache/dubbo/registry/nacos/NacosServiceDiscovery.java,2023-04-10T12:07:52Z
8346,8346,1d282052ae18e71482e194dbeafdd78b09fb8215,dubbo-registry/dubbo-registry-nacos/src/main/java/org/apache/dubbo/registry/nacos/NacosServiceDiscovery.java,2023-04-10T12:07:52Z
8348,8348,730695a7a26967889405b12fc54099bb006c8231,dubbo-cluster/src/main/java/org/apache/dubbo/rpc/cluster/support/BroadcastClusterInvoker.java,2023-11-07T07:40:13Z
8349,8349,3160602072c198728cca48e449984a4e596e7c37,dubbo-config/dubbo-config-api/src/main/java/org/apache/dubbo/config/bootstrap/DubboBootstrap.java,2023-06-19T01:34:06Z
8350,8350,dfd135eb95d92ffc3519426b812e274f43b49e9d,dubbo-config/dubbo-config-api/src/main/java/org/apache/dubbo/config/utils/ConfigValidationUtils.java,2024-05-08T06:09:08Z
8351,8351,ac8ee831c9566569b8a58298983ee7e7ff30e4d8,dubbo-dependencies-bom/pom.xml,2024-07-02T06:27:45Z
8352,8352,2cb12ff9a6444b69f6b7f1b3cac7532be93e6083,dubbo-rpc/dubbo-rpc-api/src/main/java/org/apache/dubbo/rpc/protocol/AbstractProtocol.java,2023-06-12T12:51:13Z
8353,8353,11d5bd9ffadf11af0d13e6ab478829b4ae3c8572,pom.xml,2024-06-24T09:54:45Z
8355,8355,b06e5c2fdb7dc8fdf5ee3d18b3ef62cfe333e2c5,dubbo-config/dubbo-config-api/src/test/resources/META-INF/services/org.apache.dubbo.config.ServiceListener,2021-11-06T10:19:06Z
8357,8357,00812ce41c44be6e5cd5e2b8e5bf602f806bbbca,dubbo-remoting/dubbo-remoting-api/src/main/java/org/apache/dubbo/remoting/transport/CodecSupport.java,2024-03-29T03:40:06Z
8368,8368,563a0e472ab50d2d697e2f0415c80b68ad6b17bd,dubbo-config/dubbo-config-spring/src/main/java/org/apache/dubbo/config/spring/schema/DubboBeanDefinitionParser.java,2023-06-29T02:31:36Z
8369,8369,6ad735d74a7f1c5d694f212061e04af9c90a8d3b,dubbo-config/dubbo-config-api/src/main/java/org/apache/dubbo/config/DubboShutdownHook.java,2023-07-03T02:16:14Z
8373,8373,00812ce41c44be6e5cd5e2b8e5bf602f806bbbca,dubbo-config/dubbo-config-api/src/main/java/org/apache/dubbo/config/ServiceConfig.java,2024-03-29T03:40:06Z
8376,8376,f05662a66deb331008dbe02e8a0b3f4174820ad9,dubbo-metadata/dubbo-metadata-api/src/main/java/org/apache/dubbo/metadata/MetadataInfo.java,2023-04-11T03:24:55Z
8379,8379,25b73b1a135ae75ed50c68e6b5acd694067fd325,dubbo-config/dubbo-config-spring/src/main/java/org/apache/dubbo/config/spring/util/DubboAnnotationUtils.java,2023-12-27T15:19:51Z
8382,8382,0a1ad55bff34c8cffc066c4ab26ac8466691a4f4,dubbo-registry/dubbo-registry-nacos/src/main/java/org/apache/dubbo/registry/nacos/NacosRegistry.java,2024-04-22T11:42:47Z
8384,8384,00812ce41c44be6e5cd5e2b8e5bf602f806bbbca,dubbo-config/dubbo-config-api/src/main/java/org/apache/dubbo/config/ServiceConfig.java,2024-03-29T03:40:06Z
8385,8385,68e624f7643eeb1aa136a382e4432f3b77002f87,dubbo-registry/dubbo-registry-api/src/main/java/org/apache/dubbo/registry/client/InstanceAddressURL.java,2023-07-14T10:02:41Z
8386,8386,ac8ee831c9566569b8a58298983ee7e7ff30e4d8,dubbo-dependencies-bom/pom.xml,2024-07-02T06:27:45Z
8388,8388,8c786cdf01126cc559856968d211fa648788d4d2,dubbo-registry/dubbo-registry-api/src/main/java/org/apache/dubbo/registry/integration/AbstractConfiguratorListener.java,2023-02-26T07:17:36Z
8389,8389,f224fc5a47ae87817a91241109f1fcab1fee1539,dubbo-registry/dubbo-registry-api/src/main/java/org/apache/dubbo/registry/integration/RegistryProtocol.java,2024-07-03T02:12:33Z
8391,8391,ac8ee831c9566569b8a58298983ee7e7ff30e4d8,dubbo-dependencies-bom/pom.xml,2024-07-02T06:27:45Z
8395,8395,b06e5c2fdb7dc8fdf5ee3d18b3ef62cfe333e2c5,dubbo-config/dubbo-config-api/src/test/resources/META-INF/services/org.apache.dubbo.config.ServiceListener,2021-11-06T10:19:06Z
8395,8395,b06e5c2fdb7dc8fdf5ee3d18b3ef62cfe333e2c5,dubbo-config/dubbo-config-api/src/test/resources/META-INF/services/org.apache.dubbo.rpc.ExporterListener,2021-11-06T10:19:06Z
8395,8395,b06e5c2fdb7dc8fdf5ee3d18b3ef62cfe333e2c5,dubbo-config/dubbo-config-api/src/test/resources/META-INF/services/org.apache.dubbo.rpc.Filter,2021-11-06T10:19:06Z
8396,8396,79a1cca4ef1d583d2ae2c8e3f16eeea5881712cc,dubbo-config/dubbo-config-spring/src/main/java/org/apache/dubbo/config/spring/ReferenceBean.java,2024-07-04T07:14:55Z
8400,8400,1d282052ae18e71482e194dbeafdd78b09fb8215,dubbo-registry/dubbo-registry-nacos/src/main/java/org/apache/dubbo/registry/nacos/NacosServiceDiscovery.java,2023-04-10T12:07:52Z
8401,8401,71b9f6aa06afaa17a7cbdff0eeefda3757c0a638,dubbo-rpc/dubbo-rpc-api/src/test/java/org/apache/dubbo/rpc/filter/ExecuteLimitFilterTest.java,2022-11-07T09:40:15Z
8402,8402,f05662a66deb331008dbe02e8a0b3f4174820ad9,dubbo-metadata/dubbo-metadata-api/src/main/java/org/apache/dubbo/metadata/MetadataInfo.java,2023-04-11T03:24:55Z
8404,8404,78ca5e523cd6969a0b7085e51d3996fd8448a55c,dubbo-registry/dubbo-registry-api/src/main/java/org/apache/dubbo/registry/client/event/listener/ServiceInstancesChangedListener.java,2023-07-13T12:54:38Z
8406,8406,3160602072c198728cca48e449984a4e596e7c37,dubbo-registry/dubbo-registry-api/src/main/java/org/apache/dubbo/registry/client/migration/MigrationRuleListener.java,2023-06-19T01:34:06Z
8407,8407,d3eef04759df8a6df6758a21778b1c9d4c635387,dubbo-spring-boot/dubbo-spring-boot-compatible/autoconfigure/src/main/java/org/apache/dubbo/spring/boot/autoconfigure/DubboAutoConfiguration.java,2024-06-06T14:34:20Z
8409,8409,3160602072c198728cca48e449984a4e596e7c37,dubbo-config/dubbo-config-api/src/main/java/org/apache/dubbo/config/bootstrap/DubboBootstrap.java,2023-06-19T01:34:06Z
8410,8410,4de9672008cd3ea8502a86b5f45159b300d58a92,dubbo-config/dubbo-config-spring/src/main/java/org/apache/dubbo/config/spring/context/DubboBootstrapApplicationListener.java,2022-11-28T06:24:34Z
8411,8411,dfd135eb95d92ffc3519426b812e274f43b49e9d,dubbo-common/src/main/java/org/apache/dubbo/common/URL.java,2024-05-08T06:09:08Z
8412,8412,d8fc808425c4f1db028c4fdab45d7082a957d760,dubbo-registry/dubbo-registry-api/src/test/java/org/apache/dubbo/registry/DelayedRegistryNotifierTest.java,2020-11-16T07:12:23Z
8414,8414,d53d8e5d85358019028354b9f9d8389dde13b627,dubbo-config/dubbo-config-spring/src/main/java/org/apache/dubbo/config/spring/beans/factory/annotation/ServiceAnnotationPostProcessor.java,2024-02-29T09:10:41Z
8415,8415,d16f0ca310838b7bb52ce173710ef149d65be07d,dubbo-cluster/src/test/java/org/apache/dubbo/rpc/cluster/router/state/BitListTest.java,2024-05-06T06:33:10Z
8418,8418,b06e5c2fdb7dc8fdf5ee3d18b3ef62cfe333e2c5,dubbo-config/dubbo-config-api/src/test/resources/META-INF/services/org.apache.dubbo.config.ServiceListener,2021-11-06T10:19:06Z
8418,8418,b06e5c2fdb7dc8fdf5ee3d18b3ef62cfe333e2c5,dubbo-config/dubbo-config-api/src/test/resources/META-INF/services/org.apache.dubbo.rpc.ExporterListener,2021-11-06T10:19:06Z
8418,8418,b06e5c2fdb7dc8fdf5ee3d18b3ef62cfe333e2c5,dubbo-config/dubbo-config-api/src/test/resources/META-INF/services/org.apache.dubbo.rpc.Filter,2021-11-06T10:19:06Z
8420,8420,1cd57821df6f17b498ab784b0b1f46b958ecf81f,dubbo-config/dubbo-config-api/src/test/java/org/apache/dubbo/config/ReferenceConfigTest.java,2024-01-13T10:12:45Z
8423,8423,a278feb372eb159944c92f67788c8000b22d4a76,dubbo-serialization/dubbo-serialization-hessian2/src/main/java/org/apache/dubbo/common/serialize/hessian2/dubbo/WhitelistHessian2FactoryInitializer.java,2023-01-11T07:05:01Z
8428,8428,730695a7a26967889405b12fc54099bb006c8231,dubbo-cluster/src/test/java/org/apache/dubbo/rpc/cluster/router/mesh/rule/VirtualServiceRuleTest.java,2023-11-07T07:40:13Z
8429,8429,ac8ee831c9566569b8a58298983ee7e7ff30e4d8,dubbo-dependencies-bom/pom.xml,2024-07-02T06:27:45Z
8430,8430,11d5bd9ffadf11af0d13e6ab478829b4ae3c8572,pom.xml,2024-06-24T09:54:45Z
8432,8432,d2ae941502410fbbf937e654b25f1399eedd3fbf,dependencies-bom/pom.xml,2018-07-09T14:32:24Z
8433,8433,00812ce41c44be6e5cd5e2b8e5bf602f806bbbca,dubbo-remoting/dubbo-remoting-api/src/main/java/org/apache/dubbo/remoting/transport/CodecSupport.java,2024-03-29T03:40:06Z
8434,8434,00812ce41c44be6e5cd5e2b8e5bf602f806bbbca,dubbo-common/src/main/java/org/apache/dubbo/common/bytecode/Wrapper.java,2024-03-29T03:40:06Z
8435,8435,730695a7a26967889405b12fc54099bb006c8231,dubbo-cluster/src/main/java/org/apache/dubbo/rpc/cluster/router/mesh/route/MeshAppRuleListener.java,2023-11-07T07:40:13Z
8439,8439,cd78bba7b7c7134b1317275da3ffc277dc6f54d0,dubbo-config/dubbo-config-spring/pom.xml,2024-05-14T03:48:23Z
8441,8441,730695a7a26967889405b12fc54099bb006c8231,dubbo-cluster/src/main/java/org/apache/dubbo/rpc/cluster/Constants.java,2023-11-07T07:40:13Z
8441,8441,730695a7a26967889405b12fc54099bb006c8231,dubbo-cluster/src/main/java/org/apache/dubbo/rpc/cluster/loadbalance/ShortestResponseLoadBalance.java,2023-11-07T07:40:13Z
8441,8441,730695a7a26967889405b12fc54099bb006c8231,dubbo-cluster/src/test/java/org/apache/dubbo/rpc/cluster/loadbalance/ShortestResponseLoadBalanceTest.java,2023-11-07T07:40:13Z
8442,8442,730695a7a26967889405b12fc54099bb006c8231,dubbo-cluster/src/main/java/org/apache/dubbo/rpc/cluster/router/mesh/route/MeshAppRuleListener.java,2023-11-07T07:40:13Z
8442,8442,730695a7a26967889405b12fc54099bb006c8231,dubbo-cluster/src/main/java/org/apache/dubbo/rpc/cluster/router/mesh/route/MeshRuleRouter.java,2023-11-07T07:40:13Z
8442,8442,730695a7a26967889405b12fc54099bb006c8231,dubbo-cluster/src/test/java/org/apache/dubbo/rpc/cluster/router/mesh/rule/DestinationRuleTest.java,2023-11-07T07:40:13Z
8443,8443,730695a7a26967889405b12fc54099bb006c8231,dubbo-cluster/src/main/java/org/apache/dubbo/rpc/cluster/router/mesh/route/MeshAppRuleListener.java,2023-11-07T07:40:13Z
8443,8443,730695a7a26967889405b12fc54099bb006c8231,dubbo-cluster/src/main/java/org/apache/dubbo/rpc/cluster/router/mesh/route/MeshRuleRouter.java,2023-11-07T07:40:13Z
8445,8445,238fe3125c427eda496b857623ba17e67f722ecd,dubbo-metadata/dubbo-metadata-api/src/main/java/org/apache/dubbo/metadata/report/MetadataReportInstance.java,2024-07-04T08:20:30Z
8446,8446,7e51047cb084a9f9b09d934cf058074c534503f4,dubbo-config/dubbo-config-api/src/test/java/org/apache/dubbo/config/AbstractMethodConfigTest.java,2023-02-27T12:09:15Z
8448,8448,730695a7a26967889405b12fc54099bb006c8231,dubbo-cluster/src/main/java/org/apache/dubbo/rpc/cluster/router/mesh/rule/virtualservice/match/DubboAttachmentMatch.java,2023-11-07T07:40:13Z
8448,8448,730695a7a26967889405b12fc54099bb006c8231,dubbo-cluster/src/main/java/org/apache/dubbo/rpc/cluster/router/mesh/rule/virtualservice/match/ListBoolMatch.java,2023-11-07T07:40:13Z
8448,8448,730695a7a26967889405b12fc54099bb006c8231,dubbo-cluster/src/test/java/org/apache/dubbo/rpc/cluster/router/mesh/rule/virtualservice/match/ListBoolMatchTest.java,2023-11-07T07:40:13Z
8449,8449,00812ce41c44be6e5cd5e2b8e5bf602f806bbbca,dubbo-remoting/dubbo-remoting-api/src/main/java/org/apache/dubbo/remoting/transport/CodecSupport.java,2024-03-29T03:40:06Z
8452,8452,ac8ee831c9566569b8a58298983ee7e7ff30e4d8,dubbo-dependencies-bom/pom.xml,2024-07-02T06:27:45Z
8454,8454,0d91d419a8b25a9917a03dc68a3eb5069ac856ea,dubbo-common/src/main/java/org/apache/dubbo/common/extension/ExtensionLoader.java,2023-10-19T07:25:40Z
8455,8455,f224fc5a47ae87817a91241109f1fcab1fee1539,dubbo-registry/dubbo-registry-api/src/main/java/org/apache/dubbo/registry/integration/RegistryProtocol.java,2024-07-03T02:12:33Z
8458,8458,11d5bd9ffadf11af0d13e6ab478829b4ae3c8572,pom.xml,2024-06-24T09:54:45Z
8459,8459,dfd135eb95d92ffc3519426b812e274f43b49e9d,dubbo-metadata/dubbo-metadata-api/src/main/java/org/apache/dubbo/metadata/report/support/AbstractMetadataReportFactory.java,2024-05-08T06:09:08Z
8464,8464,14d68e51f762ddb27c10d501253798266b26f5c6,dubbo-remoting/dubbo-remoting-zookeeper-curator5/pom.xml,2023-10-13T08:54:35Z
8466,8466,afbeaafe937c79edfb848803daa488ac9445deb2,dubbo-config/dubbo-config-api/src/test/java/org/apache/dubbo/integration/single/SingleRegistryCenterDubboProtocolIntegrationTest.java,2021-09-17T06:47:52Z
8467,8467,0d91d419a8b25a9917a03dc68a3eb5069ac856ea,dubbo-common/src/test/java/org/apache/dubbo/common/extension/ExtensionLoaderTest.java,2023-10-19T07:25:40Z
8468,8468,3160602072c198728cca48e449984a4e596e7c37,dubbo-config/dubbo-config-api/src/main/java/org/apache/dubbo/config/bootstrap/DubboBootstrap.java,2023-06-19T01:34:06Z
8471,8471,83b4114a9fc81bddaae6e120da33ebef29a6d44e,dubbo-config/dubbo-config-api/src/test/java/org/apache/dubbo/config/ServiceConfigTest.java,2023-06-13T00:35:20Z
8473,8473,1add77ed6ec2872bb5cb8bbd69cdaea56f5b1acb,dubbo-rpc/dubbo-rpc-triple/src/main/java/org/apache/dubbo/rpc/protocol/tri/AbstractStream.java,2022-03-01T04:33:26Z
8473,8473,1add77ed6ec2872bb5cb8bbd69cdaea56f5b1acb,dubbo-rpc/dubbo-rpc-triple/src/main/java/org/apache/dubbo/rpc/protocol/tri/UnaryClientStream.java,2022-03-01T04:33:26Z
8477,8477,523a4189b8a7233c926eab1218daf627a3e870b8,dubbo-common/src/main/java/org/apache/dubbo/common/constants/CommonConstants.java,2024-06-04T14:59:16Z
8478,8478,f05662a66deb331008dbe02e8a0b3f4174820ad9,dubbo-metadata/dubbo-metadata-api/src/main/java/org/apache/dubbo/metadata/MetadataInfo.java,2023-04-11T03:24:55Z
8481,8481,718bdc1a65f4a6ce5d5eded40fcc50a00ed7ffda,dubbo-rpc/dubbo-rpc-triple/src/main/java/org/apache/dubbo/rpc/protocol/tri/TripleHeaderEnum.java,2023-04-11T14:56:58Z
8483,8483,238fe3125c427eda496b857623ba17e67f722ecd,dubbo-metadata/dubbo-metadata-api/src/main/java/org/apache/dubbo/metadata/report/MetadataReportInstance.java,2024-07-04T08:20:30Z
8484,8484,730695a7a26967889405b12fc54099bb006c8231,dubbo-cluster/src/main/java/org/apache/dubbo/rpc/cluster/support/BroadcastClusterInvoker.java,2023-11-07T07:40:13Z
8486,8486,36e0cf5490f9ea289a9d809694b0b2347106a515,dubbo-rpc/dubbo-rpc-triple/src/main/java/org/apache/dubbo/rpc/protocol/tri/TripleInvoker.java,2024-03-11T06:00:16Z
8488,8488,1add77ed6ec2872bb5cb8bbd69cdaea56f5b1acb,dubbo-rpc/dubbo-rpc-triple/src/main/java/org/apache/dubbo/rpc/protocol/tri/AbstractStream.java,2022-03-01T04:33:26Z
8488,8488,1add77ed6ec2872bb5cb8bbd69cdaea56f5b1acb,dubbo-rpc/dubbo-rpc-triple/src/main/java/org/apache/dubbo/rpc/protocol/tri/UnaryServerStream.java,2022-03-01T04:33:26Z
8492,8492,730695a7a26967889405b12fc54099bb006c8231,dubbo-cluster/src/main/java/org/apache/dubbo/rpc/cluster/support/AbstractClusterInvoker.java,2023-11-07T07:40:13Z
8492,8492,730695a7a26967889405b12fc54099bb006c8231,dubbo-cluster/src/main/java/org/apache/dubbo/rpc/cluster/support/FailbackClusterInvoker.java,2023-11-07T07:40:13Z
8492,8492,730695a7a26967889405b12fc54099bb006c8231,dubbo-cluster/src/main/java/org/apache/dubbo/rpc/cluster/support/ForkingClusterInvoker.java,2023-11-07T07:40:13Z
8493,8493,b06e5c2fdb7dc8fdf5ee3d18b3ef62cfe333e2c5,dubbo-config/dubbo-config-api/src/test/resources/META-INF/services/org.apache.dubbo.registry.RegistryServiceListener,2021-11-06T10:19:06Z
8494,8494,14d68e51f762ddb27c10d501253798266b26f5c6,dubbo-remoting/dubbo-remoting-zookeeper-curator5/pom.xml,2023-10-13T08:54:35Z
8495,8495,45405ff3408bae0df0976e7c1350939c87f52ac7,dubbo-config/dubbo-config-spring/src/main/java/org/apache/dubbo/config/spring/context/DubboSpringInitializer.java,2023-08-09T11:15:27Z
8496,8496,dfd135eb95d92ffc3519426b812e274f43b49e9d,dubbo-common/src/main/java/org/apache/dubbo/config/RegistryConfig.java,2024-05-08T06:09:08Z
8497,8497,7c136268724d63686f0305b3d480a2904b413119,dubbo-rpc/dubbo-rpc-triple/src/main/java/org/apache/dubbo/rpc/protocol/tri/TripleConstant.java,2022-03-27T02:50:01Z
8499,8499,730695a7a26967889405b12fc54099bb006c8231,dubbo-cluster/src/main/java/org/apache/dubbo/rpc/cluster/RouterChain.java,2023-11-07T07:40:13Z
8501,8501,b06e5c2fdb7dc8fdf5ee3d18b3ef62cfe333e2c5,dubbo-config/dubbo-config-api/src/test/resources/META-INF/services/org.apache.dubbo.config.ServiceListener,2021-11-06T10:19:06Z
8501,8501,b06e5c2fdb7dc8fdf5ee3d18b3ef62cfe333e2c5,dubbo-config/dubbo-config-api/src/test/resources/META-INF/services/org.apache.dubbo.registry.integration.RegistryProtocolListener,2021-11-06T10:19:06Z
8501,8501,b06e5c2fdb7dc8fdf5ee3d18b3ef62cfe333e2c5,dubbo-config/dubbo-config-api/src/test/resources/META-INF/services/org.apache.dubbo.rpc.ExporterListener,2021-11-06T10:19:06Z
8501,8501,b06e5c2fdb7dc8fdf5ee3d18b3ef62cfe333e2c5,dubbo-config/dubbo-config-api/src/test/resources/META-INF/services/org.apache.dubbo.rpc.Filter,2021-11-06T10:19:06Z
8503,8503,730695a7a26967889405b12fc54099bb006c8231,dubbo-cluster/src/main/java/org/apache/dubbo/rpc/cluster/support/registry/ZoneAwareClusterInvoker.java,2023-11-07T07:40:13Z
8503,8503,730695a7a26967889405b12fc54099bb006c8231,dubbo-cluster/src/test/java/org/apache/dubbo/rpc/cluster/support/registry/ZoneAwareClusterInvokerTest.java,2023-11-07T07:40:13Z
8508,8508,00812ce41c44be6e5cd5e2b8e5bf602f806bbbca,dubbo-registry/dubbo-registry-multiple/src/main/java/org/apache/dubbo/registry/multiple/MultipleRegistry.java,2024-03-29T03:40:06Z
8509,8509,a342f67dc04fea2a5e6cfadba8392a43ca2f2546,dubbo-registry/dubbo-registry-api/src/main/java/org/apache/dubbo/registry/client/ServiceDiscoveryRegistryDirectory.java,2024-03-19T01:38:06Z
8510,8510,3a3fa4a4c32b177d74058c68d8167190b949d371,dubbo-config/dubbo-config-api/src/test/java/org/apache/dubbo/integration/single/exportprovider/SingleRegistryCenterExportProviderIntegrationTest.java,2021-10-13T07:42:29Z
8519,8519,730695a7a26967889405b12fc54099bb006c8231,dubbo-cluster/src/test/java/org/apache/dubbo/rpc/cluster/loadbalance/ShortestResponseLoadBalanceTest.java,2023-11-07T07:40:13Z
8520,8520,00812ce41c44be6e5cd5e2b8e5bf602f806bbbca,dubbo-config/dubbo-config-api/src/main/java/org/apache/dubbo/config/ServiceConfig.java,2024-03-29T03:40:06Z
8520,8520,00812ce41c44be6e5cd5e2b8e5bf602f806bbbca,dubbo-rpc/dubbo-rpc-api/src/main/java/org/apache/dubbo/rpc/support/MockInvoker.java,2024-03-29T03:40:06Z
8521,8521,730695a7a26967889405b12fc54099bb006c8231,dubbo-cluster/src/main/java/org/apache/dubbo/rpc/cluster/support/registry/ZoneAwareClusterInvoker.java,2023-11-07T07:40:13Z
8522,8522,08205284b8e107b61d4db9959dc760b78b1af1a5,dubbo-config/dubbo-config-api/src/main/java/com/alibaba/dubbo/config/ReferenceConfig.java,2018-06-14T01:06:28Z
8525,8525,238fe3125c427eda496b857623ba17e67f722ecd,dubbo-metadata/dubbo-metadata-api/src/main/java/org/apache/dubbo/metadata/report/MetadataReportInstance.java,2024-07-04T08:20:30Z
8526,8526,0d91d419a8b25a9917a03dc68a3eb5069ac856ea,dubbo-config/dubbo-config-spring/src/main/java/org/apache/dubbo/config/spring/beans/factory/annotation/ReferenceAnnotationBeanPostProcessor.java,2023-10-19T07:25:40Z
8530,8530,5f39404b076734d93c4437994f56280daaaabcd0,dubbo-rpc/dubbo-rpc-dubbo/src/main/java/org/apache/dubbo/rpc/protocol/dubbo/DecodeableRpcResult.java,2023-06-13T13:42:27Z
8531,8531,ac8ee831c9566569b8a58298983ee7e7ff30e4d8,dubbo-dependencies-bom/pom.xml,2024-07-02T06:27:45Z
8532,8532,730695a7a26967889405b12fc54099bb006c8231,dubbo-cluster/src/main/java/org/apache/dubbo/rpc/cluster/support/BroadcastClusterInvoker.java,2023-11-07T07:40:13Z
8532,8532,730695a7a26967889405b12fc54099bb006c8231,dubbo-cluster/src/test/java/org/apache/dubbo/rpc/cluster/support/BroadCastClusterInvokerTest.java,2023-11-07T07:40:13Z
8533,8533,1d282052ae18e71482e194dbeafdd78b09fb8215,dubbo-registry/dubbo-registry-nacos/src/main/java/org/apache/dubbo/registry/nacos/NacosServiceDiscovery.java,2023-04-10T12:07:52Z
8534,8534,ec443043e2da83d946943baabf7f122f9efc0dcc,dubbo-config/dubbo-config-api/src/main/java/org/apache/dubbo/config/ReferenceConfig.java,2024-04-01T03:03:29Z
8535,8535,25b73b1a135ae75ed50c68e6b5acd694067fd325,dubbo-config/dubbo-config-spring/src/main/java/org/apache/dubbo/config/spring/util/DubboAnnotationUtils.java,2023-12-27T15:19:51Z
8536,8536,ac8ee831c9566569b8a58298983ee7e7ff30e4d8,dubbo-dependencies-bom/pom.xml,2024-07-02T06:27:45Z
8537,8537,523a4189b8a7233c926eab1218daf627a3e870b8,dubbo-common/src/main/java/org/apache/dubbo/common/constants/CommonConstants.java,2024-06-04T14:59:16Z
8540,8540,b06e5c2fdb7dc8fdf5ee3d18b3ef62cfe333e2c5,dubbo-config/dubbo-config-api/src/test/resources/META-INF/services/org.apache.dubbo.config.ServiceListener,2021-11-06T10:19:06Z
8540,8540,b06e5c2fdb7dc8fdf5ee3d18b3ef62cfe333e2c5,dubbo-config/dubbo-config-api/src/test/resources/META-INF/services/org.apache.dubbo.rpc.ExporterListener,2021-11-06T10:19:06Z
8542,8542,7c136268724d63686f0305b3d480a2904b413119,dubbo-common/src/main/java/org/apache/dubbo/rpc/model/MethodDescriptor.java,2022-03-27T02:50:01Z
8542,8542,7c136268724d63686f0305b3d480a2904b413119,dubbo-common/src/test/java/org/apache/dubbo/descriptor/MethodDescriptorTest.java,2022-03-27T02:50:01Z
8543,8543,523a4189b8a7233c926eab1218daf627a3e870b8,dubbo-common/src/main/java/org/apache/dubbo/common/constants/CommonConstants.java,2024-06-04T14:59:16Z
8546,8546,9df0d154a5ff77de6572dce30cf8fb0f6d08963a,dubbo-distribution/dubbo-all/pom.xml,2023-12-20T13:21:49Z
8547,8547,5f39404b076734d93c4437994f56280daaaabcd0,dubbo-rpc/dubbo-rpc-dubbo/src/main/java/org/apache/dubbo/rpc/protocol/dubbo/DecodeableRpcResult.java,2023-06-13T13:42:27Z
8548,8548,00812ce41c44be6e5cd5e2b8e5bf602f806bbbca,dubbo-rpc/dubbo-rpc-api/src/main/java/org/apache/dubbo/rpc/support/MockInvoker.java,2024-03-29T03:40:06Z
8549,8549,dfd135eb95d92ffc3519426b812e274f43b49e9d,dubbo-config/dubbo-config-api/src/main/java/org/apache/dubbo/config/utils/ConfigValidationUtils.java,2024-05-08T06:09:08Z
8549,8549,dfd135eb95d92ffc3519426b812e274f43b49e9d,dubbo-config/dubbo-config-api/src/test/java/org/apache/dubbo/config/bootstrap/DubboBootstrapTest.java,2024-05-08T06:09:08Z
8550,8550,ac8ee831c9566569b8a58298983ee7e7ff30e4d8,dubbo-dependencies-bom/pom.xml,2024-07-02T06:27:45Z
8551,8551,730695a7a26967889405b12fc54099bb006c8231,dubbo-cluster/src/main/java/org/apache/dubbo/rpc/cluster/support/merger/DefaultProviderURLMergeProcessor.java,2023-11-07T07:40:13Z
8552,8552,94a50e5d4e7f937ac3df4b12cdaa9bb1c45593ca,dubbo-common/src/main/java/org/apache/dubbo/common/threadpool/manager/DefaultExecutorRepository.java,2023-04-11T13:29:30Z
8553,8553,ac8ee831c9566569b8a58298983ee7e7ff30e4d8,dubbo-dependencies-bom/pom.xml,2024-07-02T06:27:45Z
8554,8554,00812ce41c44be6e5cd5e2b8e5bf602f806bbbca,dubbo-rpc/dubbo-rpc-api/src/main/java/org/apache/dubbo/rpc/support/MockInvoker.java,2024-03-29T03:40:06Z
8555,8555,78ca5e523cd6969a0b7085e51d3996fd8448a55c,dubbo-registry/dubbo-registry-api/src/main/java/org/apache/dubbo/registry/client/event/listener/ServiceInstancesChangedListener.java,2023-07-13T12:54:38Z
8556,8556,523a4189b8a7233c926eab1218daf627a3e870b8,dubbo-common/src/main/java/org/apache/dubbo/common/constants/CommonConstants.java,2024-06-04T14:59:16Z
8558,8558,00812ce41c44be6e5cd5e2b8e5bf602f806bbbca,dubbo-rpc/dubbo-rpc-api/src/main/java/org/apache/dubbo/rpc/support/MockInvoker.java,2024-03-29T03:40:06Z
8560,8560,730695a7a26967889405b12fc54099bb006c8231,dubbo-cluster/src/test/java/org/apache/dubbo/rpc/cluster/configurator/absent/AbsentConfiguratorTest.java,2023-11-07T07:40:13Z
8560,8560,730695a7a26967889405b12fc54099bb006c8231,dubbo-cluster/src/test/java/org/apache/dubbo/rpc/cluster/configurator/override/OverrideConfiguratorTest.java,2023-11-07T07:40:13Z
8561,8561,61d73896039a97074a893303ace428d087aa0016,dubbo-rpc/dubbo-rpc-api/src/main/java/org/apache/dubbo/rpc/proxy/InvokerInvocationHandler.java,2022-08-09T01:58:20Z
8564,8564,f7a32be429e815e9bc70f0dec31d67461e5c695e,dubbo-config/dubbo-config-spring/src/test/java/org/apache/dubbo/config/spring/context/annotation/EnableDubboConfigTest.java,2023-12-22T02:25:53Z
8566,8566,0d749715efb93696178ee94e79341f58eec47078,dubbo-rpc/dubbo-rpc-triple/src/main/java/org/apache/dubbo/rpc/protocol/tri/SingleProtobufUtils.java,2023-01-20T03:27:55Z
8568,8568,ac8ee831c9566569b8a58298983ee7e7ff30e4d8,dubbo-dependencies-bom/pom.xml,2024-07-02T06:27:45Z
8569,8569,43d48bd6caf95f61f4e879a5be8b5560a55daee9,dubbo-registry/dubbo-registry-api/src/main/java/org/apache/dubbo/registry/support/AbstractRegistryFactory.java,2022-09-19T06:31:03Z
8573,8573,0a1ad55bff34c8cffc066c4ab26ac8466691a4f4,dubbo-registry/dubbo-registry-nacos/src/main/java/org/apache/dubbo/registry/nacos/NacosRegistry.java,2024-04-22T11:42:47Z
8574,8574,523a4189b8a7233c926eab1218daf627a3e870b8,dubbo-common/src/main/java/org/apache/dubbo/common/constants/CommonConstants.java,2024-06-04T14:59:16Z
8577,8577,b06e5c2fdb7dc8fdf5ee3d18b3ef62cfe333e2c5,dubbo-config/dubbo-config-api/src/test/resources/META-INF/services/org.apache.dubbo.config.ServiceListener,2021-11-06T10:19:06Z
8577,8577,b06e5c2fdb7dc8fdf5ee3d18b3ef62cfe333e2c5,dubbo-config/dubbo-config-api/src/test/resources/META-INF/services/org.apache.dubbo.rpc.ExporterListener,2021-11-06T10:19:06Z
8578,8578,00812ce41c44be6e5cd5e2b8e5bf602f806bbbca,dubbo-config/dubbo-config-api/src/main/java/org/apache/dubbo/config/ServiceConfig.java,2024-03-29T03:40:06Z
8579,8579,efa6900bb1b59c70f131af868396a8903b098a18,dubbo-cluster/src/main/java/org/apache/dubbo/rpc/cluster/router/condition/ConditionRouter.java,2021-11-03T03:13:04Z
8579,8579,efa6900bb1b59c70f131af868396a8903b098a18,dubbo-cluster/src/main/java/org/apache/dubbo/rpc/cluster/router/condition/config/ListenableRouter.java,2021-11-03T03:13:04Z
8580,8580,9f9b3d7cb7b6478f704d1527db2a40e22d14ecf5,dubbo-config/dubbo-config-spring/src/test/java/org/apache/dubbo/config/spring/ConfigTest.java,2022-11-22T08:05:58Z
8582,8582,00812ce41c44be6e5cd5e2b8e5bf602f806bbbca,dubbo-registry/dubbo-registry-multiple/src/main/java/org/apache/dubbo/registry/multiple/MultipleRegistry.java,2024-03-29T03:40:06Z
8583,8583,b8664c42350cd97de10223e0196dc9789cbc136d,dubbo-config/dubbo-config-spring/src/test/java/org/apache/dubbo/config/spring/schema/GenericServiceTest.java,2022-11-22T02:49:25Z
8584,8584,00812ce41c44be6e5cd5e2b8e5bf602f806bbbca,dubbo-config/dubbo-config-api/src/main/java/org/apache/dubbo/config/ServiceConfig.java,2024-03-29T03:40:06Z
8585,8585,523a4189b8a7233c926eab1218daf627a3e870b8,dubbo-common/src/main/java/org/apache/dubbo/common/constants/CommonConstants.java,2024-06-04T14:59:16Z
8587,8587,5f39404b076734d93c4437994f56280daaaabcd0,dubbo-rpc/dubbo-rpc-dubbo/src/main/java/org/apache/dubbo/rpc/protocol/dubbo/DecodeableRpcResult.java,2023-06-13T13:42:27Z
8588,8588,ac8ee831c9566569b8a58298983ee7e7ff30e4d8,dubbo-dependencies-bom/pom.xml,2024-07-02T06:27:45Z
8590,8590,5f39404b076734d93c4437994f56280daaaabcd0,dubbo-rpc/dubbo-rpc-dubbo/src/main/java/org/apache/dubbo/rpc/protocol/dubbo/DecodeableRpcResult.java,2023-06-13T13:42:27Z
8591,8591,f03823eec1610ab40fa894e279614703617ab29b,dubbo-remoting/dubbo-remoting-api/src/main/java/org/apache/dubbo/remoting/transport/AbstractClient.java,2024-04-07T02:31:23Z
8592,8592,4be8594bdefa3b941d062cbcee0794a3718c58b1,dubbo-rpc/dubbo-rpc-injvm/src/main/java/org/apache/dubbo/rpc/protocol/injvm/InjvmInvoker.java,2024-06-20T01:41:36Z
8593,8593,730695a7a26967889405b12fc54099bb006c8231,dubbo-cluster/src/test/java/org/apache/dubbo/rpc/cluster/router/mock/MockInvokersSelectorTest.java,2023-11-07T07:40:13Z
8594,8594,0d91d419a8b25a9917a03dc68a3eb5069ac856ea,dubbo-common/src/main/java/org/apache/dubbo/common/extension/ExtensionLoader.java,2023-10-19T07:25:40Z
8594,8594,0d91d419a8b25a9917a03dc68a3eb5069ac856ea,dubbo-common/src/main/java/org/apache/dubbo/common/extension/support/WrapperComparator.java,2023-10-19T07:25:40Z
8597,8597,aa54350c6f5abd0803ace8c14b9a731b69100d03,dubbo-registry/dubbo-registry-api/src/main/java/org/apache/dubbo/registry/client/metadata/ServiceInstanceMetadataUtils.java,2023-07-31T11:11:49Z
8598,8598,ba308219c60e9faa943d85b1bbbbe0b7d1be30df,dubbo-config/dubbo-config-spring/src/test/java/org/apache/dubbo/config/spring/reference/javaconfig/JavaConfigReferenceBeanTest.java,2023-06-07T05:49:49Z
8600,8600,b06e5c2fdb7dc8fdf5ee3d18b3ef62cfe333e2c5,dubbo-config/dubbo-config-api/src/test/resources/META-INF/services/org.apache.dubbo.registry.RegistryServiceListener,2021-11-06T10:19:06Z
8600,8600,b06e5c2fdb7dc8fdf5ee3d18b3ef62cfe333e2c5,dubbo-config/dubbo-config-api/src/test/resources/META-INF/services/org.apache.dubbo.registry.integration.RegistryProtocolListener,2021-11-06T10:19:06Z
8600,8600,b06e5c2fdb7dc8fdf5ee3d18b3ef62cfe333e2c5,dubbo-config/dubbo-config-api/src/test/resources/META-INF/services/org.apache.dubbo.rpc.ExporterListener,2021-11-06T10:19:06Z
8606,8606,b06e5c2fdb7dc8fdf5ee3d18b3ef62cfe333e2c5,dubbo-config/dubbo-config-api/src/test/resources/META-INF/services/org.apache.dubbo.config.ServiceListener,2021-11-06T10:19:06Z
8606,8606,b06e5c2fdb7dc8fdf5ee3d18b3ef62cfe333e2c5,dubbo-config/dubbo-config-api/src/test/resources/META-INF/services/org.apache.dubbo.rpc.ExporterListener,2021-11-06T10:19:06Z
8606,8606,b06e5c2fdb7dc8fdf5ee3d18b3ef62cfe333e2c5,dubbo-config/dubbo-config-spring/src/test/java/org/apache/dubbo/config/spring/registrycenter/AbstractRegistryCenter.java,2021-11-06T10:19:06Z
8607,8607,f224fc5a47ae87817a91241109f1fcab1fee1539,dubbo-registry/dubbo-registry-api/src/main/java/org/apache/dubbo/registry/integration/RegistryProtocol.java,2024-07-03T02:12:33Z
8608,8608,1add77ed6ec2872bb5cb8bbd69cdaea56f5b1acb,dubbo-rpc/dubbo-rpc-triple/src/main/java/org/apache/dubbo/rpc/protocol/tri/UnaryClientStream.java,2022-03-01T04:33:26Z
8609,8609,730695a7a26967889405b12fc54099bb006c8231,dubbo-cluster/src/main/java/org/apache/dubbo/rpc/cluster/Constants.java,2023-11-07T07:40:13Z
8609,8609,730695a7a26967889405b12fc54099bb006c8231,dubbo-cluster/src/main/java/org/apache/dubbo/rpc/cluster/RouterChain.java,2023-11-07T07:40:13Z
8609,8609,730695a7a26967889405b12fc54099bb006c8231,dubbo-cluster/src/main/java/org/apache/dubbo/rpc/cluster/router/condition/config/model/ConditionRouterRule.java,2023-11-07T07:40:13Z
8609,8609,730695a7a26967889405b12fc54099bb006c8231,dubbo-cluster/src/main/java/org/apache/dubbo/rpc/cluster/router/tag/model/TagRouterRule.java,2023-11-07T07:40:13Z
8609,8609,730695a7a26967889405b12fc54099bb006c8231,dubbo-cluster/src/main/java/org/apache/dubbo/rpc/cluster/support/wrapper/AbstractCluster.java,2023-11-07T07:40:13Z
8609,8609,730695a7a26967889405b12fc54099bb006c8231,dubbo-cluster/src/main/java/org/apache/dubbo/rpc/cluster/support/wrapper/MockClusterInvoker.java,2023-11-07T07:40:13Z
8612,8612,6b3f54383f4b6102215e33ea879a389dff0fd1eb,README.md,2024-04-11T08:47:51Z
8613,8613,6b3f54383f4b6102215e33ea879a389dff0fd1eb,README.md,2024-04-11T08:47:51Z
8615,8615,1add77ed6ec2872bb5cb8bbd69cdaea56f5b1acb,dubbo-rpc/dubbo-rpc-triple/src/main/java/org/apache/dubbo/rpc/protocol/tri/AbstractServerStream.java,2022-03-01T04:33:26Z
8616,8616,523a4189b8a7233c926eab1218daf627a3e870b8,dubbo-common/src/main/java/org/apache/dubbo/common/constants/CommonConstants.java,2024-06-04T14:59:16Z
8617,8617,00812ce41c44be6e5cd5e2b8e5bf602f806bbbca,dubbo-remoting/dubbo-remoting-netty4/src/main/java/org/apache/dubbo/remoting/transport/netty4/NettyChannel.java,2024-03-29T03:40:06Z
8618,8618,afbeaafe937c79edfb848803daa488ac9445deb2,dubbo-config/dubbo-config-api/src/test/java/org/apache/dubbo/integration/single/SingleRegistryCenterDubboProtocolIntegrationTest.java,2021-09-17T06:47:52Z
8619,8619,06e9410f6873f28db11bc0bec7823f9f3228df53,dubbo-registry/dubbo-registry-api/src/main/java/org/apache/dubbo/registry/client/ServiceDiscoveryRegistry.java,2023-11-01T11:16:19Z
8623,8623,510daffdf6c231cc456b0ce4d024e19620cecb9c,dubbo-rpc/dubbo-rpc-api/src/main/java/com/alibaba/dubbo/rpc/support/MockInvoker.java,2017-12-20T07:03:20Z
8624,8624,0d91d419a8b25a9917a03dc68a3eb5069ac856ea,dubbo-common/src/main/java/org/apache/dubbo/common/extension/support/WrapperComparator.java,2023-10-19T07:25:40Z
8628,8628,238fe3125c427eda496b857623ba17e67f722ecd,dubbo-metadata/dubbo-metadata-api/src/main/java/org/apache/dubbo/metadata/report/MetadataReportInstance.java,2024-07-04T08:20:30Z
8629,8629,12febcfbf505c926070686a4d4318812b1ed1938,dubbo-common/src/main/java/org/apache/dubbo/common/utils/NetUtils.java,2023-03-25T07:42:33Z
8630,8630,6b3f54383f4b6102215e33ea879a389dff0fd1eb,README.md,2024-04-11T08:47:51Z
8632,8632,6b3f54383f4b6102215e33ea879a389dff0fd1eb,README.md,2024-04-11T08:47:51Z
8635,8635,80b145db3e09c947f0b731776ec66694bafc4846,dubbo-config/dubbo-config-api/pom.xml,2024-05-14T03:48:31Z
8636,8636,730695a7a26967889405b12fc54099bb006c8231,dubbo-cluster/src/main/java/org/apache/dubbo/rpc/cluster/router/mesh/route/MeshRuleManager.java,2023-11-07T07:40:13Z
8637,8637,1add77ed6ec2872bb5cb8bbd69cdaea56f5b1acb,dubbo-rpc/dubbo-rpc-triple/src/main/java/org/apache/dubbo/rpc/protocol/tri/AbstractClientStream.java,2022-03-01T04:33:26Z
8637,8637,1add77ed6ec2872bb5cb8bbd69cdaea56f5b1acb,dubbo-rpc/dubbo-rpc-triple/src/main/java/org/apache/dubbo/rpc/protocol/tri/AbstractStream.java,2022-03-01T04:33:26Z
8637,8637,1add77ed6ec2872bb5cb8bbd69cdaea56f5b1acb,dubbo-rpc/dubbo-rpc-triple/src/main/java/org/apache/dubbo/rpc/protocol/tri/ClientStream.java,2022-03-01T04:33:26Z
8637,8637,1add77ed6ec2872bb5cb8bbd69cdaea56f5b1acb,dubbo-rpc/dubbo-rpc-triple/src/main/java/org/apache/dubbo/rpc/protocol/tri/ServerStream.java,2022-03-01T04:33:26Z
8637,8637,1add77ed6ec2872bb5cb8bbd69cdaea56f5b1acb,dubbo-rpc/dubbo-rpc-triple/src/main/java/org/apache/dubbo/rpc/protocol/tri/Stream.java,2022-03-01T04:33:26Z
8637,8637,1add77ed6ec2872bb5cb8bbd69cdaea56f5b1acb,dubbo-rpc/dubbo-rpc-triple/src/main/java/org/apache/dubbo/rpc/protocol/tri/TripleHttp2FrameServerHandler.java,2022-03-01T04:33:26Z
8637,8637,1add77ed6ec2872bb5cb8bbd69cdaea56f5b1acb,dubbo-rpc/dubbo-rpc-triple/src/main/java/org/apache/dubbo/rpc/protocol/tri/UnaryClientStream.java,2022-03-01T04:33:26Z
8637,8637,1add77ed6ec2872bb5cb8bbd69cdaea56f5b1acb,dubbo-rpc/dubbo-rpc-triple/src/main/java/org/apache/dubbo/rpc/protocol/tri/UnaryServerStream.java,2022-03-01T04:33:26Z
8637,8637,1add77ed6ec2872bb5cb8bbd69cdaea56f5b1acb,dubbo-rpc/dubbo-rpc-triple/src/test/java/org/apache/dubbo/rpc/protocol/tri/UnaryClientStreamTest.java,2022-03-01T04:33:26Z
8639,8639,80b145db3e09c947f0b731776ec66694bafc4846,dubbo-config/dubbo-config-api/pom.xml,2024-05-14T03:48:31Z
8641,8641,e79e0214cb4c0121fd8370b4074ed3d8f23934f4,dubbo-common/src/main/java/org/apache/dubbo/config/ServiceConfigBase.java,2023-06-22T06:30:06Z
8642,8642,718bdc1a65f4a6ce5d5eded40fcc50a00ed7ffda,dubbo-rpc/dubbo-rpc-triple/src/main/java/org/apache/dubbo/rpc/protocol/tri/TripleHeaderEnum.java,2023-04-11T14:56:58Z
8643,8643,ed6afe1ac34c0ddf5b3805254700488b7a7efb4d,dubbo-demo/dubbo-demo-xml/dubbo-demo-xml-consumer/pom.xml,2023-05-07T23:42:49Z
8643,8643,ed6afe1ac34c0ddf5b3805254700488b7a7efb4d,dubbo-demo/dubbo-demo-xml/dubbo-demo-xml-provider/pom.xml,2023-05-07T23:42:49Z
8644,8644,11d5bd9ffadf11af0d13e6ab478829b4ae3c8572,pom.xml,2024-06-24T09:54:45Z
8645,8645,f224fc5a47ae87817a91241109f1fcab1fee1539,dubbo-registry/dubbo-registry-api/src/main/java/org/apache/dubbo/registry/integration/RegistryProtocol.java,2024-07-03T02:12:33Z
8646,8646,0d91d419a8b25a9917a03dc68a3eb5069ac856ea,dubbo-common/src/main/java/org/apache/dubbo/common/extension/ExtensionLoader.java,2023-10-19T07:25:40Z
8646,8646,0d91d419a8b25a9917a03dc68a3eb5069ac856ea,dubbo-common/src/test/java/org/apache/dubbo/common/extension/ExtensionLoaderTest.java,2023-10-19T07:25:40Z
8648,8648,548db9861ffac386aefffd22cdfeb38076d34381,dubbo-common/src/main/java/org/apache/dubbo/common/utils/SerializeClassChecker.java,2023-02-03T01:10:44Z
8650,8650,c10d95b56a48e88d9014238a56e7ee1ea18a33d2,dubbo-rpc/dubbo-rpc-api/src/main/java/org/apache/dubbo/rpc/AsyncRpcResult.java,2023-10-11T15:32:30Z
8651,8651,1368e21d9bb1afda195b0411091cb90003658456,dubbo-common/pom.xml,2023-12-26T09:31:44Z
8653,8653,aa54350c6f5abd0803ace8c14b9a731b69100d03,dubbo-registry/dubbo-registry-api/src/main/java/org/apache/dubbo/registry/integration/RegistryDirectory.java,2023-07-31T11:11:49Z
8660,8660,238fe3125c427eda496b857623ba17e67f722ecd,dubbo-metadata/dubbo-metadata-api/src/main/java/org/apache/dubbo/metadata/report/MetadataReportInstance.java,2024-07-04T08:20:30Z
8662,8662,238fe3125c427eda496b857623ba17e67f722ecd,dubbo-metadata/dubbo-metadata-api/src/main/java/org/apache/dubbo/metadata/report/MetadataReportInstance.java,2024-07-04T08:20:30Z
8663,8663,4aaad1e6e986ac946097f5b9abc72f04eb08ca5b,dubbo-rpc/dubbo-rpc-triple/src/main/java/org/apache/dubbo/rpc/protocol/tri/TripleServerConnectionHandler.java,2021-10-25T06:38:48Z
8663,8663,4aaad1e6e986ac946097f5b9abc72f04eb08ca5b,dubbo-rpc/dubbo-rpc-triple/src/main/java/org/apache/dubbo/rpc/protocol/tri/TripleUtil.java,2021-10-25T06:38:48Z
8664,8664,1add77ed6ec2872bb5cb8bbd69cdaea56f5b1acb,dubbo-rpc/dubbo-rpc-triple/src/main/java/org/apache/dubbo/rpc/protocol/tri/UnaryClientStream.java,2022-03-01T04:33:26Z
8667,8667,1d282052ae18e71482e194dbeafdd78b09fb8215,dubbo-registry/dubbo-registry-nacos/src/main/java/org/apache/dubbo/registry/nacos/NacosServiceDiscovery.java,2023-04-10T12:07:52Z
8668,8668,1add77ed6ec2872bb5cb8bbd69cdaea56f5b1acb,dubbo-rpc/dubbo-rpc-triple/src/main/java/org/apache/dubbo/rpc/protocol/tri/UnaryClientStream.java,2022-03-01T04:33:26Z
8669,8669,f224fc5a47ae87817a91241109f1fcab1fee1539,dubbo-registry/dubbo-registry-api/src/main/java/org/apache/dubbo/registry/integration/RegistryProtocol.java,2024-07-03T02:12:33Z
8670,8670,854d85953d6421d19fa3e4bfc288d3f3a154010a,dubbo-config/dubbo-config-spring/src/test/java/org/apache/dubbo/config/spring/impl/MethodCallbackImpl.java,2022-12-30T08:27:16Z
8671,8671,92f7ac6656c68f298b31b2eccb02f5b4a9972c45,dubbo-registry/dubbo-registry-nacos/src/main/java/org/apache/dubbo/registry/nacos/util/NacosNamingServiceUtils.java,2023-01-17T03:17:56Z
8673,8673,3160602072c198728cca48e449984a4e596e7c37,dubbo-common/src/main/java/org/apache/dubbo/rpc/model/ApplicationModel.java,2023-06-19T01:34:06Z
8674,8674,8ad792c2876abb5c94b3c6393ee0ffce2117992f,dubbo-registry/dubbo-registry-api/src/main/java/org/apache/dubbo/registry/client/ServiceInstance.java,2023-06-19T13:29:24Z
8677,8677,00812ce41c44be6e5cd5e2b8e5bf602f806bbbca,dubbo-config/dubbo-config-api/src/main/java/org/apache/dubbo/config/ServiceConfig.java,2024-03-29T03:40:06Z
8679,8679,00812ce41c44be6e5cd5e2b8e5bf602f806bbbca,dubbo-config/dubbo-config-api/src/main/java/org/apache/dubbo/config/ServiceConfig.java,2024-03-29T03:40:06Z
8682,8682,f224fc5a47ae87817a91241109f1fcab1fee1539,dubbo-registry/dubbo-registry-api/src/main/java/org/apache/dubbo/registry/integration/RegistryProtocol.java,2024-07-03T02:12:33Z
8683,8683,f224fc5a47ae87817a91241109f1fcab1fee1539,dubbo-registry/dubbo-registry-api/src/main/java/org/apache/dubbo/registry/integration/RegistryProtocol.java,2024-07-03T02:12:33Z
8684,8684,f224fc5a47ae87817a91241109f1fcab1fee1539,dubbo-registry/dubbo-registry-api/src/main/java/org/apache/dubbo/registry/integration/RegistryProtocol.java,2024-07-03T02:12:33Z
8686,8686,ac8ee831c9566569b8a58298983ee7e7ff30e4d8,dubbo-dependencies-bom/pom.xml,2024-07-02T06:27:45Z
8687,8687,43bbf9f727fd2a9423e7e958a6bd0b3f0f89d6b1,dubbo-rpc/dubbo-rpc-triple/pom.xml,2023-04-18T02:04:52Z
8690,8690,e1a04777039be9ba6d360a0bf566f316ea47d3f3,compiler/pom.xml,2022-06-28T08:48:29Z
8693,8693,730695a7a26967889405b12fc54099bb006c8231,dubbo-cluster/src/main/java/org/apache/dubbo/rpc/cluster/loadbalance/AbstractLoadBalance.java,2023-11-07T07:40:13Z
8697,8697,00812ce41c44be6e5cd5e2b8e5bf602f806bbbca,dubbo-common/src/main/java/org/apache/dubbo/common/threadlocal/InternalThreadLocalMap.java,2024-03-29T03:40:06Z
8699,8699,b2a4f612ece11d6bac508600b22095ccd0e87c88,dubbo-config/dubbo-config-api/src/test/java/org/apache/dubbo/config/metadata/ServiceInstanceHostPortCustomizerTest.java,2021-12-29T02:56:05Z
8700,8700,5df704b67c1708be50fb7ca821957fb2783ac140,dubbo-rpc/dubbo-rpc-triple/src/main/java/org/apache/dubbo/rpc/protocol/tri/TripleHttp2Protocol.java,2023-11-16T07:26:33Z
8701,8701,0a1ad55bff34c8cffc066c4ab26ac8466691a4f4,dubbo-common/src/main/java/org/apache/dubbo/common/constants/RegistryConstants.java,2024-04-22T11:42:47Z
8702,8702,730695a7a26967889405b12fc54099bb006c8231,dubbo-cluster/src/test/java/org/apache/dubbo/rpc/cluster/support/AbstractClusterInvokerTest.java,2023-11-07T07:40:13Z
8703,8703,730695a7a26967889405b12fc54099bb006c8231,dubbo-cluster/src/test/java/org/apache/dubbo/rpc/cluster/support/AbstractClusterInvokerTest.java,2023-11-07T07:40:13Z
8705,8705,cbcbac9ce606ce5822791d0afb1ca95c7f29c6d1,dubbo-rpc/dubbo-rpc-api/src/main/java/org/apache/dubbo/rpc/RpcInvocation.java,2023-01-20T06:01:14Z
8712,8712,638b193c2c7a6ad96b651b686196345c24c89909,dubbo-rpc/dubbo-rpc-api/src/main/java/org/apache/dubbo/rpc/RpcException.java,2023-02-23T07:07:38Z
8713,8713,3160602072c198728cca48e449984a4e596e7c37,dubbo-config/dubbo-config-api/src/main/java/org/apache/dubbo/config/bootstrap/DubboBootstrap.java,2023-06-19T01:34:06Z
8714,8714,bfa46f59eb0054f86e6326f92a1c69cc40eeb58e,dubbo-config/dubbo-config-spring/src/main/java/org/apache/dubbo/config/spring/reference/ReferenceBeanManager.java,2023-09-01T05:32:19Z
8716,8716,71b9f6aa06afaa17a7cbdff0eeefda3757c0a638,dubbo-serialization/dubbo-serialization-jdk/src/main/java/org/apache/dubbo/common/serialize/java/JavaSerialization.java,2022-11-07T09:40:15Z
8716,8716,71b9f6aa06afaa17a7cbdff0eeefda3757c0a638,dubbo-serialization/dubbo-serialization-jdk/src/main/java/org/apache/dubbo/common/serialize/nativejava/NativeJavaSerialization.java,2022-11-07T09:40:15Z
8717,8717,ec443043e2da83d946943baabf7f122f9efc0dcc,dubbo-config/dubbo-config-api/src/main/java/org/apache/dubbo/config/ReferenceConfig.java,2024-04-01T03:03:29Z
8719,8719,730695a7a26967889405b12fc54099bb006c8231,dubbo-cluster/src/main/java/org/apache/dubbo/rpc/cluster/support/FailbackClusterInvoker.java,2023-11-07T07:40:13Z
8721,8721,886360461952940e5fd3f57323ba4be34be14a58,dubbo-registry/dubbo-registry-api/src/main/java/org/apache/dubbo/registry/client/metadata/MetadataServiceNameMapping.java,2024-05-08T03:59:26Z
8723,8723,12febcfbf505c926070686a4d4318812b1ed1938,dubbo-common/src/main/java/org/apache/dubbo/common/utils/NetUtils.java,2023-03-25T07:42:33Z
8728,8728,9af6fbf1d0d1456c18bd23bc10e447589616e98c,dubbo-common/src/main/java/org/apache/dubbo/config/context/ConfigManager.java,2023-06-07T07:54:40Z
8729,8729,c373ce10fe92347423b397e7ebb91ab9ab0b9018,dubbo-registry/dubbo-registry-api/src/main/java/org/apache/dubbo/registry/RegistryNotifier.java,2023-11-06T08:46:04Z
8730,8730,5df704b67c1708be50fb7ca821957fb2783ac140,dubbo-rpc/dubbo-rpc-triple/src/main/java/org/apache/dubbo/rpc/protocol/tri/TripleHttp2Protocol.java,2023-11-16T07:26:33Z
8731,8731,8c786cdf01126cc559856968d211fa648788d4d2,dubbo-common/src/main/java/org/apache/dubbo/common/url/component/ServiceAddressURL.java,2023-02-26T07:17:36Z
8732,8732,f224fc5a47ae87817a91241109f1fcab1fee1539,dubbo-registry/dubbo-registry-api/src/main/java/org/apache/dubbo/registry/integration/RegistryProtocol.java,2024-07-03T02:12:33Z
8734,8734,36e0cf5490f9ea289a9d809694b0b2347106a515,dubbo-rpc/dubbo-rpc-triple/src/main/java/org/apache/dubbo/rpc/protocol/tri/TripleInvoker.java,2024-03-11T06:00:16Z
8735,8735,52250b8a2086ca361fc3c3912720e3eb3d495b17,dubbo-remoting/dubbo-remoting-api/src/main/java/org/apache/dubbo/remoting/exchange/support/DefaultFuture.java,2023-09-12T04:45:03Z
8736,8736,5df704b67c1708be50fb7ca821957fb2783ac140,dubbo-rpc/dubbo-rpc-triple/src/main/java/org/apache/dubbo/rpc/protocol/tri/TripleHttp2Protocol.java,2023-11-16T07:26:33Z
8737,8737,f224fc5a47ae87817a91241109f1fcab1fee1539,dubbo-registry/dubbo-registry-api/src/main/java/org/apache/dubbo/registry/integration/RegistryProtocol.java,2024-07-03T02:12:33Z
8743,8743,730695a7a26967889405b12fc54099bb006c8231,dubbo-cluster/src/main/java/org/apache/dubbo/rpc/cluster/support/FailbackClusterInvoker.java,2023-11-07T07:40:13Z
8744,8744,52250b8a2086ca361fc3c3912720e3eb3d495b17,dubbo-remoting/dubbo-remoting-api/src/main/java/org/apache/dubbo/remoting/exchange/support/DefaultFuture.java,2023-09-12T04:45:03Z
8745,8745,52250b8a2086ca361fc3c3912720e3eb3d495b17,dubbo-remoting/dubbo-remoting-api/src/main/java/org/apache/dubbo/remoting/exchange/support/DefaultFuture.java,2023-09-12T04:45:03Z
8746,8746,046bb88d2f5b2077af243146acd30919adaf0477,dubbo-rpc/dubbo-rpc-dubbo/src/main/java/org/apache/dubbo/rpc/protocol/dubbo/ReferenceCountExchangeClient.java,2022-11-15T06:22:01Z
8747,8747,68e624f7643eeb1aa136a382e4432f3b77002f87,dubbo-registry/dubbo-registry-api/src/main/java/org/apache/dubbo/registry/client/InstanceAddressURL.java,2023-07-14T10:02:41Z
8749,8749,00812ce41c44be6e5cd5e2b8e5bf602f806bbbca,dubbo-config/dubbo-config-api/src/main/java/org/apache/dubbo/config/ServiceConfig.java,2024-03-29T03:40:06Z
8750,8750,b66509e4a43c6208dd5567242a6843fa80910c5f,dubbo-cluster/src/main/java/org/apache/dubbo/rpc/cluster/router/tag/TagDynamicStateRouter.java,2021-11-21T07:55:01Z
8751,8751,730695a7a26967889405b12fc54099bb006c8231,dubbo-cluster/src/main/java/org/apache/dubbo/rpc/cluster/router/tag/model/TagRouterRule.java,2023-11-07T07:40:13Z
8753,8753,523a4189b8a7233c926eab1218daf627a3e870b8,dubbo-common/src/main/java/org/apache/dubbo/common/constants/CommonConstants.java,2024-06-04T14:59:16Z
8755,8755,a342f67dc04fea2a5e6cfadba8392a43ca2f2546,dubbo-registry/dubbo-registry-api/src/main/java/org/apache/dubbo/registry/client/ServiceDiscoveryRegistryDirectory.java,2024-03-19T01:38:06Z
8756,8756,a342f67dc04fea2a5e6cfadba8392a43ca2f2546,dubbo-registry/dubbo-registry-api/src/main/java/org/apache/dubbo/registry/client/ServiceDiscoveryRegistryDirectory.java,2024-03-19T01:38:06Z
8757,8757,ec443043e2da83d946943baabf7f122f9efc0dcc,dubbo-config/dubbo-config-api/src/main/java/org/apache/dubbo/config/ReferenceConfig.java,2024-04-01T03:03:29Z
8758,8758,730695a7a26967889405b12fc54099bb006c8231,dubbo-cluster/src/main/java/org/apache/dubbo/rpc/cluster/Constants.java,2023-11-07T07:40:13Z
8759,8759,cd78bba7b7c7134b1317275da3ffc277dc6f54d0,dubbo-config/dubbo-config-spring/pom.xml,2024-05-14T03:48:23Z
8760,8760,1cd57821df6f17b498ab784b0b1f46b958ecf81f,dubbo-config/dubbo-config-api/src/test/java/org/apache/dubbo/config/ReferenceConfigTest.java,2024-01-13T10:12:45Z
8761,8761,f05662a66deb331008dbe02e8a0b3f4174820ad9,dubbo-registry/dubbo-registry-api/src/main/java/org/apache/dubbo/registry/client/DefaultServiceInstance.java,2023-04-11T03:24:55Z
8761,8761,f05662a66deb331008dbe02e8a0b3f4174820ad9,dubbo-registry/dubbo-registry-api/src/main/java/org/apache/dubbo/registry/client/metadata/SpringCloudMetadataServiceURLBuilder.java,2023-04-11T03:24:55Z
8761,8761,f05662a66deb331008dbe02e8a0b3f4174820ad9,dubbo-registry/dubbo-registry-api/src/test/java/org/apache/dubbo/registry/client/metadata/ProtocolPortsMetadataCustomizerTest.java,2023-04-11T03:24:55Z
8762,8762,b66509e4a43c6208dd5567242a6843fa80910c5f,dubbo-cluster/src/main/java/org/apache/dubbo/rpc/cluster/router/tag/TagStaticStateRouter.java,2021-11-21T07:55:01Z
8763,8763,b66509e4a43c6208dd5567242a6843fa80910c5f,dubbo-cluster/src/main/java/org/apache/dubbo/rpc/cluster/router/tag/TagStaticStateRouter.java,2021-11-21T07:55:01Z
8766,8766,cc95b52dfbed87cdcf72a3ab1176329c36595604,dubbo-common/src/test/java/org/apache/dubbo/common/extension/ExtensionDirectorTest.java,2024-05-21T10:57:10Z
8767,8767,06e9410f6873f28db11bc0bec7823f9f3228df53,dubbo-registry/dubbo-registry-api/src/main/java/org/apache/dubbo/registry/client/ServiceDiscoveryRegistry.java,2023-11-01T11:16:19Z
8768,8768,f224fc5a47ae87817a91241109f1fcab1fee1539,dubbo-registry/dubbo-registry-api/src/main/java/org/apache/dubbo/registry/integration/RegistryProtocol.java,2024-07-03T02:12:33Z
8769,8769,00812ce41c44be6e5cd5e2b8e5bf602f806bbbca,dubbo-config/dubbo-config-api/src/main/java/org/apache/dubbo/config/ServiceConfig.java,2024-03-29T03:40:06Z
8771,8771,238fe3125c427eda496b857623ba17e67f722ecd,dubbo-metadata/dubbo-metadata-api/src/main/java/org/apache/dubbo/metadata/report/MetadataReportInstance.java,2024-07-04T08:20:30Z
8772,8772,730695a7a26967889405b12fc54099bb006c8231,dubbo-cluster/src/test/java/org/apache/dubbo/rpc/cluster/directory/MockDirInvocation.java,2023-11-07T07:40:13Z
8774,8774,36e0cf5490f9ea289a9d809694b0b2347106a515,dubbo-rpc/dubbo-rpc-triple/src/main/java/org/apache/dubbo/rpc/protocol/tri/TripleInvoker.java,2024-03-11T06:00:16Z
8775,8775,52250b8a2086ca361fc3c3912720e3eb3d495b17,dubbo-remoting/dubbo-remoting-api/src/main/java/org/apache/dubbo/remoting/exchange/support/DefaultFuture.java,2023-09-12T04:45:03Z
8776,8776,52250b8a2086ca361fc3c3912720e3eb3d495b17,dubbo-remoting/dubbo-remoting-api/src/main/java/org/apache/dubbo/remoting/exchange/support/DefaultFuture.java,2023-09-12T04:45:03Z
8778,8778,52250b8a2086ca361fc3c3912720e3eb3d495b17,dubbo-remoting/dubbo-remoting-api/src/main/java/org/apache/dubbo/remoting/exchange/support/DefaultFuture.java,2023-09-12T04:45:03Z
8779,8779,3160602072c198728cca48e449984a4e596e7c37,dubbo-common/src/main/java/org/apache/dubbo/rpc/model/ApplicationModel.java,2023-06-19T01:34:06Z
8779,8779,3160602072c198728cca48e449984a4e596e7c37,dubbo-common/src/main/java/org/apache/dubbo/rpc/model/FrameworkModel.java,2023-06-19T01:34:06Z
8779,8779,3160602072c198728cca48e449984a4e596e7c37,dubbo-common/src/main/java/org/apache/dubbo/rpc/model/ModuleModel.java,2023-06-19T01:34:06Z
8779,8779,3160602072c198728cca48e449984a4e596e7c37,dubbo-common/src/main/java/org/apache/dubbo/rpc/model/ScopeModel.java,2023-06-19T01:34:06Z
8780,8780,ac8ee831c9566569b8a58298983ee7e7ff30e4d8,dubbo-dependencies-bom/pom.xml,2024-07-02T06:27:45Z
8781,8781,d2ae941502410fbbf937e654b25f1399eedd3fbf,dependencies-bom/pom.xml,2018-07-09T14:32:24Z
8782,8782,0a1ad55bff34c8cffc066c4ab26ac8466691a4f4,dubbo-registry/dubbo-registry-nacos/src/main/java/org/apache/dubbo/registry/nacos/NacosRegistry.java,2024-04-22T11:42:47Z
8783,8783,2c82cf7dfccd435be7f8de7346a937a27f2d0a9a,dubbo-metadata/dubbo-metadata-api/src/main/java/org/apache/dubbo/metadata/report/support/AbstractMetadataReport.java,2023-06-24T09:02:15Z
8784,8784,00812ce41c44be6e5cd5e2b8e5bf602f806bbbca,dubbo-plugin/dubbo-qos/src/main/java/org/apache/dubbo/qos/textui/TLadder.java,2024-03-29T03:40:06Z
8785,8785,11d5bd9ffadf11af0d13e6ab478829b4ae3c8572,pom.xml,2024-06-24T09:54:45Z
8786,8786,f224fc5a47ae87817a91241109f1fcab1fee1539,dubbo-registry/dubbo-registry-api/src/main/java/org/apache/dubbo/registry/integration/RegistryProtocol.java,2024-07-03T02:12:33Z
8787,8787,af566233dbb9673c9da18b545133bfaca0bd5bf5,dubbo-common/src/main/java/org/apache/dubbo/config/AbstractConfig.java,2023-09-03T02:36:26Z
8788,8788,aa54350c6f5abd0803ace8c14b9a731b69100d03,dubbo-metadata/dubbo-metadata-definition-protobuf/src/main/java/org/apache/dubbo/metadata/definition/protobuf/ProtobufTypeBuilder.java,2023-07-31T11:11:49Z
8789,8789,79a1cca4ef1d583d2ae2c8e3f16eeea5881712cc,dubbo-config/dubbo-config-spring/src/main/java/org/apache/dubbo/config/spring/ReferenceBean.java,2024-07-04T07:14:55Z
8790,8790,8b55a0b31e1c7f9b7d6df5171865bbc11a4d8544,dubbo-registry/dubbo-registry-api/src/main/java/com/alibaba/dubbo/registry/RegistryService.java,2018-06-08T03:41:08Z
8794,8794,ec443043e2da83d946943baabf7f122f9efc0dcc,dubbo-config/dubbo-config-api/src/main/java/org/apache/dubbo/config/ReferenceConfig.java,2024-04-01T03:03:29Z
8796,8796,238fe3125c427eda496b857623ba17e67f722ecd,dubbo-metadata/dubbo-metadata-api/src/main/java/org/apache/dubbo/metadata/report/MetadataReportInstance.java,2024-07-04T08:20:30Z
8799,8799,dfd135eb95d92ffc3519426b812e274f43b49e9d,dubbo-common/src/test/java/org/apache/dubbo/common/URLTest.java,2024-05-08T06:09:08Z
8800,8800,12f67868a9458b83ed3ff9721f935a40bfcfeae2,dubbo-common/src/main/java/org/apache/dubbo/rpc/model/ServiceModel.java,2022-09-02T03:07:47Z
8801,8801,dfd135eb95d92ffc3519426b812e274f43b49e9d,dubbo-common/src/test/java/org/apache/dubbo/common/URLTest.java,2024-05-08T06:09:08Z
8802,8802,1add77ed6ec2872bb5cb8bbd69cdaea56f5b1acb,dubbo-rpc/dubbo-rpc-triple/src/main/java/org/apache/dubbo/rpc/protocol/tri/AbstractStream.java,2022-03-01T04:33:26Z
8806,8806,e1a04777039be9ba6d360a0bf566f316ea47d3f3,compiler/pom.xml,2022-06-28T08:48:29Z
8806,8806,e1a04777039be9ba6d360a0bf566f316ea47d3f3,compiler/src/main/resources/Dubbo3Stub.mustache,2022-06-28T08:48:29Z
8807,8807,dfd135eb95d92ffc3519426b812e274f43b49e9d,dubbo-metadata/dubbo-metadata-api/src/test/java/org/apache/dubbo/metadata/report/support/AbstractMetadataReportFactoryTest.java,2024-05-08T06:09:08Z
8808,8808,00812ce41c44be6e5cd5e2b8e5bf602f806bbbca,dubbo-config/dubbo-config-api/src/main/java/org/apache/dubbo/config/ServiceConfig.java,2024-03-29T03:40:06Z
8809,8809,f224fc5a47ae87817a91241109f1fcab1fee1539,dubbo-registry/dubbo-registry-api/src/main/java/org/apache/dubbo/registry/integration/RegistryProtocol.java,2024-07-03T02:12:33Z
8810,8810,a342f67dc04fea2a5e6cfadba8392a43ca2f2546,dubbo-registry/dubbo-registry-api/src/main/java/org/apache/dubbo/registry/client/ServiceDiscoveryRegistryDirectory.java,2024-03-19T01:38:06Z
8812,8812,5f39404b076734d93c4437994f56280daaaabcd0,dubbo-rpc/dubbo-rpc-dubbo/src/main/java/org/apache/dubbo/rpc/protocol/dubbo/DecodeableRpcResult.java,2023-06-13T13:42:27Z
8814,8814,d4032660d5be0d133dc624c45af8c5a02caaef0b,dubbo-rpc/dubbo-rpc-dubbo/src/test/java/org/apache/dubbo/rpc/protocol/dubbo/ReferenceCountExchangeClientTest.java,2023-04-11T10:58:22Z
8815,8815,d4032660d5be0d133dc624c45af8c5a02caaef0b,dubbo-rpc/dubbo-rpc-dubbo/src/test/java/org/apache/dubbo/rpc/protocol/dubbo/ReferenceCountExchangeClientTest.java,2023-04-11T10:58:22Z
8817,8817,718bdc1a65f4a6ce5d5eded40fcc50a00ed7ffda,dubbo-rpc/dubbo-rpc-triple/src/main/java/org/apache/dubbo/rpc/protocol/tri/TripleHeaderEnum.java,2023-04-11T14:56:58Z
8818,8818,aa54350c6f5abd0803ace8c14b9a731b69100d03,dubbo-registry/dubbo-registry-api/src/main/java/org/apache/dubbo/registry/client/metadata/StandardMetadataServiceURLBuilder.java,2023-07-31T11:11:49Z
8819,8819,3160602072c198728cca48e449984a4e596e7c37,dubbo-common/src/main/java/org/apache/dubbo/rpc/model/ScopeModel.java,2023-06-19T01:34:06Z
8823,8823,00812ce41c44be6e5cd5e2b8e5bf602f806bbbca,dubbo-plugin/dubbo-qos/src/main/java/org/apache/dubbo/qos/command/impl/CountTelnet.java,2024-03-29T03:40:06Z
8823,8823,00812ce41c44be6e5cd5e2b8e5bf602f806bbbca,dubbo-plugin/dubbo-qos/src/main/java/org/apache/dubbo/qos/command/util/CommandHelper.java,2024-03-29T03:40:06Z
8824,8824,238fe3125c427eda496b857623ba17e67f722ecd,dubbo-metadata/dubbo-metadata-api/src/main/java/org/apache/dubbo/metadata/report/MetadataReportInstance.java,2024-07-04T08:20:30Z
8825,8825,730695a7a26967889405b12fc54099bb006c8231,dubbo-common/src/main/java/org/apache/dubbo/common/config/OrderedPropertiesProvider.java,2023-11-07T07:40:13Z
8828,8828,00812ce41c44be6e5cd5e2b8e5bf602f806bbbca,dubbo-common/src/main/java/org/apache/dubbo/common/bytecode/Wrapper.java,2024-03-29T03:40:06Z
8829,8829,36e0cf5490f9ea289a9d809694b0b2347106a515,dubbo-rpc/dubbo-rpc-triple/src/main/java/org/apache/dubbo/rpc/protocol/tri/TripleInvoker.java,2024-03-11T06:00:16Z
8831,8831,3160602072c198728cca48e449984a4e596e7c37,dubbo-common/src/main/java/org/apache/dubbo/rpc/model/ModuleModel.java,2023-06-19T01:34:06Z
8832,8832,428ca27a94826e5dadda1b2ab0d588ba3ece5fa2,dubbo-common/src/main/java/org/apache/dubbo/common/config/ModuleEnvironment.java,2024-02-29T07:25:22Z
8833,8833,473ea36b04d93e2efc439848ff65ec5b3bee06d9,dubbo-remoting/dubbo-remoting-zookeeper-curator5/src/main/java/org/apache/dubbo/remoting/zookeeper/curator5/Curator5ZookeeperClient.java,2024-06-04T04:54:44Z
8834,8834,473ea36b04d93e2efc439848ff65ec5b3bee06d9,dubbo-remoting/dubbo-remoting-zookeeper-curator5/src/main/java/org/apache/dubbo/remoting/zookeeper/curator5/Curator5ZookeeperClient.java,2024-06-04T04:54:44Z
8835,8835,85b03bca5601c416587677c984f8a76cc0af02ad,dubbo-config/dubbo-config-spring/src/main/java/org/apache/dubbo/config/spring/context/DubboDeployApplicationListener.java,2023-08-16T07:15:13Z
8837,8837,f224fc5a47ae87817a91241109f1fcab1fee1539,dubbo-registry/dubbo-registry-api/src/main/java/org/apache/dubbo/registry/integration/RegistryProtocol.java,2024-07-03T02:12:33Z
8840,8840,06e9410f6873f28db11bc0bec7823f9f3228df53,dubbo-registry/dubbo-registry-api/src/main/java/org/apache/dubbo/registry/client/ServiceDiscoveryRegistry.java,2023-11-01T11:16:19Z
8842,8842,36e0cf5490f9ea289a9d809694b0b2347106a515,dubbo-cluster/src/main/java/org/apache/dubbo/rpc/cluster/filter/support/ConsumerContextFilter.java,2024-03-11T06:00:16Z
8844,8844,548369311919dd83e87c792808b34ab0ecded5c6,dubbo-remoting/dubbo-remoting-zookeeper-curator5/src/test/java/org/apache/dubbo/remoting/zookeeper/curator5/Curator5ZookeeperClientTest.java,2023-02-28T05:32:31Z
8846,8846,238fe3125c427eda496b857623ba17e67f722ecd,dubbo-metadata/dubbo-metadata-api/src/main/java/org/apache/dubbo/metadata/report/MetadataReportInstance.java,2024-07-04T08:20:30Z
8847,8847,7d5fa50783c5321447368230ca75138425697459,dubbo-common/src/main/java/org/apache/dubbo/config/Constants.java,2024-06-24T01:26:45Z
8849,8849,00812ce41c44be6e5cd5e2b8e5bf602f806bbbca,dubbo-config/dubbo-config-api/src/main/java/org/apache/dubbo/config/ServiceConfig.java,2024-03-29T03:40:06Z
8850,8850,fc0f88f4f2f70c00c7e7328dd115b1b6c0b5857d,dubbo-registry/dubbo-registry-api/src/main/java/org/apache/dubbo/registry/client/migration/model/MigrationRule.java,2023-10-20T07:32:01Z
8851,8851,730695a7a26967889405b12fc54099bb006c8231,dubbo-cluster/src/test/java/org/apache/dubbo/rpc/cluster/support/FailoverClusterInvokerTest.java,2023-11-07T07:40:13Z
8852,8852,011d6e0a718280433aeb2e777366e55b20a51cfe,dubbo-common/src/main/java/org/apache/dubbo/config/AbstractServiceConfig.java,2024-01-02T08:47:08Z
8853,8853,3160602072c198728cca48e449984a4e596e7c37,dubbo-registry/dubbo-registry-api/src/main/java/org/apache/dubbo/registry/client/migration/MigrationRuleListener.java,2023-06-19T01:34:06Z
8853,8853,3160602072c198728cca48e449984a4e596e7c37,dubbo-registry/dubbo-registry-api/src/test/java/org/apache/dubbo/registry/client/migration/MigrationRuleListenerTest.java,2023-06-19T01:34:06Z
8854,8854,3a3d0ef50ee0939dbf5cd6ddb4b0aeb789b329af,dubbo-config/dubbo-config-spring/src/main/java/org/apache/dubbo/config/spring/beans/factory/annotation/ServiceClassPostProcessor.java,2021-04-30T12:25:24Z
8856,8856,3a3d0ef50ee0939dbf5cd6ddb4b0aeb789b329af,dubbo-config/dubbo-config-spring/src/main/java/org/apache/dubbo/config/spring/beans/factory/annotation/ServiceClassPostProcessor.java,2021-04-30T12:25:24Z
8857,8857,3d02e9c7892e8ab2becd906777ac8f698a1ebebe,dubbo-remoting/dubbo-remoting-api/src/main/java/org/apache/dubbo/remoting/exchange/codec/ExchangeCodec.java,2023-06-03T06:52:52Z
8858,8858,3d02e9c7892e8ab2becd906777ac8f698a1ebebe,dubbo-remoting/dubbo-remoting-api/src/main/java/org/apache/dubbo/remoting/exchange/codec/ExchangeCodec.java,2023-06-03T06:52:52Z
8860,8860,11d5bd9ffadf11af0d13e6ab478829b4ae3c8572,pom.xml,2024-06-24T09:54:45Z
8861,8861,730695a7a26967889405b12fc54099bb006c8231,dubbo-cluster/src/main/java/org/apache/dubbo/rpc/cluster/support/FailbackClusterInvoker.java,2023-11-07T07:40:13Z
8861,8861,730695a7a26967889405b12fc54099bb006c8231,dubbo-cluster/src/test/java/org/apache/dubbo/rpc/cluster/support/FailbackClusterInvokerTest.java,2023-11-07T07:40:13Z
8862,8862,189d76be5d94d43d8054cc58d48507380aea99a3,dubbo-registry/dubbo-registry-zookeeper/src/main/java/org/apache/dubbo/registry/zookeeper/ZookeeperRegistry.java,2024-05-21T03:36:53Z
8864,8864,730695a7a26967889405b12fc54099bb006c8231,dubbo-cluster/src/main/java/org/apache/dubbo/rpc/cluster/support/FailfastClusterInvoker.java,2023-11-07T07:40:13Z
8864,8864,730695a7a26967889405b12fc54099bb006c8231,dubbo-cluster/src/test/java/org/apache/dubbo/rpc/cluster/support/FailfastClusterInvokerTest.java,2023-11-07T07:40:13Z
8865,8865,730695a7a26967889405b12fc54099bb006c8231,dubbo-cluster/src/main/java/org/apache/dubbo/rpc/cluster/support/ForkingClusterInvoker.java,2023-11-07T07:40:13Z
8865,8865,730695a7a26967889405b12fc54099bb006c8231,dubbo-cluster/src/test/java/org/apache/dubbo/rpc/cluster/support/ForkingClusterInvokerTest.java,2023-11-07T07:40:13Z
8866,8866,00812ce41c44be6e5cd5e2b8e5bf602f806bbbca,dubbo-common/src/main/java/org/apache/dubbo/common/utils/ConfigUtils.java,2024-03-29T03:40:06Z
8867,8867,b12b23cbf0698dba96cb2e6b75e4ee272ed25523,dubbo-config/dubbo-config-api/src/main/java/org/apache/dubbo/config/deploy/DefaultApplicationDeployer.java,2024-05-22T03:10:19Z
8869,8869,b12b23cbf0698dba96cb2e6b75e4ee272ed25523,dubbo-config/dubbo-config-api/src/main/java/org/apache/dubbo/config/deploy/DefaultApplicationDeployer.java,2024-05-22T03:10:19Z
8870,8870,189d76be5d94d43d8054cc58d48507380aea99a3,dubbo-registry/dubbo-registry-zookeeper/src/main/java/org/apache/dubbo/registry/zookeeper/ZookeeperRegistry.java,2024-05-21T03:36:53Z
8871,8871,00812ce41c44be6e5cd5e2b8e5bf602f806bbbca,dubbo-rpc/dubbo-rpc-api/src/main/java/org/apache/dubbo/rpc/RpcServiceContext.java,2024-03-29T03:40:06Z
8872,8872,00812ce41c44be6e5cd5e2b8e5bf602f806bbbca,dubbo-rpc/dubbo-rpc-dubbo/src/main/java/org/apache/dubbo/rpc/protocol/dubbo/DubboProtocol.java,2024-03-29T03:40:06Z
8873,8873,3160602072c198728cca48e449984a4e596e7c37,dubbo-common/src/main/java/org/apache/dubbo/rpc/model/ApplicationModel.java,2023-06-19T01:34:06Z
8873,8873,3160602072c198728cca48e449984a4e596e7c37,dubbo-common/src/main/java/org/apache/dubbo/rpc/model/FrameworkModel.java,2023-06-19T01:34:06Z
8873,8873,3160602072c198728cca48e449984a4e596e7c37,dubbo-common/src/main/java/org/apache/dubbo/rpc/model/ModuleModel.java,2023-06-19T01:34:06Z
8874,8874,3160602072c198728cca48e449984a4e596e7c37,dubbo-common/src/main/java/org/apache/dubbo/rpc/model/FrameworkModel.java,2023-06-19T01:34:06Z
8876,8876,0a9b19c306c8ef34c1949e1634d03b4d0aa45904,dubbo-remoting/dubbo-remoting-netty4/src/main/java/org/apache/dubbo/remoting/transport/netty4/NettyClient.java,2023-03-08T12:11:07Z
8877,8877,0baba8646b516ed0f863a80b2ab7cfe3160b7c22,dubbo-spring-boot/pom.xml,2024-06-04T03:38:33Z
8878,8878,189d76be5d94d43d8054cc58d48507380aea99a3,dubbo-registry/dubbo-registry-zookeeper/src/main/java/org/apache/dubbo/registry/zookeeper/ZookeeperRegistry.java,2024-05-21T03:36:53Z
8879,8879,189d76be5d94d43d8054cc58d48507380aea99a3,dubbo-registry/dubbo-registry-zookeeper/src/main/java/org/apache/dubbo/registry/zookeeper/ZookeeperRegistry.java,2024-05-21T03:36:53Z
8881,8881,6ad735d74a7f1c5d694f212061e04af9c90a8d3b,dubbo-remoting/dubbo-remoting-api/src/main/java/org/apache/dubbo/remoting/exchange/support/header/HeaderExchangeChannel.java,2023-07-03T02:16:14Z
8882,8882,6ad735d74a7f1c5d694f212061e04af9c90a8d3b,dubbo-remoting/dubbo-remoting-api/src/main/java/org/apache/dubbo/remoting/exchange/support/header/HeaderExchangeChannel.java,2023-07-03T02:16:14Z
8883,8883,501bdfaaef53c02ced2799c87ca64b9ecbd29507,dubbo-common/src/main/java/org/apache/dubbo/common/beans/factory/ScopeBeanFactory.java,2024-03-12T03:25:14Z
8884,8884,00812ce41c44be6e5cd5e2b8e5bf602f806bbbca,dubbo-compatible/src/main/java/com/alibaba/dubbo/container/page/Page.java,2024-03-29T03:40:06Z
8884,8884,00812ce41c44be6e5cd5e2b8e5bf602f806bbbca,dubbo-compatible/src/main/java/com/alibaba/dubbo/container/page/PageServlet.java,2024-03-29T03:40:06Z
8884,8884,00812ce41c44be6e5cd5e2b8e5bf602f806bbbca,dubbo-compatible/src/main/java/com/alibaba/dubbo/container/page/ResourceFilter.java,2024-03-29T03:40:06Z
8884,8884,00812ce41c44be6e5cd5e2b8e5bf602f806bbbca,dubbo-compatible/src/main/java/com/alibaba/dubbo/container/page/pages/HomePageHandler.java,2024-03-29T03:40:06Z
8884,8884,00812ce41c44be6e5cd5e2b8e5bf602f806bbbca,dubbo-compatible/src/main/java/com/alibaba/dubbo/container/page/pages/LogPageHandler.java,2024-03-29T03:40:06Z
8884,8884,00812ce41c44be6e5cd5e2b8e5bf602f806bbbca,dubbo-compatible/src/main/java/com/alibaba/dubbo/container/page/pages/StatusPageHandler.java,2024-03-29T03:40:06Z
8884,8884,00812ce41c44be6e5cd5e2b8e5bf602f806bbbca,dubbo-compatible/src/main/java/com/alibaba/dubbo/container/page/pages/SystemPageHandler.java,2024-03-29T03:40:06Z
8885,8885,6095d71062bc6125167186ed0faa41d484251904,dubbo-common/src/main/java/org/apache/dubbo/common/logger/support/FailsafeLogger.java,2022-07-10T12:25:45Z
8886,8886,0419f25ac2bc44c5c74815d9bf64ff4d52606d8d,dubbo-registry/dubbo-registry-api/src/test/java/org/apache/dubbo/registry/client/support/MockServiceDiscovery.java,2023-01-06T08:48:39Z
8887,8887,b66509e4a43c6208dd5567242a6843fa80910c5f,dubbo-cluster/src/main/java/org/apache/dubbo/rpc/cluster/router/tag/TagDynamicStateRouter.java,2021-11-21T07:55:01Z
8887,8887,b66509e4a43c6208dd5567242a6843fa80910c5f,dubbo-cluster/src/main/java/org/apache/dubbo/rpc/cluster/router/tag/TagStaticStateRouter.java,2021-11-21T07:55:01Z
8888,8888,448da6ea8696d8c73cc2b83dfd5401bd83cc3b06,dubbo-remoting/dubbo-remoting-api/src/main/java/org/apache/dubbo/remoting/exchange/support/DefaultFuture2.java,2021-10-27T06:21:12Z
8889,8889,1bdbfd864740f6023762b788c7ae0d42f00fd5d6,dubbo-cluster/src/main/java/org/apache/dubbo/rpc/cluster/support/MergeableClusterInvoker.java,2024-01-02T10:58:43Z
8891,8891,1bdbfd864740f6023762b788c7ae0d42f00fd5d6,dubbo-cluster/src/main/java/org/apache/dubbo/rpc/cluster/support/MergeableClusterInvoker.java,2024-01-02T10:58:43Z
8893,8893,5df704b67c1708be50fb7ca821957fb2783ac140,dubbo-rpc/dubbo-rpc-triple/src/main/java/org/apache/dubbo/rpc/protocol/tri/TripleHttp2Protocol.java,2023-11-16T07:26:33Z
8894,8894,858f8a95a2197337d0dea1c87508384ad525a281,dubbo-registry/dubbo-registry-api/src/main/java/org/apache/dubbo/registry/client/metadata/store/RemoteMetadataServiceImpl.java,2021-11-16T09:53:27Z
8896,8896,00812ce41c44be6e5cd5e2b8e5bf602f806bbbca,dubbo-registry/dubbo-registry-multiple/src/main/java/org/apache/dubbo/registry/multiple/MultipleRegistry.java,2024-03-29T03:40:06Z
8898,8898,52250b8a2086ca361fc3c3912720e3eb3d495b17,dubbo-remoting/dubbo-remoting-api/src/main/java/org/apache/dubbo/remoting/exchange/support/DefaultFuture.java,2023-09-12T04:45:03Z
8899,8899,00812ce41c44be6e5cd5e2b8e5bf602f806bbbca,dubbo-registry/dubbo-registry-multiple/src/main/java/org/apache/dubbo/registry/multiple/MultipleRegistry.java,2024-03-29T03:40:06Z
8900,8900,00812ce41c44be6e5cd5e2b8e5bf602f806bbbca,dubbo-registry/dubbo-registry-multiple/src/main/java/org/apache/dubbo/registry/multiple/MultipleRegistry.java,2024-03-29T03:40:06Z
8901,8901,448da6ea8696d8c73cc2b83dfd5401bd83cc3b06,dubbo-remoting/dubbo-remoting-api/src/main/java/org/apache/dubbo/remoting/exchange/support/DefaultFuture2.java,2021-10-27T06:21:12Z
8903,8903,1da8c5cfa6f7555a225f1f95a188fc1281368238,dubbo-registry/dubbo-registry-api/src/main/java/org/apache/dubbo/registry/client/EventPublishingServiceDiscovery.java,2021-04-27T07:13:35Z
8904,8904,8fc267ba9b3cd6e519a0771b4eb80f623d3b6fa6,dubbo-config/dubbo-config-spring/src/main/java/org/apache/dubbo/config/spring/context/DubboConfigBeanInitializer.java,2023-03-30T02:23:23Z
8905,8905,0d91d419a8b25a9917a03dc68a3eb5069ac856ea,dubbo-rpc/dubbo-rpc-api/src/main/java/org/apache/dubbo/rpc/proxy/AbstractProxyFactory.java,2023-10-19T07:25:40Z
8906,8906,edaaa1612190c60467cae14bf9550e86bd0ca004,dubbo-rpc/dubbo-rpc-api/src/main/java/org/apache/dubbo/rpc/protocol/AbstractInvoker.java,2023-09-20T01:45:28Z
8907,8907,0a1ad55bff34c8cffc066c4ab26ac8466691a4f4,dubbo-registry/dubbo-registry-nacos/src/main/java/org/apache/dubbo/registry/nacos/NacosRegistry.java,2024-04-22T11:42:47Z
8908,8908,06e9410f6873f28db11bc0bec7823f9f3228df53,dubbo-registry/dubbo-registry-api/src/main/java/org/apache/dubbo/registry/client/ServiceDiscoveryRegistry.java,2023-11-01T11:16:19Z
8910,8910,730695a7a26967889405b12fc54099bb006c8231,dubbo-cluster/src/test/java/org/apache/dubbo/rpc/cluster/support/FailoverClusterInvokerTest.java,2023-11-07T07:40:13Z
8912,8912,00812ce41c44be6e5cd5e2b8e5bf602f806bbbca,dubbo-config/dubbo-config-api/src/main/java/org/apache/dubbo/config/ServiceConfig.java,2024-03-29T03:40:06Z
8913,8913,1fbeed8e552d221822b06740cf31312aa7aa29c5,dubbo-registry/dubbo-registry-api/src/test/java/org/apache/dubbo/registry/client/metadata/MetadataServiceURLBuilderTest.java,2022-11-22T02:47:54Z
8913,8913,1fbeed8e552d221822b06740cf31312aa7aa29c5,dubbo-registry/dubbo-registry-api/src/test/java/org/apache/dubbo/registry/client/metadata/StandardMetadataServiceURLBuilderTest.java,2022-11-22T02:47:54Z
8914,8914,43d46d9d9e5037b1c89c2a27734b33c01bb6eca5,dubbo-registry/dubbo-registry-api/src/test/java/org/apache/dubbo/registry/client/metadata/ServiceInstanceMetadataUtilsTest.java,2021-12-01T02:05:02Z
8915,8915,dfd135eb95d92ffc3519426b812e274f43b49e9d,dubbo-registry/dubbo-registry-api/src/main/java/org/apache/dubbo/registry/client/AbstractServiceDiscovery.java,2024-05-08T06:09:08Z
8916,8916,00812ce41c44be6e5cd5e2b8e5bf602f806bbbca,dubbo-cluster/src/main/java/org/apache/dubbo/rpc/cluster/loadbalance/ConsistentHashLoadBalance.java,2024-03-29T03:40:06Z
8917,8917,00812ce41c44be6e5cd5e2b8e5bf602f806bbbca,dubbo-container/dubbo-container-api/src/main/java/org/apache/dubbo/container/Main.java,2024-03-29T03:40:06Z
8918,8918,00812ce41c44be6e5cd5e2b8e5bf602f806bbbca,dubbo-container/dubbo-container-api/src/main/java/org/apache/dubbo/container/Main.java,2024-03-29T03:40:06Z
8920,8920,912deb69a8ee5f043a222ddeb2eef1e23d46957f,dubbo-remoting/dubbo-remoting-http/src/test/java/org/apache/dubbo/remoting/http/tomcat/TomcatHttpBinderTest.java,2023-04-05T06:10:53Z
8921,8921,912deb69a8ee5f043a222ddeb2eef1e23d46957f,dubbo-remoting/dubbo-remoting-http/src/test/java/org/apache/dubbo/remoting/http/tomcat/TomcatHttpBinderTest.java,2023-04-05T06:10:53Z
8922,8922,1add77ed6ec2872bb5cb8bbd69cdaea56f5b1acb,dubbo-rpc/dubbo-rpc-triple/src/main/java/org/apache/dubbo/rpc/protocol/tri/TripleHttp2FrameServerHandler.java,2022-03-01T04:33:26Z
8924,8924,0d91d419a8b25a9917a03dc68a3eb5069ac856ea,dubbo-rpc/dubbo-rpc-api/src/main/java/org/apache/dubbo/rpc/filter/GenericFilter.java,2023-10-19T07:25:40Z
8925,8925,3160602072c198728cca48e449984a4e596e7c37,dubbo-config/dubbo-config-api/src/main/java/org/apache/dubbo/config/bootstrap/DubboBootstrap.java,2023-06-19T01:34:06Z
8926,8926,f224fc5a47ae87817a91241109f1fcab1fee1539,dubbo-registry/dubbo-registry-api/src/main/java/org/apache/dubbo/registry/integration/RegistryProtocol.java,2024-07-03T02:12:33Z
8927,8927,3160602072c198728cca48e449984a4e596e7c37,dubbo-common/src/main/java/org/apache/dubbo/rpc/model/ApplicationModel.java,2023-06-19T01:34:06Z
8927,8927,3160602072c198728cca48e449984a4e596e7c37,dubbo-config/dubbo-config-api/src/main/java/org/apache/dubbo/config/bootstrap/DubboBootstrap.java,2023-06-19T01:34:06Z
8928,8928,cd78bba7b7c7134b1317275da3ffc277dc6f54d0,dubbo-config/dubbo-config-spring/pom.xml,2024-05-14T03:48:23Z
8930,8930,bc85a3f29a01e44fb415b0647ac755c319f3fcac,dubbo-remoting/dubbo-remoting-netty/src/test/java/org/apache/dubbo/remoting/exchange/support/header/HeartbeatHandlerTest.java,2023-04-11T08:10:06Z
8931,8931,bc85a3f29a01e44fb415b0647ac755c319f3fcac,dubbo-remoting/dubbo-remoting-netty/src/test/java/org/apache/dubbo/remoting/exchange/support/header/HeartbeatHandlerTest.java,2023-04-11T08:10:06Z
8934,8934,730695a7a26967889405b12fc54099bb006c8231,dubbo-cluster/src/test/java/org/apache/dubbo/rpc/cluster/support/AvailableClusterInvokerTest.java,2023-11-07T07:40:13Z
8937,8937,6b3f54383f4b6102215e33ea879a389dff0fd1eb,README.md,2024-04-11T08:47:51Z
8938,8938,ac8ee831c9566569b8a58298983ee7e7ff30e4d8,dubbo-dependencies-bom/pom.xml,2024-07-02T06:27:45Z
8939,8939,ac8ee831c9566569b8a58298983ee7e7ff30e4d8,dubbo-dependencies-bom/pom.xml,2024-07-02T06:27:45Z
8941,8941,da5c7ed33dd2ca53946b228f105453ccb0d80b93,dubbo-rpc/dubbo-rpc-dubbo/src/main/java/org/apache/dubbo/rpc/protocol/dubbo/DecodeableRpcInvocation.java,2023-09-25T01:40:18Z
8943,8943,730695a7a26967889405b12fc54099bb006c8231,dubbo-common/src/main/java/org/apache/dubbo/common/compiler/support/JdkCompiler.java,2023-11-07T07:40:13Z
8945,8945,aa54350c6f5abd0803ace8c14b9a731b69100d03,dubbo-registry/dubbo-registry-api/src/main/java/org/apache/dubbo/registry/client/metadata/ServiceInstanceMetadataUtils.java,2023-07-31T11:11:49Z
8946,8946,36e0cf5490f9ea289a9d809694b0b2347106a515,dubbo-rpc/dubbo-rpc-triple/src/main/java/org/apache/dubbo/rpc/protocol/tri/TripleInvoker.java,2024-03-11T06:00:16Z
8947,8947,730695a7a26967889405b12fc54099bb006c8231,dubbo-cluster/src/main/java/org/apache/dubbo/rpc/cluster/router/mesh/route/MeshRuleRouter.java,2023-11-07T07:40:13Z
8947,8947,730695a7a26967889405b12fc54099bb006c8231,dubbo-cluster/src/test/java/org/apache/dubbo/rpc/cluster/router/mesh/route/MeshRuleRouterTest.java,2023-11-07T07:40:13Z
8948,8948,00812ce41c44be6e5cd5e2b8e5bf602f806bbbca,dubbo-cluster/src/main/java/org/apache/dubbo/rpc/cluster/loadbalance/ConsistentHashLoadBalance.java,2024-03-29T03:40:06Z
8951,8951,730695a7a26967889405b12fc54099bb006c8231,dubbo-cluster/src/main/java/org/apache/dubbo/rpc/cluster/RouterChain.java,2023-11-07T07:40:13Z
8952,8952,4be8594bdefa3b941d062cbcee0794a3718c58b1,dubbo-rpc/dubbo-rpc-injvm/src/main/java/org/apache/dubbo/rpc/protocol/injvm/InjvmInvoker.java,2024-06-20T01:41:36Z
8954,8954,00812ce41c44be6e5cd5e2b8e5bf602f806bbbca,dubbo-common/src/main/java/org/apache/dubbo/common/timer/HashedWheelTimer.java,2024-03-29T03:40:06Z
8955,8955,5df704b67c1708be50fb7ca821957fb2783ac140,dubbo-rpc/dubbo-rpc-triple/src/main/java/org/apache/dubbo/rpc/protocol/tri/TripleHttp2Protocol.java,2023-11-16T07:26:33Z
8956,8956,00812ce41c44be6e5cd5e2b8e5bf602f806bbbca,dubbo-common/src/main/java/org/apache/dubbo/common/timer/HashedWheelTimer.java,2024-03-29T03:40:06Z
8958,8958,b2a4f612ece11d6bac508600b22095ccd0e87c88,dubbo-config/dubbo-config-spring/src/test/java/org/apache/dubbo/config/spring/DubboStateListener.java,2021-12-29T02:56:05Z
8960,8960,1fbeed8e552d221822b06740cf31312aa7aa29c5,dubbo-registry/dubbo-registry-zookeeper/src/test/java/org/apache/dubbo/registry/zookeeper/ZookeeperServiceDiscoveryTest.java,2022-11-22T02:47:54Z
8962,8962,1fbeed8e552d221822b06740cf31312aa7aa29c5,dubbo-registry/dubbo-registry-zookeeper/src/test/java/org/apache/dubbo/registry/zookeeper/ZookeeperServiceDiscoveryTest.java,2022-11-22T02:47:54Z
8966,8966,57b87029a662acc9ee2d762aa50fda95301cb9df,dubbo-demo/dubbo-demo-native/dubbo-demo-native-consumer/pom.xml,2024-05-21T02:09:33Z
8966,8966,57b87029a662acc9ee2d762aa50fda95301cb9df,dubbo-demo/dubbo-demo-native/dubbo-demo-native-provider/pom.xml,2024-05-21T02:09:33Z
8968,8968,a1642ac07a838e31bab952d972be62c007a95a34,dubbo-common/src/main/java/org/apache/dubbo/common/utils/ReflectUtils.java,2023-11-20T02:51:25Z
8970,8970,11d5bd9ffadf11af0d13e6ab478829b4ae3c8572,pom.xml,2024-06-24T09:54:45Z
8971,8971,680481ccdfbeff973a5cc66a42e9ccba87f8ca64,dubbo-registry/dubbo-registry-api/src/main/java/org/apache/dubbo/registry/Constants.java,2023-06-26T04:59:18Z
8972,8972,730695a7a26967889405b12fc54099bb006c8231,dubbo-cluster/src/test/java/org/apache/dubbo/rpc/cluster/support/AvailableClusterInvokerTest.java,2023-11-07T07:40:13Z
8973,8973,ec443043e2da83d946943baabf7f122f9efc0dcc,dubbo-config/dubbo-config-api/src/main/java/org/apache/dubbo/config/ReferenceConfig.java,2024-04-01T03:03:29Z
8974,8974,1cd57821df6f17b498ab784b0b1f46b958ecf81f,dubbo-config/dubbo-config-api/src/test/java/org/apache/dubbo/config/ReferenceConfigTest.java,2024-01-13T10:12:45Z
8975,8975,94a50e5d4e7f937ac3df4b12cdaa9bb1c45593ca,dubbo-common/src/main/java/org/apache/dubbo/common/threadpool/manager/DefaultExecutorRepository.java,2023-04-11T13:29:30Z
8976,8976,966efaab85a30d3d9339093381a7b069c2d71c64,dubbo-rpc/dubbo-rpc-api/src/test/java/org/apache/dubbo/rpc/filter/ExceptionFilterTest.java,2024-01-10T03:27:48Z
8977,8977,0d879666b4fc6163f42fcec2838633bb9f99a482,dubbo-common/src/test/java/org/apache/dubbo/config/context/ConfigManagerTest.java,2023-12-04T13:32:50Z
8979,8979,143d61d3e28ce16dc3f89c53d7933524fb9ebff8,dubbo-remoting/dubbo-remoting-api/src/test/java/org/apache/dubbo/remoting/api/MultiplexProtocolConnectionManagerTest.java,2022-11-22T03:05:42Z
8981,8981,1fbeed8e552d221822b06740cf31312aa7aa29c5,dubbo-registry/dubbo-registry-api/src/test/java/org/apache/dubbo/registry/support/FailbackRegistryTest.java,2022-11-22T02:47:54Z
8982,8982,1fbeed8e552d221822b06740cf31312aa7aa29c5,dubbo-registry/dubbo-registry-api/src/test/java/org/apache/dubbo/registry/support/FailbackRegistryTest.java,2022-11-22T02:47:54Z
8983,8983,ac8ee831c9566569b8a58298983ee7e7ff30e4d8,dubbo-dependencies-bom/pom.xml,2024-07-02T06:27:45Z
8984,8984,5df704b67c1708be50fb7ca821957fb2783ac140,dubbo-rpc/dubbo-rpc-triple/src/main/java/org/apache/dubbo/rpc/protocol/tri/TripleHttp2Protocol.java,2023-11-16T07:26:33Z
8986,8986,4be8594bdefa3b941d062cbcee0794a3718c58b1,dubbo-rpc/dubbo-rpc-injvm/src/main/java/org/apache/dubbo/rpc/protocol/injvm/InjvmInvoker.java,2024-06-20T01:41:36Z
8989,8989,9f9b3d7cb7b6478f704d1527db2a40e22d14ecf5,dubbo-config/dubbo-config-spring/src/test/java/org/apache/dubbo/config/spring/ConfigTest.java,2022-11-22T08:05:58Z
8990,8990,0d879666b4fc6163f42fcec2838633bb9f99a482,dubbo-common/src/test/java/org/apache/dubbo/config/context/ConfigManagerTest.java,2023-12-04T13:32:50Z
8994,8994,ac8ee831c9566569b8a58298983ee7e7ff30e4d8,dubbo-dependencies-bom/pom.xml,2024-07-02T06:27:45Z
8995,8995,ac8ee831c9566569b8a58298983ee7e7ff30e4d8,dubbo-dependencies-bom/pom.xml,2024-07-02T06:27:45Z
8997,8997,ec443043e2da83d946943baabf7f122f9efc0dcc,dubbo-config/dubbo-config-api/src/main/java/org/apache/dubbo/config/ReferenceConfig.java,2024-04-01T03:03:29Z
8998,8998,730695a7a26967889405b12fc54099bb006c8231,dubbo-common/src/main/java/org/apache/dubbo/common/compiler/support/AbstractCompiler.java,2023-11-07T07:40:13Z
8998,8998,730695a7a26967889405b12fc54099bb006c8231,dubbo-common/src/main/java/org/apache/dubbo/common/compiler/support/JavassistCompiler.java,2023-11-07T07:40:13Z
8998,8998,730695a7a26967889405b12fc54099bb006c8231,dubbo-common/src/main/java/org/apache/dubbo/common/compiler/support/JdkCompiler.java,2023-11-07T07:40:13Z
8999,8999,c10d95b56a48e88d9014238a56e7ee1ea18a33d2,dubbo-common/src/main/java/org/apache/dubbo/common/threadpool/serial/SerializingExecutor.java,2023-10-11T15:32:30Z
9001,9001,b12b23cbf0698dba96cb2e6b75e4ee272ed25523,dubbo-config/dubbo-config-api/src/main/java/org/apache/dubbo/config/deploy/DefaultApplicationDeployer.java,2024-05-22T03:10:19Z
9002,9002,b12b23cbf0698dba96cb2e6b75e4ee272ed25523,dubbo-config/dubbo-config-api/src/main/java/org/apache/dubbo/config/deploy/DefaultApplicationDeployer.java,2024-05-22T03:10:19Z
9003,9003,b12b23cbf0698dba96cb2e6b75e4ee272ed25523,dubbo-config/dubbo-config-api/src/main/java/org/apache/dubbo/config/deploy/DefaultApplicationDeployer.java,2024-05-22T03:10:19Z
9004,9004,71b9f6aa06afaa17a7cbdff0eeefda3757c0a638,dubbo-rpc/dubbo-rpc-triple/src/main/java/org/apache/dubbo/rpc/protocol/tri/service/TriHealthImpl.java,2022-11-07T09:40:15Z
9006,9006,5216214a077de14e84637e9ec65d5341c7f75138,dubbo-spring-boot/dubbo-spring-boot-compatible/autoconfigure/src/main/java/org/apache/dubbo/spring/boot/context/event/DubboConfigBeanDefinitionConflictApplicationListener.java,2022-02-25T08:47:08Z
9008,9008,e6763502253298ec254b4ac0e34b1519624973d7,dubbo-config/dubbo-config-spring/src/test/java/org/apache/dubbo/config/spring/impl/NotifyService.java,2021-10-12T02:43:45Z
9010,9010,00812ce41c44be6e5cd5e2b8e5bf602f806bbbca,dubbo-remoting/dubbo-remoting-api/src/main/java/org/apache/dubbo/remoting/exchange/support/header/HeaderExchangeServer.java,2024-03-29T03:40:06Z
9011,9011,05cecc55bccc5c4ab985f7bab3b3c63e7380ed01,dubbo-config/dubbo-config-spring/src/main/resources/META-INF/dubbo.xsd,2024-02-02T06:10:23Z
9013,9013,b12b23cbf0698dba96cb2e6b75e4ee272ed25523,dubbo-config/dubbo-config-api/src/main/java/org/apache/dubbo/config/deploy/DefaultApplicationDeployer.java,2024-05-22T03:10:19Z
9015,9015,b12b23cbf0698dba96cb2e6b75e4ee272ed25523,dubbo-config/dubbo-config-api/src/main/java/org/apache/dubbo/config/deploy/DefaultApplicationDeployer.java,2024-05-22T03:10:19Z
9016,9016,43d48bd6caf95f61f4e879a5be8b5560a55daee9,dubbo-registry/dubbo-registry-api/src/main/java/org/apache/dubbo/registry/support/AbstractRegistryFactory.java,2022-09-19T06:31:03Z
9018,9018,4aaad1e6e986ac946097f5b9abc72f04eb08ca5b,dubbo-rpc/dubbo-rpc-triple/src/main/java/org/apache/dubbo/rpc/protocol/tri/TripleUtil.java,2021-10-25T06:38:48Z
9019,9019,f224fc5a47ae87817a91241109f1fcab1fee1539,dubbo-registry/dubbo-registry-api/src/main/java/org/apache/dubbo/registry/integration/RegistryProtocol.java,2024-07-03T02:12:33Z
9020,9020,d57ad312994dc29d84ffc5b83768a784ae901d6c,dubbo-registry/dubbo-registry-api/src/main/java/org/apache/dubbo/registry/client/migration/MigrationRuleHandler.java,2023-02-25T09:15:07Z
9020,9020,d57ad312994dc29d84ffc5b83768a784ae901d6c,dubbo-registry/dubbo-registry-api/src/test/java/org/apache/dubbo/registry/client/migration/MigrationRuleHandlerTest.java,2023-02-25T09:15:07Z
9021,9021,1add77ed6ec2872bb5cb8bbd69cdaea56f5b1acb,dubbo-rpc/dubbo-rpc-triple/src/main/java/org/apache/dubbo/rpc/protocol/tri/TripleClientRequestHandler.java,2022-03-01T04:33:26Z
9021,9021,1add77ed6ec2872bb5cb8bbd69cdaea56f5b1acb,dubbo-rpc/dubbo-rpc-triple/src/main/java/org/apache/dubbo/rpc/protocol/tri/TripleHttp2FrameServerHandler.java,2022-03-01T04:33:26Z
9023,9023,523a4189b8a7233c926eab1218daf627a3e870b8,dubbo-common/src/main/java/org/apache/dubbo/common/constants/CommonConstants.java,2024-06-04T14:59:16Z
9024,9024,1add77ed6ec2872bb5cb8bbd69cdaea56f5b1acb,dubbo-rpc/dubbo-rpc-triple/src/main/java/org/apache/dubbo/rpc/protocol/tri/AbstractClientStream.java,2022-03-01T04:33:26Z
9024,9024,1add77ed6ec2872bb5cb8bbd69cdaea56f5b1acb,dubbo-rpc/dubbo-rpc-triple/src/main/java/org/apache/dubbo/rpc/protocol/tri/TripleClientRequestHandler.java,2022-03-01T04:33:26Z
9024,9024,1add77ed6ec2872bb5cb8bbd69cdaea56f5b1acb,dubbo-rpc/dubbo-rpc-triple/src/test/java/org/apache/dubbo/rpc/protocol/tri/UnaryClientStreamTest.java,2022-03-01T04:33:26Z
9025,9025,e21244a43171c0187b0295fd9ba811155ebb1acd,dubbo-common/src/main/java/org/apache/dubbo/common/config/ConfigurationUtils.java,2024-05-21T02:20:51Z
9027,9027,40bb88e26d63acd421f74300a48019b8b8e11624,dubbo-registry/dubbo-registry-api/src/main/java/org/apache/dubbo/registry/RegistryFactory.java,2021-12-21T15:57:14Z
9028,9028,40bb88e26d63acd421f74300a48019b8b8e11624,dubbo-registry/dubbo-registry-api/src/main/java/org/apache/dubbo/registry/RegistryFactory.java,2021-12-21T15:57:14Z
9029,9029,aa54350c6f5abd0803ace8c14b9a731b69100d03,dubbo-registry/dubbo-registry-api/src/main/java/org/apache/dubbo/registry/client/metadata/ServiceInstanceMetadataUtils.java,2023-07-31T11:11:49Z
9030,9030,3160602072c198728cca48e449984a4e596e7c37,dubbo-registry/dubbo-registry-api/src/main/java/org/apache/dubbo/registry/client/migration/MigrationRuleListener.java,2023-06-19T01:34:06Z
9031,9031,d7113006cadb0528e0565be174b991d6f923db35,dubbo-remoting/dubbo-remoting-api/src/main/java/org/apache/dubbo/remoting/buffer/ChannelBuffer.java,2023-03-06T11:50:19Z
9032,9032,e069a7af9e2d5b920b63845d5228b6b3deca1a8c,dubbo-rpc/dubbo-rpc-triple/src/main/java/org/apache/dubbo/rpc/protocol/tri/CancelableStreamObserver.java,2022-08-15T02:44:48Z
9033,9033,f224fc5a47ae87817a91241109f1fcab1fee1539,dubbo-registry/dubbo-registry-api/src/main/java/org/apache/dubbo/registry/integration/RegistryProtocol.java,2024-07-03T02:12:33Z
9034,9034,b12b23cbf0698dba96cb2e6b75e4ee272ed25523,dubbo-config/dubbo-config-api/src/main/java/org/apache/dubbo/config/deploy/DefaultApplicationDeployer.java,2024-05-22T03:10:19Z
9035,9035,0a1ad55bff34c8cffc066c4ab26ac8466691a4f4,dubbo-registry/dubbo-registry-nacos/src/main/java/org/apache/dubbo/registry/nacos/NacosRegistry.java,2024-04-22T11:42:47Z
9036,9036,22d3cc9052a958f997db9f1ba328ec1cbb744236,.github/ISSUE_TEMPLATE/bug_report.md,2024-03-04T09:25:30Z
9036,9036,22d3cc9052a958f997db9f1ba328ec1cbb744236,.github/ISSUE_TEMPLATE/config.yml,2024-03-04T09:25:30Z
9036,9036,22d3cc9052a958f997db9f1ba328ec1cbb744236,.github/ISSUE_TEMPLATE/discussion.md,2024-03-04T09:25:30Z
9036,9036,22d3cc9052a958f997db9f1ba328ec1cbb744236,.github/ISSUE_TEMPLATE/feature_request.md,2024-03-04T09:25:30Z
9036,9036,22d3cc9052a958f997db9f1ba328ec1cbb744236,.github/ISSUE_TEMPLATE/proposal.md,2024-03-04T09:25:30Z
9036,9036,22d3cc9052a958f997db9f1ba328ec1cbb744236,.github/ISSUE_TEMPLATE/question.md,2024-03-04T09:25:30Z
9040,9040,aa54350c6f5abd0803ace8c14b9a731b69100d03,dubbo-registry/dubbo-registry-api/src/main/java/org/apache/dubbo/registry/client/metadata/ServiceInstanceMetadataUtils.java,2023-07-31T11:11:49Z
9041,9041,71b9f6aa06afaa17a7cbdff0eeefda3757c0a638,dubbo-rpc/dubbo-rpc-dubbo/src/main/java/org/apache/dubbo/rpc/protocol/dubbo/LazyConnectExchangeClient.java,2022-11-07T09:40:15Z
9043,9043,8e2eb332a1d7aece2d344daa26a8b078420b3034,dubbo-remoting/dubbo-remoting-api/src/test/java/org/apache/dubbo/remoting/transport/ChannelHandlerDispatcherTest.java,2024-05-10T16:27:46Z
9045,9045,766d0cfa894f95f0bddc5bfb397ec6656c517069,dubbo-common/src/main/java/org/apache/dubbo/common/extension/inject/AdaptiveExtensionInjector.java,2022-07-14T02:06:54Z
9046,9046,00812ce41c44be6e5cd5e2b8e5bf602f806bbbca,dubbo-remoting/dubbo-remoting-api/src/main/java/org/apache/dubbo/remoting/exchange/support/header/HeaderExchangeServer.java,2024-03-29T03:40:06Z
9047,9047,7e51047cb084a9f9b09d934cf058074c534503f4,dubbo-remoting/dubbo-remoting-zookeeper-curator5/src/test/java/org/apache/dubbo/remoting/zookeeper/curator5/support/AbstractZookeeperTransporterTest.java,2023-02-27T12:09:15Z
9047,9047,7e51047cb084a9f9b09d934cf058074c534503f4,dubbo-remoting/dubbo-remoting-zookeeper/src/test/java/org/apache/dubbo/remoting/zookeeper/curator/support/AbstractZookeeperTransporterTest.java,2023-02-27T12:09:15Z
9048,9048,5df704b67c1708be50fb7ca821957fb2783ac140,dubbo-rpc/dubbo-rpc-triple/src/main/java/org/apache/dubbo/rpc/protocol/tri/TripleHttp2Protocol.java,2023-11-16T07:26:33Z
9050,9050,be15772ec37ee6a3453ad7be155f9cfb1ed9ee1f,dubbo-registry/dubbo-registry-multiple/src/main/java/org/apache/dubbo/registry/multiple/MultipleServiceDiscovery.java,2023-10-20T07:42:41Z
9052,9052,912deb69a8ee5f043a222ddeb2eef1e23d46957f,dubbo-remoting/dubbo-remoting-http/src/test/java/org/apache/dubbo/remoting/http/jetty/JettyLoggerAdapterTest.java,2023-04-05T06:10:53Z
9053,9053,12f67868a9458b83ed3ff9721f935a40bfcfeae2,dubbo-common/src/main/java/org/apache/dubbo/rpc/model/ServiceModel.java,2022-09-02T03:07:47Z
9054,9054,00812ce41c44be6e5cd5e2b8e5bf602f806bbbca,dubbo-rpc/dubbo-rpc-rest/src/main/java/org/apache/dubbo/rpc/protocol/rest/RestProtocol.java,2024-03-29T03:40:06Z
9055,9055,00812ce41c44be6e5cd5e2b8e5bf602f806bbbca,dubbo-rpc/dubbo-rpc-rest/src/main/java/org/apache/dubbo/rpc/protocol/rest/RestProtocol.java,2024-03-29T03:40:06Z
9056,9056,00812ce41c44be6e5cd5e2b8e5bf602f806bbbca,dubbo-common/src/main/java/org/apache/dubbo/common/utils/UrlUtils.java,2024-03-29T03:40:06Z
9057,9057,7c136268724d63686f0305b3d480a2904b413119,dubbo-common/src/main/java/org/apache/dubbo/rpc/model/MethodDescriptor.java,2022-03-27T02:50:01Z
9057,9057,7c136268724d63686f0305b3d480a2904b413119,dubbo-rpc/dubbo-rpc-triple/src/main/java/org/apache/dubbo/rpc/protocol/tri/TripleConstant.java,2022-03-27T02:50:01Z
9058,9058,36e0cf5490f9ea289a9d809694b0b2347106a515,dubbo-rpc/dubbo-rpc-triple/src/main/java/org/apache/dubbo/rpc/protocol/tri/TripleInvoker.java,2024-03-11T06:00:16Z
9060,9060,00812ce41c44be6e5cd5e2b8e5bf602f806bbbca,dubbo-common/src/main/java/org/apache/dubbo/common/utils/UrlUtils.java,2024-03-29T03:40:06Z
9061,9061,0d91d419a8b25a9917a03dc68a3eb5069ac856ea,dubbo-common/src/main/java/org/apache/dubbo/common/extension/ExtensionLoader.java,2023-10-19T07:25:40Z
9062,9062,ac8ee831c9566569b8a58298983ee7e7ff30e4d8,dubbo-dependencies-bom/pom.xml,2024-07-02T06:27:45Z
9065,9065,e21244a43171c0187b0295fd9ba811155ebb1acd,dubbo-common/src/main/java/org/apache/dubbo/common/config/ConfigurationUtils.java,2024-05-21T02:20:51Z
9066,9066,61bfa07a49b69145282f1d1b9c56a24511ed38fb,dubbo-test/dubbo-test-check/pom.xml,2024-05-28T02:52:56Z
9071,9071,5e89714d79f59db747c71baa579257c0f346e791,dubbo-common/src/main/java/org/apache/dubbo/config/ConfigCenterConfig.java,2022-01-23T08:47:27Z
9074,9074,00812ce41c44be6e5cd5e2b8e5bf602f806bbbca,dubbo-common/src/main/java/org/apache/dubbo/rpc/model/ProviderModel.java,2024-03-29T03:40:06Z
9077,9077,730695a7a26967889405b12fc54099bb006c8231,dubbo-common/src/main/java/org/apache/dubbo/common/bytecode/ClassGenerator.java,2023-11-07T07:40:13Z
9080,9080,5df704b67c1708be50fb7ca821957fb2783ac140,dubbo-rpc/dubbo-rpc-triple/src/main/java/org/apache/dubbo/rpc/protocol/tri/TripleHttp2Protocol.java,2023-11-16T07:26:33Z
9081,9081,fc7f019a0806fa61fd1355850df191141cd217cd,dubbo-test/dubbo-test-check/src/main/java/org/apache/dubbo/test/check/DubboTestChecker.java,2022-12-15T06:09:57Z
9082,9082,00812ce41c44be6e5cd5e2b8e5bf602f806bbbca,dubbo-common/src/main/java/org/apache/dubbo/common/compiler/support/ClassUtils.java,2024-03-29T03:40:06Z
9083,9083,b12b23cbf0698dba96cb2e6b75e4ee272ed25523,dubbo-config/dubbo-config-api/src/main/java/org/apache/dubbo/config/deploy/DefaultApplicationDeployer.java,2024-05-22T03:10:19Z
9084,9084,f995ef506c2e3306f9cbcd4bc33ad169a3da0b7e,dubbo-rpc/dubbo-rpc-triple/src/main/java/org/apache/dubbo/rpc/protocol/tri/TripleProtocol.java,2023-10-18T03:39:33Z
9089,9089,11d5bd9ffadf11af0d13e6ab478829b4ae3c8572,pom.xml,2024-06-24T09:54:45Z
9090,9090,11d5bd9ffadf11af0d13e6ab478829b4ae3c8572,pom.xml,2024-06-24T09:54:45Z
9091,9091,1b6d2c77d137a8c7f854921061b566faa613df46,dubbo-config/dubbo-config-api/src/test/java/org/apache/dubbo/config/bootstrap/DubboBootstrapMultiInstanceTest.java,2021-10-21T10:38:23Z
9093,9093,79a1cca4ef1d583d2ae2c8e3f16eeea5881712cc,dubbo-config/dubbo-config-spring/src/main/java/org/apache/dubbo/config/spring/ReferenceBean.java,2024-07-04T07:14:55Z
9096,9096,7e51047cb084a9f9b09d934cf058074c534503f4,dubbo-rpc/dubbo-rpc-api/src/test/java/org/apache/dubbo/rpc/filter/tps/DefaultTPSLimiterTest.java,2023-02-27T12:09:15Z
9101,9101,523a4189b8a7233c926eab1218daf627a3e870b8,dubbo-common/src/main/java/org/apache/dubbo/common/constants/CommonConstants.java,2024-06-04T14:59:16Z
9102,9102,f224fc5a47ae87817a91241109f1fcab1fee1539,dubbo-registry/dubbo-registry-api/src/main/java/org/apache/dubbo/registry/integration/RegistryProtocol.java,2024-07-03T02:12:33Z
9103,9103,8bdecea7ef808d19f0449dd43ec85ba8dbaeeb26,dubbo-registry/dubbo-registry-eureka/pom.xml,2020-08-17T05:38:04Z
9104,9104,730695a7a26967889405b12fc54099bb006c8231,dubbo-cluster/src/main/java/org/apache/dubbo/rpc/cluster/loadbalance/AbstractLoadBalance.java,2023-11-07T07:40:13Z
9104,9104,730695a7a26967889405b12fc54099bb006c8231,dubbo-cluster/src/test/java/org/apache/dubbo/rpc/cluster/loadbalance/LoadBalanceBaseTest.java,2023-11-07T07:40:13Z
9105,9105,00812ce41c44be6e5cd5e2b8e5bf602f806bbbca,dubbo-common/src/main/java/org/apache/dubbo/common/bytecode/Wrapper.java,2024-03-29T03:40:06Z
9107,9107,ac8ee831c9566569b8a58298983ee7e7ff30e4d8,dubbo-dependencies-bom/pom.xml,2024-07-02T06:27:45Z
9108,9108,e07e5e294b0bc96ada4ed868cfae1307b3872462,dubbo-monitor/dubbo-monitor-api/src/main/java/org/apache/dubbo/monitor/support/MonitorFilter.java,2023-06-13T12:25:25Z
9109,9109,8e2eb332a1d7aece2d344daa26a8b078420b3034,dubbo-rpc/dubbo-rpc-api/src/test/java/org/apache/dubbo/rpc/RpcStatusTest.java,2024-05-10T16:27:46Z
9110,9110,94a50e5d4e7f937ac3df4b12cdaa9bb1c45593ca,dubbo-common/src/main/java/org/apache/dubbo/common/threadpool/manager/DefaultExecutorRepository.java,2023-04-11T13:29:30Z
9111,9111,9af6fbf1d0d1456c18bd23bc10e447589616e98c,dubbo-common/src/main/java/org/apache/dubbo/common/utils/ClassUtils.java,2023-06-07T07:54:40Z
9111,9111,9af6fbf1d0d1456c18bd23bc10e447589616e98c,dubbo-common/src/main/resources/META-INF/dubbo/internal/org.apache.dubbo.common.convert.Converter,2023-06-07T07:54:40Z
9112,9112,ac8ee831c9566569b8a58298983ee7e7ff30e4d8,dubbo-dependencies-bom/pom.xml,2024-07-02T06:27:45Z
9113,9113,ac8ee831c9566569b8a58298983ee7e7ff30e4d8,dubbo-dependencies-bom/pom.xml,2024-07-02T06:27:45Z
9114,9114,ac8ee831c9566569b8a58298983ee7e7ff30e4d8,dubbo-dependencies-bom/pom.xml,2024-07-02T06:27:45Z
9117,9117,00812ce41c44be6e5cd5e2b8e5bf602f806bbbca,dubbo-registry/dubbo-registry-multiple/src/main/java/org/apache/dubbo/registry/multiple/MultipleRegistry.java,2024-03-29T03:40:06Z
9118,9118,00812ce41c44be6e5cd5e2b8e5bf602f806bbbca,dubbo-registry/dubbo-registry-multiple/src/main/java/org/apache/dubbo/registry/multiple/MultipleRegistry.java,2024-03-29T03:40:06Z
9122,9122,1add77ed6ec2872bb5cb8bbd69cdaea56f5b1acb,dubbo-rpc/dubbo-rpc-triple/src/main/java/org/apache/dubbo/rpc/protocol/tri/TripleHttp2FrameServerHandler.java,2022-03-01T04:33:26Z
9123,9123,0d91d419a8b25a9917a03dc68a3eb5069ac856ea,dubbo-common/src/test/java/org/apache/dubbo/common/utils/AnnotationUtilsTest.java,2023-10-19T07:25:40Z
9125,9125,f5c8f5930f59d64ca0df1e0ee651d9ec48f77364,dubbo-common/src/main/java/org/apache/dubbo/common/utils/JVMUtil.java,2022-10-09T09:35:52Z
9129,9129,b12b23cbf0698dba96cb2e6b75e4ee272ed25523,dubbo-config/dubbo-config-api/src/main/java/org/apache/dubbo/config/deploy/DefaultApplicationDeployer.java,2024-05-22T03:10:19Z
9132,9132,11d5bd9ffadf11af0d13e6ab478829b4ae3c8572,pom.xml,2024-06-24T09:54:45Z
9133,9133,45120670ba52dfe9730175304db196f5f67fb6d4,dubbo-plugin/dubbo-qos/src/test/java/org/apache/dubbo/qos/command/util/ServiceCheckUtilsTest.java,2022-11-22T02:49:50Z
9135,9135,00812ce41c44be6e5cd5e2b8e5bf602f806bbbca,dubbo-rpc/dubbo-rpc-dubbo/src/main/java/org/apache/dubbo/rpc/protocol/dubbo/DubboProtocol.java,2024-03-29T03:40:06Z
9138,9138,61bfa07a49b69145282f1d1b9c56a24511ed38fb,dubbo-test/dubbo-test-check/pom.xml,2024-05-28T02:52:56Z
9140,9140,5df704b67c1708be50fb7ca821957fb2783ac140,dubbo-rpc/dubbo-rpc-triple/src/main/java/org/apache/dubbo/rpc/protocol/tri/TripleHttp2Protocol.java,2023-11-16T07:26:33Z
9141,9141,78ca5e523cd6969a0b7085e51d3996fd8448a55c,dubbo-registry/dubbo-registry-api/src/main/java/org/apache/dubbo/registry/client/event/listener/ServiceInstancesChangedListener.java,2023-07-13T12:54:38Z
9142,9142,1add77ed6ec2872bb5cb8bbd69cdaea56f5b1acb,dubbo-rpc/dubbo-rpc-triple/src/main/java/org/apache/dubbo/rpc/protocol/tri/UnaryServerStream.java,2022-03-01T04:33:26Z
9144,9144,57b87029a662acc9ee2d762aa50fda95301cb9df,dubbo-demo/dubbo-demo-native/dubbo-demo-native-consumer/pom.xml,2024-05-21T02:09:33Z
9144,9144,57b87029a662acc9ee2d762aa50fda95301cb9df,dubbo-demo/dubbo-demo-native/dubbo-demo-native-provider/pom.xml,2024-05-21T02:09:33Z
9145,9145,523a4189b8a7233c926eab1218daf627a3e870b8,dubbo-common/src/main/java/org/apache/dubbo/common/constants/CommonConstants.java,2024-06-04T14:59:16Z
9146,9146,fed4755cd6693e51d8f99555b1d339019e591917,dubbo-registry/dubbo-registry-api/src/main/java/org/apache/dubbo/registry/support/FailbackRegistry.java,2024-01-02T02:22:13Z
9147,9147,aa54350c6f5abd0803ace8c14b9a731b69100d03,dubbo-registry/dubbo-registry-api/src/main/java/org/apache/dubbo/registry/integration/RegistryDirectory.java,2023-07-31T11:11:49Z
9152,9152,f224fc5a47ae87817a91241109f1fcab1fee1539,dubbo-registry/dubbo-registry-api/src/main/java/org/apache/dubbo/registry/integration/RegistryProtocol.java,2024-07-03T02:12:33Z
9153,9153,1add77ed6ec2872bb5cb8bbd69cdaea56f5b1acb,dubbo-rpc/dubbo-rpc-triple/src/main/java/org/apache/dubbo/rpc/protocol/tri/AbstractServerStream.java,2022-03-01T04:33:26Z
9153,9153,1add77ed6ec2872bb5cb8bbd69cdaea56f5b1acb,dubbo-rpc/dubbo-rpc-triple/src/main/java/org/apache/dubbo/rpc/protocol/tri/ServerStream.java,2022-03-01T04:33:26Z
9153,9153,1add77ed6ec2872bb5cb8bbd69cdaea56f5b1acb,dubbo-rpc/dubbo-rpc-triple/src/main/java/org/apache/dubbo/rpc/protocol/tri/TripleHttp2FrameServerHandler.java,2022-03-01T04:33:26Z
9153,9153,1add77ed6ec2872bb5cb8bbd69cdaea56f5b1acb,dubbo-rpc/dubbo-rpc-triple/src/main/java/org/apache/dubbo/rpc/protocol/tri/UnaryServerStream.java,2022-03-01T04:33:26Z
9154,9154,00812ce41c44be6e5cd5e2b8e5bf602f806bbbca,dubbo-filter/dubbo-filter-cache/src/main/java/org/apache/dubbo/cache/support/AbstractCacheFactory.java,2024-03-29T03:40:06Z
9155,9155,cc95b52dfbed87cdcf72a3ab1176329c36595604,dubbo-common/src/test/java/org/apache/dubbo/common/extension/ExtensionDirectorTest.java,2024-05-21T10:57:10Z
9157,9157,00812ce41c44be6e5cd5e2b8e5bf602f806bbbca,dubbo-remoting/dubbo-remoting-api/src/main/java/org/apache/dubbo/remoting/exchange/support/header/HeaderExchangeServer.java,2024-03-29T03:40:06Z
9157,9157,00812ce41c44be6e5cd5e2b8e5bf602f806bbbca,dubbo-rpc/dubbo-rpc-dubbo/src/main/java/org/apache/dubbo/rpc/protocol/dubbo/DubboProtocol.java,2024-03-29T03:40:06Z
9159,9159,00812ce41c44be6e5cd5e2b8e5bf602f806bbbca,dubbo-rpc/dubbo-rpc-api/src/main/java/org/apache/dubbo/rpc/filter/tps/DefaultTPSLimiter.java,2024-03-29T03:40:06Z
9160,9160,5df704b67c1708be50fb7ca821957fb2783ac140,dubbo-rpc/dubbo-rpc-triple/src/main/java/org/apache/dubbo/rpc/protocol/tri/TripleHttp2Protocol.java,2023-11-16T07:26:33Z
9161,9161,06e9410f6873f28db11bc0bec7823f9f3228df53,dubbo-registry/dubbo-registry-api/src/main/java/org/apache/dubbo/registry/client/ServiceDiscoveryRegistry.java,2023-11-01T11:16:19Z
9162,9162,238fe3125c427eda496b857623ba17e67f722ecd,dubbo-metadata/dubbo-metadata-api/src/main/java/org/apache/dubbo/metadata/report/MetadataReportInstance.java,2024-07-04T08:20:30Z
9163,9163,a342f67dc04fea2a5e6cfadba8392a43ca2f2546,dubbo-registry/dubbo-registry-api/src/main/java/org/apache/dubbo/registry/client/ServiceDiscoveryRegistryDirectory.java,2024-03-19T01:38:06Z
9164,9164,3160602072c198728cca48e449984a4e596e7c37,dubbo-common/src/main/java/org/apache/dubbo/rpc/model/ApplicationModel.java,2023-06-19T01:34:06Z
9164,9164,3160602072c198728cca48e449984a4e596e7c37,dubbo-common/src/main/java/org/apache/dubbo/rpc/model/FrameworkModel.java,2023-06-19T01:34:06Z
9165,9165,501bdfaaef53c02ced2799c87ca64b9ecbd29507,dubbo-common/src/main/java/org/apache/dubbo/common/beans/factory/ScopeBeanFactory.java,2024-03-12T03:25:14Z
9166,9166,7e51047cb084a9f9b09d934cf058074c534503f4,dubbo-rpc/dubbo-rpc-api/src/test/java/org/apache/dubbo/rpc/filter/tps/DefaultTPSLimiterTest.java,2023-02-27T12:09:15Z
9169,9169,1fbeed8e552d221822b06740cf31312aa7aa29c5,dubbo-registry/dubbo-registry-api/src/test/java/org/apache/dubbo/registry/support/FailbackRegistryTest.java,2022-11-22T02:47:54Z
9170,9170,473ea36b04d93e2efc439848ff65ec5b3bee06d9,dubbo-remoting/dubbo-remoting-zookeeper-curator5/src/main/java/org/apache/dubbo/remoting/zookeeper/curator5/Curator5ZookeeperClient.java,2024-06-04T04:54:44Z
9174,9174,4a3172b80aa1402309fff8d0266bd3632d9bf81e,dubbo-remoting/dubbo-remoting-netty4/src/main/java/org/apache/dubbo/remoting/transport/netty4/NettyBackedChannelBuffer.java,2023-03-27T01:46:32Z
9175,9175,d53d8e5d85358019028354b9f9d8389dde13b627,dubbo-config/dubbo-config-spring/src/main/java/org/apache/dubbo/config/spring/beans/factory/annotation/ServiceAnnotationPostProcessor.java,2024-02-29T09:10:41Z
9176,9176,00812ce41c44be6e5cd5e2b8e5bf602f806bbbca,dubbo-metadata/dubbo-metadata-report-nacos/src/main/java/org/apache/dubbo/metadata/store/nacos/NacosMetadataReport.java,2024-03-29T03:40:06Z
9178,9178,ac8ee831c9566569b8a58298983ee7e7ff30e4d8,dubbo-dependencies-bom/pom.xml,2024-07-02T06:27:45Z
9180,9180,1efe576197f2bfe9ded1f9d80fdde0663e31c5dc,dubbo-common/src/test/java/org/apache/dubbo/common/utils/MD5UtilsTest.java,2022-11-22T06:23:29Z
9181,9181,1add77ed6ec2872bb5cb8bbd69cdaea56f5b1acb,dubbo-rpc/dubbo-rpc-triple/src/main/java/org/apache/dubbo/rpc/protocol/tri/TripleHttp2FrameServerHandler.java,2022-03-01T04:33:26Z
9183,9183,b12b23cbf0698dba96cb2e6b75e4ee272ed25523,dubbo-config/dubbo-config-api/src/main/java/org/apache/dubbo/config/deploy/DefaultApplicationDeployer.java,2024-05-22T03:10:19Z
9184,9184,00812ce41c44be6e5cd5e2b8e5bf602f806bbbca,dubbo-config/dubbo-config-api/src/main/java/org/apache/dubbo/config/ServiceConfig.java,2024-03-29T03:40:06Z
9186,9186,78ca5e523cd6969a0b7085e51d3996fd8448a55c,dubbo-registry/dubbo-registry-api/src/main/java/org/apache/dubbo/registry/client/event/listener/ServiceInstancesChangedListener.java,2023-07-13T12:54:38Z
9187,9187,730695a7a26967889405b12fc54099bb006c8231,dubbo-common/src/main/java/org/apache/dubbo/common/config/Environment.java,2023-11-07T07:40:13Z
9189,9189,3160602072c198728cca48e449984a4e596e7c37,dubbo-common/src/main/java/org/apache/dubbo/rpc/model/FrameworkModel.java,2023-06-19T01:34:06Z
9191,9191,aa54350c6f5abd0803ace8c14b9a731b69100d03,dubbo-registry/dubbo-registry-api/src/main/java/org/apache/dubbo/registry/client/metadata/StandardMetadataServiceURLBuilder.java,2023-07-31T11:11:49Z
9192,9192,690d397f5e8da2968fe9fe65cd56e63aa81827d3,dubbo-spring-boot/dubbo-spring-boot-compatible/autoconfigure/src/main/java/org/apache/dubbo/spring/boot/autoconfigure/DubboListenerAutoConfiguration.java,2021-11-04T09:02:39Z
9192,9192,690d397f5e8da2968fe9fe65cd56e63aa81827d3,dubbo-spring-boot/dubbo-spring-boot-compatible/autoconfigure/src/main/resources/META-INF/spring.factories,2021-11-04T09:02:39Z
9195,9195,046bb88d2f5b2077af243146acd30919adaf0477,dubbo-rpc/dubbo-rpc-dubbo/src/main/java/org/apache/dubbo/rpc/protocol/dubbo/ReferenceCountExchangeClient.java,2022-11-15T06:22:01Z
9197,9197,502b4c86dffbc0de3863a5e41ed7b9f633450c1c,dubbo-rpc/dubbo-rpc-grpc/src/main/java/org/apache/dubbo/rpc/protocol/grpc/GrpcOptionsUtils.java,2023-02-13T13:16:52Z
9198,9198,1add77ed6ec2872bb5cb8bbd69cdaea56f5b1acb,dubbo-rpc/dubbo-rpc-triple/src/main/java/org/apache/dubbo/rpc/protocol/tri/OutboundTransportObserver.java,2022-03-01T04:33:26Z
9198,9198,1add77ed6ec2872bb5cb8bbd69cdaea56f5b1acb,dubbo-rpc/dubbo-rpc-triple/src/main/java/org/apache/dubbo/rpc/protocol/tri/TransportState.java,2022-03-01T04:33:26Z
9198,9198,1add77ed6ec2872bb5cb8bbd69cdaea56f5b1acb,dubbo-rpc/dubbo-rpc-triple/src/test/java/org/apache/dubbo/rpc/protocol/tri/TransportStateTest.java,2022-03-01T04:33:26Z
9201,9201,dfd135eb95d92ffc3519426b812e274f43b49e9d,dubbo-common/src/main/java/org/apache/dubbo/common/URL.java,2024-05-08T06:09:08Z
9203,9203,f995ef506c2e3306f9cbcd4bc33ad169a3da0b7e,dubbo-rpc/dubbo-rpc-triple/src/main/java/org/apache/dubbo/rpc/protocol/tri/TripleProtocol.java,2023-10-18T03:39:33Z
9204,9204,b12b23cbf0698dba96cb2e6b75e4ee272ed25523,dubbo-config/dubbo-config-api/src/main/java/org/apache/dubbo/config/deploy/DefaultApplicationDeployer.java,2024-05-22T03:10:19Z
9205,9205,17b75a78955effbf82f4cd958c37545209c152e1,dubbo-cluster/src/main/java/org/apache/dubbo/rpc/cluster/directory/AbstractDirectory.java,2024-02-29T03:26:11Z
9211,9211,a342f67dc04fea2a5e6cfadba8392a43ca2f2546,dubbo-registry/dubbo-registry-api/src/main/java/org/apache/dubbo/registry/client/ServiceDiscoveryRegistryDirectory.java,2024-03-19T01:38:06Z
9214,9214,d57ad312994dc29d84ffc5b83768a784ae901d6c,dubbo-registry/dubbo-registry-api/src/main/java/org/apache/dubbo/registry/client/migration/DefaultMigrationAddressComparator.java,2023-02-25T09:15:07Z
9215,9215,45120670ba52dfe9730175304db196f5f67fb6d4,dubbo-configcenter/dubbo-configcenter-zookeeper/src/test/java/org/apache/dubbo/configcenter/support/zookeeper/ZookeeperDynamicConfigurationTest.java,2022-11-22T02:49:50Z
9218,9218,0d91d419a8b25a9917a03dc68a3eb5069ac856ea,dubbo-common/src/main/java/org/apache/dubbo/common/extension/ExtensionLoader.java,2023-10-19T07:25:40Z
9218,9218,0d91d419a8b25a9917a03dc68a3eb5069ac856ea,dubbo-common/src/main/java/org/apache/dubbo/common/extension/support/ActivateComparator.java,2023-10-19T07:25:40Z
9219,9219,d16f0ca310838b7bb52ce173710ef149d65be07d,dubbo-cluster/src/main/java/org/apache/dubbo/rpc/cluster/router/state/BitList.java,2024-05-06T06:33:10Z
9220,9220,dfd135eb95d92ffc3519426b812e274f43b49e9d,dubbo-common/src/main/java/org/apache/dubbo/common/URL.java,2024-05-08T06:09:08Z
9221,9221,8c786cdf01126cc559856968d211fa648788d4d2,dubbo-common/src/main/java/org/apache/dubbo/common/url/component/ServiceAddressURL.java,2023-02-26T07:17:36Z
9222,9222,a342f67dc04fea2a5e6cfadba8392a43ca2f2546,dubbo-registry/dubbo-registry-api/src/main/java/org/apache/dubbo/registry/client/ServiceDiscoveryRegistryDirectory.java,2024-03-19T01:38:06Z
9223,9223,c271c686379b6b617f1c1c484730ceb1ef0479ef,dubbo-rpc/dubbo-rpc-triple/src/main/java/org/apache/dubbo/rpc/protocol/tri/Compressor.java,2021-12-14T03:32:55Z
9224,9224,61e778f8678d8a5a34a396b19b682d9246854d9a,dubbo-demo/dubbo-demo-xml/dubbo-demo-xml-provider-backend/pom.xml,2021-11-09T03:00:35Z
9224,9224,61e778f8678d8a5a34a396b19b682d9246854d9a,dubbo-demo/dubbo-demo-xml/dubbo-demo-xml-provider-backend/src/main/java/org/apache/dubbo/demo/provider/chain/ChainApplication.java,2021-11-09T03:00:35Z
9224,9224,61e778f8678d8a5a34a396b19b682d9246854d9a,dubbo-demo/dubbo-demo-xml/dubbo-demo-xml-provider-backend/src/main/java/org/apache/dubbo/demo/provider/chain/ChainServiceImpl.java,2021-11-09T03:00:35Z
9224,9224,61e778f8678d8a5a34a396b19b682d9246854d9a,dubbo-demo/dubbo-demo-xml/dubbo-demo-xml-provider-backend/src/main/resources/dubbo.properties,2021-11-09T03:00:35Z
9224,9224,61e778f8678d8a5a34a396b19b682d9246854d9a,dubbo-demo/dubbo-demo-xml/dubbo-demo-xml-provider-backend/src/main/resources/log4j.properties,2021-11-09T03:00:35Z
9224,9224,61e778f8678d8a5a34a396b19b682d9246854d9a,dubbo-demo/dubbo-demo-xml/dubbo-demo-xml-provider-backend/src/main/resources/spring/dubbo-provider-chain.xml,2021-11-09T03:00:35Z
9224,9224,61e778f8678d8a5a34a396b19b682d9246854d9a,dubbo-registry/dubbo-registry-consul/src/main/java/org/apache/dubbo/registry/consul/ConsulParameter.java,2021-11-09T03:00:35Z
9224,9224,61e778f8678d8a5a34a396b19b682d9246854d9a,dubbo-registry/dubbo-registry-consul/src/main/java/org/apache/dubbo/registry/consul/ConsulServiceDiscoveryFactory.java,2021-11-09T03:00:35Z
9224,9224,61e778f8678d8a5a34a396b19b682d9246854d9a,dubbo-registry/dubbo-registry-consul/src/main/resources/META-INF/dubbo/internal/org.apache.dubbo.registry.client.ServiceDiscoveryFactory,2021-11-09T03:00:35Z
9226,9226,6b4e13adf78eaa0db7e40376b28a9872d8ccf93f,dubbo-rpc/dubbo-rpc-triple/src/test/java/org/apache/dubbo/rpc/protocol/tri/TripleProtocolTest.java,2023-11-01T11:37:21Z
9228,9228,00812ce41c44be6e5cd5e2b8e5bf602f806bbbca,dubbo-cluster/src/main/java/org/apache/dubbo/rpc/cluster/router/condition/ConditionStateRouterFactory.java,2024-03-29T03:40:06Z
9228,9228,00812ce41c44be6e5cd5e2b8e5bf602f806bbbca,dubbo-cluster/src/main/java/org/apache/dubbo/rpc/cluster/router/condition/config/ServiceStateRouterFactory.java,2024-03-29T03:40:06Z
9228,9228,00812ce41c44be6e5cd5e2b8e5bf602f806bbbca,dubbo-cluster/src/main/java/org/apache/dubbo/rpc/cluster/router/mock/MockStateRouterFactory.java,2024-03-29T03:40:06Z
9228,9228,00812ce41c44be6e5cd5e2b8e5bf602f806bbbca,dubbo-cluster/src/main/java/org/apache/dubbo/rpc/cluster/router/tag/TagStateRouterFactory.java,2024-03-29T03:40:06Z
9230,9230,8c61f9b225f889761a78d7b0f6c884b051e09e35,dubbo-common/src/test/java/org/apache/dubbo/common/config/configcenter/file/FileSystemDynamicConfigurationTest.java,2022-11-29T12:42:33Z
9231,9231,ac8ee831c9566569b8a58298983ee7e7ff30e4d8,dubbo-dependencies-bom/pom.xml,2024-07-02T06:27:45Z
9233,9233,02a59e2f4074889500ea29130b82aa80ced44d5e,dubbo-metadata/dubbo-metadata-api/src/test/java/org/apache/dubbo/metadata/rest/SpringRestService.java,2023-02-22T06:02:16Z
9234,9234,02a59e2f4074889500ea29130b82aa80ced44d5e,dubbo-metadata/dubbo-metadata-api/src/test/java/org/apache/dubbo/metadata/rest/SpringRestService.java,2023-02-22T06:02:16Z
9236,9236,6b4e13adf78eaa0db7e40376b28a9872d8ccf93f,dubbo-rpc/dubbo-rpc-triple/src/test/java/org/apache/dubbo/rpc/protocol/tri/TripleProtocolTest.java,2023-11-01T11:37:21Z
9236,9236,6b4e13adf78eaa0db7e40376b28a9872d8ccf93f,dubbo-rpc/dubbo-rpc-triple/src/test/java/org/apache/dubbo/rpc/protocol/tri/support/IGreeter.java,2023-11-01T11:37:21Z
9236,9236,6b4e13adf78eaa0db7e40376b28a9872d8ccf93f,dubbo-rpc/dubbo-rpc-triple/src/test/java/org/apache/dubbo/rpc/protocol/tri/support/IGreeterImpl.java,2023-11-01T11:37:21Z
9240,9240,0d91d419a8b25a9917a03dc68a3eb5069ac856ea,dubbo-common/src/test/java/org/apache/dubbo/common/utils/AnnotationUtilsTest.java,2023-10-19T07:25:40Z
9241,9241,b12b23cbf0698dba96cb2e6b75e4ee272ed25523,dubbo-config/dubbo-config-api/src/main/java/org/apache/dubbo/config/deploy/DefaultApplicationDeployer.java,2024-05-22T03:10:19Z
9242,9242,00812ce41c44be6e5cd5e2b8e5bf602f806bbbca,dubbo-config/dubbo-config-api/src/main/java/org/apache/dubbo/config/ServiceConfig.java,2024-03-29T03:40:06Z
9244,9244,87ab5a69646a19254d91cad542be35fc01469529,dubbo-demo/dubbo-demo-spring-boot/pom.xml,2024-06-18T01:50:41Z
9245,9245,502b4c86dffbc0de3863a5e41ed7b9f633450c1c,dubbo-rpc/dubbo-rpc-grpc/src/main/java/org/apache/dubbo/rpc/protocol/grpc/GrpcOptionsUtils.java,2023-02-13T13:16:52Z
9246,9246,502b4c86dffbc0de3863a5e41ed7b9f633450c1c,dubbo-rpc/dubbo-rpc-grpc/src/main/java/org/apache/dubbo/rpc/protocol/grpc/GrpcOptionsUtils.java,2023-02-13T13:16:52Z
9247,9247,4be8594bdefa3b941d062cbcee0794a3718c58b1,dubbo-rpc/dubbo-rpc-injvm/src/main/java/org/apache/dubbo/rpc/protocol/injvm/InjvmInvoker.java,2024-06-20T01:41:36Z
9248,9248,8c786cdf01126cc559856968d211fa648788d4d2,dubbo-registry/dubbo-registry-api/src/main/java/org/apache/dubbo/registry/integration/AbstractConfiguratorListener.java,2023-02-26T07:17:36Z
9249,9249,8c786cdf01126cc559856968d211fa648788d4d2,dubbo-registry/dubbo-registry-api/src/main/java/org/apache/dubbo/registry/integration/AbstractConfiguratorListener.java,2023-02-26T07:17:36Z
9253,9253,8e2eb332a1d7aece2d344daa26a8b078420b3034,dubbo-monitor/dubbo-monitor-default/src/test/java/org/apache/dubbo/monitor/dubbo/DubboMonitorTest.java,2024-05-10T16:27:46Z
9259,9259,563a0e472ab50d2d697e2f0415c80b68ad6b17bd,dubbo-config/dubbo-config-spring/src/main/java/org/apache/dubbo/config/spring/util/DubboBeanUtils.java,2023-06-29T02:31:36Z
9260,9260,c916b82ab5fbd2ad9afedbed453c36a2a9865564,dubbo-plugin/dubbo-qos/src/main/java/org/apache/dubbo/qos/command/impl/InvokeTelnet.java,2023-05-11T11:07:45Z
9261,9261,0a1ad55bff34c8cffc066c4ab26ac8466691a4f4,dubbo-registry/dubbo-registry-nacos/src/main/java/org/apache/dubbo/registry/nacos/NacosRegistry.java,2024-04-22T11:42:47Z
9264,9264,0d91d419a8b25a9917a03dc68a3eb5069ac856ea,dubbo-common/src/test/java/org/apache/dubbo/common/extension/ExtensionLoaderTest.java,2023-10-19T07:25:40Z
9265,9265,27e9877620a03a2e6c3aeabb5cc1d66c30eb188d,dubbo-common/src/test/java/org/apache/dubbo/common/threadlocal/InternalThreadLocalTest.java,2023-11-15T06:04:38Z
9266,9266,3160602072c198728cca48e449984a4e596e7c37,dubbo-common/src/main/java/org/apache/dubbo/config/context/AbstractConfigManager.java,2023-06-19T01:34:06Z
9269,9269,a5f77c3566c59883c94ba2df55d949d435d111d0,dubbo-test/dubbo-test-check/src/main/java/org/apache/dubbo/test/check/registrycenter/config/ZookeeperConfig.java,2021-11-13T12:19:22Z
9271,9271,c05127e360ec6034e9fdbac158871d3e0f32939a,dubbo-registry/dubbo-registry-api/src/main/java/org/apache/dubbo/registry/client/migration/MigrationInvoker.java,2023-06-29T11:34:37Z
9273,9273,94a50e5d4e7f937ac3df4b12cdaa9bb1c45593ca,dubbo-common/src/main/java/org/apache/dubbo/common/threadpool/manager/DefaultExecutorRepository.java,2023-04-11T13:29:30Z
9274,9274,61bfa07a49b69145282f1d1b9c56a24511ed38fb,dubbo-test/dubbo-test-check/pom.xml,2024-05-28T02:52:56Z
9275,9275,8e2eb332a1d7aece2d344daa26a8b078420b3034,dubbo-plugin/dubbo-qos/src/test/java/org/apache/dubbo/qos/command/impl/LiveTest.java,2024-05-10T16:27:46Z
9277,9277,00812ce41c44be6e5cd5e2b8e5bf602f806bbbca,dubbo-common/src/main/java/org/apache/dubbo/common/timer/HashedWheelTimer.java,2024-03-29T03:40:06Z
9279,9279,f03823eec1610ab40fa894e279614703617ab29b,dubbo-remoting/dubbo-remoting-api/src/main/java/org/apache/dubbo/remoting/transport/AbstractClient.java,2024-04-07T02:31:23Z
9280,9280,0d91d419a8b25a9917a03dc68a3eb5069ac856ea,dubbo-common/src/test/java/org/apache/dubbo/common/extension/ExtensionLoaderTest.java,2023-10-19T07:25:40Z
9281,9281,7a5d04a16923b2f3fbac943ca9254dc9f9debabd,dubbo-demo/dubbo-demo-xml/dubbo-demo-xml-consumer/src/main/resources/spring/dubbo-consumer.xml,2022-02-23T02:05:51Z
9282,9282,0eb0e01b39d425b2e0546c6dd46a851fa3026439,dubbo-rpc/dubbo-rpc-api/src/main/java/org/apache/dubbo/rpc/filter/ContextFilter.java,2023-02-10T07:31:32Z
9284,9284,dfd135eb95d92ffc3519426b812e274f43b49e9d,dubbo-common/src/main/java/org/apache/dubbo/common/URL.java,2024-05-08T06:09:08Z
9287,9287,b12b23cbf0698dba96cb2e6b75e4ee272ed25523,dubbo-config/dubbo-config-api/src/main/java/org/apache/dubbo/config/deploy/DefaultApplicationDeployer.java,2024-05-22T03:10:19Z
9288,9288,730695a7a26967889405b12fc54099bb006c8231,dubbo-common/src/main/java/org/apache/dubbo/common/beans/support/InstantiationStrategy.java,2023-11-07T07:40:13Z
9289,9289,adea101f93555101a5a0eaec6951c055bfe1ede8,dubbo-plugin/dubbo-qos/src/main/java/org/apache/dubbo/qos/legacy/TraceTelnetHandler.java,2022-02-08T02:17:00Z
9289,9289,adea101f93555101a5a0eaec6951c055bfe1ede8,dubbo-remoting/dubbo-remoting-api/src/main/java/org/apache/dubbo/remoting/telnet/support/command/ClearTelnetHandler.java,2022-02-08T02:17:00Z
9290,9290,730695a7a26967889405b12fc54099bb006c8231,dubbo-cluster/src/main/java/org/apache/dubbo/rpc/cluster/filter/DefaultFilterChainBuilder.java,2023-11-07T07:40:13Z
9290,9290,730695a7a26967889405b12fc54099bb006c8231,dubbo-cluster/src/test/java/org/apache/dubbo/rpc/cluster/filter/DefaultFilterChainBuilderTest.java,2023-11-07T07:40:13Z
9290,9290,730695a7a26967889405b12fc54099bb006c8231,dubbo-cluster/src/test/java/org/apache/dubbo/rpc/cluster/support/wrapper/AbstractClusterTest.java,2023-11-07T07:40:13Z
9297,9297,25b73b1a135ae75ed50c68e6b5acd694067fd325,dubbo-config/dubbo-config-spring/src/main/java/org/apache/dubbo/config/spring/util/DubboAnnotationUtils.java,2023-12-27T15:19:51Z
9298,9298,00812ce41c44be6e5cd5e2b8e5bf602f806bbbca,dubbo-config/dubbo-config-api/src/main/java/org/apache/dubbo/config/ServiceConfig.java,2024-03-29T03:40:06Z
9301,9301,0d879666b4fc6163f42fcec2838633bb9f99a482,dubbo-common/src/test/java/org/apache/dubbo/config/context/ConfigManagerTest.java,2023-12-04T13:32:50Z
9302,9302,3375f727e1bdf63f0bf25134842aef1eaaa819d8,dubbo-test/dubbo-test-check/src/main/java/org/apache/dubbo/test/check/registrycenter/processor/ZookeeperUnixProcessor.java,2022-12-30T07:53:09Z
9304,9304,00812ce41c44be6e5cd5e2b8e5bf602f806bbbca,dubbo-common/src/main/java/org/apache/dubbo/common/utils/ConfigUtils.java,2024-03-29T03:40:06Z
9309,9309,501bdfaaef53c02ced2799c87ca64b9ecbd29507,dubbo-common/src/main/java/org/apache/dubbo/common/beans/factory/ScopeBeanFactory.java,2024-03-12T03:25:14Z
9311,9311,fe2d7dcd040b116badea176fc17e85a1f8fd00db,dubbo-metadata/dubbo-metadata-api/src/main/java/org/apache/dubbo/metadata/MetadataParamsFilter.java,2022-05-10T01:39:41Z
9312,9312,d16f0ca310838b7bb52ce173710ef149d65be07d,dubbo-cluster/src/main/java/org/apache/dubbo/rpc/cluster/router/state/BitList.java,2024-05-06T06:33:10Z
9313,9313,fed4755cd6693e51d8f99555b1d339019e591917,dubbo-registry/dubbo-registry-api/src/main/java/org/apache/dubbo/registry/support/CacheableFailbackRegistry.java,2024-01-02T02:22:13Z
9314,9314,dfd135eb95d92ffc3519426b812e274f43b49e9d,dubbo-common/src/main/java/org/apache/dubbo/config/RegistryConfig.java,2024-05-08T06:09:08Z
9317,9317,523a4189b8a7233c926eab1218daf627a3e870b8,dubbo-common/src/main/java/org/apache/dubbo/common/constants/CommonConstants.java,2024-06-04T14:59:16Z
9321,9321,d6f9d8d38fb6ac804cb8375f4770079337279538,dubbo-configcenter/dubbo-configcenter-apollo/src/main/java/org/apache/dubbo/configcenter/support/apollo/ApolloDynamicConfiguration.java,2023-04-19T10:33:13Z
9324,9324,730695a7a26967889405b12fc54099bb006c8231,dubbo-cluster/src/main/java/org/apache/dubbo/rpc/cluster/filter/DefaultFilterChainBuilder.java,2023-11-07T07:40:13Z
9325,9325,42264426e1b12d5cfeb73a5f0f4e93d0c4e82031,dubbo-common/src/main/java/org/apache/dubbo/config/ProviderConfig.java,2021-12-06T05:33:44Z
9326,9326,ac8ee831c9566569b8a58298983ee7e7ff30e4d8,dubbo-dependencies-bom/pom.xml,2024-07-02T06:27:45Z
9327,9327,f03823eec1610ab40fa894e279614703617ab29b,dubbo-remoting/dubbo-remoting-api/src/main/java/org/apache/dubbo/remoting/transport/AbstractClient.java,2024-04-07T02:31:23Z
9328,9328,78ca5e523cd6969a0b7085e51d3996fd8448a55c,dubbo-registry/dubbo-registry-api/src/main/java/org/apache/dubbo/registry/client/event/listener/ServiceInstancesChangedListener.java,2023-07-13T12:54:38Z
9329,9329,523a4189b8a7233c926eab1218daf627a3e870b8,dubbo-common/src/main/java/org/apache/dubbo/common/constants/CommonConstants.java,2024-06-04T14:59:16Z
9331,9331,aa54350c6f5abd0803ace8c14b9a731b69100d03,dubbo-registry/dubbo-registry-api/src/main/java/org/apache/dubbo/registry/client/metadata/ServiceInstanceMetadataUtils.java,2023-07-31T11:11:49Z
9333,9333,0d879666b4fc6163f42fcec2838633bb9f99a482,dubbo-common/src/main/java/org/apache/dubbo/config/ProtocolConfig.java,2023-12-04T13:32:50Z
9340,9340,a278feb372eb159944c92f67788c8000b22d4a76,dubbo-serialization/dubbo-serialization-hessian2/src/main/java/org/apache/dubbo/common/serialize/hessian2/dubbo/WhitelistHessian2FactoryInitializer.java,2023-01-11T07:05:01Z
9344,9344,718bdc1a65f4a6ce5d5eded40fcc50a00ed7ffda,dubbo-rpc/dubbo-rpc-triple/src/main/java/org/apache/dubbo/rpc/protocol/tri/TripleHeaderEnum.java,2023-04-11T14:56:58Z
9345,9345,ec443043e2da83d946943baabf7f122f9efc0dcc,dubbo-config/dubbo-config-api/src/main/java/org/apache/dubbo/config/ReferenceConfig.java,2024-04-01T03:03:29Z
9348,9348,e21244a43171c0187b0295fd9ba811155ebb1acd,dubbo-common/src/main/java/org/apache/dubbo/common/config/ConfigurationUtils.java,2024-05-21T02:20:51Z
9351,9351,bc8cb85fec79d10f03825d12c65a85f656a46f65,dubbo-cluster/src/main/java/org/apache/dubbo/rpc/cluster/support/AvailableCluster.java,2021-12-05T13:46:16Z
9353,9353,d28b2244eff738b1f8efa2a9f6e86b61f25b182a,dubbo-common/src/main/java/org/apache/dubbo/common/io/StreamUtils.java,2023-01-24T12:51:56Z
9355,9355,238fe3125c427eda496b857623ba17e67f722ecd,dubbo-metadata/dubbo-metadata-api/src/main/java/org/apache/dubbo/metadata/report/MetadataReportInstance.java,2024-07-04T08:20:30Z
9356,9356,3d02e9c7892e8ab2becd906777ac8f698a1ebebe,dubbo-remoting/dubbo-remoting-api/src/main/java/org/apache/dubbo/remoting/exchange/codec/ExchangeCodec.java,2023-06-03T06:52:52Z
9357,9357,da5c7ed33dd2ca53946b228f105453ccb0d80b93,dubbo-rpc/dubbo-rpc-dubbo/src/main/java/org/apache/dubbo/rpc/protocol/dubbo/DecodeableRpcInvocation.java,2023-09-25T01:40:18Z
9358,9358,25c2b3808a03a42c9d2cb2ca3e715b5f9ac043e5,dubbo-registry/dubbo-registry-api/src/main/java/org/apache/dubbo/registry/support/AbstractRegistry.java,2023-06-21T01:23:40Z
9361,9361,3fd0a5a922f42c8914a70d0a89134e9f55782dd9,dubbo-config/dubbo-config-spring/src/main/java/org/apache/dubbo/config/spring/beans/factory/config/DubboConfigDefaultPropertyValueBeanPostProcessor.java,2023-06-01T08:04:00Z
9362,9362,00812ce41c44be6e5cd5e2b8e5bf602f806bbbca,dubbo-cluster/src/main/java/org/apache/dubbo/rpc/cluster/support/FailoverClusterInvoker.java,2024-03-29T03:40:06Z
9368,9368,0d749715efb93696178ee94e79341f58eec47078,dubbo-common/src/main/java/org/apache/dubbo/rpc/model/ModuleServiceRepository.java,2023-01-20T03:27:55Z
9369,9369,d16f0ca310838b7bb52ce173710ef149d65be07d,dubbo-cluster/src/main/java/org/apache/dubbo/rpc/cluster/router/state/BitList.java,2024-05-06T06:33:10Z
9372,9372,b12b23cbf0698dba96cb2e6b75e4ee272ed25523,dubbo-config/dubbo-config-api/src/main/java/org/apache/dubbo/config/deploy/DefaultApplicationDeployer.java,2024-05-22T03:10:19Z
9373,9373,36e0cf5490f9ea289a9d809694b0b2347106a515,dubbo-rpc/dubbo-rpc-dubbo/src/main/java/org/apache/dubbo/rpc/protocol/dubbo/DubboInvoker.java,2024-03-11T06:00:16Z
9373,9373,36e0cf5490f9ea289a9d809694b0b2347106a515,dubbo-rpc/dubbo-rpc-triple/src/main/java/org/apache/dubbo/rpc/protocol/tri/TripleInvoker.java,2024-03-11T06:00:16Z
9375,9375,1add77ed6ec2872bb5cb8bbd69cdaea56f5b1acb,dubbo-rpc/dubbo-rpc-triple/src/main/java/org/apache/dubbo/rpc/protocol/tri/AbstractStream.java,2022-03-01T04:33:26Z
9375,9375,1add77ed6ec2872bb5cb8bbd69cdaea56f5b1acb,dubbo-rpc/dubbo-rpc-triple/src/main/java/org/apache/dubbo/rpc/protocol/tri/InboundTransportObserver.java,2022-03-01T04:33:26Z
9375,9375,1add77ed6ec2872bb5cb8bbd69cdaea56f5b1acb,dubbo-rpc/dubbo-rpc-triple/src/main/java/org/apache/dubbo/rpc/protocol/tri/UnaryClientStream.java,2022-03-01T04:33:26Z
9377,9377,ac8ee831c9566569b8a58298983ee7e7ff30e4d8,dubbo-dependencies-bom/pom.xml,2024-07-02T06:27:45Z
9378,9378,ac8ee831c9566569b8a58298983ee7e7ff30e4d8,dubbo-dependencies-bom/pom.xml,2024-07-02T06:27:45Z
9381,9381,7d5fa50783c5321447368230ca75138425697459,dubbo-common/src/main/java/org/apache/dubbo/config/Constants.java,2024-06-24T01:26:45Z
9382,9382,f05662a66deb331008dbe02e8a0b3f4174820ad9,dubbo-metadata/dubbo-metadata-api/src/main/java/org/apache/dubbo/metadata/MetadataInfo.java,2023-04-11T03:24:55Z
9383,9383,f05662a66deb331008dbe02e8a0b3f4174820ad9,dubbo-metadata/dubbo-metadata-api/src/main/java/org/apache/dubbo/metadata/MetadataInfo.java,2023-04-11T03:24:55Z
9386,9386,00812ce41c44be6e5cd5e2b8e5bf602f806bbbca,dubbo-common/src/main/java/org/apache/dubbo/common/bytecode/Wrapper.java,2024-03-29T03:40:06Z
9386,9386,00812ce41c44be6e5cd5e2b8e5bf602f806bbbca,dubbo-common/src/main/java/org/apache/dubbo/config/AbstractInterfaceConfig.java,2024-03-29T03:40:06Z
9388,9388,6dbac54b398252ce0110ddb55150d3f0422c13be,dubbo-registry/dubbo-registry-api/src/main/java/org/apache/dubbo/registry/integration/DynamicDirectory.java,2024-02-26T09:11:10Z
9389,9389,b8ea46d0389ec3bc4143c5d6df148fb6a72d033a,dubbo-rpc/dubbo-rpc-api/src/main/java/org/apache/dubbo/rpc/proxy/javassist/JavassistProxyFactory.java,2023-01-04T09:36:49Z
9390,9390,730695a7a26967889405b12fc54099bb006c8231,dubbo-cluster/src/main/java/org/apache/dubbo/rpc/cluster/RouterChain.java,2023-11-07T07:40:13Z
9391,9391,0d91d419a8b25a9917a03dc68a3eb5069ac856ea,dubbo-common/src/main/java/org/apache/dubbo/common/extension/ExtensionLoader.java,2023-10-19T07:25:40Z
9391,9391,0d91d419a8b25a9917a03dc68a3eb5069ac856ea,dubbo-common/src/main/java/org/apache/dubbo/common/extension/support/WrapperComparator.java,2023-10-19T07:25:40Z
9391,9391,0d91d419a8b25a9917a03dc68a3eb5069ac856ea,dubbo-common/src/test/java/org/apache/dubbo/common/extension/ExtensionLoaderTest.java,2023-10-19T07:25:40Z
9392,9392,d16f0ca310838b7bb52ce173710ef149d65be07d,dubbo-cluster/src/main/java/org/apache/dubbo/rpc/cluster/router/state/BitList.java,2024-05-06T06:33:10Z
9393,9393,886360461952940e5fd3f57323ba4be34be14a58,dubbo-metadata/dubbo-metadata-api/src/main/java/org/apache/dubbo/metadata/ServiceNameMapping.java,2024-05-08T03:59:26Z
9395,9395,d16f0ca310838b7bb52ce173710ef149d65be07d,dubbo-cluster/src/main/java/org/apache/dubbo/rpc/cluster/router/state/BitList.java,2024-05-06T06:33:10Z
9396,9396,180ff9785a19ef546329b8ccebfce588a04b4c7e,dubbo-config/dubbo-config-api/src/main/java/org/apache/dubbo/config/deploy/DefaultModuleDeployer.java,2023-12-27T15:37:59Z
9397,9397,563a0e472ab50d2d697e2f0415c80b68ad6b17bd,dubbo-config/dubbo-config-spring/src/main/java/org/apache/dubbo/config/spring/util/DubboBeanUtils.java,2023-06-29T02:31:36Z
9398,9398,cd3ef2a27f1dba60d4b952c74b2f0ae24752ba90,dubbo-rpc/dubbo-rpc-triple/src/main/java/org/apache/dubbo/rpc/protocol/tri/command/DataQueueCommand.java,2023-03-03T08:38:11Z
9401,9401,e21244a43171c0187b0295fd9ba811155ebb1acd,dubbo-common/src/main/java/org/apache/dubbo/common/config/ConfigurationUtils.java,2024-05-21T02:20:51Z
9408,9408,dfd135eb95d92ffc3519426b812e274f43b49e9d,dubbo-common/src/main/java/org/apache/dubbo/config/RegistryConfig.java,2024-05-08T06:09:08Z
9409,9409,68e624f7643eeb1aa136a382e4432f3b77002f87,dubbo-registry/dubbo-registry-api/src/main/java/org/apache/dubbo/registry/client/InstanceAddressURL.java,2023-07-14T10:02:41Z
9415,9415,a534350541c94709b6f529c2b3a0f1cd6d44c3dc,dubbo-registry/dubbo-registry-zookeeper/src/main/java/org/apache/dubbo/registry/zookeeper/util/CuratorFrameworkUtils.java,2024-06-05T03:39:27Z
9417,9417,1add77ed6ec2872bb5cb8bbd69cdaea56f5b1acb,dubbo-rpc/dubbo-rpc-triple/src/main/java/org/apache/dubbo/rpc/protocol/tri/AbstractServerStream.java,2022-03-01T04:33:26Z
9418,9418,f05662a66deb331008dbe02e8a0b3f4174820ad9,dubbo-metadata/dubbo-metadata-api/src/main/java/org/apache/dubbo/metadata/MetadataInfo.java,2023-04-11T03:24:55Z
9420,9420,f05662a66deb331008dbe02e8a0b3f4174820ad9,dubbo-metadata/dubbo-metadata-api/src/main/java/org/apache/dubbo/metadata/MetadataInfo.java,2023-04-11T03:24:55Z
9423,9423,f05662a66deb331008dbe02e8a0b3f4174820ad9,dubbo-metadata/dubbo-metadata-api/src/main/java/org/apache/dubbo/metadata/MetadataInfo.java,2023-04-11T03:24:55Z
9424,9424,d16f0ca310838b7bb52ce173710ef149d65be07d,dubbo-cluster/src/main/java/org/apache/dubbo/rpc/cluster/router/state/BitList.java,2024-05-06T06:33:10Z
9424,9424,d16f0ca310838b7bb52ce173710ef149d65be07d,dubbo-cluster/src/test/java/org/apache/dubbo/rpc/cluster/router/state/BitListTest.java,2024-05-06T06:33:10Z
9425,9425,f224fc5a47ae87817a91241109f1fcab1fee1539,dubbo-registry/dubbo-registry-api/src/main/java/org/apache/dubbo/registry/integration/RegistryProtocol.java,2024-07-03T02:12:33Z
9426,9426,8daa3dc5f05b024b3facef403292b0c51819f828,dubbo-spring-boot/dubbo-spring-boot-actuator/src/main/java/org/apache/dubbo/spring/boot/actuate/autoconfigure/DubboEndpointAnnotationAutoConfiguration.java,2023-11-15T03:36:04Z
9429,9429,523a4189b8a7233c926eab1218daf627a3e870b8,dubbo-common/src/main/java/org/apache/dubbo/common/constants/CommonConstants.java,2024-06-04T14:59:16Z
9431,9431,e1a04777039be9ba6d360a0bf566f316ea47d3f3,.github/workflows/build-and-test-3.yml,2022-06-28T08:48:29Z
9433,9433,ac8ee831c9566569b8a58298983ee7e7ff30e4d8,dubbo-dependencies-bom/pom.xml,2024-07-02T06:27:45Z
9434,9434,ac8ee831c9566569b8a58298983ee7e7ff30e4d8,dubbo-dependencies-bom/pom.xml,2024-07-02T06:27:45Z
9437,9437,8daa3dc5f05b024b3facef403292b0c51819f828,dubbo-spring-boot/dubbo-spring-boot-actuator/src/main/java/org/apache/dubbo/spring/boot/actuate/autoconfigure/DubboEndpointAnnotationAutoConfiguration.java,2023-11-15T03:36:04Z
9438,9438,ac8ee831c9566569b8a58298983ee7e7ff30e4d8,dubbo-dependencies-bom/pom.xml,2024-07-02T06:27:45Z
9442,9442,271d5eff293ac0820273186a1763a07d65fde5de,dubbo-remoting/dubbo-remoting-netty/src/test/java/org/apache/dubbo/remoting/transport/netty/ClientReconnectTest.java,2023-07-03T02:27:56Z
9443,9443,ac8ee831c9566569b8a58298983ee7e7ff30e4d8,dubbo-dependencies-bom/pom.xml,2024-07-02T06:27:45Z
9444,9444,ac8ee831c9566569b8a58298983ee7e7ff30e4d8,dubbo-dependencies-bom/pom.xml,2024-07-02T06:27:45Z
9447,9447,11d5bd9ffadf11af0d13e6ab478829b4ae3c8572,pom.xml,2024-06-24T09:54:45Z
9448,9448,11d5bd9ffadf11af0d13e6ab478829b4ae3c8572,pom.xml,2024-06-24T09:54:45Z
9451,9451,00812ce41c44be6e5cd5e2b8e5bf602f806bbbca,dubbo-cluster/src/main/java/org/apache/dubbo/rpc/cluster/merger/MergerFactory.java,2024-03-29T03:40:06Z
9451,9451,00812ce41c44be6e5cd5e2b8e5bf602f806bbbca,dubbo-common/src/main/java/org/apache/dubbo/common/compiler/support/ClassUtils.java,2024-03-29T03:40:06Z
9453,9453,00812ce41c44be6e5cd5e2b8e5bf602f806bbbca,dubbo-rpc/dubbo-rpc-dubbo/src/main/java/org/apache/dubbo/rpc/protocol/dubbo/DubboProtocol.java,2024-03-29T03:40:06Z
9454,9454,1add77ed6ec2872bb5cb8bbd69cdaea56f5b1acb,dubbo-rpc/dubbo-rpc-triple/src/main/java/org/apache/dubbo/rpc/protocol/tri/AbstractClientStream.java,2022-03-01T04:33:26Z
9454,9454,1add77ed6ec2872bb5cb8bbd69cdaea56f5b1acb,dubbo-rpc/dubbo-rpc-triple/src/main/java/org/apache/dubbo/rpc/protocol/tri/ClientStream.java,2022-03-01T04:33:26Z
9454,9454,1add77ed6ec2872bb5cb8bbd69cdaea56f5b1acb,dubbo-rpc/dubbo-rpc-triple/src/main/java/org/apache/dubbo/rpc/protocol/tri/UnaryClientStream.java,2022-03-01T04:33:26Z
9455,9455,d2ae941502410fbbf937e654b25f1399eedd3fbf,dependencies-bom/pom.xml,2018-07-09T14:32:24Z
9456,9456,ac8ee831c9566569b8a58298983ee7e7ff30e4d8,dubbo-dependencies-bom/pom.xml,2024-07-02T06:27:45Z
9462,9462,e1a04777039be9ba6d360a0bf566f316ea47d3f3,.github/workflows/build-and-test-3.yml,2022-06-28T08:48:29Z
9463,9463,e07e5e294b0bc96ada4ed868cfae1307b3872462,dubbo-rpc/dubbo-rpc-dubbo/src/main/java/org/apache/dubbo/rpc/protocol/dubbo/ChannelWrappedInvoker.java,2023-06-13T12:25:25Z
9464,9464,523a4189b8a7233c926eab1218daf627a3e870b8,dubbo-common/src/main/java/org/apache/dubbo/common/constants/CommonConstants.java,2024-06-04T14:59:16Z
9465,9465,dfd135eb95d92ffc3519426b812e274f43b49e9d,dubbo-common/src/test/java/org/apache/dubbo/common/URLTest.java,2024-05-08T06:09:08Z
9467,9467,046bb88d2f5b2077af243146acd30919adaf0477,dubbo-rpc/dubbo-rpc-dubbo/src/main/java/org/apache/dubbo/rpc/protocol/dubbo/ReferenceCountExchangeClient.java,2022-11-15T06:22:01Z
9472,9472,38e47c2e547cebdbd37c675fe1f305cded966162,dubbo-rpc/dubbo-rpc-api/src/test/java/org/apache/dubbo/rpc/filter/ClassLoaderFilterTest.java,2022-11-22T02:46:52Z
9473,9473,730695a7a26967889405b12fc54099bb006c8231,dubbo-cluster/src/main/java/org/apache/dubbo/rpc/cluster/router/mesh/route/MeshRuleRouter.java,2023-11-07T07:40:13Z
9473,9473,730695a7a26967889405b12fc54099bb006c8231,dubbo-cluster/src/test/java/org/apache/dubbo/rpc/cluster/router/mesh/route/MeshRuleRouterTest.java,2023-11-07T07:40:13Z
9474,9474,189d76be5d94d43d8054cc58d48507380aea99a3,dubbo-common/src/main/java/org/apache/dubbo/common/json/JSON.java,2024-05-21T03:36:53Z
9483,9483,e554427a1a50e40cb5e89ba5014eb8b90fe1fdab,dubbo-rpc/dubbo-rpc-api/src/main/java/org/apache/dubbo/rpc/filter/ClassLoaderFilter.java,2021-12-27T02:24:09Z
9484,9484,00812ce41c44be6e5cd5e2b8e5bf602f806bbbca,dubbo-rpc/dubbo-rpc-injvm/src/main/java/org/apache/dubbo/rpc/protocol/injvm/InjvmProtocol.java,2024-03-29T03:40:06Z
9486,9486,e1a04777039be9ba6d360a0bf566f316ea47d3f3,.github/workflows/build-and-test-3.yml,2022-06-28T08:48:29Z
9488,9488,dfd135eb95d92ffc3519426b812e274f43b49e9d,dubbo-common/src/main/java/org/apache/dubbo/common/URL.java,2024-05-08T06:09:08Z
9490,9490,da5c7ed33dd2ca53946b228f105453ccb0d80b93,dubbo-rpc/dubbo-rpc-dubbo/src/main/java/org/apache/dubbo/rpc/protocol/dubbo/DecodeableRpcInvocation.java,2023-09-25T01:40:18Z
